gene,method,split,stratum,n_pairs,accuracy,ci_lo,ci_hi,n_refused,n_predicted
TP53,self-null (same variant),all,all,1470,0.49456,0.46803,0.52109,0,98
TP53,self-null (WT-referenced),all,all,1470,0.47687,0.4517,0.50204,0,98
TP53,split-half measurement,all,all,4753,0.47071,0.46289,0.47849,0,0
TP53,split-half measurement,all,unresolvable,4753,0.47071,0.46298,0.47849,0,0
TP53,split-half measurement,all,unresolvable_xfit,4753,0.45882,0.45048,0.46729,0,0
TP53,Biolord,split1,all,120,0.44833,0.39167,0.50056,0,16
TP53,Biolord,split1,unresolvable,120,0.44833,0.39444,0.50278,0,16
TP53,Biolord,split1,unresolvable_xfit,120,0.45625,0.39685,0.51458,0,16
TP53,Biolord,split2,all,1176,0.53608,0.51989,0.55159,0,49
TP53,Biolord,split2,unresolvable,1176,0.53608,0.5195,0.55218,0,49
TP53,Biolord,split2,unresolvable_xfit,1176,0.52328,0.50702,0.5406,0,49
TP53,Biolord,split3,all,36,0.51667,0.41852,0.61111,0,9
TP53,Biolord,split3,unresolvable,36,0.51667,0.42037,0.6056,0,9
TP53,Biolord,split3,unresolvable_xfit,36,0.51389,0.42014,0.60069,0,9
TP53,Biolord,split6,all,45,0.54963,0.46222,0.62815,0,10
TP53,Biolord,split6,unresolvable,45,0.54963,0.46222,0.62967,0,10
TP53,Biolord,split6,unresolvable_xfit,45,0.55833,0.47222,0.64451,0,10
TP53,CellFlow,split1,all,120,0.565,0.50944,0.61556,0,16
TP53,CellFlow,split1,unresolvable,120,0.565,0.51111,0.61224,0,16
TP53,CellFlow,split1,unresolvable_xfit,120,0.56458,0.50729,0.62292,0,16
TP53,CellFlow,split2,all,1176,0.48934,0.47268,0.50641,0,49
TP53,CellFlow,split2,unresolvable,1176,0.48934,0.47267,0.50542,0,49
TP53,CellFlow,split2,unresolvable_xfit,1176,0.47183,0.45408,0.49001,0,49
TP53,CellFlow,split3,all,36,0.35741,0.27407,0.44444,0,9
TP53,CellFlow,split3,unresolvable,36,0.35741,0.27037,0.44264,0,9
TP53,CellFlow,split3,unresolvable_xfit,36,0.32292,0.23958,0.40972,0,9
TP53,CellFlow,split6,all,45,0.4963,0.40885,0.58074,0,10
TP53,CellFlow,split6,unresolvable,45,0.4963,0.40885,0.58522,0,10
TP53,CellFlow,split6,unresolvable_xfit,45,0.47778,0.38611,0.57222,0,10
TP53,GBoost-esm+theta,split1,all,120,0.52778,0.47388,0.58279,0,16
TP53,GBoost-esm+theta,split1,unresolvable,120,0.52778,0.47276,0.58501,0,16
TP53,GBoost-esm+theta,split1,unresolvable_xfit,120,0.54167,0.48021,0.60208,0,16
TP53,GBoost-esm+theta,split2,all,1176,0.55028,0.53393,0.56718,0,49
TP53,GBoost-esm+theta,split2,unresolvable,1176,0.55028,0.53509,0.56591,0,49
TP53,GBoost-esm+theta,split2,unresolvable_xfit,1176,0.53369,0.51669,0.5507,0,49
TP53,GBoost-esm+theta,split3,all,36,0.47407,0.38333,0.57222,0,9
TP53,GBoost-esm+theta,split3,unresolvable,36,0.47407,0.37963,0.56852,0,9
TP53,GBoost-esm+theta,split3,unresolvable_xfit,36,0.45486,0.35069,0.55911,0,9
TP53,GBoost-esm+theta,split6,all,45,0.61185,0.53333,0.69037,0,10
TP53,GBoost-esm+theta,split6,unresolvable,45,0.61185,0.53185,0.69037,0,10
TP53,GBoost-esm+theta,split6,unresolvable_xfit,45,0.61111,0.525,0.68889,0,10
TP53,GBoost-esm,split1,all,120,0.51056,0.45556,0.56279,0,16
TP53,GBoost-esm,split1,unresolvable,120,0.51056,0.45665,0.56611,0,16
TP53,GBoost-esm,split1,unresolvable_xfit,120,0.51562,0.45622,0.57503,0,16
TP53,GBoost-esm,split2,all,1176,0.56338,0.54725,0.57971,0,49
TP53,GBoost-esm,split2,unresolvable,1176,0.56338,0.54787,0.57917,0,49
TP53,GBoost-esm,split2,unresolvable_xfit,1176,0.54262,0.52572,0.55953,0,49
TP53,GBoost-esm,split3,all,36,0.50185,0.41292,0.58519,0,9
TP53,GBoost-esm,split3,unresolvable,36,0.50185,0.41667,0.59074,0,9
TP53,GBoost-esm,split3,unresolvable_xfit,36,0.47222,0.375,0.56944,0,9
TP53,GBoost-esm,split6,all,45,0.61333,0.5363,0.68593,0,10
TP53,GBoost-esm,split6,unresolvable,45,0.61333,0.53333,0.69185,0,10
TP53,GBoost-esm,split6,unresolvable_xfit,45,0.60556,0.525,0.68889,0,10
TP53,GBoost-theta,split1,all,120,0.33528,0.28499,0.3853,0,16
TP53,GBoost-theta,split1,unresolvable,120,0.33528,0.28138,0.38472,0,16
TP53,GBoost-theta,split1,unresolvable_xfit,120,0.36042,0.30729,0.41354,0,16
TP53,GBoost-theta,split2,all,1176,0.49898,0.48328,0.51497,0,49
TP53,GBoost-theta,split2,unresolvable,1176,0.49898,0.48222,0.51562,0,49
TP53,GBoost-theta,split2,unresolvable_xfit,1176,0.48969,0.47268,0.50702,0,49
TP53,GBoost-theta,split3,all,36,0.39259,0.31481,0.46481,0,9
TP53,GBoost-theta,split3,unresolvable,36,0.39259,0.32037,0.47037,0,9
TP53,GBoost-theta,split3,unresolvable_xfit,36,0.39931,0.31597,0.48958,0,9
TP53,GBoost-theta,split6,all,45,0.27778,0.21111,0.34743,0,10
TP53,GBoost-theta,split6,unresolvable,45,0.27778,0.2133,0.34594,0,10
TP53,GBoost-theta,split6,unresolvable_xfit,45,0.325,0.24444,0.4,0,10
TP53,Gene-mean,split1,all,120,0.5,0.5,0.5,0,16
TP53,Gene-mean,split1,unresolvable,120,0.5,0.5,0.5,0,16
TP53,Gene-mean,split1,unresolvable_xfit,120,0.5,0.5,0.5,0,16
TP53,Gene-mean,split2,all,1176,0.5,0.5,0.5,0,49
TP53,Gene-mean,split2,unresolvable,1176,0.5,0.5,0.5,0,49
TP53,Gene-mean,split2,unresolvable_xfit,1176,0.5,0.5,0.5,0,49
TP53,Gene-mean,split3,all,36,0.5,0.5,0.5,0,9
TP53,Gene-mean,split3,unresolvable,36,0.5,0.5,0.5,0,9
TP53,Gene-mean,split3,unresolvable_xfit,36,0.5,0.5,0.5,0,9
TP53,Gene-mean,split6,all,45,0.5,0.5,0.5,0,10
TP53,Gene-mean,split6,unresolvable,45,0.5,0.5,0.5,0,10
TP53,Gene-mean,split6,unresolvable_xfit,45,0.5,0.5,0.5,0,10
TP53,KNN-esm+theta,split1,all,120,0.46194,0.41053,0.51111,0,16
TP53,KNN-esm+theta,split1,unresolvable,120,0.46194,0.4125,0.51112,0,16
TP53,KNN-esm+theta,split1,unresolvable_xfit,120,0.49167,0.4375,0.54583,0,16
TP53,KNN-esm+theta,split2,all,1176,0.42761,0.41239,0.44346,0,49
TP53,KNN-esm+theta,split2,unresolvable,1176,0.42761,0.41134,0.44317,0,49
TP53,KNN-esm+theta,split2,unresolvable_xfit,1176,0.4172,0.40072,0.43336,0,49
TP53,KNN-esm+theta,split3,all,36,0.38148,0.29444,0.46852,0,9
TP53,KNN-esm+theta,split3,unresolvable,36,0.38148,0.29074,0.47968,0,9
TP53,KNN-esm+theta,split3,unresolvable_xfit,36,0.35417,0.25694,0.45139,0,9
TP53,KNN-esm+theta,split6,all,45,0.48815,0.4022,0.56815,0,10
TP53,KNN-esm+theta,split6,unresolvable,45,0.48815,0.40665,0.57037,0,10
TP53,KNN-esm+theta,split6,unresolvable_xfit,45,0.52222,0.42778,0.62222,0,10
TP53,KNN-esm,split1,all,120,0.52194,0.47804,0.56751,0,16
TP53,KNN-esm,split1,unresolvable,120,0.52194,0.47777,0.56528,0,16
TP53,KNN-esm,split1,unresolvable_xfit,120,0.53021,0.48438,0.57812,0,16
TP53,KNN-esm,split2,all,1176,0.43654,0.421,0.45173,0,49
TP53,KNN-esm,split2,unresolvable,1176,0.43654,0.42205,0.45147,0,49
TP53,KNN-esm,split2,unresolvable_xfit,1176,0.42581,0.41008,0.44207,0,49
TP53,KNN-esm,split3,all,36,0.56667,0.47963,0.65185,0,9
TP53,KNN-esm,split3,unresolvable,36,0.56667,0.47963,0.64815,0,9
TP53,KNN-esm,split3,unresolvable_xfit,36,0.54167,0.45486,0.63542,0,9
TP53,KNN-esm,split6,all,45,0.56889,0.49107,0.64741,0,10
TP53,KNN-esm,split6,unresolvable,45,0.56889,0.49185,0.64817,0,10
TP53,KNN-esm,split6,unresolvable_xfit,45,0.56667,0.48056,0.65,0,10
TP53,KNN-theta,split1,all,120,0.45972,0.4086,0.50889,0,16
TP53,KNN-theta,split1,unresolvable,120,0.45972,0.41139,0.51167,0,16
TP53,KNN-theta,split1,unresolvable_xfit,120,0.48958,0.43854,0.54167,0,16
TP53,KNN-theta,split2,all,1176,0.4396,0.42491,0.4551,0,49
TP53,KNN-theta,split2,unresolvable,1176,0.4396,0.42472,0.45508,0,49
TP53,KNN-theta,split2,unresolvable_xfit,1176,0.4307,0.41454,0.44664,0,49
TP53,KNN-theta,split3,all,36,0.32593,0.2481,0.41111,0,9
TP53,KNN-theta,split3,unresolvable,36,0.32593,0.25181,0.41481,0,9
TP53,KNN-theta,split3,unresolvable_xfit,36,0.31944,0.23264,0.41667,0,9
TP53,KNN-theta,split6,all,45,0.48815,0.4022,0.57259,0,10
TP53,KNN-theta,split6,unresolvable,45,0.48815,0.40443,0.56817,0,10
TP53,KNN-theta,split6,unresolvable_xfit,45,0.52222,0.43056,0.61944,0,10
TP53,Lasso-esm+theta,split1,all,120,0.42722,0.37305,0.48417,0,16
TP53,Lasso-esm+theta,split1,unresolvable,120,0.42722,0.3736,0.48612,0,16
TP53,Lasso-esm+theta,split1,unresolvable_xfit,120,0.43438,0.37708,0.49167,0,16
TP53,Lasso-esm+theta,split2,all,1176,0.54524,0.52851,0.56049,0,49
TP53,Lasso-esm+theta,split2,unresolvable,1176,0.54524,0.52973,0.56074,0,49
TP53,Lasso-esm+theta,split2,unresolvable_xfit,1176,0.53869,0.52179,0.55475,0,49
TP53,Lasso-esm+theta,split3,all,36,0.4,0.31296,0.49444,0,9
TP53,Lasso-esm+theta,split3,unresolvable,36,0.4,0.31477,0.48889,0,9
TP53,Lasso-esm+theta,split3,unresolvable_xfit,36,0.41667,0.32639,0.50694,0,9
TP53,Lasso-esm+theta,split6,all,45,0.40296,0.32074,0.48893,0,10
TP53,Lasso-esm+theta,split6,unresolvable,45,0.40296,0.3163,0.49483,0,10
TP53,Lasso-esm+theta,split6,unresolvable_xfit,45,0.4,0.31667,0.48896,0,10
TP53,Lasso-esm,split1,all,120,0.5,0.5,0.5,0,16
TP53,Lasso-esm,split1,unresolvable,120,0.5,0.5,0.5,0,16
TP53,Lasso-esm,split1,unresolvable_xfit,120,0.5,0.5,0.5,0,16
TP53,Lasso-esm,split2,all,1176,0.5,0.5,0.5,0,49
TP53,Lasso-esm,split2,unresolvable,1176,0.5,0.5,0.5,0,49
TP53,Lasso-esm,split2,unresolvable_xfit,1176,0.5,0.5,0.5,0,49
TP53,Lasso-esm,split3,all,36,0.5,0.5,0.5,0,9
TP53,Lasso-esm,split3,unresolvable,36,0.5,0.5,0.5,0,9
TP53,Lasso-esm,split3,unresolvable_xfit,36,0.5,0.5,0.5,0,9
TP53,Lasso-esm,split6,all,45,0.5,0.5,0.5,0,10
TP53,Lasso-esm,split6,unresolvable,45,0.5,0.5,0.5,0,10
TP53,Lasso-esm,split6,unresolvable_xfit,45,0.5,0.5,0.5,0,10
TP53,Lasso-theta,split1,all,120,0.42722,0.37277,0.4864,0,16
TP53,Lasso-theta,split1,unresolvable,120,0.42722,0.37054,0.48389,0,16
TP53,Lasso-theta,split1,unresolvable_xfit,120,0.43438,0.37812,0.48958,0,16
TP53,Lasso-theta,split2,all,1176,0.54524,0.52928,0.5608,0,49
TP53,Lasso-theta,split2,unresolvable,1176,0.54524,0.52933,0.56157,0,49
TP53,Lasso-theta,split2,unresolvable_xfit,1176,0.53869,0.52242,0.55527,0,49
TP53,Lasso-theta,split3,all,36,0.4,0.31667,0.48894,0,9
TP53,Lasso-theta,split3,unresolvable,36,0.4,0.31477,0.48704,0,9
TP53,Lasso-theta,split3,unresolvable_xfit,36,0.41667,0.31944,0.51389,0,9
TP53,Lasso-theta,split6,all,45,0.40296,0.31852,0.48444,0,10
TP53,Lasso-theta,split6,unresolvable,45,0.40296,0.317,0.48667,0,10
TP53,Lasso-theta,split6,unresolvable_xfit,45,0.4,0.31667,0.48611,0,10
TP53,MLP-esm+theta,split1,all,120,0.49444,0.44388,0.54668,0,16
TP53,MLP-esm+theta,split1,unresolvable,120,0.49444,0.44278,0.54501,0,16
TP53,MLP-esm+theta,split1,unresolvable_xfit,120,0.50833,0.44583,0.56563,0,16
TP53,MLP-esm+theta,split2,all,1176,0.53231,0.51573,0.54739,0,49
TP53,MLP-esm+theta,split2,unresolvable,1176,0.53231,0.51613,0.54858,0,49
TP53,MLP-esm+theta,split2,unresolvable_xfit,1176,0.52849,0.5119,0.5455,0,49
TP53,MLP-esm+theta,split3,all,36,0.52037,0.44444,0.5963,0,9
TP53,MLP-esm+theta,split3,unresolvable,36,0.52037,0.44625,0.59444,0,9
TP53,MLP-esm+theta,split3,unresolvable_xfit,36,0.52083,0.44444,0.59722,0,9
TP53,MLP-esm+theta,split6,all,45,0.48593,0.41481,0.55852,0,10
TP53,MLP-esm+theta,split6,unresolvable,45,0.48593,0.4163,0.55704,0,10
TP53,MLP-esm+theta,split6,unresolvable_xfit,45,0.50278,0.41944,0.58333,0,10
TP53,MLP-esm,split1,all,120,0.495,0.43389,0.55335,0,16
TP53,MLP-esm,split1,unresolvable,120,0.495,0.43278,0.55057,0,16
TP53,MLP-esm,split1,unresolvable_xfit,120,0.50625,0.44688,0.56563,0,16
TP53,MLP-esm,split2,all,1176,0.51293,0.49509,0.52982,0,49
TP53,MLP-esm,split2,unresolvable,1176,0.51293,0.49529,0.53059,0,49
TP53,MLP-esm,split2,unresolvable_xfit,1176,0.51074,0.49277,0.52849,0,49
TP53,MLP-esm,split3,all,36,0.42222,0.32778,0.52412,0,9
TP53,MLP-esm,split3,unresolvable,36,0.42222,0.32593,0.52037,0,9
TP53,MLP-esm,split3,unresolvable_xfit,36,0.38542,0.28819,0.47917,0,9
TP53,MLP-esm,split6,all,45,0.43407,0.3437,0.53037,0,10
TP53,MLP-esm,split6,unresolvable,45,0.43407,0.3363,0.52889,0,10
TP53,MLP-esm,split6,unresolvable_xfit,45,0.48056,0.38611,0.57507,0,10
TP53,MLP-theta,split1,all,120,0.57806,0.52887,0.62835,0,16
TP53,MLP-theta,split1,unresolvable,120,0.57806,0.53054,0.62723,0,16
TP53,MLP-theta,split1,unresolvable_xfit,120,0.59062,0.53747,0.64167,0,16
TP53,MLP-theta,split2,all,1176,0.51417,0.49787,0.53118,0,49
TP53,MLP-theta,split2,unresolvable,1176,0.51417,0.4977,0.5305,0,49
TP53,MLP-theta,split2,unresolvable_xfit,1176,0.50361,0.48586,0.52158,0,49
TP53,MLP-theta,split3,all,36,0.55741,0.47958,0.63519,0,9
TP53,MLP-theta,split3,unresolvable,36,0.55741,0.47963,0.63333,0,9
TP53,MLP-theta,split3,unresolvable_xfit,36,0.5,0.41658,0.58689,0,9
TP53,MLP-theta,split6,all,45,0.48815,0.40961,0.56741,0,10
TP53,MLP-theta,split6,unresolvable,45,0.48815,0.41481,0.56148,0,10
TP53,MLP-theta,split6,unresolvable_xfit,45,0.46389,0.39167,0.53889,0,10
TP53,PerturbNet,split1,all,120,0.56667,0.51389,0.62,0,16
TP53,PerturbNet,split1,unresolvable,120,0.56667,0.51387,0.62278,0,16
TP53,PerturbNet,split1,unresolvable_xfit,120,0.58021,0.52185,0.63854,0,16
TP53,PerturbNet,split2,all,1176,0.51224,0.4958,0.52925,0,49
TP53,PerturbNet,split2,unresolvable,1176,0.51224,0.49575,0.52829,0,49
TP53,PerturbNet,split2,unresolvable_xfit,1176,0.51488,0.49681,0.53115,0,49
TP53,PerturbNet,split3,all,36,0.58519,0.5,0.66296,0,9
TP53,PerturbNet,split3,unresolvable,36,0.58519,0.4963,0.67037,0,9
TP53,PerturbNet,split3,unresolvable_xfit,36,0.57639,0.47917,0.67014,0,9
TP53,PerturbNet,split6,all,45,0.45185,0.37037,0.53481,0,10
TP53,PerturbNet,split6,unresolvable,45,0.45185,0.37481,0.53481,0,10
TP53,PerturbNet,split6,unresolvable_xfit,45,0.46667,0.375,0.55833,0,10
TP53,RF-esm+theta,split1,all,120,0.42722,0.37444,0.48111,0,16
TP53,RF-esm+theta,split1,unresolvable,120,0.42722,0.37332,0.47946,0,16
TP53,RF-esm+theta,split1,unresolvable_xfit,120,0.42812,0.37396,0.48646,0,16
TP53,RF-esm+theta,split2,all,1176,0.44059,0.42398,0.45646,0,49
TP53,RF-esm+theta,split2,unresolvable,1176,0.44059,0.4246,0.45548,0,49
TP53,RF-esm+theta,split2,unresolvable_xfit,1176,0.43134,0.41401,0.44887,0,49
TP53,RF-esm+theta,split3,all,36,0.57593,0.48148,0.65926,0,9
TP53,RF-esm+theta,split3,unresolvable,36,0.57593,0.49259,0.66667,0,9
TP53,RF-esm+theta,split3,unresolvable_xfit,36,0.59375,0.49653,0.68759,0,9
TP53,RF-esm+theta,split6,all,45,0.48148,0.38811,0.57037,0,10
TP53,RF-esm+theta,split6,unresolvable,45,0.48148,0.38667,0.57481,0,10
TP53,RF-esm+theta,split6,unresolvable_xfit,45,0.48611,0.38604,0.5834,0,10
TP53,RF-esm,split1,all,120,0.56722,0.51053,0.62001,0,16
TP53,RF-esm,split1,unresolvable,120,0.56722,0.51332,0.62335,0,16
TP53,RF-esm,split1,unresolvable_xfit,120,0.58333,0.52396,0.64271,0,16
TP53,RF-esm,split2,all,1176,0.52489,0.50867,0.54167,0,49
TP53,RF-esm,split2,unresolvable,1176,0.52489,0.50762,0.54085,0,49
TP53,RF-esm,split2,unresolvable_xfit,1176,0.50818,0.49086,0.52679,0,49
TP53,RF-esm,split3,all,36,0.45556,0.36481,0.55,0,9
TP53,RF-esm,split3,unresolvable,36,0.45556,0.36481,0.55,0,9
TP53,RF-esm,split3,unresolvable_xfit,36,0.41319,0.30903,0.51389,0,9
TP53,RF-esm,split6,all,45,0.54963,0.45778,0.63704,0,10
TP53,RF-esm,split6,unresolvable,45,0.54963,0.46222,0.64,0,10
TP53,RF-esm,split6,unresolvable_xfit,45,0.575,0.48056,0.66389,0,10
TP53,RF-theta,split1,all,120,0.39139,0.34306,0.4439,0,16
TP53,RF-theta,split1,unresolvable,120,0.39139,0.33916,0.44224,0,16
TP53,RF-theta,split1,unresolvable_xfit,120,0.425,0.37083,0.47708,0,16
TP53,RF-theta,split2,all,1176,0.49932,0.48347,0.51483,0,49
TP53,RF-theta,split2,unresolvable,1176,0.49932,0.4836,0.5148,0,49
TP53,RF-theta,split2,unresolvable_xfit,1176,0.48161,0.46492,0.49873,0,49
TP53,RF-theta,split3,all,36,0.45,0.37222,0.52222,0,9
TP53,RF-theta,split3,unresolvable,36,0.45,0.37407,0.52222,0,9
TP53,RF-theta,split3,unresolvable_xfit,36,0.45486,0.36806,0.54167,0,9
TP53,RF-theta,split6,all,45,0.33407,0.26146,0.40817,0,10
TP53,RF-theta,split6,unresolvable,45,0.33407,0.26444,0.41039,0,10
TP53,RF-theta,split6,unresolvable_xfit,45,0.40556,0.32771,0.4834,0,10
TP53,Ridge-esm+theta,split1,all,120,0.57278,0.52221,0.62446,0,16
TP53,Ridge-esm+theta,split1,unresolvable,120,0.57278,0.52056,0.62444,0,16
TP53,Ridge-esm+theta,split1,unresolvable_xfit,120,0.53958,0.48854,0.59271,0,16
TP53,Ridge-esm+theta,split2,all,1176,0.5093,0.49277,0.52554,0,49
TP53,Ridge-esm+theta,split2,unresolvable,1176,0.5093,0.49322,0.52475,0,49
TP53,Ridge-esm+theta,split2,unresolvable_xfit,1176,0.49564,0.47949,0.51148,0,49
TP53,Ridge-esm+theta,split3,all,36,0.4537,0.37222,0.53519,0,9
TP53,Ridge-esm+theta,split3,unresolvable,36,0.4537,0.36852,0.54074,0,9
TP53,Ridge-esm+theta,split3,unresolvable_xfit,36,0.40278,0.3125,0.5,0,9
TP53,Ridge-esm+theta,split6,all,45,0.56593,0.48296,0.64593,0,10
TP53,Ridge-esm+theta,split6,unresolvable,45,0.56593,0.49033,0.64593,0,10
TP53,Ridge-esm+theta,split6,unresolvable_xfit,45,0.51667,0.43333,0.59722,0,10
TP53,Ridge-esm,split1,all,120,0.49056,0.43722,0.54501,0,16
TP53,Ridge-esm,split1,unresolvable,120,0.49056,0.43888,0.54279,0,16
TP53,Ridge-esm,split1,unresolvable_xfit,120,0.48854,0.43646,0.54583,0,16
TP53,Ridge-esm,split2,all,1176,0.4945,0.47934,0.50936,0,49
TP53,Ridge-esm,split2,unresolvable,1176,0.4945,0.47883,0.51097,0,49
TP53,Ridge-esm,split2,unresolvable_xfit,1176,0.46864,0.45185,0.4847,0,49
TP53,Ridge-esm,split3,all,36,0.54074,0.46296,0.61852,0,9
TP53,Ridge-esm,split3,unresolvable,36,0.54074,0.45926,0.61667,0,9
TP53,Ridge-esm,split3,unresolvable_xfit,36,0.48958,0.40269,0.56944,0,9
TP53,Ridge-esm,split6,all,45,0.45778,0.3733,0.54226,0,10
TP53,Ridge-esm,split6,unresolvable,45,0.45778,0.37774,0.54222,0,10
TP53,Ridge-esm,split6,unresolvable_xfit,45,0.47222,0.38049,0.56111,0,10
TP53,Ridge-theta,split1,all,120,0.57861,0.5236,0.63224,0,16
TP53,Ridge-theta,split1,unresolvable,120,0.57861,0.52527,0.62833,0,16
TP53,Ridge-theta,split1,unresolvable_xfit,120,0.54479,0.49062,0.59583,0,16
TP53,Ridge-theta,split2,all,1176,0.51349,0.49799,0.52851,0,49
TP53,Ridge-theta,split2,unresolvable,1176,0.51349,0.49776,0.52934,0,49
TP53,Ridge-theta,split2,unresolvable_xfit,1176,0.49904,0.48289,0.51456,0,49
TP53,Ridge-theta,split3,all,36,0.45,0.36667,0.53704,0,9
TP53,Ridge-theta,split3,unresolvable,36,0.45,0.36296,0.53708,0,9
TP53,Ridge-theta,split3,unresolvable_xfit,36,0.41667,0.32292,0.51042,0,9
TP53,Ridge-theta,split6,all,45,0.57259,0.48889,0.65111,0,10
TP53,Ridge-theta,split6,unresolvable,45,0.57259,0.49111,0.65037,0,10
TP53,Ridge-theta,split6,unresolvable_xfit,45,0.53056,0.45,0.61389,0,10
TP53,WT-null,split1,all,120,0.5,0.5,0.5,0,16
TP53,WT-null,split1,unresolvable,120,0.5,0.5,0.5,0,16
TP53,WT-null,split1,unresolvable_xfit,120,0.5,0.5,0.5,0,16
TP53,WT-null,split2,all,1176,0.5,0.5,0.5,0,49
TP53,WT-null,split2,unresolvable,1176,0.5,0.5,0.5,0,49
TP53,WT-null,split2,unresolvable_xfit,1176,0.5,0.5,0.5,0,49
TP53,WT-null,split3,all,36,0.5,0.5,0.5,0,9
TP53,WT-null,split3,unresolvable,36,0.5,0.5,0.5,0,9
TP53,WT-null,split3,unresolvable_xfit,36,0.5,0.5,0.5,0,9
TP53,WT-null,split6,all,45,0.5,0.5,0.5,0,10
TP53,WT-null,split6,unresolvable,45,0.5,0.5,0.5,0,10
TP53,WT-null,split6,unresolvable_xfit,45,0.5,0.5,0.5,0,10
TP53,scGen,split1,all,120,0.54889,0.49333,0.60278,0,16
TP53,scGen,split1,unresolvable,120,0.54889,0.49332,0.605,0,16
TP53,scGen,split1,unresolvable_xfit,120,0.5625,0.50729,0.61354,0,16
TP53,scGen,split2,all,1176,0.52911,0.51321,0.54476,0,49
TP53,scGen,split2,unresolvable,1176,0.52911,0.51267,0.54464,0,49
TP53,scGen,split2,unresolvable_xfit,1176,0.5219,0.50415,0.53901,0,49
TP53,scGen,split3,all,36,0.51852,0.44444,0.5963,0,9
TP53,scGen,split3,unresolvable,36,0.51852,0.4481,0.58889,0,9
TP53,scGen,split3,unresolvable_xfit,36,0.52431,0.43056,0.61806,0,9
TP53,scGen,split6,all,45,0.49333,0.40885,0.58222,0,10
TP53,scGen,split6,unresolvable,45,0.49333,0.40593,0.57333,0,10
TP53,scGen,split6,unresolvable_xfit,45,0.51111,0.425,0.60278,0,10
TP53,scVIDR,split1,all,120,0.56944,0.51444,0.625,0,16
TP53,scVIDR,split1,unresolvable,120,0.56944,0.51444,0.62168,0,16
TP53,scVIDR,split1,unresolvable_xfit,120,0.57812,0.52396,0.63333,0,16
TP53,scVIDR,split2,all,1176,0.50901,0.49294,0.52438,0,49
TP53,scVIDR,split2,unresolvable,1176,0.50901,0.49388,0.52472,0,49
TP53,scVIDR,split2,unresolvable_xfit,1176,0.50404,0.48788,0.52147,0,49
TP53,scVIDR,split3,all,36,0.47037,0.38519,0.55,0,9
TP53,scVIDR,split3,unresolvable,36,0.47037,0.38889,0.55556,0,9
TP53,scVIDR,split3,unresolvable_xfit,36,0.48264,0.37847,0.57639,0,9
TP53,scVIDR,split6,all,45,0.51259,0.42663,0.59707,0,10
TP53,scVIDR,split6,unresolvable,45,0.51259,0.43259,0.59556,0,10
TP53,scVIDR,split6,unresolvable_xfit,45,0.54722,0.46667,0.63333,0,10
KRAS,self-null (same variant),all,all,1380,0.49203,0.46667,0.51812,0,92
KRAS,self-null (WT-referenced),all,all,1380,0.51159,0.48623,0.53841,0,92
KRAS,split-half measurement,all,all,4186,0.46781,0.45942,0.47643,0,0
KRAS,split-half measurement,all,unresolvable,4186,0.46781,0.45972,0.47681,0,0
KRAS,split-half measurement,all,unresolvable_xfit,4186,0.47187,0.46291,0.48077,0,0
KRAS,Biolord,split1,all,28,0.47619,0.38327,0.57387,0,8
KRAS,Biolord,split1,unresolvable,28,0.47619,0.37857,0.56673,0,8
KRAS,Biolord,split1,unresolvable_xfit,28,0.52232,0.41507,0.63393,0,8
KRAS,Biolord,split2,all,820,0.50065,0.48142,0.5209,0,41
KRAS,Biolord,split2,unresolvable,820,0.50065,0.48053,0.51891,0,41
KRAS,Biolord,split2,unresolvable_xfit,820,0.52454,0.50381,0.54406,0,41
KRAS,Biolord,split3,all,45,0.58296,0.49257,0.66891,0,10
KRAS,Biolord,split3,unresolvable,45,0.58296,0.49481,0.67407,0,10
KRAS,Biolord,split3,unresolvable_xfit,45,0.59444,0.49715,0.69174,0,10
KRAS,Biolord,split6,all,28,0.47619,0.37619,0.57619,0,8
KRAS,Biolord,split6,unresolvable,28,0.47619,0.37381,0.57381,0,8
KRAS,Biolord,split6,unresolvable_xfit,28,0.52232,0.40625,0.63393,0,8
KRAS,CellFlow,split1,all,28,0.43571,0.3119,0.55238,0,8
KRAS,CellFlow,split1,unresolvable,28,0.43571,0.31899,0.5619,0,8
KRAS,CellFlow,split1,unresolvable_xfit,28,0.44196,0.32589,0.56696,0,8
KRAS,CellFlow,split2,all,820,0.47077,0.45223,0.48955,0,41
KRAS,CellFlow,split2,unresolvable,820,0.47077,0.45044,0.48935,0,41
KRAS,CellFlow,split2,unresolvable_xfit,820,0.46021,0.43963,0.48049,0,41
KRAS,CellFlow,split3,all,45,0.53037,0.43556,0.62226,0,10
KRAS,CellFlow,split3,unresolvable,45,0.53037,0.43107,0.6237,0,10
KRAS,CellFlow,split3,unresolvable_xfit,45,0.48056,0.38333,0.57507,0,10
KRAS,CellFlow,split6,all,28,0.43571,0.31905,0.5619,0,8
KRAS,CellFlow,split6,unresolvable,28,0.43571,0.31667,0.5619,0,8
KRAS,CellFlow,split6,unresolvable_xfit,28,0.44196,0.33036,0.5625,0,8
KRAS,GBoost-esm+theta,split1,all,28,0.64048,0.55708,0.71667,0,8
KRAS,GBoost-esm+theta,split1,unresolvable,28,0.64048,0.56423,0.71429,0,8
KRAS,GBoost-esm+theta,split1,unresolvable_xfit,28,0.65625,0.57143,0.72768,0,8
KRAS,GBoost-esm+theta,split2,all,820,0.43435,0.41679,0.45256,0,41
KRAS,GBoost-esm+theta,split2,unresolvable,820,0.43435,0.41634,0.45224,0,41
KRAS,GBoost-esm+theta,split2,unresolvable_xfit,820,0.45625,0.43536,0.475,0,41
KRAS,GBoost-esm+theta,split3,all,45,0.47852,0.39704,0.56444,0,10
KRAS,GBoost-esm+theta,split3,unresolvable,45,0.47852,0.39404,0.56,0,10
KRAS,GBoost-esm+theta,split3,unresolvable_xfit,45,0.48056,0.39444,0.56951,0,10
KRAS,GBoost-esm+theta,split6,all,28,0.64048,0.55952,0.71667,0,8
KRAS,GBoost-esm+theta,split6,unresolvable,28,0.64048,0.5619,0.71667,0,8
KRAS,GBoost-esm+theta,split6,unresolvable_xfit,28,0.65625,0.57589,0.73661,0,8
KRAS,GBoost-esm,split1,all,28,0.65714,0.58095,0.73333,0,8
KRAS,GBoost-esm,split1,unresolvable,28,0.65714,0.58333,0.73095,0,8
KRAS,GBoost-esm,split1,unresolvable_xfit,28,0.69196,0.60714,0.76786,0,8
KRAS,GBoost-esm,split2,all,820,0.4298,0.41183,0.44805,0,41
KRAS,GBoost-esm,split2,unresolvable,820,0.4298,0.4115,0.44785,0,41
KRAS,GBoost-esm,split2,unresolvable_xfit,820,0.45473,0.43399,0.475,0,41
KRAS,GBoost-esm,split3,all,45,0.50222,0.4163,0.58519,0,10
KRAS,GBoost-esm,split3,unresolvable,45,0.50222,0.41774,0.5867,0,10
KRAS,GBoost-esm,split3,unresolvable_xfit,45,0.51944,0.42778,0.61111,0,10
KRAS,GBoost-esm,split6,all,28,0.65714,0.58333,0.73095,0,8
KRAS,GBoost-esm,split6,unresolvable,28,0.65714,0.58333,0.73333,0,8
KRAS,GBoost-esm,split6,unresolvable_xfit,28,0.69196,0.61607,0.76786,0,8
KRAS,GBoost-theta,split1,all,28,0.46905,0.36905,0.57143,0,8
KRAS,GBoost-theta,split1,unresolvable,28,0.46905,0.36905,0.56673,0,8
KRAS,GBoost-theta,split1,unresolvable_xfit,28,0.45982,0.3615,0.55357,0,8
KRAS,GBoost-theta,split2,all,820,0.46159,0.44223,0.48163,0,41
KRAS,GBoost-theta,split2,unresolvable,820,0.46159,0.44239,0.48065,0,41
KRAS,GBoost-theta,split2,unresolvable_xfit,820,0.45549,0.43598,0.47424,0,41
KRAS,GBoost-theta,split3,all,45,0.5237,0.44444,0.60148,0,10
KRAS,GBoost-theta,split3,unresolvable,45,0.5237,0.44667,0.60074,0,10
KRAS,GBoost-theta,split3,unresolvable_xfit,45,0.51667,0.43889,0.59722,0,10
KRAS,GBoost-theta,split6,all,28,0.46905,0.37143,0.57387,0,8
KRAS,GBoost-theta,split6,unresolvable,28,0.46905,0.37143,0.57381,0,8
KRAS,GBoost-theta,split6,unresolvable_xfit,28,0.45982,0.36607,0.55815,0,8
KRAS,Gene-mean,split1,all,28,0.5,0.5,0.5,0,8
KRAS,Gene-mean,split1,unresolvable,28,0.5,0.5,0.5,0,8
KRAS,Gene-mean,split1,unresolvable_xfit,28,0.5,0.5,0.5,0,8
KRAS,Gene-mean,split2,all,820,0.5,0.5,0.5,0,41
KRAS,Gene-mean,split2,unresolvable,820,0.5,0.5,0.5,0,41
KRAS,Gene-mean,split2,unresolvable_xfit,820,0.5,0.5,0.5,0,41
KRAS,Gene-mean,split3,all,45,0.5,0.5,0.5,0,10
KRAS,Gene-mean,split3,unresolvable,45,0.5,0.5,0.5,0,10
KRAS,Gene-mean,split3,unresolvable_xfit,45,0.5,0.5,0.5,0,10
KRAS,Gene-mean,split6,all,28,0.5,0.5,0.5,0,8
KRAS,Gene-mean,split6,unresolvable,28,0.5,0.5,0.5,0,8
KRAS,Gene-mean,split6,unresolvable_xfit,28,0.5,0.5,0.5,0,8
KRAS,KNN-esm+theta,split1,all,28,0.52857,0.40238,0.64768,0,8
KRAS,KNN-esm+theta,split1,unresolvable,28,0.52857,0.39994,0.65,0,8
KRAS,KNN-esm+theta,split1,unresolvable_xfit,28,0.61161,0.47768,0.72779,0,8
KRAS,KNN-esm+theta,split2,all,820,0.5598,0.54195,0.57724,0,41
KRAS,KNN-esm+theta,split2,unresolvable,820,0.5598,0.54134,0.57919,0,41
KRAS,KNN-esm+theta,split2,unresolvable_xfit,820,0.57424,0.55548,0.5936,0,41
KRAS,KNN-esm+theta,split3,all,45,0.59259,0.51256,0.67111,0,10
KRAS,KNN-esm+theta,split3,unresolvable,45,0.59259,0.51404,0.66667,0,10
KRAS,KNN-esm+theta,split3,unresolvable_xfit,45,0.60833,0.53056,0.69444,0,10
KRAS,KNN-esm+theta,split6,all,28,0.52857,0.40714,0.6453,0,8
KRAS,KNN-esm+theta,split6,unresolvable,28,0.52857,0.40476,0.64524,0,8
KRAS,KNN-esm+theta,split6,unresolvable_xfit,28,0.61161,0.47321,0.73661,0,8
KRAS,KNN-esm,split1,all,28,0.36667,0.26899,0.46667,0,8
KRAS,KNN-esm,split1,unresolvable,28,0.36667,0.27381,0.47143,0,8
KRAS,KNN-esm,split1,unresolvable_xfit,28,0.375,0.27232,0.48214,0,8
KRAS,KNN-esm,split2,all,820,0.48077,0.46557,0.49569,0,41
KRAS,KNN-esm,split2,unresolvable,820,0.48077,0.46614,0.49659,0,41
KRAS,KNN-esm,split2,unresolvable_xfit,820,0.4904,0.47378,0.50686,0,41
KRAS,KNN-esm,split3,all,45,0.35852,0.28296,0.44152,0,10
KRAS,KNN-esm,split3,unresolvable,45,0.35852,0.27704,0.443,0,10
KRAS,KNN-esm,split3,unresolvable_xfit,45,0.35278,0.26937,0.44167,0,10
KRAS,KNN-esm,split6,all,28,0.36667,0.26667,0.46429,0,8
KRAS,KNN-esm,split6,unresolvable,28,0.36667,0.2619,0.46905,0,8
KRAS,KNN-esm,split6,unresolvable_xfit,28,0.375,0.27232,0.47333,0,8
KRAS,KNN-theta,split1,all,28,0.50952,0.38333,0.63571,0,8
KRAS,KNN-theta,split1,unresolvable,28,0.50952,0.38095,0.63095,0,8
KRAS,KNN-theta,split1,unresolvable_xfit,28,0.57589,0.44643,0.69643,0,8
KRAS,KNN-theta,split2,all,820,0.53992,0.52102,0.5587,0,41
KRAS,KNN-theta,split2,unresolvable,820,0.53992,0.52122,0.55854,0,41
KRAS,KNN-theta,split2,unresolvable_xfit,820,0.55091,0.53064,0.57135,0,41
KRAS,KNN-theta,split3,all,45,0.6037,0.5185,0.6815,0,10
KRAS,KNN-theta,split3,unresolvable,45,0.6037,0.52296,0.68444,0,10
KRAS,KNN-theta,split3,unresolvable_xfit,45,0.60833,0.525,0.68333,0,10
KRAS,KNN-theta,split6,all,28,0.50952,0.38571,0.63339,0,8
KRAS,KNN-theta,split6,unresolvable,28,0.50952,0.38095,0.63333,0,8
KRAS,KNN-theta,split6,unresolvable_xfit,28,0.57589,0.44196,0.70536,0,8
KRAS,Lasso-esm+theta,split1,all,28,0.65238,0.53804,0.7619,0,8
KRAS,Lasso-esm+theta,split1,unresolvable,28,0.65238,0.53571,0.7619,0,8
KRAS,Lasso-esm+theta,split1,unresolvable_xfit,28,0.70089,0.57589,0.81708,0,8
KRAS,Lasso-esm+theta,split2,all,820,0.50577,0.48667,0.52553,0,41
KRAS,Lasso-esm+theta,split2,unresolvable,820,0.50577,0.48654,0.52455,0,41
KRAS,Lasso-esm+theta,split2,unresolvable_xfit,820,0.50061,0.48018,0.5215,0,41
KRAS,Lasso-esm+theta,split3,all,45,0.63778,0.55926,0.71259,0,10
KRAS,Lasso-esm+theta,split3,unresolvable,45,0.63778,0.56148,0.71333,0,10
KRAS,Lasso-esm+theta,split3,unresolvable_xfit,45,0.68333,0.6,0.76111,0,10
KRAS,Lasso-esm+theta,split6,all,28,0.65238,0.53333,0.76429,0,8
KRAS,Lasso-esm+theta,split6,unresolvable,28,0.65238,0.53565,0.7619,0,8
KRAS,Lasso-esm+theta,split6,unresolvable_xfit,28,0.70089,0.57589,0.81696,0,8
KRAS,Lasso-esm,split1,all,28,0.5,0.5,0.5,0,8
KRAS,Lasso-esm,split1,unresolvable,28,0.5,0.5,0.5,0,8
KRAS,Lasso-esm,split1,unresolvable_xfit,28,0.5,0.5,0.5,0,8
KRAS,Lasso-esm,split2,all,820,0.5,0.5,0.5,0,41
KRAS,Lasso-esm,split2,unresolvable,820,0.5,0.5,0.5,0,41
KRAS,Lasso-esm,split2,unresolvable_xfit,820,0.5,0.5,0.5,0,41
KRAS,Lasso-esm,split3,all,45,0.5,0.5,0.5,0,10
KRAS,Lasso-esm,split3,unresolvable,45,0.5,0.5,0.5,0,10
KRAS,Lasso-esm,split3,unresolvable_xfit,45,0.5,0.5,0.5,0,10
KRAS,Lasso-esm,split6,all,28,0.5,0.5,0.5,0,8
KRAS,Lasso-esm,split6,unresolvable,28,0.5,0.5,0.5,0,8
KRAS,Lasso-esm,split6,unresolvable_xfit,28,0.5,0.5,0.5,0,8
KRAS,Lasso-theta,split1,all,28,0.65238,0.5381,0.76667,0,8
KRAS,Lasso-theta,split1,unresolvable,28,0.65238,0.53571,0.7619,0,8
KRAS,Lasso-theta,split1,unresolvable_xfit,28,0.70089,0.57143,0.8125,0,8
KRAS,Lasso-theta,split2,all,820,0.50577,0.48589,0.52687,0,41
KRAS,Lasso-theta,split2,unresolvable,820,0.50577,0.48589,0.52618,0,41
KRAS,Lasso-theta,split2,unresolvable_xfit,820,0.50061,0.47881,0.52226,0,41
KRAS,Lasso-theta,split3,all,45,0.63778,0.56,0.71339,0,10
KRAS,Lasso-theta,split3,unresolvable,45,0.63778,0.56072,0.70963,0,10
KRAS,Lasso-theta,split3,unresolvable_xfit,45,0.68333,0.6,0.76667,0,10
KRAS,Lasso-theta,split6,all,28,0.65238,0.53333,0.7619,0,8
KRAS,Lasso-theta,split6,unresolvable,28,0.65238,0.54048,0.76196,0,8
KRAS,Lasso-theta,split6,unresolvable_xfit,28,0.70089,0.5625,0.81708,0,8
KRAS,MLP-esm+theta,split1,all,28,0.5,0.38565,0.61667,0,8
KRAS,MLP-esm+theta,split1,unresolvable,28,0.5,0.39048,0.61905,0,8
KRAS,MLP-esm+theta,split1,unresolvable_xfit,28,0.49107,0.375,0.60268,0,8
KRAS,MLP-esm+theta,split2,all,820,0.41362,0.39431,0.43183,0,41
KRAS,MLP-esm+theta,split2,unresolvable,820,0.41362,0.39398,0.43208,0,41
KRAS,MLP-esm+theta,split2,unresolvable_xfit,820,0.44223,0.42103,0.46281,0,41
KRAS,MLP-esm+theta,split3,all,45,0.45333,0.37037,0.5363,0,10
KRAS,MLP-esm+theta,split3,unresolvable,45,0.45333,0.37181,0.53481,0,10
KRAS,MLP-esm+theta,split3,unresolvable_xfit,45,0.44722,0.36667,0.53333,0,10
KRAS,MLP-esm+theta,split6,all,28,0.5,0.38095,0.61911,0,8
KRAS,MLP-esm+theta,split6,unresolvable,28,0.5,0.38095,0.61667,0,8
KRAS,MLP-esm+theta,split6,unresolvable_xfit,28,0.49107,0.375,0.61161,0,8
KRAS,MLP-esm,split1,all,28,0.4881,0.37137,0.60482,0,8
KRAS,MLP-esm,split1,unresolvable,28,0.4881,0.37619,0.6119,0,8
KRAS,MLP-esm,split1,unresolvable_xfit,28,0.44196,0.33036,0.5625,0,8
KRAS,MLP-esm,split2,all,820,0.48654,0.46687,0.50772,0,41
KRAS,MLP-esm,split2,unresolvable,820,0.48654,0.46605,0.50724,0,41
KRAS,MLP-esm,split2,unresolvable_xfit,820,0.47851,0.45609,0.50199,0,41
KRAS,MLP-esm,split3,all,45,0.56296,0.48889,0.643,0,10
KRAS,MLP-esm,split3,unresolvable,45,0.56296,0.48148,0.64,0,10
KRAS,MLP-esm,split3,unresolvable_xfit,45,0.54444,0.45833,0.62778,0,10
KRAS,MLP-esm,split6,all,28,0.4881,0.37143,0.60238,0,8
KRAS,MLP-esm,split6,unresolvable,28,0.4881,0.37137,0.60714,0,8
KRAS,MLP-esm,split6,unresolvable_xfit,28,0.44196,0.32143,0.5625,0,8
KRAS,MLP-theta,split1,all,28,0.57857,0.47857,0.67619,0,8
KRAS,MLP-theta,split1,unresolvable,28,0.57857,0.48333,0.67619,0,8
KRAS,MLP-theta,split1,unresolvable_xfit,28,0.59375,0.48214,0.70089,0,8
KRAS,MLP-theta,split2,all,820,0.48764,0.46931,0.50557,0,41
KRAS,MLP-theta,split2,unresolvable,820,0.48764,0.46983,0.50744,0,41
KRAS,MLP-theta,split2,unresolvable_xfit,820,0.48628,0.4657,0.5061,0,41
KRAS,MLP-theta,split3,all,45,0.44667,0.36072,0.53259,0,10
KRAS,MLP-theta,split3,unresolvable,45,0.44667,0.36296,0.52667,0,10
KRAS,MLP-theta,split3,unresolvable_xfit,45,0.42778,0.33889,0.51389,0,10
KRAS,MLP-theta,split6,all,28,0.57857,0.48333,0.67149,0,8
KRAS,MLP-theta,split6,unresolvable,28,0.57857,0.48095,0.67857,0,8
KRAS,MLP-theta,split6,unresolvable_xfit,28,0.59375,0.48214,0.69643,0,8
KRAS,PerturbNet,split1,all,28,0.5119,0.42143,0.60006,0,8
KRAS,PerturbNet,split1,unresolvable,28,0.5119,0.41905,0.60952,0,8
KRAS,PerturbNet,split1,unresolvable_xfit,28,0.54464,0.43304,0.64732,0,8
KRAS,PerturbNet,split2,all,820,0.55772,0.53854,0.57724,0,41
KRAS,PerturbNet,split2,unresolvable,820,0.55772,0.53846,0.57919,0,41
KRAS,PerturbNet,split2,unresolvable_xfit,820,0.56524,0.5439,0.58613,0,41
KRAS,PerturbNet,split3,all,45,0.55556,0.48296,0.62519,0,10
KRAS,PerturbNet,split3,unresolvable,45,0.55556,0.48737,0.62819,0,10
KRAS,PerturbNet,split3,unresolvable_xfit,45,0.59444,0.52215,0.66944,0,10
KRAS,PerturbNet,split6,all,28,0.5119,0.41667,0.60952,0,8
KRAS,PerturbNet,split6,unresolvable,28,0.5119,0.41905,0.60952,0,8
KRAS,PerturbNet,split6,unresolvable_xfit,28,0.54464,0.4375,0.64286,0,8
KRAS,RF-esm+theta,split1,all,28,0.49524,0.40946,0.57857,0,8
KRAS,RF-esm+theta,split1,unresolvable,28,0.49524,0.40708,0.58333,0,8
KRAS,RF-esm+theta,split1,unresolvable_xfit,28,0.51339,0.41518,0.60714,0,8
KRAS,RF-esm+theta,split2,all,820,0.45955,0.44097,0.4776,0,41
KRAS,RF-esm+theta,split2,unresolvable,820,0.45955,0.4402,0.47764,0,41
KRAS,RF-esm+theta,split2,unresolvable_xfit,820,0.48521,0.46524,0.50534,0,41
KRAS,RF-esm+theta,split3,all,45,0.44296,0.36889,0.52296,0,10
KRAS,RF-esm+theta,split3,unresolvable,45,0.44296,0.36296,0.52444,0,10
KRAS,RF-esm+theta,split3,unresolvable_xfit,45,0.45278,0.37222,0.53889,0,10
KRAS,RF-esm+theta,split6,all,28,0.49524,0.41429,0.58333,0,8
KRAS,RF-esm+theta,split6,unresolvable,28,0.49524,0.40708,0.58095,0,8
KRAS,RF-esm+theta,split6,unresolvable_xfit,28,0.51339,0.41518,0.60714,0,8
KRAS,RF-esm,split1,all,28,0.48095,0.38333,0.58571,0,8
KRAS,RF-esm,split1,unresolvable,28,0.48095,0.38095,0.58095,0,8
KRAS,RF-esm,split1,unresolvable_xfit,28,0.46875,0.36607,0.57143,0,8
KRAS,RF-esm,split2,all,820,0.45028,0.43162,0.46899,0,41
KRAS,RF-esm,split2,unresolvable,820,0.45028,0.43325,0.46785,0,41
KRAS,RF-esm,split2,unresolvable_xfit,820,0.48902,0.47042,0.50777,0,41
KRAS,RF-esm,split3,all,45,0.46963,0.39852,0.54667,0,10
KRAS,RF-esm,split3,unresolvable,45,0.46963,0.39256,0.54374,0,10
KRAS,RF-esm,split3,unresolvable_xfit,45,0.46944,0.38889,0.55278,0,10
KRAS,RF-esm,split6,all,28,0.48095,0.37619,0.58095,0,8
KRAS,RF-esm,split6,unresolvable,28,0.48095,0.38333,0.58339,0,8
KRAS,RF-esm,split6,unresolvable_xfit,28,0.46875,0.37054,0.56696,0,8
KRAS,RF-theta,split1,all,28,0.41905,0.30708,0.52625,0,8
KRAS,RF-theta,split1,unresolvable,28,0.41905,0.30952,0.52619,0,8
KRAS,RF-theta,split1,unresolvable_xfit,28,0.44643,0.33482,0.55804,0,8
KRAS,RF-theta,split2,all,820,0.4739,0.45459,0.49216,0,41
KRAS,RF-theta,split2,unresolvable,820,0.4739,0.45536,0.49289,0,41
KRAS,RF-theta,split2,unresolvable_xfit,820,0.47698,0.45701,0.49634,0,41
KRAS,RF-theta,split3,all,45,0.5,0.4237,0.58076,0,10
KRAS,RF-theta,split3,unresolvable,45,0.5,0.4222,0.57778,0,10
KRAS,RF-theta,split3,unresolvable_xfit,45,0.50556,0.41944,0.58333,0,10
KRAS,RF-theta,split6,all,28,0.41905,0.31423,0.52619,0,8
KRAS,RF-theta,split6,unresolvable,28,0.41905,0.3094,0.52857,0,8
KRAS,RF-theta,split6,unresolvable_xfit,28,0.44643,0.33036,0.55368,0,8
KRAS,Ridge-esm+theta,split1,all,28,0.46429,0.37143,0.55476,0,8
KRAS,Ridge-esm+theta,split1,unresolvable,28,0.46429,0.37143,0.55482,0,8
KRAS,Ridge-esm+theta,split1,unresolvable_xfit,28,0.51786,0.41964,0.62054,0,8
KRAS,Ridge-esm+theta,split2,all,820,0.46923,0.44821,0.48927,0,41
KRAS,Ridge-esm+theta,split2,unresolvable,820,0.46923,0.45024,0.48895,0,41
KRAS,Ridge-esm+theta,split2,unresolvable_xfit,820,0.47393,0.45274,0.49482,0,41
KRAS,Ridge-esm+theta,split3,all,45,0.47704,0.38667,0.56148,0,10
KRAS,Ridge-esm+theta,split3,unresolvable,45,0.47704,0.38963,0.56,0,10
KRAS,Ridge-esm+theta,split3,unresolvable_xfit,45,0.50556,0.41389,0.6,0,10
KRAS,Ridge-esm+theta,split6,all,28,0.46429,0.37613,0.55952,0,8
KRAS,Ridge-esm+theta,split6,unresolvable,28,0.46429,0.37143,0.55476,0,8
KRAS,Ridge-esm+theta,split6,unresolvable_xfit,28,0.51786,0.41518,0.62054,0,8
KRAS,Ridge-esm,split1,all,28,0.36905,0.27619,0.46196,0,8
KRAS,Ridge-esm,split1,unresolvable,28,0.36905,0.28095,0.46429,0,8
KRAS,Ridge-esm,split1,unresolvable_xfit,28,0.40625,0.30357,0.51339,0,8
KRAS,Ridge-esm,split2,all,820,0.45768,0.4387,0.4776,0,41
KRAS,Ridge-esm,split2,unresolvable,820,0.45768,0.43671,0.47728,0,41
KRAS,Ridge-esm,split2,unresolvable_xfit,820,0.47226,0.4529,0.49177,0,41
KRAS,Ridge-esm,split3,all,45,0.44296,0.35556,0.5393,0,10
KRAS,Ridge-esm,split3,unresolvable,45,0.44296,0.35556,0.5363,0,10
KRAS,Ridge-esm,split3,unresolvable_xfit,45,0.44444,0.34444,0.54167,0,10
KRAS,Ridge-esm,split6,all,28,0.36905,0.27613,0.46673,0,8
KRAS,Ridge-esm,split6,unresolvable,28,0.36905,0.27851,0.45952,0,8
KRAS,Ridge-esm,split6,unresolvable_xfit,28,0.40625,0.30804,0.50893,0,8
KRAS,Ridge-theta,split1,all,28,0.50238,0.41423,0.59286,0,8
KRAS,Ridge-theta,split1,unresolvable,28,0.50238,0.41429,0.59286,0,8
KRAS,Ridge-theta,split1,unresolvable_xfit,28,0.54911,0.45089,0.64732,0,8
KRAS,Ridge-theta,split2,all,820,0.48634,0.46809,0.50565,0,41
KRAS,Ridge-theta,split2,unresolvable,820,0.48634,0.46667,0.50622,0,41
KRAS,Ridge-theta,split2,unresolvable_xfit,820,0.48338,0.4625,0.50396,0,41
KRAS,Ridge-theta,split3,all,45,0.48963,0.40074,0.57928,0,10
KRAS,Ridge-theta,split3,unresolvable,45,0.48963,0.4,0.58002,0,10
KRAS,Ridge-theta,split3,unresolvable_xfit,45,0.52222,0.42778,0.61667,0,10
KRAS,Ridge-theta,split6,all,28,0.50238,0.4119,0.59524,0,8
KRAS,Ridge-theta,split6,unresolvable,28,0.50238,0.41667,0.58577,0,8
KRAS,Ridge-theta,split6,unresolvable_xfit,28,0.54911,0.45536,0.64286,0,8
KRAS,WT-null,split1,all,28,0.5,0.5,0.5,0,8
KRAS,WT-null,split1,unresolvable,28,0.5,0.5,0.5,0,8
KRAS,WT-null,split1,unresolvable_xfit,28,0.5,0.5,0.5,0,8
KRAS,WT-null,split2,all,820,0.5,0.5,0.5,0,41
KRAS,WT-null,split2,unresolvable,820,0.5,0.5,0.5,0,41
KRAS,WT-null,split2,unresolvable_xfit,820,0.5,0.5,0.5,0,41
KRAS,WT-null,split3,all,45,0.5,0.5,0.5,0,10
KRAS,WT-null,split3,unresolvable,45,0.5,0.5,0.5,0,10
KRAS,WT-null,split3,unresolvable_xfit,45,0.5,0.5,0.5,0,10
KRAS,WT-null,split6,all,28,0.5,0.5,0.5,0,8
KRAS,WT-null,split6,unresolvable,28,0.5,0.5,0.5,0,8
KRAS,WT-null,split6,unresolvable_xfit,28,0.5,0.5,0.5,0,8
KRAS,scGen,split1,all,28,0.59762,0.5119,0.68095,0,8
KRAS,scGen,split1,unresolvable,28,0.59762,0.51429,0.68571,0,8
KRAS,scGen,split1,unresolvable_xfit,28,0.63839,0.54911,0.72321,0,8
KRAS,scGen,split2,all,820,0.5422,0.52252,0.5611,0,41
KRAS,scGen,split2,unresolvable,820,0.5422,0.52337,0.56232,0,41
KRAS,scGen,split2,unresolvable_xfit,820,0.53872,0.51921,0.56052,0,41
KRAS,scGen,split3,all,45,0.78444,0.72667,0.83928,0,10
KRAS,scGen,split3,unresolvable,45,0.78444,0.72593,0.83706,0,10
KRAS,scGen,split3,unresolvable_xfit,45,0.77778,0.71389,0.83889,0,10
KRAS,scGen,split6,all,28,0.62381,0.53333,0.70476,0,8
KRAS,scGen,split6,unresolvable,28,0.62381,0.5381,0.70714,0,8
KRAS,scGen,split6,unresolvable_xfit,28,0.66964,0.57589,0.75458,0,8
KRAS,scVIDR,split1,all,28,0.60238,0.51667,0.68339,0,8
KRAS,scVIDR,split1,unresolvable,28,0.60238,0.51899,0.68333,0,8
KRAS,scVIDR,split1,unresolvable_xfit,28,0.63839,0.55357,0.71875,0,8
KRAS,scVIDR,split2,all,820,0.55341,0.53215,0.57305,0,41
KRAS,scVIDR,split2,unresolvable,820,0.55341,0.53284,0.57378,0,41
KRAS,scVIDR,split2,unresolvable_xfit,820,0.54832,0.52697,0.56922,0,41
KRAS,scVIDR,split3,all,45,0.7837,0.73037,0.83407,0,10
KRAS,scVIDR,split3,unresolvable,45,0.7837,0.73185,0.83556,0,10
KRAS,scVIDR,split3,unresolvable_xfit,45,0.78889,0.73611,0.84444,0,10
KRAS,scVIDR,split6,all,28,0.63095,0.54524,0.70952,0,8
KRAS,scVIDR,split6,unresolvable,28,0.63095,0.54042,0.71429,0,8
KRAS,scVIDR,split6,unresolvable_xfit,28,0.67411,0.58036,0.75893,0,8
GATA1,self-null (same variant),all,all,3810,0.51129,0.49423,0.52677,0,254
GATA1,self-null (WT-referenced),all,all,3810,0.51207,0.4958,0.52809,0,254
GATA1,split-half measurement,all,all,32131,0.62873,0.6257,0.63188,0,0
GATA1,split-half measurement,all,resolvable,1214,0.99385,0.99259,0.995,0,0
GATA1,split-half measurement,all,unresolvable,30917,0.6144,0.61121,0.61753,0,0
GATA1,split-half measurement,all,resolvable_xfit,1264,0.99011,0.98794,0.99229,0,0
GATA1,split-half measurement,all,unresolvable_xfit,30867,0.61006,0.60672,0.61335,0,0
GATA1,Biolord,split1,all,1326,0.51131,0.49437,0.52811,0,52
GATA1,Biolord,split1,resolvable,44,0.77121,0.67572,0.85606,0,52
GATA1,Biolord,split1,unresolvable,1282,0.50239,0.48596,0.51838,0,52
GATA1,Biolord,split1,resolvable_xfit,45,0.71944,0.61944,0.81389,0,52
GATA1,Biolord,split1,unresolvable_xfit,1281,0.49619,0.4799,0.51298,0,52
GATA1,Biolord,split2,all,8001,0.50115,0.49447,0.50822,0,127
GATA1,Biolord,split2,resolvable,346,0.48931,0.44402,0.53546,0,127
GATA1,Biolord,split2,unresolvable,7655,0.50169,0.49494,0.50845,0,127
GATA1,Biolord,split2,resolvable_xfit,340,0.51066,0.46765,0.55405,0,127
GATA1,Biolord,split2,unresolvable_xfit,7661,0.49964,0.4923,0.50734,0,127
GATA1,Biolord,split3,all,496,0.53488,0.51102,0.55921,0,32
GATA1,Biolord,split3,resolvable,40,0.7375,0.62,0.83419,0,32
GATA1,Biolord,split3,unresolvable,456,0.51711,0.49335,0.54065,0,32
GATA1,Biolord,split3,resolvable_xfit,34,0.75,0.63594,0.85662,0,32
GATA1,Biolord,split3,unresolvable_xfit,462,0.51407,0.48891,0.5414,0,32
GATA1,Biolord,split5,all,990,0.53037,0.51104,0.55007,0,45
GATA1,Biolord,split5,resolvable,86,0.63217,0.54496,0.71824,0,45
GATA1,Biolord,split5,unresolvable,904,0.52069,0.50025,0.54089,0,45
GATA1,Biolord,split5,resolvable_xfit,93,0.65054,0.5578,0.73656,0,45
GATA1,Biolord,split5,unresolvable_xfit,897,0.51909,0.49777,0.54069,0,45
GATA1,Biolord,split6,all,1326,0.51131,0.4948,0.52811,0,52
GATA1,Biolord,split6,resolvable,44,0.77121,0.68182,0.85909,0,52
GATA1,Biolord,split6,unresolvable,1282,0.50239,0.48549,0.51911,0,52
GATA1,Biolord,split6,resolvable_xfit,45,0.71944,0.62222,0.81389,0,52
GATA1,Biolord,split6,unresolvable_xfit,1281,0.49619,0.47951,0.51327,0,52
GATA1,CellFlow,split1,all,1326,0.48758,0.47114,0.50332,0,52
GATA1,CellFlow,split1,resolvable,44,0.26212,0.15152,0.38034,0,52
GATA1,CellFlow,split1,unresolvable,1282,0.49532,0.47852,0.5117,0,52
GATA1,CellFlow,split1,resolvable_xfit,45,0.275,0.16944,0.38889,0,52
GATA1,CellFlow,split1,unresolvable_xfit,1281,0.48634,0.46809,0.50361,0,52
GATA1,CellFlow,split2,all,8001,0.51606,0.50838,0.52289,0,127
GATA1,CellFlow,split2,resolvable,346,0.52331,0.47303,0.56975,0,127
GATA1,CellFlow,split2,unresolvable,7655,0.51573,0.50847,0.52266,0,127
GATA1,CellFlow,split2,resolvable_xfit,340,0.55368,0.50368,0.60257,0,127
GATA1,CellFlow,split2,unresolvable_xfit,7661,0.50826,0.50068,0.51588,0,127
GATA1,CellFlow,split3,all,496,0.44328,0.41317,0.46963,0,32
GATA1,CellFlow,split3,resolvable,40,0.315,0.19329,0.45,0,32
GATA1,CellFlow,split3,unresolvable,456,0.45453,0.4269,0.48187,0,32
GATA1,CellFlow,split3,resolvable_xfit,34,0.27941,0.15809,0.41176,0,32
GATA1,CellFlow,split3,unresolvable_xfit,462,0.45346,0.42316,0.4854,0,32
GATA1,CellFlow,split5,all,990,0.49239,0.47145,0.51232,0,45
GATA1,CellFlow,split5,resolvable,86,0.56279,0.46822,0.6512,0,45
GATA1,CellFlow,split5,unresolvable,904,0.48569,0.46475,0.50664,0,45
GATA1,CellFlow,split5,resolvable_xfit,93,0.58199,0.49059,0.67204,0,45
GATA1,CellFlow,split5,unresolvable_xfit,897,0.47408,0.45234,0.4954,0,45
GATA1,CellFlow,split6,all,1326,0.48758,0.47104,0.50448,0,52
GATA1,CellFlow,split6,resolvable,44,0.26212,0.14848,0.38182,0,52
GATA1,CellFlow,split6,unresolvable,1282,0.49532,0.47847,0.51233,0,52
GATA1,CellFlow,split6,resolvable_xfit,45,0.275,0.16111,0.39167,0,52
GATA1,CellFlow,split6,unresolvable_xfit,1281,0.48634,0.46809,0.50449,0,52
GATA1,GBoost-esm+theta,split1,all,1326,0.56682,0.55093,0.58301,0,52
GATA1,GBoost-esm+theta,split1,resolvable,44,0.80303,0.70602,0.89091,0,52
GATA1,GBoost-esm+theta,split1,unresolvable,1282,0.55871,0.54092,0.57572,0,52
GATA1,GBoost-esm+theta,split1,resolvable_xfit,45,0.77778,0.68056,0.87229,0,52
GATA1,GBoost-esm+theta,split1,unresolvable_xfit,1281,0.57338,0.55562,0.59114,0,52
GATA1,GBoost-esm+theta,split2,all,8001,0.51823,0.51173,0.52539,0,127
GATA1,GBoost-esm+theta,split2,resolvable,346,0.6578,0.61329,0.69982,0,127
GATA1,GBoost-esm+theta,split2,unresolvable,7655,0.51192,0.50499,0.51906,0,127
GATA1,GBoost-esm+theta,split2,resolvable_xfit,340,0.68272,0.64007,0.7239,0,127
GATA1,GBoost-esm+theta,split2,unresolvable_xfit,7661,0.51548,0.50827,0.5227,0,127
GATA1,GBoost-esm+theta,split3,all,496,0.51478,0.48535,0.54435,0,32
GATA1,GBoost-esm+theta,split3,resolvable,40,0.7,0.56833,0.82833,0,32
GATA1,GBoost-esm+theta,split3,unresolvable,456,0.49854,0.46886,0.52866,0,32
GATA1,GBoost-esm+theta,split3,resolvable_xfit,34,0.76103,0.62491,0.88612,0,32
GATA1,GBoost-esm+theta,split3,unresolvable_xfit,462,0.50271,0.47186,0.53463,0,32
GATA1,GBoost-esm+theta,split5,all,990,0.52835,0.50909,0.54809,0,45
GATA1,GBoost-esm+theta,split5,resolvable,86,0.53721,0.45498,0.6225,0,45
GATA1,GBoost-esm+theta,split5,unresolvable,904,0.52751,0.50774,0.54668,0,45
GATA1,GBoost-esm+theta,split5,resolvable_xfit,93,0.55242,0.47715,0.63575,0,45
GATA1,GBoost-esm+theta,split5,unresolvable_xfit,897,0.53163,0.51142,0.55212,0,45
GATA1,GBoost-esm+theta,split6,all,1326,0.56682,0.54922,0.58472,0,52
GATA1,GBoost-esm+theta,split6,resolvable,44,0.80303,0.70152,0.89091,0,52
GATA1,GBoost-esm+theta,split6,unresolvable,1282,0.55871,0.54123,0.57587,0,52
GATA1,GBoost-esm+theta,split6,resolvable_xfit,45,0.77778,0.67215,0.86944,0,52
GATA1,GBoost-esm+theta,split6,unresolvable_xfit,1281,0.57338,0.55464,0.59085,0,52
GATA1,GBoost-esm,split1,all,1326,0.56953,0.55244,0.58567,0,52
GATA1,GBoost-esm,split1,resolvable,44,0.86212,0.7697,0.94242,0,52
GATA1,GBoost-esm,split1,unresolvable,1282,0.55949,0.54274,0.57551,0,52
GATA1,GBoost-esm,split1,resolvable_xfit,45,0.82778,0.72771,0.91389,0,52
GATA1,GBoost-esm,split1,unresolvable_xfit,1281,0.56977,0.5523,0.58782,0,52
GATA1,GBoost-esm,split2,all,8001,0.5166,0.50914,0.52363,0,127
GATA1,GBoost-esm,split2,resolvable,346,0.64913,0.60442,0.69133,0,127
GATA1,GBoost-esm,split2,unresolvable,7655,0.51061,0.50338,0.51737,0,127
GATA1,GBoost-esm,split2,resolvable_xfit,340,0.67941,0.63528,0.7206,0,127
GATA1,GBoost-esm,split2,unresolvable_xfit,7661,0.51437,0.50724,0.52154,0,127
GATA1,GBoost-esm,split3,all,496,0.47191,0.44314,0.50162,0,32
GATA1,GBoost-esm,split3,resolvable,40,0.55167,0.41,0.685,0,32
GATA1,GBoost-esm,split3,unresolvable,456,0.46491,0.43611,0.49386,0,32
GATA1,GBoost-esm,split3,resolvable_xfit,34,0.60294,0.44853,0.76103,0,32
GATA1,GBoost-esm,split3,unresolvable_xfit,462,0.47132,0.43912,0.50189,0,32
GATA1,GBoost-esm,split5,all,990,0.52229,0.5039,0.54189,0,45
GATA1,GBoost-esm,split5,resolvable,86,0.5186,0.43174,0.60155,0,45
GATA1,GBoost-esm,split5,unresolvable,904,0.52264,0.50317,0.54145,0,45
GATA1,GBoost-esm,split5,resolvable_xfit,93,0.50403,0.42339,0.59009,0,45
GATA1,GBoost-esm,split5,unresolvable_xfit,897,0.53163,0.51101,0.5524,0,45
GATA1,GBoost-esm,split6,all,1326,0.56953,0.55194,0.58683,0,52
GATA1,GBoost-esm,split6,resolvable,44,0.86212,0.77117,0.94545,0,52
GATA1,GBoost-esm,split6,unresolvable,1282,0.55949,0.54248,0.57691,0,52
GATA1,GBoost-esm,split6,resolvable_xfit,45,0.82778,0.73333,0.91667,0,52
GATA1,GBoost-esm,split6,unresolvable_xfit,1281,0.56977,0.55201,0.58704,0,52
GATA1,GBoost-theta,split1,all,1326,0.52685,0.50978,0.54357,0,52
GATA1,GBoost-theta,split1,resolvable,44,0.84167,0.73485,0.93485,0,52
GATA1,GBoost-theta,split1,unresolvable,1282,0.51604,0.49799,0.53349,0,52
GATA1,GBoost-theta,split1,resolvable_xfit,45,0.81944,0.71111,0.91111,0,52
GATA1,GBoost-theta,split1,unresolvable_xfit,1281,0.52049,0.50342,0.53747,0,52
GATA1,GBoost-theta,split2,all,8001,0.55231,0.54568,0.55935,0,127
GATA1,GBoost-theta,split2,resolvable,346,0.629,0.58285,0.67275,0,127
GATA1,GBoost-theta,split2,unresolvable,7655,0.54884,0.54222,0.55605,0,127
GATA1,GBoost-theta,split2,resolvable_xfit,340,0.61471,0.56765,0.6614,0,127
GATA1,GBoost-theta,split2,unresolvable_xfit,7661,0.54324,0.53611,0.55014,0,127
GATA1,GBoost-theta,split3,all,496,0.44462,0.41787,0.47164,0,32
GATA1,GBoost-theta,split3,resolvable,40,0.25083,0.14583,0.36335,0,32
GATA1,GBoost-theta,split3,unresolvable,456,0.46162,0.4356,0.48816,0,32
GATA1,GBoost-theta,split3,resolvable_xfit,34,0.18382,0.09917,0.28676,0,32
GATA1,GBoost-theta,split3,unresolvable_xfit,462,0.47538,0.44615,0.50299,0,32
GATA1,GBoost-theta,split5,all,990,0.47306,0.45316,0.49256,0,45
GATA1,GBoost-theta,split5,resolvable,86,0.44225,0.35695,0.52598,0,45
GATA1,GBoost-theta,split5,unresolvable,904,0.476,0.45682,0.49576,0,45
GATA1,GBoost-theta,split5,resolvable_xfit,93,0.4207,0.33468,0.50269,0,45
GATA1,GBoost-theta,split5,unresolvable_xfit,897,0.46572,0.44482,0.48704,0,45
GATA1,GBoost-theta,split6,all,1326,0.52685,0.50907,0.54467,0,52
GATA1,GBoost-theta,split6,resolvable,44,0.84167,0.74241,0.92652,0,52
GATA1,GBoost-theta,split6,unresolvable,1282,0.51604,0.49841,0.53367,0,52
GATA1,GBoost-theta,split6,resolvable_xfit,45,0.81944,0.7166,0.91389,0,52
GATA1,GBoost-theta,split6,unresolvable_xfit,1281,0.52049,0.50273,0.53806,0,52
GATA1,Gene-mean,split1,all,1326,0.5,0.5,0.5,0,52
GATA1,Gene-mean,split1,resolvable,44,0.5,0.5,0.5,0,52
GATA1,Gene-mean,split1,unresolvable,1282,0.5,0.5,0.5,0,52
GATA1,Gene-mean,split1,resolvable_xfit,45,0.5,0.5,0.5,0,52
GATA1,Gene-mean,split1,unresolvable_xfit,1281,0.5,0.5,0.5,0,52
GATA1,Gene-mean,split2,all,8001,0.5,0.5,0.5,0,127
GATA1,Gene-mean,split2,resolvable,346,0.5,0.5,0.5,0,127
GATA1,Gene-mean,split2,unresolvable,7655,0.5,0.5,0.5,0,127
GATA1,Gene-mean,split2,resolvable_xfit,340,0.5,0.5,0.5,0,127
GATA1,Gene-mean,split2,unresolvable_xfit,7661,0.5,0.5,0.5,0,127
GATA1,Gene-mean,split3,all,496,0.5,0.5,0.5,0,32
GATA1,Gene-mean,split3,resolvable,40,0.5,0.5,0.5,0,32
GATA1,Gene-mean,split3,unresolvable,456,0.5,0.5,0.5,0,32
GATA1,Gene-mean,split3,resolvable_xfit,34,0.5,0.5,0.5,0,32
GATA1,Gene-mean,split3,unresolvable_xfit,462,0.5,0.5,0.5,0,32
GATA1,Gene-mean,split5,all,990,0.5,0.5,0.5,0,45
GATA1,Gene-mean,split5,resolvable,86,0.5,0.5,0.5,0,45
GATA1,Gene-mean,split5,unresolvable,904,0.5,0.5,0.5,0,45
GATA1,Gene-mean,split5,resolvable_xfit,93,0.5,0.5,0.5,0,45
GATA1,Gene-mean,split5,unresolvable_xfit,897,0.5,0.5,0.5,0,45
GATA1,Gene-mean,split6,all,1326,0.5,0.5,0.5,0,52
GATA1,Gene-mean,split6,resolvable,44,0.5,0.5,0.5,0,52
GATA1,Gene-mean,split6,unresolvable,1282,0.5,0.5,0.5,0,52
GATA1,Gene-mean,split6,resolvable_xfit,45,0.5,0.5,0.5,0,52
GATA1,Gene-mean,split6,unresolvable_xfit,1281,0.5,0.5,0.5,0,52
GATA1,KNN-esm+theta,split1,all,1326,0.58017,0.56352,0.59749,0,52
GATA1,KNN-esm+theta,split1,resolvable,44,0.8553,0.76591,0.93788,0,52
GATA1,KNN-esm+theta,split1,unresolvable,1282,0.57072,0.55398,0.58804,0,52
GATA1,KNN-esm+theta,split1,resolvable_xfit,45,0.85,0.75556,0.93611,0,52
GATA1,KNN-esm+theta,split1,unresolvable_xfit,1281,0.57787,0.56001,0.59524,0,52
GATA1,KNN-esm+theta,split2,all,8001,0.55303,0.54615,0.55983,0,127
GATA1,KNN-esm+theta,split2,resolvable,346,0.59056,0.5439,0.63643,0,127
GATA1,KNN-esm+theta,split2,unresolvable,7655,0.55133,0.54442,0.55829,0,127
GATA1,KNN-esm+theta,split2,resolvable_xfit,340,0.57904,0.53197,0.62537,0,127
GATA1,KNN-esm+theta,split2,unresolvable_xfit,7661,0.55538,0.54808,0.56243,0,127
GATA1,KNN-esm+theta,split3,all,496,0.51317,0.48521,0.54012,0,32
GATA1,KNN-esm+theta,split3,resolvable,40,0.41583,0.2975,0.54085,0,32
GATA1,KNN-esm+theta,split3,unresolvable,456,0.52171,0.49525,0.54898,0,32
GATA1,KNN-esm+theta,split3,resolvable_xfit,34,0.45588,0.31618,0.59926,0,32
GATA1,KNN-esm+theta,split3,unresolvable_xfit,462,0.50947,0.48214,0.53869,0,32
GATA1,KNN-esm+theta,split5,all,990,0.45145,0.43242,0.47027,0,45
GATA1,KNN-esm+theta,split5,resolvable,86,0.30814,0.23566,0.38451,0,45
GATA1,KNN-esm+theta,split5,unresolvable,904,0.46508,0.44594,0.48522,0,45
GATA1,KNN-esm+theta,split5,resolvable_xfit,93,0.30914,0.24194,0.38172,0,45
GATA1,KNN-esm+theta,split5,unresolvable_xfit,897,0.46321,0.44231,0.48301,0,45
GATA1,KNN-esm+theta,split6,all,1326,0.58017,0.56372,0.59603,0,52
GATA1,KNN-esm+theta,split6,resolvable,44,0.8553,0.76136,0.93335,0,52
GATA1,KNN-esm+theta,split6,unresolvable,1282,0.57072,0.55418,0.58788,0,52
GATA1,KNN-esm+theta,split6,resolvable_xfit,45,0.85,0.75278,0.9334,0,52
GATA1,KNN-esm+theta,split6,unresolvable_xfit,1281,0.57787,0.55991,0.59514,0,52
GATA1,KNN-esm,split1,all,1326,0.52149,0.50457,0.53786,0,52
GATA1,KNN-esm,split1,resolvable,44,0.77576,0.66515,0.87424,0,52
GATA1,KNN-esm,split1,unresolvable,1282,0.51277,0.49568,0.52917,0,52
GATA1,KNN-esm,split1,resolvable_xfit,45,0.71944,0.59993,0.83333,0,52
GATA1,KNN-esm,split1,unresolvable_xfit,1281,0.52908,0.5119,0.54577,0,52
GATA1,KNN-esm,split2,all,8001,0.50076,0.49337,0.50779,0,127
GATA1,KNN-esm,split2,resolvable,346,0.54576,0.49769,0.59336,0,127
GATA1,KNN-esm,split2,unresolvable,7655,0.49873,0.49151,0.50574,0,127
GATA1,KNN-esm,split2,resolvable_xfit,340,0.53824,0.4886,0.5864,0,127
GATA1,KNN-esm,split2,unresolvable_xfit,7661,0.50423,0.49674,0.51176,0,127
GATA1,KNN-esm,split3,all,496,0.51378,0.4844,0.54335,0,32
GATA1,KNN-esm,split3,resolvable,40,0.70333,0.57,0.81837,0,32
GATA1,KNN-esm,split3,unresolvable,456,0.49715,0.46747,0.52618,0,32
GATA1,KNN-esm,split3,resolvable_xfit,34,0.80515,0.68015,0.91544,0,32
GATA1,KNN-esm,split3,unresolvable_xfit,462,0.48214,0.45292,0.51489,0,32
GATA1,KNN-esm,split5,all,990,0.46875,0.44774,0.48943,0,45
GATA1,KNN-esm,split5,resolvable,86,0.43101,0.34572,0.51783,0,45
GATA1,KNN-esm,split5,unresolvable,904,0.47235,0.45206,0.49344,0,45
GATA1,KNN-esm,split5,resolvable_xfit,93,0.40726,0.3333,0.48656,0,45
GATA1,KNN-esm,split5,unresolvable_xfit,897,0.46934,0.44941,0.48885,0,45
GATA1,KNN-esm,split6,all,1326,0.52149,0.50432,0.53753,0,52
GATA1,KNN-esm,split6,resolvable,44,0.77576,0.66364,0.87273,0,52
GATA1,KNN-esm,split6,unresolvable,1282,0.51277,0.49607,0.53001,0,52
GATA1,KNN-esm,split6,resolvable_xfit,45,0.71944,0.59722,0.83618,0,52
GATA1,KNN-esm,split6,unresolvable_xfit,1281,0.52908,0.51171,0.54635,0,52
GATA1,KNN-theta,split1,all,1326,0.51933,0.50332,0.53602,0,52
GATA1,KNN-theta,split1,resolvable,44,0.60379,0.47345,0.72652,0,52
GATA1,KNN-theta,split1,unresolvable,1282,0.51643,0.49948,0.53346,0,52
GATA1,KNN-theta,split1,resolvable_xfit,45,0.6,0.47222,0.72778,0,52
GATA1,KNN-theta,split1,unresolvable_xfit,1281,0.53464,0.51815,0.55221,0,52
GATA1,KNN-theta,split2,all,8001,0.50685,0.50002,0.51408,0,127
GATA1,KNN-theta,split2,resolvable,346,0.53738,0.48998,0.58257,0,127
GATA1,KNN-theta,split2,unresolvable,7655,0.50547,0.49841,0.51235,0,127
GATA1,KNN-theta,split2,resolvable_xfit,340,0.53015,0.48346,0.57611,0,127
GATA1,KNN-theta,split2,unresolvable_xfit,7661,0.50718,0.49985,0.51416,0,127
GATA1,KNN-theta,split3,all,496,0.46425,0.43461,0.49274,0,32
GATA1,KNN-theta,split3,resolvable,40,0.29417,0.17,0.4175,0,32
GATA1,KNN-theta,split3,unresolvable,456,0.47917,0.45146,0.50812,0,32
GATA1,KNN-theta,split3,resolvable_xfit,34,0.21691,0.10294,0.342,0,32
GATA1,KNN-theta,split3,unresolvable_xfit,462,0.48566,0.4567,0.51326,0,32
GATA1,KNN-theta,split5,all,990,0.44236,0.42229,0.46364,0,45
GATA1,KNN-theta,split5,resolvable,86,0.33295,0.2496,0.42404,0,45
GATA1,KNN-theta,split5,unresolvable,904,0.45277,0.43344,0.47276,0,45
GATA1,KNN-theta,split5,resolvable_xfit,93,0.33333,0.25538,0.4207,0,45
GATA1,KNN-theta,split5,unresolvable_xfit,897,0.45471,0.43353,0.47701,0,45
GATA1,KNN-theta,split6,all,1326,0.51933,0.50261,0.53587,0,52
GATA1,KNN-theta,split6,resolvable,44,0.60379,0.47347,0.72352,0,52
GATA1,KNN-theta,split6,unresolvable,1282,0.51643,0.5001,0.53318,0,52
GATA1,KNN-theta,split6,resolvable_xfit,45,0.6,0.47493,0.73062,0,52
GATA1,KNN-theta,split6,unresolvable_xfit,1281,0.53464,0.51727,0.55143,0,52
GATA1,Lasso-esm+theta,split1,all,1326,0.48653,0.47066,0.50179,0,52
GATA1,Lasso-esm+theta,split1,resolvable,44,0.72955,0.6318,0.8197,0,52
GATA1,Lasso-esm+theta,split1,unresolvable,1282,0.47819,0.46287,0.49449,0,52
GATA1,Lasso-esm+theta,split1,resolvable_xfit,45,0.725,0.63611,0.81389,0,52
GATA1,Lasso-esm+theta,split1,unresolvable_xfit,1281,0.48663,0.47111,0.50361,0,52
GATA1,Lasso-esm+theta,split2,all,8001,0.53898,0.5322,0.54576,0,127
GATA1,Lasso-esm+theta,split2,resolvable,346,0.45665,0.41068,0.50337,0,127
GATA1,Lasso-esm+theta,split2,unresolvable,7655,0.5427,0.53595,0.54979,0,127
GATA1,Lasso-esm+theta,split2,resolvable_xfit,340,0.48051,0.4375,0.525,0,127
GATA1,Lasso-esm+theta,split2,unresolvable_xfit,7661,0.54401,0.53677,0.55112,0,127
GATA1,Lasso-esm+theta,split3,all,496,0.45081,0.42446,0.47756,0,32
GATA1,Lasso-esm+theta,split3,resolvable,40,0.28583,0.1775,0.3975,0,32
GATA1,Lasso-esm+theta,split3,unresolvable,456,0.46528,0.43743,0.49306,0,32
GATA1,Lasso-esm+theta,split3,resolvable_xfit,34,0.25735,0.15074,0.375,0,32
GATA1,Lasso-esm+theta,split3,unresolvable_xfit,462,0.47917,0.4494,0.50731,0,32
GATA1,Lasso-esm+theta,split5,all,990,0.46845,0.44646,0.48882,0,45
GATA1,Lasso-esm+theta,split5,resolvable,86,0.24225,0.17052,0.31977,0,45
GATA1,Lasso-esm+theta,split5,unresolvable,904,0.48997,0.46961,0.51114,0,45
GATA1,Lasso-esm+theta,split5,resolvable_xfit,93,0.24597,0.17742,0.32124,0,45
GATA1,Lasso-esm+theta,split5,unresolvable_xfit,897,0.50321,0.48174,0.52453,0,45
GATA1,Lasso-esm+theta,split6,all,1326,0.48653,0.47109,0.50262,0,52
GATA1,Lasso-esm+theta,split6,resolvable,44,0.72955,0.63182,0.825,0,52
GATA1,Lasso-esm+theta,split6,unresolvable,1282,0.47819,0.46316,0.49399,0,52
GATA1,Lasso-esm+theta,split6,resolvable_xfit,45,0.725,0.63049,0.8084,0,52
GATA1,Lasso-esm+theta,split6,unresolvable_xfit,1281,0.48663,0.47024,0.50283,0,52
GATA1,Lasso-esm,split1,all,1326,0.5,0.5,0.5,0,52
GATA1,Lasso-esm,split1,resolvable,44,0.5,0.5,0.5,0,52
GATA1,Lasso-esm,split1,unresolvable,1282,0.5,0.5,0.5,0,52
GATA1,Lasso-esm,split1,resolvable_xfit,45,0.5,0.5,0.5,0,52
GATA1,Lasso-esm,split1,unresolvable_xfit,1281,0.5,0.5,0.5,0,52
GATA1,Lasso-esm,split2,all,8001,0.5,0.5,0.5,0,127
GATA1,Lasso-esm,split2,resolvable,346,0.5,0.5,0.5,0,127
GATA1,Lasso-esm,split2,unresolvable,7655,0.5,0.5,0.5,0,127
GATA1,Lasso-esm,split2,resolvable_xfit,340,0.5,0.5,0.5,0,127
GATA1,Lasso-esm,split2,unresolvable_xfit,7661,0.5,0.5,0.5,0,127
GATA1,Lasso-esm,split3,all,496,0.5,0.5,0.5,0,32
GATA1,Lasso-esm,split3,resolvable,40,0.5,0.5,0.5,0,32
GATA1,Lasso-esm,split3,unresolvable,456,0.5,0.5,0.5,0,32
GATA1,Lasso-esm,split3,resolvable_xfit,34,0.5,0.5,0.5,0,32
GATA1,Lasso-esm,split3,unresolvable_xfit,462,0.5,0.5,0.5,0,32
GATA1,Lasso-esm,split5,all,990,0.5,0.5,0.5,0,45
GATA1,Lasso-esm,split5,resolvable,86,0.5,0.5,0.5,0,45
GATA1,Lasso-esm,split5,unresolvable,904,0.5,0.5,0.5,0,45
GATA1,Lasso-esm,split5,resolvable_xfit,93,0.5,0.5,0.5,0,45
GATA1,Lasso-esm,split5,unresolvable_xfit,897,0.5,0.5,0.5,0,45
GATA1,Lasso-esm,split6,all,1326,0.5,0.5,0.5,0,52
GATA1,Lasso-esm,split6,resolvable,44,0.5,0.5,0.5,0,52
GATA1,Lasso-esm,split6,unresolvable,1282,0.5,0.5,0.5,0,52
GATA1,Lasso-esm,split6,resolvable_xfit,45,0.5,0.5,0.5,0,52
GATA1,Lasso-esm,split6,unresolvable_xfit,1281,0.5,0.5,0.5,0,52
GATA1,Lasso-theta,split1,all,1326,0.48653,0.47215,0.50121,0,52
GATA1,Lasso-theta,split1,resolvable,44,0.72955,0.63104,0.82197,0,52
GATA1,Lasso-theta,split1,unresolvable,1282,0.47819,0.46313,0.49384,0,52
GATA1,Lasso-theta,split1,resolvable_xfit,45,0.725,0.63333,0.81118,0,52
GATA1,Lasso-theta,split1,unresolvable_xfit,1281,0.48663,0.47033,0.50254,0,52
GATA1,Lasso-theta,split2,all,8001,0.53898,0.53204,0.54597,0,127
GATA1,Lasso-theta,split2,resolvable,346,0.45665,0.41301,0.50097,0,127
GATA1,Lasso-theta,split2,unresolvable,7655,0.5427,0.53598,0.5494,0,127
GATA1,Lasso-theta,split2,resolvable_xfit,340,0.48051,0.43565,0.52391,0,127
GATA1,Lasso-theta,split2,unresolvable_xfit,7661,0.54401,0.53665,0.55124,0,127
GATA1,Lasso-theta,split3,all,496,0.45081,0.42413,0.47742,0,32
GATA1,Lasso-theta,split3,resolvable,40,0.28583,0.17917,0.39919,0,32
GATA1,Lasso-theta,split3,unresolvable,456,0.46528,0.43925,0.49386,0,32
GATA1,Lasso-theta,split3,resolvable_xfit,34,0.25735,0.15809,0.375,0,32
GATA1,Lasso-theta,split3,unresolvable_xfit,462,0.47917,0.44994,0.50812,0,32
GATA1,Lasso-theta,split5,all,990,0.46845,0.44798,0.48997,0,45
GATA1,Lasso-theta,split5,resolvable,86,0.24225,0.1717,0.319,0,45
GATA1,Lasso-theta,split5,unresolvable,904,0.48997,0.46858,0.51073,0,45
GATA1,Lasso-theta,split5,resolvable_xfit,93,0.24597,0.17339,0.31993,0,45
GATA1,Lasso-theta,split5,unresolvable_xfit,897,0.50321,0.48244,0.52564,0,45
GATA1,Lasso-theta,split6,all,1326,0.48653,0.47061,0.50282,0,52
GATA1,Lasso-theta,split6,resolvable,44,0.72955,0.62725,0.82197,0,52
GATA1,Lasso-theta,split6,unresolvable,1282,0.47819,0.46242,0.49399,0,52
GATA1,Lasso-theta,split6,resolvable_xfit,45,0.725,0.63056,0.81396,0,52
GATA1,Lasso-theta,split6,unresolvable_xfit,1281,0.48663,0.4715,0.50283,0,52
GATA1,MLP-esm+theta,split1,all,1326,0.50845,0.49236,0.52454,0,52
GATA1,MLP-esm+theta,split1,resolvable,44,0.82576,0.73636,0.90303,0,52
GATA1,MLP-esm+theta,split1,unresolvable,1282,0.49756,0.48154,0.51409,0,52
GATA1,MLP-esm+theta,split1,resolvable_xfit,45,0.80833,0.71944,0.88611,0,52
GATA1,MLP-esm+theta,split1,unresolvable_xfit,1281,0.4958,0.47922,0.51269,0,52
GATA1,MLP-esm+theta,split2,all,8001,0.53588,0.52918,0.54273,0,127
GATA1,MLP-esm+theta,split2,resolvable,346,0.6605,0.62524,0.69577,0,127
GATA1,MLP-esm+theta,split2,unresolvable,7655,0.53025,0.5234,0.53723,0,127
GATA1,MLP-esm+theta,split2,resolvable_xfit,340,0.64853,0.61101,0.68346,0,127
GATA1,MLP-esm+theta,split2,unresolvable_xfit,7661,0.52596,0.51883,0.53351,0,127
GATA1,MLP-esm+theta,split3,all,496,0.46667,0.4383,0.49369,0,32
GATA1,MLP-esm+theta,split3,resolvable,40,0.48167,0.37667,0.58833,0,32
GATA1,MLP-esm+theta,split3,unresolvable,456,0.46535,0.43713,0.49342,0,32
GATA1,MLP-esm+theta,split3,resolvable_xfit,34,0.45588,0.35294,0.5625,0,32
GATA1,MLP-esm+theta,split3,unresolvable_xfit,462,0.4586,0.42938,0.48918,0,32
GATA1,MLP-esm+theta,split5,all,990,0.44599,0.42707,0.4666,0,45
GATA1,MLP-esm+theta,split5,resolvable,86,0.32636,0.24574,0.40314,0,45
GATA1,MLP-esm+theta,split5,unresolvable,904,0.45737,0.4365,0.47618,0,45
GATA1,MLP-esm+theta,split5,resolvable_xfit,93,0.34946,0.27419,0.42611,0,45
GATA1,MLP-esm+theta,split5,unresolvable_xfit,897,0.47324,0.45262,0.49429,0,45
GATA1,MLP-esm+theta,split6,all,1326,0.50845,0.49301,0.52494,0,52
GATA1,MLP-esm+theta,split6,resolvable,44,0.82576,0.73485,0.90152,0,52
GATA1,MLP-esm+theta,split6,unresolvable,1282,0.49756,0.48154,0.51389,0,52
GATA1,MLP-esm+theta,split6,resolvable_xfit,45,0.80833,0.72222,0.88333,0,52
GATA1,MLP-esm+theta,split6,unresolvable_xfit,1281,0.4958,0.47912,0.51298,0,52
GATA1,MLP-esm,split1,all,1326,0.47959,0.4637,0.49588,0,52
GATA1,MLP-esm,split1,resolvable,44,0.66061,0.56057,0.75455,0,52
GATA1,MLP-esm,split1,unresolvable,1282,0.47337,0.45757,0.48929,0,52
GATA1,MLP-esm,split1,resolvable_xfit,45,0.61389,0.51111,0.71389,0,52
GATA1,MLP-esm,split1,unresolvable_xfit,1281,0.45999,0.44281,0.47639,0,52
GATA1,MLP-esm,split2,all,8001,0.49957,0.49343,0.50608,0,127
GATA1,MLP-esm,split2,resolvable,346,0.51118,0.47784,0.54528,0,127
GATA1,MLP-esm,split2,unresolvable,7655,0.49905,0.49209,0.5054,0,127
GATA1,MLP-esm,split2,resolvable_xfit,340,0.50551,0.47021,0.54081,0,127
GATA1,MLP-esm,split2,unresolvable_xfit,7661,0.49156,0.48478,0.49825,0,127
GATA1,MLP-esm,split3,all,496,0.48091,0.45605,0.50618,0,32
GATA1,MLP-esm,split3,resolvable,40,0.285,0.195,0.385,0,32
GATA1,MLP-esm,split3,unresolvable,456,0.4981,0.47208,0.52529,0,32
GATA1,MLP-esm,split3,resolvable_xfit,34,0.20956,0.12858,0.30882,0,32
GATA1,MLP-esm,split3,unresolvable_xfit,462,0.49756,0.47104,0.52516,0,32
GATA1,MLP-esm,split5,all,990,0.51886,0.49892,0.53778,0,45
GATA1,MLP-esm,split5,resolvable,86,0.3969,0.32403,0.47132,0,45
GATA1,MLP-esm,split5,unresolvable,904,0.53046,0.5115,0.54868,0,45
GATA1,MLP-esm,split5,resolvable_xfit,93,0.43952,0.36828,0.51075,0,45
GATA1,MLP-esm,split5,unresolvable_xfit,897,0.52048,0.5,0.54028,0,45
GATA1,MLP-esm,split6,all,1326,0.47959,0.4641,0.49517,0,52
GATA1,MLP-esm,split6,resolvable,44,0.66061,0.56061,0.75303,0,52
GATA1,MLP-esm,split6,unresolvable,1282,0.47337,0.45793,0.48918,0,52
GATA1,MLP-esm,split6,resolvable_xfit,45,0.61389,0.51111,0.71667,0,52
GATA1,MLP-esm,split6,unresolvable_xfit,1281,0.45999,0.44272,0.47699,0,52
GATA1,MLP-theta,split1,all,1326,0.51212,0.49474,0.52831,0,52
GATA1,MLP-theta,split1,resolvable,44,0.80227,0.68407,0.90458,0,52
GATA1,MLP-theta,split1,unresolvable,1282,0.50216,0.48437,0.51864,0,52
GATA1,MLP-theta,split1,resolvable_xfit,45,0.78056,0.66944,0.88611,0,52
GATA1,MLP-theta,split1,unresolvable_xfit,1281,0.51064,0.49288,0.5284,0,52
GATA1,MLP-theta,split2,all,8001,0.54222,0.53509,0.54947,0,127
GATA1,MLP-theta,split2,resolvable,346,0.71599,0.67235,0.75656,0,127
GATA1,MLP-theta,split2,unresolvable,7655,0.53437,0.52704,0.54152,0,127
GATA1,MLP-theta,split2,resolvable_xfit,340,0.7375,0.69595,0.77831,0,127
GATA1,MLP-theta,split2,unresolvable_xfit,7661,0.5403,0.53297,0.54777,0,127
GATA1,MLP-theta,split3,all,496,0.49261,0.4633,0.52312,0,32
GATA1,MLP-theta,split3,resolvable,40,0.4425,0.29583,0.57671,0,32
GATA1,MLP-theta,split3,unresolvable,456,0.497,0.46652,0.52573,0,32
GATA1,MLP-theta,split3,resolvable_xfit,34,0.39706,0.25368,0.54779,0,32
GATA1,MLP-theta,split3,unresolvable_xfit,462,0.51677,0.48538,0.54763,0,32
GATA1,MLP-theta,split5,all,990,0.51158,0.49091,0.53195,0,45
GATA1,MLP-theta,split5,resolvable,86,0.55465,0.46899,0.63881,0,45
GATA1,MLP-theta,split5,unresolvable,904,0.50749,0.48709,0.52821,0,45
GATA1,MLP-theta,split5,resolvable_xfit,93,0.55376,0.47043,0.63844,0,45
GATA1,MLP-theta,split5,unresolvable_xfit,897,0.50975,0.48788,0.53052,0,45
GATA1,MLP-theta,split6,all,1326,0.51212,0.49527,0.52889,0,52
GATA1,MLP-theta,split6,resolvable,44,0.80227,0.68864,0.90835,0,52
GATA1,MLP-theta,split6,unresolvable,1282,0.50216,0.48598,0.51883,0,52
GATA1,MLP-theta,split6,resolvable_xfit,45,0.78056,0.66389,0.88333,0,52
GATA1,MLP-theta,split6,unresolvable_xfit,1281,0.51064,0.49355,0.52879,0,52
GATA1,PerturbNet,split1,all,1326,0.51116,0.49432,0.5277,0,52
GATA1,PerturbNet,split1,resolvable,44,0.72424,0.59996,0.84242,0,52
GATA1,PerturbNet,split1,unresolvable,1282,0.50385,0.48721,0.52075,0,52
GATA1,PerturbNet,split1,resolvable_xfit,45,0.71667,0.58889,0.83889,0,52
GATA1,PerturbNet,split1,unresolvable_xfit,1281,0.52137,0.50302,0.53903,0,52
GATA1,PerturbNet,split2,all,8001,0.54152,0.53462,0.54856,0,127
GATA1,PerturbNet,split2,resolvable,346,0.57264,0.52736,0.62005,0,127
GATA1,PerturbNet,split2,unresolvable,7655,0.54011,0.53301,0.54693,0,127
GATA1,PerturbNet,split2,resolvable_xfit,340,0.60404,0.55699,0.64927,0,127
GATA1,PerturbNet,split2,unresolvable_xfit,7661,0.53557,0.528,0.54301,0,127
GATA1,PerturbNet,split3,all,496,0.4918,0.4625,0.51828,0,32
GATA1,PerturbNet,split3,resolvable,40,0.665,0.52662,0.79504,0,32
GATA1,PerturbNet,split3,unresolvable,456,0.47661,0.44809,0.50424,0,32
GATA1,PerturbNet,split3,resolvable_xfit,34,0.72059,0.58088,0.86397,0,32
GATA1,PerturbNet,split3,unresolvable_xfit,462,0.45238,0.42018,0.48269,0,32
GATA1,PerturbNet,split5,all,990,0.44828,0.42936,0.46842,0,45
GATA1,PerturbNet,split5,resolvable,86,0.36899,0.28527,0.45659,0,45
GATA1,PerturbNet,split5,unresolvable,904,0.45583,0.43614,0.47486,0,45
GATA1,PerturbNet,split5,resolvable_xfit,93,0.36425,0.28629,0.44355,0,45
GATA1,PerturbNet,split5,unresolvable_xfit,897,0.46572,0.44454,0.48551,0,45
GATA1,PerturbNet,split6,all,1326,0.51116,0.49391,0.52876,0,52
GATA1,PerturbNet,split6,resolvable,44,0.72424,0.60152,0.84848,0,52
GATA1,PerturbNet,split6,unresolvable,1282,0.50385,0.48788,0.52007,0,52
GATA1,PerturbNet,split6,resolvable_xfit,45,0.71667,0.58611,0.83611,0,52
GATA1,PerturbNet,split6,unresolvable_xfit,1281,0.52137,0.5039,0.53874,0,52
GATA1,RF-esm+theta,split1,all,1326,0.52705,0.5101,0.54374,0,52
GATA1,RF-esm+theta,split1,resolvable,44,0.7803,0.65144,0.89242,0,52
GATA1,RF-esm+theta,split1,unresolvable,1282,0.51836,0.5013,0.5363,0,52
GATA1,RF-esm+theta,split1,resolvable_xfit,45,0.71944,0.58611,0.84722,0,52
GATA1,RF-esm+theta,split1,unresolvable_xfit,1281,0.53308,0.51502,0.55084,0,52
GATA1,RF-esm+theta,split2,all,8001,0.52428,0.51742,0.53143,0,127
GATA1,RF-esm+theta,split2,resolvable,346,0.65626,0.61039,0.70308,0,127
GATA1,RF-esm+theta,split2,unresolvable,7655,0.51832,0.51143,0.52544,0,127
GATA1,RF-esm+theta,split2,resolvable_xfit,340,0.65368,0.60331,0.70147,0,127
GATA1,RF-esm+theta,split2,unresolvable_xfit,7661,0.51645,0.50888,0.52421,0,127
GATA1,RF-esm+theta,split3,all,496,0.53548,0.50457,0.5664,0,32
GATA1,RF-esm+theta,split3,resolvable,40,0.64167,0.49667,0.78004,0,32
GATA1,RF-esm+theta,split3,unresolvable,456,0.52617,0.49576,0.5579,0,32
GATA1,RF-esm+theta,split3,resolvable_xfit,34,0.6875,0.53676,0.8273,0,32
GATA1,RF-esm+theta,split3,unresolvable_xfit,462,0.52922,0.49648,0.56196,0,32
GATA1,RF-esm+theta,split5,all,990,0.51778,0.49824,0.53697,0,45
GATA1,RF-esm+theta,split5,resolvable,86,0.63333,0.54651,0.7186,0,45
GATA1,RF-esm+theta,split5,unresolvable,904,0.50678,0.48621,0.52641,0,45
GATA1,RF-esm+theta,split5,resolvable_xfit,93,0.63441,0.5457,0.72177,0,45
GATA1,RF-esm+theta,split5,unresolvable_xfit,897,0.50334,0.48244,0.52439,0,45
GATA1,RF-esm+theta,split6,all,1326,0.52705,0.509,0.5447,0,52
GATA1,RF-esm+theta,split6,resolvable,44,0.7803,0.65303,0.89394,0,52
GATA1,RF-esm+theta,split6,unresolvable,1282,0.51836,0.50078,0.53692,0,52
GATA1,RF-esm+theta,split6,resolvable_xfit,45,0.71944,0.58611,0.84444,0,52
GATA1,RF-esm+theta,split6,unresolvable_xfit,1281,0.53308,0.51503,0.55064,0,52
GATA1,RF-esm,split1,all,1326,0.52076,0.50231,0.53751,0,52
GATA1,RF-esm,split1,resolvable,44,0.88485,0.78636,0.96515,0,52
GATA1,RF-esm,split1,unresolvable,1282,0.50827,0.48991,0.52543,0,52
GATA1,RF-esm,split1,resolvable_xfit,45,0.83333,0.71944,0.92785,0,52
GATA1,RF-esm,split1,unresolvable_xfit,1281,0.51669,0.49854,0.53386,0,52
GATA1,RF-esm,split2,all,8001,0.53128,0.52427,0.53823,0,127
GATA1,RF-esm,split2,resolvable,346,0.65645,0.61059,0.70385,0,127
GATA1,RF-esm,split2,unresolvable,7655,0.52563,0.51843,0.53288,0,127
GATA1,RF-esm,split2,resolvable_xfit,340,0.64522,0.59963,0.69375,0,127
GATA1,RF-esm,split2,unresolvable_xfit,7661,0.52144,0.51374,0.52926,0,127
GATA1,RF-esm,split3,all,496,0.53723,0.5055,0.56815,0,32
GATA1,RF-esm,split3,resolvable,40,0.75167,0.61662,0.87337,0,32
GATA1,RF-esm,split3,unresolvable,456,0.51842,0.48713,0.54957,0,32
GATA1,RF-esm,split3,resolvable_xfit,34,0.77574,0.62868,0.89338,0,32
GATA1,RF-esm,split3,unresolvable_xfit,462,0.52354,0.49351,0.55465,0,32
GATA1,RF-esm,split5,all,990,0.53872,0.51899,0.55906,0,45
GATA1,RF-esm,split5,resolvable,86,0.67752,0.5907,0.76202,0,45
GATA1,RF-esm,split5,unresolvable,904,0.52552,0.50501,0.54683,0,45
GATA1,RF-esm,split5,resolvable_xfit,93,0.63172,0.54301,0.71778,0,45
GATA1,RF-esm,split5,unresolvable_xfit,897,0.52885,0.50585,0.55115,0,45
GATA1,RF-esm,split6,all,1326,0.52076,0.50417,0.53726,0,52
GATA1,RF-esm,split6,resolvable,44,0.88485,0.78182,0.96519,0,52
GATA1,RF-esm,split6,unresolvable,1282,0.50827,0.49038,0.52548,0,52
GATA1,RF-esm,split6,resolvable_xfit,45,0.83333,0.725,0.92778,0,52
GATA1,RF-esm,split6,unresolvable_xfit,1281,0.51669,0.49971,0.53347,0,52
GATA1,RF-theta,split1,all,1326,0.5271,0.50985,0.54518,0,52
GATA1,RF-theta,split1,resolvable,44,0.78864,0.67424,0.89244,0,52
GATA1,RF-theta,split1,unresolvable,1282,0.51812,0.50114,0.53526,0,52
GATA1,RF-theta,split1,resolvable_xfit,45,0.75278,0.63333,0.86389,0,52
GATA1,RF-theta,split1,unresolvable_xfit,1281,0.52449,0.50751,0.54215,0,52
GATA1,RF-theta,split2,all,8001,0.53319,0.52617,0.54021,0,127
GATA1,RF-theta,split2,resolvable,346,0.52197,0.47495,0.57129,0,127
GATA1,RF-theta,split2,unresolvable,7655,0.53369,0.52648,0.54075,0,127
GATA1,RF-theta,split2,resolvable_xfit,340,0.52169,0.47389,0.57023,0,127
GATA1,RF-theta,split2,unresolvable_xfit,7661,0.53072,0.5232,0.5381,0,127
GATA1,RF-theta,split3,all,496,0.44462,0.41612,0.4742,0,32
GATA1,RF-theta,split3,resolvable,40,0.29417,0.17583,0.41417,0,32
GATA1,RF-theta,split3,unresolvable,456,0.45782,0.43033,0.48597,0,32
GATA1,RF-theta,split3,resolvable_xfit,34,0.23162,0.12132,0.36029,0,32
GATA1,RF-theta,split3,unresolvable_xfit,462,0.47863,0.44968,0.50678,0,32
GATA1,RF-theta,split5,all,990,0.43993,0.42017,0.45913,0,45
GATA1,RF-theta,split5,resolvable,86,0.37481,0.2938,0.45467,0,45
GATA1,RF-theta,split5,unresolvable,904,0.44613,0.42725,0.46641,0,45
GATA1,RF-theta,split5,resolvable_xfit,93,0.35484,0.27823,0.43552,0,45
GATA1,RF-theta,split5,unresolvable_xfit,897,0.4391,0.41764,0.45988,0,45
GATA1,RF-theta,split6,all,1326,0.5271,0.50917,0.54374,0,52
GATA1,RF-theta,split6,resolvable,44,0.78864,0.66742,0.89621,0,52
GATA1,RF-theta,split6,unresolvable,1282,0.51812,0.50065,0.53534,0,52
GATA1,RF-theta,split6,resolvable_xfit,45,0.75278,0.625,0.86389,0,52
GATA1,RF-theta,split6,unresolvable_xfit,1281,0.52449,0.50497,0.54186,0,52
GATA1,Ridge-esm+theta,split1,all,1326,0.49653,0.47888,0.51383,0,52
GATA1,Ridge-esm+theta,split1,resolvable,44,0.84091,0.72727,0.93333,0,52
GATA1,Ridge-esm+theta,split1,unresolvable,1282,0.48471,0.46755,0.50312,0,52
GATA1,Ridge-esm+theta,split1,resolvable_xfit,45,0.84444,0.73333,0.93896,0,52
GATA1,Ridge-esm+theta,split1,unresolvable_xfit,1281,0.51015,0.492,0.52781,0,52
GATA1,Ridge-esm+theta,split2,all,8001,0.54631,0.53946,0.5532,0,127
GATA1,Ridge-esm+theta,split2,resolvable,346,0.58208,0.53911,0.62525,0,127
GATA1,Ridge-esm+theta,split2,unresolvable,7655,0.54469,0.53739,0.55214,0,127
GATA1,Ridge-esm+theta,split2,resolvable_xfit,340,0.59485,0.54743,0.63897,0,127
GATA1,Ridge-esm+theta,split2,unresolvable_xfit,7661,0.54569,0.53816,0.55319,0,127
GATA1,Ridge-esm+theta,split3,all,496,0.50323,0.47245,0.53213,0,32
GATA1,Ridge-esm+theta,split3,resolvable,40,0.43167,0.30329,0.56837,0,32
GATA1,Ridge-esm+theta,split3,unresolvable,456,0.5095,0.47953,0.53889,0,32
GATA1,Ridge-esm+theta,split3,resolvable_xfit,34,0.41912,0.27574,0.5625,0,32
GATA1,Ridge-esm+theta,split3,unresolvable_xfit,462,0.51732,0.48782,0.54844,0,32
GATA1,Ridge-esm+theta,split5,all,990,0.50956,0.4897,0.53051,0,45
GATA1,Ridge-esm+theta,split5,resolvable,86,0.50155,0.4186,0.58527,0,45
GATA1,Ridge-esm+theta,split5,unresolvable,904,0.51032,0.49041,0.53068,0,45
GATA1,Ridge-esm+theta,split5,resolvable_xfit,93,0.52419,0.44355,0.60484,0,45
GATA1,Ridge-esm+theta,split5,unresolvable_xfit,897,0.51812,0.49707,0.53874,0,45
GATA1,Ridge-esm+theta,split6,all,1326,0.49653,0.47853,0.51448,0,52
GATA1,Ridge-esm+theta,split6,resolvable,44,0.84091,0.72723,0.93485,0,52
GATA1,Ridge-esm+theta,split6,unresolvable,1282,0.48471,0.46739,0.50161,0,52
GATA1,Ridge-esm+theta,split6,resolvable_xfit,45,0.84444,0.73333,0.93889,0,52
GATA1,Ridge-esm+theta,split6,unresolvable_xfit,1281,0.51015,0.4919,0.5285,0,52
GATA1,Ridge-esm,split1,all,1326,0.58281,0.56516,0.60071,0,52
GATA1,Ridge-esm,split1,resolvable,44,0.89091,0.79697,0.9697,0,52
GATA1,Ridge-esm,split1,unresolvable,1282,0.57223,0.55559,0.58918,0,52
GATA1,Ridge-esm,split1,resolvable_xfit,45,0.86667,0.76667,0.95,0,52
GATA1,Ridge-esm,split1,unresolvable_xfit,1281,0.59524,0.57777,0.6131,0,52
GATA1,Ridge-esm,split2,all,8001,0.57421,0.56684,0.58157,0,127
GATA1,Ridge-esm,split2,resolvable,346,0.83757,0.8025,0.87072,0,127
GATA1,Ridge-esm,split2,unresolvable,7655,0.56231,0.5549,0.56935,0,127
GATA1,Ridge-esm,split2,resolvable_xfit,340,0.83125,0.79558,0.86544,0,127
GATA1,Ridge-esm,split2,unresolvable_xfit,7661,0.56006,0.55268,0.5675,0,127
GATA1,Ridge-esm,split3,all,496,0.60699,0.57715,0.63468,0,32
GATA1,Ridge-esm,split3,resolvable,40,0.81667,0.70496,0.92171,0,32
GATA1,Ridge-esm,split3,unresolvable,456,0.5886,0.55818,0.6174,0,32
GATA1,Ridge-esm,split3,resolvable_xfit,34,0.875,0.77564,0.96324,0,32
GATA1,Ridge-esm,split3,unresolvable_xfit,462,0.5836,0.55303,0.61418,0,32
GATA1,Ridge-esm,split5,all,990,0.51077,0.49138,0.53145,0,45
GATA1,Ridge-esm,split5,resolvable,86,0.57829,0.49843,0.66202,0,45
GATA1,Ridge-esm,split5,unresolvable,904,0.50435,0.48465,0.52522,0,45
GATA1,Ridge-esm,split5,resolvable_xfit,93,0.55511,0.47581,0.63306,0,45
GATA1,Ridge-esm,split5,unresolvable_xfit,897,0.50669,0.48579,0.52634,0,45
GATA1,Ridge-esm,split6,all,1326,0.58281,0.56536,0.60111,0,52
GATA1,Ridge-esm,split6,resolvable,44,0.89091,0.79697,0.97273,0,52
GATA1,Ridge-esm,split6,unresolvable,1282,0.57223,0.55413,0.58866,0,52
GATA1,Ridge-esm,split6,resolvable_xfit,45,0.86667,0.77222,0.94722,0,52
GATA1,Ridge-esm,split6,unresolvable_xfit,1281,0.59524,0.57719,0.61241,0,52
GATA1,Ridge-theta,split1,all,1326,0.4811,0.46432,0.49877,0,52
GATA1,Ridge-theta,split1,resolvable,44,0.82348,0.71286,0.92277,0,52
GATA1,Ridge-theta,split1,unresolvable,1282,0.46934,0.45224,0.48645,0,52
GATA1,Ridge-theta,split1,resolvable_xfit,45,0.82778,0.71937,0.925,0,52
GATA1,Ridge-theta,split1,unresolvable_xfit,1281,0.488,0.4713,0.5043,0,52
GATA1,Ridge-theta,split2,all,8001,0.5315,0.52437,0.5387,0,127
GATA1,Ridge-theta,split2,resolvable,346,0.48333,0.43815,0.52929,0,127
GATA1,Ridge-theta,split2,unresolvable,7655,0.53368,0.52647,0.54098,0,127
GATA1,Ridge-theta,split2,resolvable_xfit,340,0.50331,0.45625,0.54926,0,127
GATA1,Ridge-theta,split2,unresolvable_xfit,7661,0.53312,0.52555,0.5403,0,127
GATA1,Ridge-theta,split3,all,496,0.45457,0.42668,0.48327,0,32
GATA1,Ridge-theta,split3,resolvable,40,0.28417,0.16915,0.39917,0,32
GATA1,Ridge-theta,split3,unresolvable,456,0.46952,0.44246,0.49788,0,32
GATA1,Ridge-theta,split3,resolvable_xfit,34,0.25,0.13603,0.37132,0,32
GATA1,Ridge-theta,split3,unresolvable_xfit,462,0.47808,0.44968,0.50785,0,32
GATA1,Ridge-theta,split5,all,990,0.4804,0.4603,0.50088,0,45
GATA1,Ridge-theta,split5,resolvable,86,0.40814,0.32868,0.48837,0,45
GATA1,Ridge-theta,split5,unresolvable,904,0.48728,0.46781,0.5076,0,45
GATA1,Ridge-theta,split5,resolvable_xfit,93,0.44355,0.36425,0.52016,0,45
GATA1,Ridge-theta,split5,unresolvable_xfit,897,0.49247,0.47213,0.51338,0,45
GATA1,Ridge-theta,split6,all,1326,0.4811,0.46473,0.49779,0,52
GATA1,Ridge-theta,split6,resolvable,44,0.82348,0.70756,0.92273,0,52
GATA1,Ridge-theta,split6,unresolvable,1282,0.46934,0.45239,0.48526,0,52
GATA1,Ridge-theta,split6,resolvable_xfit,45,0.82778,0.71944,0.91667,0,52
GATA1,Ridge-theta,split6,unresolvable_xfit,1281,0.488,0.47102,0.50449,0,52
GATA1,WT-null,split1,all,1326,0.5,0.5,0.5,0,52
GATA1,WT-null,split1,resolvable,44,0.5,0.5,0.5,0,52
GATA1,WT-null,split1,unresolvable,1282,0.5,0.5,0.5,0,52
GATA1,WT-null,split1,resolvable_xfit,45,0.5,0.5,0.5,0,52
GATA1,WT-null,split1,unresolvable_xfit,1281,0.5,0.5,0.5,0,52
GATA1,WT-null,split2,all,8001,0.5,0.5,0.5,0,127
GATA1,WT-null,split2,resolvable,346,0.5,0.5,0.5,0,127
GATA1,WT-null,split2,unresolvable,7655,0.5,0.5,0.5,0,127
GATA1,WT-null,split2,resolvable_xfit,340,0.5,0.5,0.5,0,127
GATA1,WT-null,split2,unresolvable_xfit,7661,0.5,0.5,0.5,0,127
GATA1,WT-null,split3,all,496,0.5,0.5,0.5,0,32
GATA1,WT-null,split3,resolvable,40,0.5,0.5,0.5,0,32
GATA1,WT-null,split3,unresolvable,456,0.5,0.5,0.5,0,32
GATA1,WT-null,split3,resolvable_xfit,34,0.5,0.5,0.5,0,32
GATA1,WT-null,split3,unresolvable_xfit,462,0.5,0.5,0.5,0,32
GATA1,WT-null,split5,all,990,0.5,0.5,0.5,0,45
GATA1,WT-null,split5,resolvable,86,0.5,0.5,0.5,0,45
GATA1,WT-null,split5,unresolvable,904,0.5,0.5,0.5,0,45
GATA1,WT-null,split5,resolvable_xfit,93,0.5,0.5,0.5,0,45
GATA1,WT-null,split5,unresolvable_xfit,897,0.5,0.5,0.5,0,45
GATA1,WT-null,split6,all,1326,0.5,0.5,0.5,0,52
GATA1,WT-null,split6,resolvable,44,0.5,0.5,0.5,0,52
GATA1,WT-null,split6,unresolvable,1282,0.5,0.5,0.5,0,52
GATA1,WT-null,split6,resolvable_xfit,45,0.5,0.5,0.5,0,52
GATA1,WT-null,split6,unresolvable_xfit,1281,0.5,0.5,0.5,0,52
GATA1,scGen,split1,all,1326,0.53298,0.51636,0.55003,0,52
GATA1,scGen,split1,resolvable,44,0.72576,0.59091,0.84091,0,52
GATA1,scGen,split1,unresolvable,1282,0.52637,0.50996,0.54382,0,52
GATA1,scGen,split1,resolvable_xfit,45,0.71667,0.58882,0.83611,0,52
GATA1,scGen,split1,unresolvable_xfit,1281,0.54928,0.53093,0.56792,0,52
GATA1,scGen,split2,all,8001,0.5522,0.54466,0.55949,0,127
GATA1,scGen,split2,resolvable,346,0.72341,0.67678,0.76524,0,127
GATA1,scGen,split2,unresolvable,7655,0.54446,0.53752,0.55163,0,127
GATA1,scGen,split2,resolvable_xfit,340,0.70882,0.66066,0.75441,0,127
GATA1,scGen,split2,unresolvable_xfit,7661,0.53893,0.53138,0.54655,0,127
GATA1,scGen,split3,all,496,0.46149,0.43279,0.49106,0,32
GATA1,scGen,split3,resolvable,40,0.53583,0.39667,0.68417,0,32
GATA1,scGen,split3,unresolvable,456,0.45497,0.42544,0.48524,0,32
GATA1,scGen,split3,resolvable_xfit,34,0.54044,0.38594,0.69494,0,32
GATA1,scGen,split3,unresolvable_xfit,462,0.46726,0.4364,0.49649,0,32
GATA1,scGen,split5,all,990,0.48061,0.46054,0.50088,0,45
GATA1,scGen,split5,resolvable,86,0.35388,0.26782,0.44187,0,45
GATA1,scGen,split5,unresolvable,904,0.49266,0.47219,0.51342,0,45
GATA1,scGen,split5,resolvable_xfit,93,0.34812,0.26747,0.42745,0,45
GATA1,scGen,split5,unresolvable_xfit,897,0.48997,0.46795,0.51157,0,45
GATA1,scGen,split6,all,1326,0.51438,0.49774,0.53087,0,52
GATA1,scGen,split6,resolvable,44,0.74848,0.62273,0.86216,0,52
GATA1,scGen,split6,unresolvable,1282,0.50634,0.48968,0.52254,0,52
GATA1,scGen,split6,resolvable_xfit,45,0.72778,0.6,0.84167,0,52
GATA1,scGen,split6,unresolvable_xfit,1281,0.53093,0.51376,0.54869,0,52
GATA1,scVIDR,split1,all,1326,0.54962,0.53142,0.56722,0,52
GATA1,scVIDR,split1,resolvable,44,0.7697,0.64542,0.88489,0,52
GATA1,scVIDR,split1,unresolvable,1282,0.54207,0.52444,0.55944,0,52
GATA1,scVIDR,split1,resolvable_xfit,45,0.73333,0.60278,0.85278,0,52
GATA1,scVIDR,split1,unresolvable_xfit,1281,0.54586,0.52791,0.56538,0,52
GATA1,scVIDR,split2,all,8001,0.54974,0.54247,0.55686,0,127
GATA1,scVIDR,split2,resolvable,346,0.86705,0.83333,0.90212,0,127
GATA1,scVIDR,split2,unresolvable,7655,0.5354,0.52813,0.54265,0,127
GATA1,scVIDR,split2,resolvable_xfit,340,0.86654,0.83125,0.9,0,127
GATA1,scVIDR,split2,unresolvable_xfit,7661,0.53833,0.52997,0.54608,0,127
GATA1,scVIDR,split3,all,496,0.49556,0.46438,0.52621,0,32
GATA1,scVIDR,split3,resolvable,40,0.705,0.555,0.84167,0,32
GATA1,scVIDR,split3,unresolvable,456,0.47719,0.44603,0.50906,0,32
GATA1,scVIDR,split3,resolvable_xfit,34,0.67647,0.51838,0.81259,0,32
GATA1,scVIDR,split3,unresolvable_xfit,462,0.49784,0.46644,0.53058,0,32
GATA1,scVIDR,split5,all,990,0.54101,0.52027,0.56189,0,45
GATA1,scVIDR,split5,resolvable,86,0.68527,0.60078,0.76901,0,45
GATA1,scVIDR,split5,unresolvable,904,0.52729,0.50612,0.54786,0,45
GATA1,scVIDR,split5,resolvable_xfit,93,0.70968,0.63034,0.78629,0,45
GATA1,scVIDR,split5,unresolvable_xfit,897,0.52244,0.50167,0.54418,0,45
GATA1,scVIDR,split6,all,1326,0.54188,0.52443,0.55988,0,52
GATA1,scVIDR,split6,resolvable,44,0.76364,0.64087,0.87727,0,52
GATA1,scVIDR,split6,unresolvable,1282,0.53427,0.51737,0.55195,0,52
GATA1,scVIDR,split6,resolvable_xfit,45,0.73056,0.60278,0.85278,0,52
GATA1,scVIDR,split6,unresolvable_xfit,1281,0.53601,0.51717,0.55484,0,52
JAK1,self-null (same variant),all,all,390,0.5,0.44872,0.55128,0,26
JAK1,self-null (WT-referenced),all,all,390,0.47949,0.43077,0.53077,0,26
JAK1,split-half measurement,all,all,325,0.99303,0.98728,0.99774,0,0
JAK1,split-half measurement,all,resolvable,255,1.0,1.0,1.0,0,0
JAK1,split-half measurement,all,unresolvable,70,0.96762,0.94095,0.98952,0,0
JAK1,split-half measurement,all,resolvable_xfit,253,1.0,1.0,1.0,0,0
JAK1,split-half measurement,all,unresolvable_xfit,72,0.97396,0.94965,0.99132,0,0
JAK1,Biolord,split1,all,36,0.66204,0.54067,0.77963,0,9
JAK1,Biolord,split1,resolvable,30,0.69778,0.55667,0.83114,0,9
JAK1,Biolord,split1,unresolvable,6,0.48333,0.28333,0.72222,0,9
JAK1,Biolord,split1,resolvable_xfit,30,0.6875,0.5375,0.825,0,9
JAK1,Biolord,split1,unresolvable_xfit,6,0.5,0.31198,0.72917,0,9
JAK1,Biolord,split2,all,78,0.69615,0.6017,0.78162,0,13
JAK1,Biolord,split2,resolvable,50,0.82067,0.71067,0.91467,0,13
JAK1,Biolord,split2,unresolvable,28,0.47381,0.33333,0.61905,0,13
JAK1,Biolord,split2,resolvable_xfit,50,0.815,0.7025,0.91,0,13
JAK1,Biolord,split2,unresolvable_xfit,28,0.48214,0.33036,0.62946,0,13
JAK1,Biolord,split3,all,190,0.47684,0.42035,0.53264,0,20
JAK1,Biolord,split3,resolvable,122,0.49617,0.42239,0.57022,0,20
JAK1,Biolord,split3,unresolvable,68,0.44216,0.35881,0.53287,0,20
JAK1,Biolord,split3,resolvable_xfit,120,0.51979,0.44583,0.59375,0,20
JAK1,Biolord,split3,unresolvable_xfit,70,0.42143,0.3375,0.51607,0,20
JAK1,Biolord,split5,all,136,0.74436,0.68308,0.8005,0,17
JAK1,Biolord,split5,resolvable,113,0.79705,0.74039,0.85369,0,17
JAK1,Biolord,split5,unresolvable,23,0.48551,0.35504,0.61453,0,17
JAK1,Biolord,split5,resolvable_xfit,112,0.8058,0.7433,0.86384,0,17
JAK1,Biolord,split5,unresolvable_xfit,24,0.53125,0.39062,0.67188,0,17
JAK1,CellFlow,split1,all,21,0.68571,0.52063,0.83492,0,7
JAK1,CellFlow,split1,resolvable,18,0.72222,0.54444,0.88519,0,7
JAK1,CellFlow,split1,unresolvable,3,0.46667,0.26667,0.73333,0,7
JAK1,CellFlow,split1,resolvable_xfit,18,0.75,0.5625,0.89583,0,7
JAK1,CellFlow,split1,unresolvable_xfit,3,0.58333,0.5,0.75,0,7
JAK1,CellFlow,split2,all,66,0.47374,0.38384,0.56566,0,12
JAK1,CellFlow,split2,resolvable,44,0.52879,0.40758,0.64852,0,12
JAK1,CellFlow,split2,unresolvable,22,0.36364,0.25758,0.47576,0,12
JAK1,CellFlow,split2,resolvable_xfit,44,0.52273,0.40057,0.64773,0,12
JAK1,CellFlow,split2,unresolvable_xfit,22,0.30114,0.19886,0.41491,0,12
JAK1,CellFlow,split5,all,91,0.54579,0.47033,0.61832,0,14
JAK1,CellFlow,split5,resolvable,76,0.55877,0.47632,0.63509,0,14
JAK1,CellFlow,split5,unresolvable,15,0.48,0.34667,0.60889,0,14
JAK1,CellFlow,split5,resolvable_xfit,75,0.53,0.44667,0.615,0,14
JAK1,CellFlow,split5,unresolvable_xfit,16,0.5,0.33594,0.67207,0,14
JAK1,GBoost-esm+theta,split1,all,21,0.34921,0.17143,0.53968,0,7
JAK1,GBoost-esm+theta,split1,resolvable,18,0.32593,0.12963,0.53704,0,7
JAK1,GBoost-esm+theta,split1,unresolvable,3,0.48889,0.0,0.93333,0,7
JAK1,GBoost-esm+theta,split1,resolvable_xfit,18,0.31944,0.13194,0.52083,0,7
JAK1,GBoost-esm+theta,split1,unresolvable_xfit,3,0.41667,0.0,0.875,0,7
JAK1,GBoost-esm+theta,split2,all,66,0.61111,0.50199,0.71518,0,12
JAK1,GBoost-esm+theta,split2,resolvable,44,0.63939,0.49242,0.77273,0,12
JAK1,GBoost-esm+theta,split2,unresolvable,22,0.55455,0.4,0.70909,0,12
JAK1,GBoost-esm+theta,split2,resolvable_xfit,44,0.6392,0.5,0.77273,0,12
JAK1,GBoost-esm+theta,split2,unresolvable_xfit,22,0.57386,0.41463,0.73295,0,12
JAK1,GBoost-esm+theta,split3,all,171,0.53606,0.47874,0.5922,0,19
JAK1,GBoost-esm+theta,split3,resolvable,115,0.47072,0.39941,0.54261,0,19
JAK1,GBoost-esm+theta,split3,unresolvable,56,0.67024,0.57973,0.75952,0,19
JAK1,GBoost-esm+theta,split3,resolvable_xfit,113,0.45907,0.38164,0.5365,0,19
JAK1,GBoost-esm+theta,split3,unresolvable_xfit,58,0.66379,0.56681,0.75436,0,19
JAK1,GBoost-esm+theta,split5,all,91,0.52821,0.43956,0.61245,0,14
JAK1,GBoost-esm+theta,split5,resolvable,76,0.51053,0.40789,0.61228,0,14
JAK1,GBoost-esm+theta,split5,unresolvable,15,0.61778,0.41778,0.8,0,14
JAK1,GBoost-esm+theta,split5,resolvable_xfit,75,0.505,0.405,0.605,0,14
JAK1,GBoost-esm+theta,split5,unresolvable_xfit,16,0.61719,0.4375,0.78906,0,14
JAK1,GBoost-esm,split1,all,21,0.35556,0.17778,0.53333,0,7
JAK1,GBoost-esm,split1,resolvable,18,0.33333,0.15185,0.52593,0,7
JAK1,GBoost-esm,split1,unresolvable,3,0.48889,0.0,0.93333,0,7
JAK1,GBoost-esm,split1,resolvable_xfit,18,0.3125,0.13194,0.51406,0,7
JAK1,GBoost-esm,split1,unresolvable_xfit,3,0.41667,0.0,0.875,0,7
JAK1,GBoost-esm,split2,all,66,0.55354,0.44846,0.66061,0,12
JAK1,GBoost-esm,split2,resolvable,44,0.57121,0.43182,0.70758,0,12
JAK1,GBoost-esm,split2,unresolvable,22,0.51818,0.34242,0.69091,0,12
JAK1,GBoost-esm,split2,resolvable_xfit,44,0.55398,0.40909,0.69602,0,12
JAK1,GBoost-esm,split2,unresolvable_xfit,22,0.52841,0.34659,0.71023,0,12
JAK1,GBoost-esm,split3,all,171,0.53918,0.47913,0.59884,0,19
JAK1,GBoost-esm,split3,resolvable,115,0.46667,0.39767,0.53625,0,19
JAK1,GBoost-esm,split3,unresolvable,56,0.6881,0.5881,0.77976,0,19
JAK1,GBoost-esm,split3,resolvable_xfit,113,0.45686,0.38274,0.53319,0,19
JAK1,GBoost-esm,split3,unresolvable_xfit,58,0.69181,0.59903,0.78448,0,19
JAK1,GBoost-esm,split5,all,91,0.4381,0.35086,0.52308,0,14
JAK1,GBoost-esm,split5,resolvable,76,0.42807,0.32717,0.52985,0,14
JAK1,GBoost-esm,split5,unresolvable,15,0.48889,0.30667,0.67111,0,14
JAK1,GBoost-esm,split5,resolvable_xfit,75,0.41,0.30829,0.52337,0,14
JAK1,GBoost-esm,split5,unresolvable_xfit,16,0.53906,0.35938,0.71875,0,14
JAK1,GBoost-theta,split1,all,36,0.64907,0.54537,0.75463,0,9
JAK1,GBoost-theta,split1,resolvable,30,0.62889,0.50664,0.75111,0,9
JAK1,GBoost-theta,split1,unresolvable,6,0.75,0.58333,0.91667,0,9
JAK1,GBoost-theta,split1,resolvable_xfit,30,0.6625,0.54583,0.775,0,9
JAK1,GBoost-theta,split1,unresolvable_xfit,6,0.75,0.58333,0.91667,0,9
JAK1,GBoost-theta,split2,all,78,0.56709,0.46838,0.66198,0,13
JAK1,GBoost-theta,split2,resolvable,50,0.562,0.42933,0.69135,0,13
JAK1,GBoost-theta,split2,unresolvable,28,0.57619,0.42262,0.7286,0,13
JAK1,GBoost-theta,split2,resolvable_xfit,50,0.565,0.4325,0.695,0,13
JAK1,GBoost-theta,split2,unresolvable_xfit,28,0.58482,0.43304,0.73214,0,13
JAK1,GBoost-theta,split3,all,190,0.55263,0.49947,0.6079,0,20
JAK1,GBoost-theta,split3,resolvable,122,0.50191,0.43934,0.56503,0,20
JAK1,GBoost-theta,split3,unresolvable,68,0.64363,0.55683,0.72696,0,20
JAK1,GBoost-theta,split3,resolvable_xfit,120,0.48854,0.42185,0.55833,0,20
JAK1,GBoost-theta,split3,unresolvable_xfit,70,0.62679,0.5375,0.7125,0,20
JAK1,GBoost-theta,split5,all,136,0.55392,0.49043,0.62059,0,17
JAK1,GBoost-theta,split5,resolvable,113,0.56755,0.49468,0.63836,0,17
JAK1,GBoost-theta,split5,unresolvable,23,0.48696,0.35652,0.62754,0,17
JAK1,GBoost-theta,split5,resolvable_xfit,112,0.5625,0.49442,0.63504,0,17
JAK1,GBoost-theta,split5,unresolvable_xfit,24,0.51562,0.36979,0.65625,0,17
JAK1,Gene-mean,split1,all,36,0.5,0.5,0.5,0,9
JAK1,Gene-mean,split1,resolvable,30,0.5,0.5,0.5,0,9
JAK1,Gene-mean,split1,unresolvable,6,0.5,0.5,0.5,0,9
JAK1,Gene-mean,split1,resolvable_xfit,30,0.5,0.5,0.5,0,9
JAK1,Gene-mean,split1,unresolvable_xfit,6,0.5,0.5,0.5,0,9
JAK1,Gene-mean,split2,all,78,0.5,0.5,0.5,0,13
JAK1,Gene-mean,split2,resolvable,50,0.5,0.5,0.5,0,13
JAK1,Gene-mean,split2,unresolvable,28,0.5,0.5,0.5,0,13
JAK1,Gene-mean,split2,resolvable_xfit,50,0.5,0.5,0.5,0,13
JAK1,Gene-mean,split2,unresolvable_xfit,28,0.5,0.5,0.5,0,13
JAK1,Gene-mean,split3,all,190,0.5,0.5,0.5,0,20
JAK1,Gene-mean,split3,resolvable,122,0.5,0.5,0.5,0,20
JAK1,Gene-mean,split3,unresolvable,68,0.5,0.5,0.5,0,20
JAK1,Gene-mean,split3,resolvable_xfit,120,0.5,0.5,0.5,0,20
JAK1,Gene-mean,split3,unresolvable_xfit,70,0.5,0.5,0.5,0,20
JAK1,Gene-mean,split5,all,136,0.5,0.5,0.5,0,17
JAK1,Gene-mean,split5,resolvable,113,0.5,0.5,0.5,0,17
JAK1,Gene-mean,split5,unresolvable,23,0.5,0.5,0.5,0,17
JAK1,Gene-mean,split5,resolvable_xfit,112,0.5,0.5,0.5,0,17
JAK1,Gene-mean,split5,unresolvable_xfit,24,0.5,0.5,0.5,0,17
JAK1,KNN-esm+theta,split1,all,21,0.57778,0.40635,0.73179,0,7
JAK1,KNN-esm+theta,split1,resolvable,18,0.54259,0.35366,0.72782,0,7
JAK1,KNN-esm+theta,split1,unresolvable,3,0.78889,0.5,1.0,0,7
JAK1,KNN-esm+theta,split1,resolvable_xfit,18,0.5625,0.36806,0.74306,0,7
JAK1,KNN-esm+theta,split1,unresolvable_xfit,3,0.83333,0.5,1.0,0,7
JAK1,KNN-esm+theta,split2,all,66,0.71919,0.62423,0.80909,0,12
JAK1,KNN-esm+theta,split2,resolvable,44,0.72955,0.61438,0.83638,0,12
JAK1,KNN-esm+theta,split2,unresolvable,22,0.69848,0.55,0.83337,0,12
JAK1,KNN-esm+theta,split2,resolvable_xfit,44,0.7358,0.61648,0.84659,0,12
JAK1,KNN-esm+theta,split2,unresolvable_xfit,22,0.72159,0.56818,0.85795,0,12
JAK1,KNN-esm+theta,split3,all,171,0.42982,0.38265,0.47837,0,19
JAK1,KNN-esm+theta,split3,resolvable,115,0.49942,0.44115,0.55537,0,19
JAK1,KNN-esm+theta,split3,unresolvable,56,0.2869,0.20891,0.3744,0,19
JAK1,KNN-esm+theta,split3,resolvable_xfit,113,0.49668,0.43584,0.55755,0,19
JAK1,KNN-esm+theta,split3,unresolvable_xfit,58,0.25539,0.18534,0.32759,0,19
JAK1,KNN-esm+theta,split5,all,91,0.52894,0.44542,0.6187,0,14
JAK1,KNN-esm+theta,split5,resolvable,76,0.55395,0.45832,0.65352,0,14
JAK1,KNN-esm+theta,split5,unresolvable,15,0.40222,0.24661,0.56672,0,14
JAK1,KNN-esm+theta,split5,resolvable_xfit,75,0.57667,0.47833,0.67,0,14
JAK1,KNN-esm+theta,split5,unresolvable_xfit,16,0.35938,0.20312,0.53125,0,14
JAK1,KNN-esm,split1,all,21,0.49048,0.3254,0.65714,0,7
JAK1,KNN-esm,split1,resolvable,18,0.5463,0.37963,0.71296,0,7
JAK1,KNN-esm,split1,unresolvable,3,0.15556,0.0,0.46667,0,7
JAK1,KNN-esm,split1,resolvable_xfit,18,0.54167,0.375,0.70833,0,7
JAK1,KNN-esm,split1,unresolvable_xfit,3,0.20833,0.0,0.625,0,7
JAK1,KNN-esm,split2,all,66,0.5,0.5,0.5,0,12
JAK1,KNN-esm,split2,resolvable,44,0.5,0.5,0.5,0,12
JAK1,KNN-esm,split2,unresolvable,22,0.5,0.5,0.5,0,12
JAK1,KNN-esm,split2,resolvable_xfit,44,0.5,0.5,0.5,0,12
JAK1,KNN-esm,split2,unresolvable_xfit,22,0.5,0.5,0.5,0,12
JAK1,KNN-esm,split3,all,171,0.52554,0.47601,0.57232,0,19
JAK1,KNN-esm,split3,resolvable,115,0.48783,0.42694,0.54754,0,19
JAK1,KNN-esm,split3,unresolvable,56,0.60298,0.52857,0.67917,0,19
JAK1,KNN-esm,split3,resolvable_xfit,113,0.48562,0.42035,0.54981,0,19
JAK1,KNN-esm,split3,unresolvable_xfit,58,0.57543,0.49353,0.65302,0,19
JAK1,KNN-esm,split5,all,91,0.52418,0.44396,0.60477,0,14
JAK1,KNN-esm,split5,resolvable,76,0.5693,0.47193,0.65879,0,14
JAK1,KNN-esm,split5,unresolvable,15,0.29556,0.14217,0.45556,0,14
JAK1,KNN-esm,split5,resolvable_xfit,75,0.58,0.48833,0.67167,0,14
JAK1,KNN-esm,split5,unresolvable_xfit,16,0.25,0.10938,0.41406,0,14
JAK1,KNN-theta,split1,all,36,0.54537,0.43424,0.66481,0,9
JAK1,KNN-theta,split1,resolvable,30,0.50667,0.37772,0.64225,0,9
JAK1,KNN-theta,split1,unresolvable,6,0.73889,0.57222,0.90556,0,9
JAK1,KNN-theta,split1,resolvable_xfit,30,0.54583,0.40833,0.67917,0,9
JAK1,KNN-theta,split1,unresolvable_xfit,6,0.75,0.58333,0.91667,0,9
JAK1,KNN-theta,split2,all,78,0.53974,0.44615,0.62779,0,13
JAK1,KNN-theta,split2,resolvable,50,0.47333,0.35932,0.58868,0,13
JAK1,KNN-theta,split2,unresolvable,28,0.65833,0.53687,0.77738,0,13
JAK1,KNN-theta,split2,resolvable_xfit,50,0.47,0.3575,0.5875,0,13
JAK1,KNN-theta,split2,unresolvable_xfit,28,0.66964,0.54007,0.79018,0,13
JAK1,KNN-theta,split3,all,190,0.46526,0.41455,0.51544,0,20
JAK1,KNN-theta,split3,resolvable,122,0.4653,0.40272,0.53061,0,20
JAK1,KNN-theta,split3,unresolvable,68,0.4652,0.37988,0.55001,0,20
JAK1,KNN-theta,split3,resolvable_xfit,120,0.44375,0.37917,0.50625,0,20
JAK1,KNN-theta,split3,unresolvable_xfit,70,0.41429,0.33214,0.49464,0,20
JAK1,KNN-theta,split5,all,136,0.63897,0.57892,0.70025,0,17
JAK1,KNN-theta,split5,resolvable,113,0.67817,0.61209,0.74014,0,17
JAK1,KNN-theta,split5,unresolvable,23,0.44638,0.29851,0.60004,0,17
JAK1,KNN-theta,split5,resolvable_xfit,112,0.68192,0.61496,0.74665,0,17
JAK1,KNN-theta,split5,unresolvable_xfit,24,0.50521,0.34896,0.65625,0,17
JAK1,Lasso-esm+theta,split1,all,21,0.66667,0.48571,0.82857,0,7
JAK1,Lasso-esm+theta,split1,resolvable,18,0.61481,0.40361,0.8037,0,7
JAK1,Lasso-esm+theta,split1,unresolvable,3,0.97778,0.93333,1.0,0,7
JAK1,Lasso-esm+theta,split1,resolvable_xfit,18,0.64583,0.4375,0.83351,0,7
JAK1,Lasso-esm+theta,split1,unresolvable_xfit,3,1.0,1.0,1.0,0,7
JAK1,Lasso-esm+theta,split2,all,66,0.59293,0.47876,0.70207,0,12
JAK1,Lasso-esm+theta,split2,resolvable,44,0.57121,0.43182,0.71367,0,12
JAK1,Lasso-esm+theta,split2,unresolvable,22,0.63636,0.43939,0.81212,0,12
JAK1,Lasso-esm+theta,split2,resolvable_xfit,44,0.57386,0.4375,0.71882,0,12
JAK1,Lasso-esm+theta,split2,unresolvable_xfit,22,0.64205,0.44886,0.8125,0,12
JAK1,Lasso-esm+theta,split3,all,171,0.33801,0.28285,0.39338,0,19
JAK1,Lasso-esm+theta,split3,resolvable,115,0.35333,0.28551,0.42378,0,19
JAK1,Lasso-esm+theta,split3,unresolvable,56,0.30655,0.21845,0.39881,0,19
JAK1,Lasso-esm+theta,split3,resolvable_xfit,113,0.35951,0.29204,0.42702,0,19
JAK1,Lasso-esm+theta,split3,unresolvable_xfit,58,0.31034,0.21552,0.40948,0,19
JAK1,Lasso-esm+theta,split5,all,91,0.58388,0.49302,0.67181,0,14
JAK1,Lasso-esm+theta,split5,resolvable,76,0.62719,0.52805,0.72546,0,14
JAK1,Lasso-esm+theta,split5,unresolvable,15,0.36444,0.18667,0.53778,0,14
JAK1,Lasso-esm+theta,split5,resolvable_xfit,75,0.63833,0.535,0.73667,0,14
JAK1,Lasso-esm+theta,split5,unresolvable_xfit,16,0.38281,0.22637,0.55469,0,14
JAK1,Lasso-esm,split1,all,21,0.59365,0.40952,0.76508,0,7
JAK1,Lasso-esm,split1,resolvable,18,0.58519,0.38519,0.76667,0,7
JAK1,Lasso-esm,split1,unresolvable,3,0.64444,0.26667,0.86667,0,7
JAK1,Lasso-esm,split1,resolvable_xfit,18,0.58333,0.39583,0.78472,0,7
JAK1,Lasso-esm,split1,unresolvable_xfit,3,0.625,0.375,0.75,0,7
JAK1,Lasso-esm,split2,all,66,0.56566,0.45253,0.67172,0,12
JAK1,Lasso-esm,split2,resolvable,44,0.61061,0.4697,0.74091,0,12
JAK1,Lasso-esm,split2,unresolvable,22,0.47576,0.30303,0.64848,0,12
JAK1,Lasso-esm,split2,resolvable_xfit,44,0.60511,0.46591,0.74148,0,12
JAK1,Lasso-esm,split2,unresolvable_xfit,22,0.47727,0.30682,0.65355,0,12
JAK1,Lasso-esm,split3,all,171,0.51969,0.46004,0.57739,0,19
JAK1,Lasso-esm,split3,resolvable,115,0.50261,0.43303,0.57043,0,19
JAK1,Lasso-esm,split3,unresolvable,56,0.55476,0.4583,0.64765,0,19
JAK1,Lasso-esm,split3,resolvable_xfit,113,0.5,0.42478,0.57528,0,19
JAK1,Lasso-esm,split3,unresolvable_xfit,58,0.54741,0.44397,0.64871,0,19
JAK1,Lasso-esm,split5,all,91,0.60659,0.52086,0.68864,0,14
JAK1,Lasso-esm,split5,resolvable,76,0.58421,0.48684,0.67721,0,14
JAK1,Lasso-esm,split5,unresolvable,15,0.72,0.55111,0.86678,0,14
JAK1,Lasso-esm,split5,resolvable_xfit,75,0.575,0.47333,0.67,0,14
JAK1,Lasso-esm,split5,unresolvable_xfit,16,0.67969,0.51562,0.83594,0,14
JAK1,Lasso-theta,split1,all,36,0.61204,0.5009,0.73056,0,9
JAK1,Lasso-theta,split1,resolvable,30,0.58667,0.45775,0.71225,0,9
JAK1,Lasso-theta,split1,unresolvable,6,0.73889,0.57222,0.91667,0,9
JAK1,Lasso-theta,split1,resolvable_xfit,30,0.60417,0.46656,0.7375,0,9
JAK1,Lasso-theta,split1,unresolvable_xfit,6,0.72917,0.5625,0.91667,0,9
JAK1,Lasso-theta,split2,all,78,0.54957,0.45297,0.64531,0,13
JAK1,Lasso-theta,split2,resolvable,50,0.56,0.42663,0.686,0,13
JAK1,Lasso-theta,split2,unresolvable,28,0.53095,0.37259,0.6917,0,13
JAK1,Lasso-theta,split2,resolvable_xfit,50,0.5675,0.435,0.6925,0,13
JAK1,Lasso-theta,split2,unresolvable_xfit,28,0.54018,0.38828,0.70089,0,13
JAK1,Lasso-theta,split3,all,190,0.45351,0.3956,0.51,0,20
JAK1,Lasso-theta,split3,resolvable,122,0.40628,0.33852,0.47598,0,20
JAK1,Lasso-theta,split3,unresolvable,68,0.53824,0.44656,0.62892,0,20
JAK1,Lasso-theta,split3,resolvable_xfit,120,0.42188,0.34583,0.49482,0,20
JAK1,Lasso-theta,split3,unresolvable_xfit,70,0.525,0.42853,0.61612,0,20
JAK1,Lasso-theta,split5,all,136,0.59534,0.53161,0.66447,0,17
JAK1,Lasso-theta,split5,resolvable,113,0.64425,0.56784,0.71417,0,17
JAK1,Lasso-theta,split5,unresolvable,23,0.35507,0.23764,0.4913,0,17
JAK1,Lasso-theta,split5,resolvable_xfit,112,0.64732,0.57366,0.72098,0,17
JAK1,Lasso-theta,split5,unresolvable_xfit,24,0.38542,0.25521,0.52604,0,17
JAK1,MLP-esm+theta,split1,all,21,0.58095,0.40944,0.75881,0,7
JAK1,MLP-esm+theta,split1,resolvable,18,0.61481,0.4037,0.81481,0,7
JAK1,MLP-esm+theta,split1,unresolvable,3,0.37778,0.13333,0.6,0,7
JAK1,MLP-esm+theta,split1,resolvable_xfit,18,0.61111,0.40972,0.8125,0,7
JAK1,MLP-esm+theta,split1,unresolvable_xfit,3,0.45833,0.25,0.75,0,7
JAK1,MLP-esm+theta,split2,all,66,0.55051,0.44136,0.65657,0,12
JAK1,MLP-esm+theta,split2,resolvable,44,0.54091,0.39845,0.67273,0,12
JAK1,MLP-esm+theta,split2,unresolvable,22,0.5697,0.39091,0.73939,0,12
JAK1,MLP-esm+theta,split2,resolvable_xfit,44,0.54545,0.4005,0.6875,0,12
JAK1,MLP-esm+theta,split2,unresolvable_xfit,22,0.5625,0.38068,0.73864,0,12
JAK1,MLP-esm+theta,split3,all,171,0.37505,0.32279,0.42885,0,19
JAK1,MLP-esm+theta,split3,resolvable,115,0.33565,0.27477,0.3977,0,19
JAK1,MLP-esm+theta,split3,unresolvable,56,0.45595,0.35833,0.55833,0,19
JAK1,MLP-esm+theta,split3,resolvable_xfit,113,0.32965,0.26106,0.39934,0,19
JAK1,MLP-esm+theta,split3,unresolvable_xfit,58,0.40517,0.30603,0.5,0,19
JAK1,MLP-esm+theta,split5,all,91,0.56044,0.47033,0.64764,0,14
JAK1,MLP-esm+theta,split5,resolvable,76,0.58509,0.49298,0.68072,0,14
JAK1,MLP-esm+theta,split5,unresolvable,15,0.43556,0.25778,0.61333,0,14
JAK1,MLP-esm+theta,split5,resolvable_xfit,75,0.59667,0.49167,0.69333,0,14
JAK1,MLP-esm+theta,split5,unresolvable_xfit,16,0.5,0.3123,0.67207,0,14
JAK1,MLP-esm,split1,all,21,0.37143,0.19048,0.54921,0,7
JAK1,MLP-esm,split1,resolvable,18,0.4,0.2,0.6038,0,7
JAK1,MLP-esm,split1,unresolvable,3,0.2,0.0,0.46667,0,7
JAK1,MLP-esm,split1,resolvable_xfit,18,0.375,0.18056,0.59028,0,7
JAK1,MLP-esm,split1,unresolvable_xfit,3,0.29167,0.0,0.625,0,7
JAK1,MLP-esm,split2,all,66,0.68384,0.58283,0.78182,0,12
JAK1,MLP-esm,split2,resolvable,44,0.84091,0.73333,0.93485,0,12
JAK1,MLP-esm,split2,unresolvable,22,0.3697,0.23333,0.51515,0,12
JAK1,MLP-esm,split2,resolvable_xfit,44,0.83523,0.73004,0.92614,0,12
JAK1,MLP-esm,split2,unresolvable_xfit,22,0.3125,0.19318,0.44318,0,12
JAK1,MLP-esm,split3,all,171,0.52203,0.46783,0.58012,0,19
JAK1,MLP-esm,split3,resolvable,115,0.52348,0.45332,0.59246,0,19
JAK1,MLP-esm,split3,unresolvable,56,0.51905,0.42857,0.60833,0,19
JAK1,MLP-esm,split3,resolvable_xfit,113,0.51438,0.43916,0.59184,0,19
JAK1,MLP-esm,split3,unresolvable_xfit,58,0.53233,0.4375,0.6229,0,19
JAK1,MLP-esm,split5,all,91,0.4652,0.39119,0.54066,0,14
JAK1,MLP-esm,split5,resolvable,76,0.46404,0.38333,0.55002,0,14
JAK1,MLP-esm,split5,unresolvable,15,0.47111,0.32444,0.60444,0,14
JAK1,MLP-esm,split5,resolvable_xfit,75,0.46667,0.37667,0.55004,0,14
JAK1,MLP-esm,split5,unresolvable_xfit,16,0.50781,0.32812,0.6875,0,14
JAK1,MLP-theta,split1,all,36,0.55278,0.44167,0.66481,0,9
JAK1,MLP-theta,split1,resolvable,30,0.51556,0.39111,0.64669,0,9
JAK1,MLP-theta,split1,unresolvable,6,0.73889,0.57222,0.90556,0,9
JAK1,MLP-theta,split1,resolvable_xfit,30,0.5375,0.40833,0.6625,0,9
JAK1,MLP-theta,split1,unresolvable_xfit,6,0.72917,0.5625,0.91667,0,9
JAK1,MLP-theta,split2,all,78,0.59701,0.50042,0.68806,0,13
JAK1,MLP-theta,split2,resolvable,50,0.606,0.47865,0.73,0,13
JAK1,MLP-theta,split2,unresolvable,28,0.58095,0.43095,0.72857,0,13
JAK1,MLP-theta,split2,resolvable_xfit,50,0.615,0.485,0.7375,0,13
JAK1,MLP-theta,split2,unresolvable_xfit,28,0.60714,0.45536,0.75,0,13
JAK1,MLP-theta,split3,all,190,0.42789,0.377,0.47579,0,20
JAK1,MLP-theta,split3,resolvable,122,0.37295,0.31585,0.43307,0,20
JAK1,MLP-theta,split3,unresolvable,68,0.52647,0.44461,0.60588,0,20
JAK1,MLP-theta,split3,resolvable_xfit,120,0.36771,0.30417,0.43023,0,20
JAK1,MLP-theta,split3,unresolvable_xfit,70,0.4875,0.41071,0.56786,0,20
JAK1,MLP-theta,split5,all,136,0.65613,0.59533,0.7179,0,17
JAK1,MLP-theta,split5,resolvable,113,0.68437,0.61592,0.75459,0,17
JAK1,MLP-theta,split5,unresolvable,23,0.51739,0.37239,0.6638,0,17
JAK1,MLP-theta,split5,resolvable_xfit,112,0.70312,0.63616,0.76786,0,17
JAK1,MLP-theta,split5,unresolvable_xfit,24,0.51042,0.36979,0.66146,0,17
JAK1,PerturbNet,split1,all,21,0.60635,0.41905,0.7873,0,7
JAK1,PerturbNet,split1,resolvable,18,0.63333,0.42222,0.83333,0,7
JAK1,PerturbNet,split1,unresolvable,3,0.44444,0.06667,0.8,0,7
JAK1,PerturbNet,split1,resolvable_xfit,18,0.625,0.40278,0.83333,0,7
JAK1,PerturbNet,split1,unresolvable_xfit,3,0.41667,0.125,0.75,0,7
JAK1,PerturbNet,split2,all,66,0.57576,0.47672,0.67581,0,12
JAK1,PerturbNet,split2,resolvable,44,0.62727,0.49697,0.75303,0,12
JAK1,PerturbNet,split2,unresolvable,22,0.47273,0.33939,0.62121,0,12
JAK1,PerturbNet,split2,resolvable_xfit,44,0.62216,0.48864,0.74716,0,12
JAK1,PerturbNet,split2,unresolvable_xfit,22,0.50568,0.38068,0.64205,0,12
JAK1,PerturbNet,split5,all,91,0.35018,0.27544,0.42786,0,14
JAK1,PerturbNet,split5,resolvable,76,0.35175,0.26579,0.44825,0,14
JAK1,PerturbNet,split5,unresolvable,15,0.34222,0.18222,0.50233,0,14
JAK1,PerturbNet,split5,resolvable_xfit,75,0.33833,0.25,0.425,0,14
JAK1,PerturbNet,split5,unresolvable_xfit,16,0.4375,0.23438,0.64062,0,14
JAK1,RF-esm+theta,split1,all,21,0.66032,0.46984,0.8381,0,7
JAK1,RF-esm+theta,split1,resolvable,18,0.71852,0.50741,0.88889,0,7
JAK1,RF-esm+theta,split1,unresolvable,3,0.31111,0.0,0.66667,0,7
JAK1,RF-esm+theta,split1,resolvable_xfit,18,0.71528,0.49306,0.88889,0,7
JAK1,RF-esm+theta,split1,unresolvable_xfit,3,0.29167,0.0,0.75,0,7
JAK1,RF-esm+theta,split2,all,66,0.55,0.47323,0.6303,0,12
JAK1,RF-esm+theta,split2,resolvable,44,0.6,0.51212,0.69017,0,12
JAK1,RF-esm+theta,split2,unresolvable,22,0.45,0.29996,0.60303,0,12
JAK1,RF-esm+theta,split2,resolvable_xfit,44,0.59375,0.50852,0.67898,0,12
JAK1,RF-esm+theta,split2,unresolvable_xfit,22,0.42614,0.27841,0.58523,0,12
JAK1,RF-esm+theta,split3,all,171,0.58441,0.52554,0.64289,0,19
JAK1,RF-esm+theta,split3,resolvable,115,0.50609,0.43768,0.57683,0,19
JAK1,RF-esm+theta,split3,unresolvable,56,0.74524,0.65354,0.82976,0,19
JAK1,RF-esm+theta,split3,resolvable_xfit,113,0.50996,0.43916,0.58296,0,19
JAK1,RF-esm+theta,split3,unresolvable_xfit,58,0.72414,0.62716,0.81681,0,19
JAK1,RF-esm+theta,split5,all,91,0.51502,0.42637,0.60952,0,14
JAK1,RF-esm+theta,split5,resolvable,76,0.53509,0.42982,0.63947,0,14
JAK1,RF-esm+theta,split5,unresolvable,15,0.41333,0.24444,0.59111,0,14
JAK1,RF-esm+theta,split5,resolvable_xfit,75,0.52333,0.42,0.63,0,14
JAK1,RF-esm+theta,split5,unresolvable_xfit,16,0.5,0.30469,0.6875,0,14
JAK1,RF-esm,split1,all,21,0.61587,0.44437,0.78413,0,7
JAK1,RF-esm,split1,resolvable,18,0.67037,0.47028,0.85185,0,7
JAK1,RF-esm,split1,unresolvable,3,0.28889,0.0,0.66667,0,7
JAK1,RF-esm,split1,resolvable_xfit,18,0.66667,0.45833,0.85417,0,7
JAK1,RF-esm,split1,unresolvable_xfit,3,0.25,0.0,0.75,0,7
JAK1,RF-esm,split2,all,66,0.53535,0.42677,0.64143,0,12
JAK1,RF-esm,split2,resolvable,44,0.55758,0.41816,0.6932,0,12
JAK1,RF-esm,split2,unresolvable,22,0.49091,0.31208,0.65909,0,12
JAK1,RF-esm,split2,resolvable_xfit,44,0.5483,0.4147,0.6875,0,12
JAK1,RF-esm,split2,unresolvable_xfit,22,0.48864,0.31818,0.66477,0,12
JAK1,RF-esm,split3,all,171,0.6885,0.63976,0.73646,0,19
JAK1,RF-esm,split3,resolvable,115,0.64406,0.58145,0.70436,0,19
JAK1,RF-esm,split3,unresolvable,56,0.77976,0.69524,0.85357,0,19
JAK1,RF-esm,split3,resolvable_xfit,113,0.6427,0.57633,0.71128,0,19
JAK1,RF-esm,split3,unresolvable_xfit,58,0.78879,0.70474,0.86207,0,19
JAK1,RF-esm,split5,all,91,0.44762,0.36042,0.54214,0,14
JAK1,RF-esm,split5,resolvable,76,0.46491,0.37015,0.56757,0,14
JAK1,RF-esm,split5,unresolvable,15,0.36,0.20889,0.52889,0,14
JAK1,RF-esm,split5,resolvable_xfit,75,0.455,0.355,0.56,0,14
JAK1,RF-esm,split5,unresolvable_xfit,16,0.42188,0.24219,0.60938,0,14
JAK1,RF-theta,split1,all,36,0.71759,0.6259,0.80648,0,9
JAK1,RF-theta,split1,resolvable,30,0.71111,0.61222,0.81114,0,9
JAK1,RF-theta,split1,unresolvable,6,0.75,0.58333,0.91667,0,9
JAK1,RF-theta,split1,resolvable_xfit,30,0.73333,0.62917,0.82917,0,9
JAK1,RF-theta,split1,unresolvable_xfit,6,0.75,0.58333,0.91667,0,9
JAK1,RF-theta,split2,all,78,0.56538,0.4735,0.66068,0,13
JAK1,RF-theta,split2,resolvable,50,0.52,0.39332,0.64467,0,13
JAK1,RF-theta,split2,unresolvable,28,0.64643,0.525,0.76789,0,13
JAK1,RF-theta,split2,resolvable_xfit,50,0.5275,0.4025,0.655,0,13
JAK1,RF-theta,split2,unresolvable_xfit,28,0.65625,0.53125,0.77232,0,13
JAK1,RF-theta,split3,all,190,0.52281,0.46316,0.5786,0,20
JAK1,RF-theta,split3,resolvable,122,0.47295,0.40408,0.54017,0,20
JAK1,RF-theta,split3,unresolvable,68,0.61225,0.52353,0.70393,0,20
JAK1,RF-theta,split3,resolvable_xfit,120,0.46146,0.38958,0.52815,0,20
JAK1,RF-theta,split3,unresolvable_xfit,70,0.59107,0.50353,0.68214,0,20
JAK1,RF-theta,split5,all,136,0.55049,0.47891,0.62061,0,17
JAK1,RF-theta,split5,resolvable,113,0.55221,0.47551,0.63215,0,17
JAK1,RF-theta,split5,unresolvable,23,0.54203,0.38841,0.69134,0,17
JAK1,RF-theta,split5,resolvable_xfit,112,0.55246,0.4743,0.6317,0,17
JAK1,RF-theta,split5,unresolvable_xfit,24,0.5625,0.40104,0.71888,0,17
JAK1,Ridge-esm+theta,split1,all,21,0.3746,0.20317,0.55873,0,7
JAK1,Ridge-esm+theta,split1,resolvable,18,0.32593,0.14074,0.51111,0,7
JAK1,Ridge-esm+theta,split1,unresolvable,3,0.66667,0.46667,1.0,0,7
JAK1,Ridge-esm+theta,split1,resolvable_xfit,18,0.36111,0.18056,0.56944,0,7
JAK1,Ridge-esm+theta,split1,unresolvable_xfit,3,0.66667,0.5,1.0,0,7
JAK1,Ridge-esm+theta,split2,all,66,0.58889,0.47172,0.69192,0,12
JAK1,Ridge-esm+theta,split2,resolvable,44,0.56818,0.42273,0.70606,0,12
JAK1,Ridge-esm+theta,split2,unresolvable,22,0.6303,0.42424,0.80311,0,12
JAK1,Ridge-esm+theta,split2,resolvable_xfit,44,0.5767,0.4233,0.71598,0,12
JAK1,Ridge-esm+theta,split2,unresolvable_xfit,22,0.64773,0.44872,0.82386,0,12
JAK1,Ridge-esm+theta,split3,all,171,0.32515,0.27094,0.3809,0,19
JAK1,Ridge-esm+theta,split3,resolvable,115,0.3142,0.24926,0.3803,0,19
JAK1,Ridge-esm+theta,split3,unresolvable,56,0.34762,0.25592,0.44881,0,19
JAK1,Ridge-esm+theta,split3,resolvable_xfit,113,0.30752,0.24223,0.37835,0,19
JAK1,Ridge-esm+theta,split3,unresolvable_xfit,58,0.30172,0.20474,0.40302,0,19
JAK1,Ridge-esm+theta,split5,all,91,0.54212,0.45201,0.63081,0,14
JAK1,Ridge-esm+theta,split5,resolvable,76,0.58246,0.4807,0.68421,0,14
JAK1,Ridge-esm+theta,split5,unresolvable,15,0.33778,0.17767,0.52,0,14
JAK1,Ridge-esm+theta,split5,resolvable_xfit,75,0.595,0.49162,0.69667,0,14
JAK1,Ridge-esm+theta,split5,unresolvable_xfit,16,0.32031,0.14844,0.50781,0,14
JAK1,Ridge-esm,split1,all,21,0.39048,0.22532,0.58095,0,7
JAK1,Ridge-esm,split1,resolvable,18,0.39259,0.19259,0.6037,0,7
JAK1,Ridge-esm,split1,unresolvable,3,0.37778,0.0,0.73333,0,7
JAK1,Ridge-esm,split1,resolvable_xfit,18,0.375,0.17361,0.58368,0,7
JAK1,Ridge-esm,split1,unresolvable_xfit,3,0.41667,0.0,0.875,0,7
JAK1,Ridge-esm,split2,all,66,0.67273,0.5697,0.7697,0,12
JAK1,Ridge-esm,split2,resolvable,44,0.84091,0.74545,0.93034,0,12
JAK1,Ridge-esm,split2,unresolvable,22,0.33636,0.18485,0.49402,0,12
JAK1,Ridge-esm,split2,resolvable_xfit,44,0.84091,0.73295,0.93182,0,12
JAK1,Ridge-esm,split2,unresolvable_xfit,22,0.28409,0.14205,0.44886,0,12
JAK1,Ridge-esm,split3,all,171,0.55906,0.50058,0.61328,0,19
JAK1,Ridge-esm,split3,resolvable,115,0.5629,0.49332,0.63597,0,19
JAK1,Ridge-esm,split3,unresolvable,56,0.55119,0.45476,0.64765,0,19
JAK1,Ridge-esm,split3,resolvable_xfit,113,0.54535,0.47232,0.61726,0,19
JAK1,Ridge-esm,split3,unresolvable_xfit,58,0.55388,0.44828,0.65517,0,19
JAK1,Ridge-esm,split5,all,91,0.50403,0.41978,0.59344,0,14
JAK1,Ridge-esm,split5,resolvable,76,0.48684,0.38684,0.58423,0,14
JAK1,Ridge-esm,split5,unresolvable,15,0.59111,0.41333,0.74678,0,14
JAK1,Ridge-esm,split5,resolvable_xfit,75,0.48333,0.385,0.58004,0,14
JAK1,Ridge-esm,split5,unresolvable_xfit,16,0.58594,0.40625,0.75781,0,14
JAK1,Ridge-theta,split1,all,36,0.53426,0.40093,0.66021,0,9
JAK1,Ridge-theta,split1,resolvable,30,0.49556,0.35553,0.63889,0,9
JAK1,Ridge-theta,split1,unresolvable,6,0.72778,0.56111,0.91667,0,9
JAK1,Ridge-theta,split1,resolvable_xfit,30,0.5125,0.375,0.6625,0,9
JAK1,Ridge-theta,split1,unresolvable_xfit,6,0.72917,0.5625,0.91667,0,9
JAK1,Ridge-theta,split2,all,78,0.55043,0.45598,0.6483,0,13
JAK1,Ridge-theta,split2,resolvable,50,0.55733,0.42667,0.678,0,13
JAK1,Ridge-theta,split2,unresolvable,28,0.5381,0.3869,0.6917,0,13
JAK1,Ridge-theta,split2,resolvable_xfit,50,0.57,0.44,0.69,0,13
JAK1,Ridge-theta,split2,unresolvable_xfit,28,0.53571,0.375,0.6875,0,13
JAK1,Ridge-theta,split3,all,190,0.39351,0.33877,0.44948,0,20
JAK1,Ridge-theta,split3,resolvable,122,0.35273,0.28551,0.42241,0,20
JAK1,Ridge-theta,split3,unresolvable,68,0.46667,0.37105,0.56279,0,20
JAK1,Ridge-theta,split3,resolvable_xfit,120,0.37083,0.29896,0.44271,0,20
JAK1,Ridge-theta,split3,unresolvable_xfit,70,0.44464,0.35536,0.5375,0,20
JAK1,Ridge-theta,split5,all,136,0.59583,0.52818,0.66545,0,17
JAK1,Ridge-theta,split5,resolvable,113,0.64543,0.57226,0.7183,0,17
JAK1,Ridge-theta,split5,unresolvable,23,0.35217,0.23188,0.48551,0,17
JAK1,Ridge-theta,split5,resolvable_xfit,112,0.64732,0.5692,0.72545,0,17
JAK1,Ridge-theta,split5,unresolvable_xfit,24,0.39062,0.26042,0.52604,0,17
JAK1,WT-null,split1,all,36,0.5,0.5,0.5,0,9
JAK1,WT-null,split1,resolvable,30,0.5,0.5,0.5,0,9
JAK1,WT-null,split1,unresolvable,6,0.5,0.5,0.5,0,9
JAK1,WT-null,split1,resolvable_xfit,30,0.5,0.5,0.5,0,9
JAK1,WT-null,split1,unresolvable_xfit,6,0.5,0.5,0.5,0,9
JAK1,WT-null,split2,all,78,0.5,0.5,0.5,0,13
JAK1,WT-null,split2,resolvable,50,0.5,0.5,0.5,0,13
JAK1,WT-null,split2,unresolvable,28,0.5,0.5,0.5,0,13
JAK1,WT-null,split2,resolvable_xfit,50,0.5,0.5,0.5,0,13
JAK1,WT-null,split2,unresolvable_xfit,28,0.5,0.5,0.5,0,13
JAK1,WT-null,split3,all,190,0.5,0.5,0.5,0,20
JAK1,WT-null,split3,resolvable,122,0.5,0.5,0.5,0,20
JAK1,WT-null,split3,unresolvable,68,0.5,0.5,0.5,0,20
JAK1,WT-null,split3,resolvable_xfit,120,0.5,0.5,0.5,0,20
JAK1,WT-null,split3,unresolvable_xfit,70,0.5,0.5,0.5,0,20
JAK1,WT-null,split5,all,136,0.5,0.5,0.5,0,17
JAK1,WT-null,split5,resolvable,113,0.5,0.5,0.5,0,17
JAK1,WT-null,split5,unresolvable,23,0.5,0.5,0.5,0,17
JAK1,WT-null,split5,resolvable_xfit,112,0.5,0.5,0.5,0,17
JAK1,WT-null,split5,unresolvable_xfit,24,0.5,0.5,0.5,0,17
JAK1,scGen,split1,all,36,0.63611,0.50648,0.74722,0,9
JAK1,scGen,split1,resolvable,30,0.66667,0.51444,0.80556,0,9
JAK1,scGen,split1,unresolvable,6,0.48333,0.43333,0.53333,0,9
JAK1,scGen,split1,resolvable_xfit,30,0.64583,0.49167,0.78333,0,9
JAK1,scGen,split1,unresolvable_xfit,6,0.4375,0.35417,0.5,0,9
JAK1,scGen,split2,all,78,0.68846,0.59487,0.77524,0,13
JAK1,scGen,split2,resolvable,50,0.738,0.612,0.84672,0,13
JAK1,scGen,split2,unresolvable,28,0.6,0.4619,0.73095,0,13
JAK1,scGen,split2,resolvable_xfit,50,0.735,0.6125,0.85,0,13
JAK1,scGen,split2,unresolvable_xfit,28,0.63393,0.48661,0.77679,0,13
JAK1,scGen,split3,all,190,0.33789,0.28911,0.38895,0,20
JAK1,scGen,split3,resolvable,122,0.33989,0.2765,0.39974,0,20
JAK1,scGen,split3,unresolvable,68,0.33431,0.25636,0.41521,0,20
JAK1,scGen,split3,resolvable_xfit,120,0.33125,0.26456,0.39896,0,20
JAK1,scGen,split3,unresolvable_xfit,70,0.31429,0.23924,0.39286,0,20
JAK1,scGen,split5,all,136,0.71397,0.65048,0.77426,0,17
JAK1,scGen,split5,resolvable,113,0.79646,0.73126,0.85871,0,17
JAK1,scGen,split5,unresolvable,23,0.3087,0.20141,0.42322,0,17
JAK1,scGen,split5,resolvable_xfit,112,0.80246,0.73214,0.86049,0,17
JAK1,scGen,split5,unresolvable_xfit,24,0.375,0.24479,0.50534,0,17
JAK1,scVIDR,split1,all,0,,,,9,9
JAK1,scVIDR,split2,all,0,,,,13,13
JAK1,scVIDR,split3,all,0,,,,20,20
JAK1,scVIDR,split5,all,0,,,,17,17
GATA1,Biolord,pooled,all,9730,0.50433,0.49794,0.51027,0,0
GATA1,Biolord,pooled,resolvable,426,0.56022,0.52355,0.59758,0,0
GATA1,Biolord,pooled,unresolvable,9304,0.50177,0.49548,0.50797,0,0
GATA1,Biolord,pooled,resolvable_xfit,425,0.57456,0.53524,0.61192,0,0
GATA1,Biolord,pooled,unresolvable_xfit,9305,0.49971,0.49339,0.50622,0,0
GATA1,CellFlow,pooled,all,9730,0.50893,0.50223,0.51541,0,0
GATA1,CellFlow,pooled,resolvable,426,0.50395,0.46095,0.54639,0,0
GATA1,CellFlow,pooled,unresolvable,9304,0.50916,0.50268,0.51557,0,0
GATA1,CellFlow,pooled,resolvable_xfit,425,0.53176,0.48992,0.57631,0,0
GATA1,CellFlow,pooled,unresolvable_xfit,9305,0.50118,0.49485,0.50778,0,0
GATA1,GBoost-esm,pooled,all,9730,0.52143,0.51546,0.52771,0,0
GATA1,GBoost-esm,pooled,resolvable,426,0.63105,0.59273,0.67027,0,0
GATA1,GBoost-esm,pooled,unresolvable,9304,0.51641,0.5101,0.52291,0,0
GATA1,GBoost-esm,pooled,resolvable_xfit,425,0.65007,0.61047,0.68797,0,0
GATA1,GBoost-esm,pooled,unresolvable_xfit,9305,0.52193,0.51526,0.5284,0,0
GATA1,GBoost-esm+theta,pooled,all,9730,0.52383,0.51792,0.52993,0,0
GATA1,GBoost-esm+theta,pooled,resolvable,426,0.64143,0.60392,0.6793,0,0
GATA1,GBoost-esm+theta,pooled,unresolvable,9304,0.51844,0.51231,0.52466,0,0
GATA1,GBoost-esm+theta,pooled,resolvable_xfit,425,0.66132,0.62434,0.6978,0,0
GATA1,GBoost-esm+theta,pooled,unresolvable_xfit,9305,0.524,0.51741,0.53045,0,0
GATA1,GBoost-theta,pooled,all,9730,0.53945,0.53295,0.54541,0,0
GATA1,GBoost-theta,pooled,resolvable,426,0.60981,0.56968,0.64982,0,0
GATA1,GBoost-theta,pooled,unresolvable,9304,0.53623,0.53011,0.54262,0,0
GATA1,GBoost-theta,pooled,resolvable_xfit,425,0.5902,0.54725,0.62892,0,0
GATA1,GBoost-theta,pooled,unresolvable_xfit,9305,0.53203,0.52514,0.53874,0,0
GATA1,Gene-mean,pooled,all,9730,0.5,0.5,0.5,0,0
GATA1,Gene-mean,pooled,resolvable,426,0.5,0.5,0.5,0,0
GATA1,Gene-mean,pooled,unresolvable,9304,0.5,0.5,0.5,0,0
GATA1,Gene-mean,pooled,resolvable_xfit,425,0.5,0.5,0.5,0,0
GATA1,Gene-mean,pooled,unresolvable_xfit,9305,0.5,0.5,0.5,0,0
GATA1,KNN-esm,pooled,all,9730,0.50053,0.49462,0.5066,0,0
GATA1,KNN-esm,pooled,resolvable,426,0.55185,0.51119,0.59218,0,0
GATA1,KNN-esm,pooled,unresolvable,9304,0.49818,0.49219,0.50447,0,0
GATA1,KNN-esm,pooled,resolvable_xfit,425,0.5414,0.50136,0.58054,0,0
GATA1,KNN-esm,pooled,unresolvable_xfit,9305,0.50419,0.4975,0.51118,0,0
GATA1,KNN-esm+theta,pooled,all,9730,0.54657,0.54032,0.55278,0,0
GATA1,KNN-esm+theta,pooled,resolvable,426,0.56925,0.52954,0.60704,0,0
GATA1,KNN-esm+theta,pooled,unresolvable,9304,0.54553,0.53955,0.55139,0,0
GATA1,KNN-esm+theta,pooled,resolvable_xfit,425,0.56039,0.52154,0.60062,0,0
GATA1,KNN-esm+theta,pooled,unresolvable_xfit,9305,0.54948,0.54315,0.55598,0,0
GATA1,KNN-theta,pooled,all,9730,0.50189,0.49582,0.50806,0,0
GATA1,KNN-theta,pooled,resolvable,426,0.51187,0.47015,0.55463,0,0
GATA1,KNN-theta,pooled,unresolvable,9304,0.50143,0.49546,0.50769,0,0
GATA1,KNN-theta,pooled,resolvable_xfit,425,0.50517,0.46269,0.54513,0,0
GATA1,KNN-theta,pooled,unresolvable_xfit,9305,0.50515,0.49848,0.51152,0,0
GATA1,Lasso-esm,pooled,all,9730,0.5,0.5,0.5,0,0
GATA1,Lasso-esm,pooled,resolvable,426,0.5,0.5,0.5,0,0
GATA1,Lasso-esm,pooled,unresolvable,9304,0.5,0.5,0.5,0,0
GATA1,Lasso-esm,pooled,resolvable_xfit,425,0.5,0.5,0.5,0,0
GATA1,Lasso-esm,pooled,unresolvable_xfit,9305,0.5,0.5,0.5,0,0
GATA1,Lasso-esm+theta,pooled,all,9730,0.52525,0.51919,0.53125,0,0
GATA1,Lasso-esm+theta,pooled,resolvable,426,0.44062,0.40173,0.47725,0,0
GATA1,Lasso-esm+theta,pooled,unresolvable,9304,0.52912,0.52304,0.53559,0,0
GATA1,Lasso-esm+theta,pooled,resolvable_xfit,425,0.45777,0.42127,0.49725,0,0
GATA1,Lasso-esm+theta,pooled,unresolvable_xfit,9305,0.5327,0.52624,0.53935,0,0
GATA1,Lasso-theta,pooled,all,9730,0.52525,0.51893,0.53148,0,0
GATA1,Lasso-theta,pooled,resolvable,426,0.44062,0.403,0.48012,0,0
GATA1,Lasso-theta,pooled,unresolvable,9304,0.52912,0.52289,0.53515,0,0
GATA1,Lasso-theta,pooled,resolvable_xfit,425,0.45777,0.41826,0.4965,0,0
GATA1,Lasso-theta,pooled,unresolvable_xfit,9305,0.5327,0.52609,0.53962,0,0
GATA1,MLP-esm,pooled,all,9730,0.49811,0.49218,0.50389,0,0
GATA1,MLP-esm,pooled,resolvable,426,0.49905,0.47024,0.53192,0,0
GATA1,MLP-esm,pooled,unresolvable,9304,0.49806,0.49213,0.50412,0,0
GATA1,MLP-esm,pooled,resolvable_xfit,425,0.495,0.46255,0.52662,0,0
GATA1,MLP-esm,pooled,unresolvable_xfit,9305,0.48993,0.4837,0.49614,0,0
GATA1,MLP-esm+theta,pooled,all,9730,0.52564,0.51977,0.53146,0,0
GATA1,MLP-esm+theta,pooled,resolvable,426,0.60694,0.5732,0.63966,0,0
GATA1,MLP-esm+theta,pooled,unresolvable,9304,0.52191,0.51558,0.52794,0,0
GATA1,MLP-esm+theta,pooled,resolvable_xfit,425,0.60044,0.56429,0.63324,0,0
GATA1,MLP-esm+theta,pooled,unresolvable_xfit,9305,0.51975,0.51313,0.52607,0,0
GATA1,MLP-theta,pooled,all,9730,0.53092,0.52461,0.53746,0,0
GATA1,MLP-theta,pooled,resolvable,426,0.67299,0.63422,0.71117,0,0
GATA1,MLP-theta,pooled,unresolvable,9304,0.52442,0.51785,0.53097,0,0
GATA1,MLP-theta,pooled,resolvable_xfit,425,0.68814,0.65039,0.72451,0,0
GATA1,MLP-theta,pooled,unresolvable_xfit,9305,0.53052,0.52405,0.53683,0,0
GATA1,PerturbNet,pooled,all,9730,0.52894,0.52286,0.53505,0,0
GATA1,PerturbNet,pooled,resolvable,426,0.56166,0.52052,0.60193,0,0
GATA1,PerturbNet,pooled,unresolvable,9304,0.52745,0.5211,0.53365,0,0
GATA1,PerturbNet,pooled,resolvable_xfit,425,0.58341,0.54478,0.62333,0,0
GATA1,PerturbNet,pooled,unresolvable_xfit,9305,0.52634,0.51946,0.53288,0,0
GATA1,RF-esm,pooled,all,9730,0.52935,0.52309,0.5359,0,0
GATA1,RF-esm,pooled,resolvable,426,0.67673,0.63517,0.71828,0,0
GATA1,RF-esm,pooled,unresolvable,9304,0.5226,0.51623,0.52879,0,0
GATA1,RF-esm,pooled,resolvable_xfit,425,0.65422,0.61211,0.69395,0,0
GATA1,RF-esm,pooled,unresolvable_xfit,9305,0.52058,0.51378,0.52717,0,0
GATA1,RF-esm+theta,pooled,all,9730,0.523,0.51682,0.52925,0,0
GATA1,RF-esm+theta,pooled,resolvable,426,0.65841,0.61818,0.69885,0,0
GATA1,RF-esm+theta,pooled,unresolvable,9304,0.5168,0.51068,0.52348,0,0
GATA1,RF-esm+theta,pooled,resolvable_xfit,425,0.64743,0.60637,0.68838,0,0
GATA1,RF-esm+theta,pooled,unresolvable_xfit,9305,0.5169,0.51039,0.52357,0,0
GATA1,RF-theta,pooled,all,9730,0.52293,0.51675,0.52935,0,0
GATA1,RF-theta,pooled,resolvable,426,0.52623,0.48317,0.56862,0,0
GATA1,RF-theta,pooled,unresolvable,9304,0.52278,0.51648,0.52931,0,0
GATA1,RF-theta,pooled,resolvable_xfit,425,0.5174,0.47615,0.55885,0,0
GATA1,RF-theta,pooled,unresolvable_xfit,9305,0.52141,0.51487,0.52799,0,0
GATA1,Ridge-esm,pooled,all,9730,0.56857,0.56202,0.57476,0,0
GATA1,Ridge-esm,pooled,resolvable,426,0.79467,0.76184,0.82617,0,0
GATA1,Ridge-esm,pooled,unresolvable,9304,0.55822,0.55196,0.56462,0,0
GATA1,Ridge-esm,pooled,resolvable_xfit,425,0.77978,0.74542,0.81324,0,0
GATA1,Ridge-esm,pooled,unresolvable_xfit,9305,0.55992,0.55333,0.5664,0,0
GATA1,Ridge-esm+theta,pooled,all,9730,0.53315,0.52656,0.53958,0,0
GATA1,Ridge-esm+theta,pooled,resolvable,426,0.57921,0.53974,0.61731,0,0
GATA1,Ridge-esm+theta,pooled,unresolvable,9304,0.53104,0.52474,0.53713,0,0
GATA1,Ridge-esm+theta,pooled,resolvable_xfit,425,0.59853,0.55733,0.64072,0,0
GATA1,Ridge-esm+theta,pooled,unresolvable_xfit,9305,0.53614,0.52937,0.54281,0,0
GATA1,Ridge-theta,pooled,all,9730,0.51707,0.51049,0.52367,0,0
GATA1,Ridge-theta,pooled,resolvable,426,0.48705,0.44725,0.52582,0,0
GATA1,Ridge-theta,pooled,unresolvable,9304,0.51844,0.51213,0.52486,0,0
GATA1,Ridge-theta,pooled,resolvable_xfit,425,0.51444,0.47439,0.55428,0,0
GATA1,Ridge-theta,pooled,unresolvable_xfit,9305,0.52134,0.51516,0.52769,0,0
GATA1,WT-null,pooled,all,9730,0.5,0.5,0.5,0,0
GATA1,WT-null,pooled,resolvable,426,0.5,0.5,0.5,0,0
GATA1,WT-null,pooled,unresolvable,9304,0.5,0.5,0.5,0,0
GATA1,WT-null,pooled,resolvable_xfit,425,0.5,0.5,0.5,0,0
GATA1,WT-null,pooled,unresolvable_xfit,9305,0.5,0.5,0.5,0,0
GATA1,scGen,pooled,all,9730,0.5403,0.53393,0.54676,0,0
GATA1,scGen,pooled,resolvable,426,0.66158,0.6205,0.70018,0,0
GATA1,scGen,pooled,unresolvable,9304,0.53474,0.52835,0.5412,0,0
GATA1,scGen,pooled,resolvable_xfit,425,0.64451,0.60352,0.68422,0,0
GATA1,scGen,pooled,unresolvable_xfit,9305,0.53362,0.5271,0.54074,0,0
GATA1,scVIDR,pooled,all,9730,0.54621,0.54009,0.55269,0,0
GATA1,scVIDR,pooled,resolvable,426,0.83061,0.79502,0.86266,0,0
GATA1,scVIDR,pooled,unresolvable,9304,0.53319,0.52707,0.53966,0,0
GATA1,scVIDR,pooled,resolvable_xfit,425,0.82961,0.79419,0.8602,0,0
GATA1,scVIDR,pooled,unresolvable_xfit,9305,0.53565,0.52877,0.54241,0,0
JAK1,Biolord,pooled,all,289,0.64639,0.6064,0.68662,0,0
JAK1,Biolord,pooled,resolvable,219,0.70439,0.65789,0.75289,0,0
JAK1,Biolord,pooled,unresolvable,70,0.46492,0.3954,0.53034,0,0
JAK1,Biolord,pooled,resolvable_xfit,217,0.7152,0.66494,0.7621,0,0
JAK1,Biolord,pooled,unresolvable_xfit,72,0.45689,0.38772,0.52662,0,0
JAK1,CellFlow,pooled,all,154,0.52294,0.46861,0.57749,0,0
JAK1,CellFlow,pooled,resolvable,117,0.55442,0.48774,0.61654,0,0
JAK1,CellFlow,pooled,unresolvable,37,0.42342,0.33779,0.50543,0,0
JAK1,CellFlow,pooled,resolvable_xfit,116,0.5361,0.46444,0.60345,0,0
JAK1,CellFlow,pooled,unresolvable_xfit,38,0.41941,0.32401,0.52138,0,0
JAK1,GBoost-esm,pooled,all,231,0.52934,0.47874,0.57893,0,0
JAK1,GBoost-esm,pooled,resolvable,174,0.49036,0.43295,0.54854,0,0
JAK1,GBoost-esm,pooled,unresolvable,57,0.64834,0.57154,0.72398,0,0
JAK1,GBoost-esm,pooled,resolvable_xfit,172,0.47347,0.41461,0.53502,0,0
JAK1,GBoost-esm,pooled,unresolvable_xfit,59,0.66384,0.58402,0.74224,0,0
JAK1,GBoost-esm+theta,pooled,all,231,0.56349,0.51625,0.60991,0,0
JAK1,GBoost-esm+theta,pooled,resolvable,174,0.53589,0.47796,0.59541,0,0
JAK1,GBoost-esm+theta,pooled,unresolvable,57,0.64776,0.57427,0.71852,0,0
JAK1,GBoost-esm+theta,pooled,resolvable_xfit,172,0.52871,0.46899,0.58854,0,0
JAK1,GBoost-esm+theta,pooled,unresolvable_xfit,59,0.64583,0.56955,0.71893,0,0
JAK1,GBoost-theta,pooled,all,289,0.5495,0.50953,0.58912,0,0
JAK1,GBoost-theta,pooled,resolvable,219,0.52752,0.47859,0.57386,0,0
JAK1,GBoost-theta,pooled,unresolvable,70,0.61825,0.55016,0.68081,0,0
JAK1,GBoost-theta,pooled,resolvable_xfit,217,0.52203,0.47258,0.56908,0,0
JAK1,GBoost-theta,pooled,unresolvable_xfit,72,0.61458,0.55295,0.67565,0,0
JAK1,Gene-mean,pooled,all,289,0.5,0.5,0.5,0,0
JAK1,Gene-mean,pooled,resolvable,219,0.5,0.5,0.5,0,0
JAK1,Gene-mean,pooled,unresolvable,70,0.5,0.5,0.5,0,0
JAK1,Gene-mean,pooled,resolvable_xfit,217,0.5,0.5,0.5,0,0
JAK1,Gene-mean,pooled,unresolvable_xfit,72,0.5,0.5,0.5,0,0
JAK1,KNN-esm,pooled,all,231,0.53807,0.50065,0.5769,0,0
JAK1,KNN-esm,pooled,resolvable,174,0.52762,0.48327,0.57053,0,0
JAK1,KNN-esm,pooled,unresolvable,57,0.56998,0.503,0.63715,0,0
JAK1,KNN-esm,pooled,resolvable_xfit,172,0.52713,0.48279,0.57062,0,0
JAK1,KNN-esm,pooled,unresolvable_xfit,59,0.54802,0.47702,0.62112,0,0
JAK1,KNN-esm+theta,pooled,all,231,0.50589,0.45899,0.55221,0,0
JAK1,KNN-esm+theta,pooled,resolvable,174,0.54709,0.49,0.60148,0,0
JAK1,KNN-esm+theta,pooled,unresolvable,57,0.38012,0.3074,0.45215,0,0
JAK1,KNN-esm+theta,pooled,resolvable_xfit,172,0.55438,0.5023,0.60587,0,0
JAK1,KNN-esm+theta,pooled,unresolvable_xfit,59,0.36405,0.29767,0.43892,0,0
JAK1,KNN-theta,pooled,all,289,0.51836,0.48138,0.55627,0,0
JAK1,KNN-theta,pooled,resolvable,219,0.51895,0.47278,0.56523,0,0
JAK1,KNN-theta,pooled,unresolvable,70,0.51651,0.45484,0.57516,0,0
JAK1,KNN-theta,pooled,resolvable_xfit,217,0.51286,0.46553,0.55876,0,0
JAK1,KNN-theta,pooled,unresolvable_xfit,72,0.49769,0.4375,0.56338,0,0
JAK1,Lasso-esm,pooled,all,231,0.56662,0.51962,0.61453,0,0
JAK1,Lasso-esm,pooled,resolvable,174,0.56494,0.50402,0.62172,0,0
JAK1,Lasso-esm,pooled,unresolvable,57,0.57173,0.4959,0.65049,0,0
JAK1,Lasso-esm,pooled,resolvable_xfit,172,0.55838,0.49709,0.61434,0,0
JAK1,Lasso-esm,pooled,unresolvable_xfit,59,0.56073,0.48552,0.63631,0,0
JAK1,Lasso-esm+theta,pooled,all,231,0.47104,0.42696,0.51672,0,0
JAK1,Lasso-esm+theta,pooled,resolvable,174,0.5,0.44431,0.56054,0,0
JAK1,Lasso-esm+theta,pooled,unresolvable,57,0.38265,0.31352,0.45353,0,0
JAK1,Lasso-esm+theta,pooled,resolvable_xfit,172,0.50872,0.44949,0.56724,0,0
JAK1,Lasso-esm+theta,pooled,unresolvable_xfit,59,0.39124,0.31674,0.46645,0,0
JAK1,Lasso-theta,pooled,all,289,0.52595,0.48306,0.56707,0,0
JAK1,Lasso-theta,pooled,resolvable,219,0.53374,0.47889,0.58481,0,0
JAK1,Lasso-theta,pooled,unresolvable,70,0.50159,0.43902,0.56732,0,0
JAK1,Lasso-theta,pooled,resolvable_xfit,217,0.54133,0.48775,0.59193,0,0
JAK1,Lasso-theta,pooled,unresolvable_xfit,72,0.5081,0.44068,0.5764,0,0
JAK1,MLP-esm,pooled,all,231,0.53911,0.49504,0.58418,0,0
JAK1,MLP-esm,pooled,resolvable,174,0.55479,0.49438,0.61057,0,0
JAK1,MLP-esm,pooled,unresolvable,57,0.49123,0.42398,0.56278,0,0
JAK1,MLP-esm,pooled,resolvable_xfit,172,0.55208,0.49817,0.60489,0,0
JAK1,MLP-esm,pooled,unresolvable_xfit,59,0.49506,0.41842,0.56957,0,0
JAK1,MLP-esm+theta,pooled,all,231,0.47571,0.42924,0.52078,0,0
JAK1,MLP-esm+theta,pooled,resolvable,174,0.47018,0.41187,0.52618,0,0
JAK1,MLP-esm+theta,pooled,unresolvable,57,0.49259,0.41695,0.56959,0,0
JAK1,MLP-esm+theta,pooled,resolvable_xfit,172,0.47032,0.41145,0.52955,0,0
JAK1,MLP-esm+theta,pooled,unresolvable_xfit,59,0.47105,0.39866,0.54344,0,0
JAK1,MLP-theta,pooled,all,289,0.53824,0.50013,0.57821,0,0
JAK1,MLP-theta,pooled,resolvable,219,0.5361,0.48652,0.58384,0,0
JAK1,MLP-theta,pooled,unresolvable,70,0.54492,0.48079,0.60842,0,0
JAK1,MLP-theta,pooled,resolvable_xfit,217,0.54407,0.49807,0.59477,0,0
JAK1,MLP-theta,pooled,unresolvable_xfit,72,0.52807,0.46615,0.58508,0,0
JAK1,PerturbNet,pooled,all,154,0.45476,0.39502,0.51797,0,0
JAK1,PerturbNet,pooled,resolvable,117,0.46439,0.394,0.54048,0,0
JAK1,PerturbNet,pooled,unresolvable,37,0.42432,0.32162,0.52883,0,0
JAK1,PerturbNet,pooled,resolvable_xfit,116,0.45312,0.3793,0.52695,0,0
JAK1,PerturbNet,pooled,unresolvable_xfit,38,0.47368,0.36513,0.58224,0,0
JAK1,RF-esm,pooled,all,231,0.62234,0.57861,0.66583,0,0
JAK1,RF-esm,pooled,resolvable,174,0.60342,0.5505,0.65528,0,0
JAK1,RF-esm,pooled,unresolvable,57,0.68012,0.61413,0.74417,0,0
JAK1,RF-esm,pooled,resolvable_xfit,172,0.59799,0.54348,0.6508,0,0
JAK1,RF-esm,pooled,unresolvable_xfit,59,0.68997,0.6218,0.7553,0,0
JAK1,RF-esm+theta,pooled,all,231,0.59331,0.54887,0.63879,0,0
JAK1,RF-esm+theta,pooled,resolvable,174,0.57079,0.52295,0.62302,0,0
JAK1,RF-esm+theta,pooled,unresolvable,57,0.66209,0.59356,0.72895,0,0
JAK1,RF-esm+theta,pooled,resolvable_xfit,172,0.56553,0.51126,0.61628,0,0
JAK1,RF-esm+theta,pooled,unresolvable_xfit,59,0.65996,0.59039,0.73199,0,0
JAK1,RF-theta,pooled,all,289,0.53541,0.4941,0.57572,0,0
JAK1,RF-theta,pooled,resolvable,219,0.50723,0.45582,0.55708,0,0
JAK1,RF-theta,pooled,unresolvable,70,0.62357,0.56174,0.6885,0,0
JAK1,RF-theta,pooled,resolvable_xfit,217,0.50398,0.45204,0.55324,0,0
JAK1,RF-theta,pooled,unresolvable_xfit,72,0.61574,0.55612,0.67738,0,0
JAK1,Ridge-esm,pooled,all,231,0.57744,0.53121,0.62189,0,0
JAK1,Ridge-esm,pooled,resolvable,174,0.59502,0.53932,0.64949,0,0
JAK1,Ridge-esm,pooled,unresolvable,57,0.52378,0.44129,0.60741,0,0
JAK1,Ridge-esm,pooled,resolvable_xfit,172,0.58491,0.52725,0.64221,0,0
JAK1,Ridge-esm,pooled,unresolvable_xfit,59,0.51589,0.43291,0.60276,0,0
JAK1,Ridge-esm+theta,pooled,all,231,0.43559,0.38638,0.4842,0,0
JAK1,Ridge-esm+theta,pooled,resolvable,174,0.44234,0.38321,0.5001,0,0
JAK1,Ridge-esm+theta,pooled,unresolvable,57,0.41501,0.33509,0.49337,0,0
JAK1,Ridge-esm+theta,pooled,resolvable_xfit,172,0.44465,0.38699,0.504,0,0
JAK1,Ridge-esm+theta,pooled,unresolvable_xfit,59,0.38701,0.30719,0.46645,0,0
JAK1,Ridge-theta,pooled,all,289,0.49629,0.45442,0.53668,0,0
JAK1,Ridge-theta,pooled,resolvable,219,0.50642,0.45745,0.55807,0,0
JAK1,Ridge-theta,pooled,unresolvable,70,0.4646,0.3973,0.52961,0,0
JAK1,Ridge-theta,pooled,resolvable_xfit,217,0.51747,0.46485,0.57153,0,0
JAK1,Ridge-theta,pooled,unresolvable_xfit,72,0.46325,0.3941,0.5304,0,0
JAK1,WT-null,pooled,all,289,0.5,0.5,0.5,0,0
JAK1,WT-null,pooled,resolvable,219,0.5,0.5,0.5,0,0
JAK1,WT-null,pooled,unresolvable,70,0.5,0.5,0.5,0,0
JAK1,WT-null,pooled,resolvable_xfit,217,0.5,0.5,0.5,0,0
JAK1,WT-null,pooled,unresolvable_xfit,72,0.5,0.5,0.5,0,0
JAK1,scGen,pooled,all,289,0.56069,0.51736,0.60243,0,0
JAK1,scGen,pooled,resolvable,219,0.61885,0.57245,0.66987,0,0
JAK1,scGen,pooled,unresolvable,70,0.37873,0.31841,0.44366,0,0
JAK1,scGen,pooled,resolvable_xfit,217,0.61938,0.56532,0.67204,0,0
JAK1,scGen,pooled,unresolvable_xfit,72,0.37876,0.3151,0.44097,0,0
KRAS,Biolord,pooled,all,881,0.504,0.48535,0.5228,0,0
KRAS,Biolord,pooled,unresolvable,881,0.504,0.48519,0.52246,0,0
KRAS,Biolord,pooled,unresolvable_xfit,881,0.52873,0.50847,0.54793,0,0
KRAS,CellFlow,pooled,all,881,0.47102,0.45248,0.49013,0,0
KRAS,CellFlow,pooled,unresolvable,881,0.47102,0.45265,0.48905,0,0
KRAS,CellFlow,pooled,unresolvable_xfit,881,0.45909,0.43842,0.47872,0,0
KRAS,GBoost-esm,pooled,all,881,0.43871,0.42058,0.45594,0,0
KRAS,GBoost-esm,pooled,unresolvable,881,0.43871,0.42147,0.45615,0,0
KRAS,GBoost-esm,pooled,unresolvable_xfit,881,0.46369,0.44313,0.48378,0,0
KRAS,GBoost-esm+theta,pooled,all,881,0.44155,0.42416,0.45893,0,0
KRAS,GBoost-esm+theta,pooled,unresolvable,881,0.44155,0.42459,0.45932,0,0
KRAS,GBoost-esm+theta,pooled,unresolvable_xfit,881,0.4626,0.4436,0.48201,0,0
KRAS,GBoost-theta,pooled,all,881,0.46445,0.44642,0.48226,0,0
KRAS,GBoost-theta,pooled,unresolvable,881,0.46445,0.44584,0.48261,0,0
KRAS,GBoost-theta,pooled,unresolvable_xfit,881,0.45865,0.44033,0.47743,0,0
KRAS,Gene-mean,pooled,all,881,0.5,0.5,0.5,0,0
KRAS,Gene-mean,pooled,unresolvable,881,0.5,0.5,0.5,0,0
KRAS,Gene-mean,pooled,unresolvable_xfit,881,0.5,0.5,0.5,0,0
KRAS,KNN-esm,pooled,all,881,0.47384,0.45898,0.48947,0,0
KRAS,KNN-esm,pooled,unresolvable,881,0.47384,0.4585,0.48886,0,0
KRAS,KNN-esm,pooled,unresolvable_xfit,881,0.48309,0.46687,0.49847,0,0
KRAS,KNN-esm+theta,pooled,all,881,0.55879,0.54181,0.57681,0,0
KRAS,KNN-esm+theta,pooled,unresolvable,881,0.55879,0.54062,0.57686,0,0
KRAS,KNN-esm+theta,pooled,unresolvable_xfit,881,0.57573,0.55697,0.59383,0,0
KRAS,KNN-theta,pooled,all,881,0.53938,0.52191,0.55766,0,0
KRAS,KNN-theta,pooled,unresolvable,881,0.53938,0.52163,0.55814,0,0
KRAS,KNN-theta,pooled,unresolvable_xfit,881,0.55226,0.5328,0.57042,0,0
KRAS,Lasso-esm,pooled,all,881,0.5,0.5,0.5,0,0
KRAS,Lasso-esm,pooled,unresolvable,881,0.5,0.5,0.5,0,0
KRAS,Lasso-esm,pooled,unresolvable_xfit,881,0.5,0.5,0.5,0,0
KRAS,Lasso-esm+theta,pooled,all,881,0.5137,0.49521,0.53279,0,0
KRAS,Lasso-esm+theta,pooled,unresolvable,881,0.5137,0.49385,0.53354,0,0
KRAS,Lasso-esm+theta,pooled,unresolvable_xfit,881,0.51225,0.49167,0.53323,0,0
KRAS,Lasso-theta,pooled,all,881,0.5137,0.49596,0.53169,0,0
KRAS,Lasso-theta,pooled,unresolvable,881,0.5137,0.49493,0.53317,0,0
KRAS,Lasso-theta,pooled,unresolvable_xfit,881,0.51225,0.49097,0.53211,0,0
KRAS,MLP-esm,pooled,all,881,0.49164,0.47215,0.5126,0,0
KRAS,MLP-esm,pooled,unresolvable,881,0.49164,0.46992,0.5115,0,0
KRAS,MLP-esm,pooled,unresolvable_xfit,881,0.48191,0.46048,0.50377,0,0
KRAS,MLP-esm+theta,pooled,all,881,0.41942,0.40138,0.43847,0,0
KRAS,MLP-esm+theta,pooled,unresolvable,881,0.41942,0.40074,0.43849,0,0
KRAS,MLP-esm+theta,pooled,unresolvable_xfit,881,0.44541,0.42473,0.46527,0,0
KRAS,MLP-theta,pooled,all,881,0.4858,0.46728,0.50342,0,0
KRAS,MLP-theta,pooled,unresolvable,881,0.4858,0.46718,0.50477,0,0
KRAS,MLP-theta,pooled,unresolvable_xfit,881,0.4849,0.46519,0.50496,0,0
KRAS,PerturbNet,pooled,all,881,0.55633,0.53675,0.57528,0,0
KRAS,PerturbNet,pooled,unresolvable,881,0.55633,0.53591,0.57666,0,0
KRAS,PerturbNet,pooled,unresolvable_xfit,881,0.56624,0.54642,0.58631,0,0
KRAS,RF-esm,pooled,all,881,0.45176,0.43429,0.46815,0,0
KRAS,RF-esm,pooled,unresolvable,881,0.45176,0.43388,0.46934,0,0
KRAS,RF-esm,pooled,unresolvable_xfit,881,0.48773,0.46992,0.50525,0,0
KRAS,RF-esm+theta,pooled,all,881,0.46054,0.44227,0.47806,0,0
KRAS,RF-esm+theta,pooled,unresolvable,881,0.46054,0.44243,0.47841,0,0
KRAS,RF-esm+theta,pooled,unresolvable_xfit,881,0.48541,0.46576,0.50544,0,0
KRAS,RF-theta,pooled,all,881,0.47209,0.4537,0.48992,0,0
KRAS,RF-theta,pooled,unresolvable,881,0.47209,0.4546,0.49003,0,0
KRAS,RF-theta,pooled,unresolvable_xfit,881,0.47622,0.45626,0.49456,0,0
KRAS,Ridge-esm,pooled,all,881,0.45498,0.4363,0.47507,0,0
KRAS,Ridge-esm,pooled,unresolvable,881,0.45498,0.43461,0.47444,0,0
KRAS,Ridge-esm,pooled,unresolvable_xfit,881,0.46929,0.45019,0.48912,0,0
KRAS,Ridge-esm+theta,pooled,all,881,0.46754,0.44843,0.48714,0,0
KRAS,Ridge-esm+theta,pooled,unresolvable,881,0.46754,0.44924,0.48624,0,0
KRAS,Ridge-esm+theta,pooled,unresolvable_xfit,881,0.47465,0.45405,0.49525,0,0
KRAS,Ridge-theta,pooled,all,881,0.48576,0.46779,0.50459,0,0
KRAS,Ridge-theta,pooled,unresolvable,881,0.48576,0.46728,0.50512,0,0
KRAS,Ridge-theta,pooled,unresolvable_xfit,881,0.4858,0.46565,0.50506,0,0
KRAS,WT-null,pooled,all,881,0.5,0.5,0.5,0,0
KRAS,WT-null,pooled,unresolvable,881,0.5,0.5,0.5,0,0
KRAS,WT-null,pooled,unresolvable_xfit,881,0.5,0.5,0.5,0,0
KRAS,scGen,pooled,all,881,0.55313,0.53649,0.57164,0,0
KRAS,scGen,pooled,unresolvable,881,0.55313,0.53433,0.57155,0,0
KRAS,scGen,pooled,unresolvable_xfit,881,0.55122,0.53072,0.5712,0,0
KRAS,scVIDR,pooled,all,881,0.56406,0.54465,0.58307,0,0
KRAS,scVIDR,pooled,unresolvable,881,0.56406,0.54558,0.58331,0,0
KRAS,scVIDR,pooled,unresolvable_xfit,881,0.56094,0.54078,0.58128,0,0
TP53,Biolord,pooled,all,1293,0.52579,0.51003,0.54086,0,0
TP53,Biolord,pooled,unresolvable,1293,0.52579,0.5098,0.54051,0,0
TP53,Biolord,pooled,unresolvable_xfit,1293,0.51465,0.49752,0.53102,0,0
TP53,CellFlow,pooled,all,1293,0.49493,0.47859,0.51134,0,0
TP53,CellFlow,pooled,unresolvable,1293,0.49493,0.47934,0.51133,0,0
TP53,CellFlow,pooled,unresolvable_xfit,1293,0.4783,0.46202,0.49512,0,0
TP53,GBoost-esm,pooled,all,1293,0.55863,0.54243,0.57345,0,0
TP53,GBoost-esm,pooled,unresolvable,1293,0.55863,0.54336,0.57336,0,0
TP53,GBoost-esm,pooled,unresolvable_xfit,1293,0.53922,0.52273,0.55451,0,0
TP53,GBoost-esm+theta,pooled,all,1293,0.54696,0.53098,0.56268,0,0
TP53,GBoost-esm+theta,pooled,unresolvable,1293,0.54696,0.53191,0.56254,0,0
TP53,GBoost-esm+theta,pooled,unresolvable_xfit,1293,0.53245,0.5158,0.5493,0,0
TP53,GBoost-theta,pooled,all,1293,0.48309,0.4668,0.49882,0,0
TP53,GBoost-theta,pooled,unresolvable,1293,0.48309,0.46799,0.49807,0,0
TP53,GBoost-theta,pooled,unresolvable_xfit,1293,0.47696,0.46052,0.49256,0,0
TP53,Gene-mean,pooled,all,1293,0.5,0.5,0.5,0,0
TP53,Gene-mean,pooled,unresolvable,1293,0.5,0.5,0.5,0,0
TP53,Gene-mean,pooled,unresolvable_xfit,1293,0.5,0.5,0.5,0,0
TP53,KNN-esm,pooled,all,1293,0.44663,0.4332,0.46029,0,0
TP53,KNN-esm,pooled,unresolvable,1293,0.44663,0.43244,0.46003,0,0
TP53,KNN-esm,pooled,unresolvable_xfit,1293,0.43747,0.42207,0.45237,0,0
TP53,KNN-esm+theta,pooled,all,1293,0.43043,0.41609,0.44512,0,0
TP53,KNN-esm+theta,pooled,unresolvable,1293,0.43043,0.41539,0.44487,0,0
TP53,KNN-esm+theta,pooled,unresolvable_xfit,1293,0.42327,0.40672,0.43879,0,0
TP53,KNN-theta,pooled,all,1293,0.44029,0.42534,0.45491,0,0
TP53,KNN-theta,pooled,unresolvable,1293,0.44029,0.42554,0.45531,0,0
TP53,KNN-theta,pooled,unresolvable_xfit,1293,0.43491,0.41961,0.44983,0,0
TP53,Lasso-esm,pooled,all,1293,0.5,0.5,0.5,0,0
TP53,Lasso-esm,pooled,unresolvable,1293,0.5,0.5,0.5,0,0
TP53,Lasso-esm,pooled,unresolvable_xfit,1293,0.5,0.5,0.5,0,0
TP53,Lasso-esm+theta,pooled,all,1293,0.5341,0.51862,0.54901,0,0
TP53,Lasso-esm+theta,pooled,unresolvable,1293,0.5341,0.51855,0.54978,0,0
TP53,Lasso-esm+theta,pooled,unresolvable_xfit,1293,0.52903,0.51231,0.54458,0,0
TP53,Lasso-theta,pooled,all,1293,0.5341,0.5189,0.54956,0,0
TP53,Lasso-theta,pooled,unresolvable,1293,0.5341,0.51894,0.54889,0,0
TP53,Lasso-theta,pooled,unresolvable_xfit,1293,0.52903,0.51284,0.54497,0,0
TP53,MLP-esm,pooled,all,1293,0.50812,0.49136,0.52417,0,0
TP53,MLP-esm,pooled,unresolvable,1293,0.50812,0.49186,0.52466,0,0
TP53,MLP-esm,pooled,unresolvable_xfit,1293,0.50615,0.48914,0.52312,0,0
TP53,MLP-esm+theta,pooled,all,1293,0.52716,0.51194,0.54123,0,0
TP53,MLP-esm+theta,pooled,unresolvable,1293,0.52716,0.51202,0.54218,0,0
TP53,MLP-esm+theta,pooled,unresolvable_xfit,1293,0.52485,0.50847,0.54093,0,0
TP53,MLP-theta,pooled,all,1293,0.51962,0.50394,0.53537,0,0
TP53,MLP-theta,pooled,unresolvable,1293,0.51962,0.50485,0.53539,0,0
TP53,MLP-theta,pooled,unresolvable_xfit,1293,0.51009,0.49254,0.5266,0,0
TP53,PerturbNet,pooled,all,1293,0.51501,0.4986,0.53039,0,0
TP53,PerturbNet,pooled,unresolvable,1293,0.51501,0.49966,0.53065,0,0
TP53,PerturbNet,pooled,unresolvable_xfit,1293,0.51853,0.50236,0.53448,0,0
TP53,RF-esm,pooled,all,1293,0.5265,0.51161,0.54229,0,0
TP53,RF-esm,pooled,unresolvable,1293,0.5265,0.51033,0.54144,0,0
TP53,RF-esm,pooled,unresolvable_xfit,1293,0.51183,0.49507,0.52873,0,0
TP53,RF-esm+theta,pooled,all,1293,0.44389,0.42898,0.45889,0,0
TP53,RF-esm+theta,pooled,unresolvable,1293,0.44389,0.42874,0.45907,0,0
TP53,RF-esm+theta,pooled,unresolvable_xfit,1293,0.43524,0.4199,0.45115,0,0
TP53,RF-theta,pooled,all,1293,0.48963,0.47474,0.50477,0,0
TP53,RF-theta,pooled,unresolvable,1293,0.48963,0.47437,0.50425,0,0
TP53,RF-theta,pooled,unresolvable_xfit,1293,0.47725,0.46155,0.49288,0,0
TP53,Ridge-esm,pooled,all,1293,0.49316,0.47818,0.50767,0,0
TP53,Ridge-esm,pooled,unresolvable,1293,0.49316,0.47858,0.5079,0,0
TP53,Ridge-esm,pooled,unresolvable_xfit,1293,0.46926,0.45363,0.48495,0,0
TP53,Ridge-esm+theta,pooled,all,1293,0.51573,0.50082,0.53006,0,0
TP53,Ridge-esm+theta,pooled,unresolvable,1293,0.51573,0.50185,0.53086,0,0
TP53,Ridge-esm+theta,pooled,unresolvable_xfit,1293,0.49969,0.48374,0.51515,0,0
TP53,Ridge-theta,pooled,all,1293,0.51989,0.50488,0.53473,0,0
TP53,Ridge-theta,pooled,unresolvable,1293,0.51989,0.5053,0.53454,0,0
TP53,Ridge-theta,pooled,unresolvable_xfit,1293,0.50354,0.48874,0.51887,0,0
TP53,WT-null,pooled,all,1293,0.5,0.5,0.5,0,0
TP53,WT-null,pooled,unresolvable,1293,0.5,0.5,0.5,0,0
TP53,WT-null,pooled,unresolvable_xfit,1293,0.5,0.5,0.5,0,0
TP53,scGen,pooled,all,1293,0.53015,0.51567,0.5452,0,0
TP53,scGen,pooled,unresolvable,1293,0.53015,0.51431,0.54514,0,0
TP53,scGen,pooled,unresolvable_xfit,1293,0.52367,0.50864,0.54046,0,0
TP53,scVIDR,pooled,all,1293,0.51251,0.49737,0.52735,0,0
TP53,scVIDR,pooled,unresolvable,1293,0.51251,0.49709,0.52763,0,0
TP53,scVIDR,pooled,unresolvable_xfit,1293,0.50841,0.49139,0.52467,0,0
GATA1,split-half measurement,pooled,resolvable_xfit_shared,425,0.98824,0.98353,0.99265,0,0
GATA1,Biolord,pooled,resolvable_xfit_shared,425,0.57456,0.53895,0.61059,0,0
GATA1,CellFlow,pooled,resolvable_xfit_shared,425,0.53176,0.49061,0.57569,0,0
GATA1,GBoost-esm,pooled,resolvable_xfit_shared,425,0.65007,0.6124,0.68439,0,0
GATA1,GBoost-esm+theta,pooled,resolvable_xfit_shared,425,0.66132,0.62549,0.69831,0,0
GATA1,GBoost-theta,pooled,resolvable_xfit_shared,425,0.5902,0.55001,0.63177,0,0
GATA1,Gene-mean,pooled,resolvable_xfit_shared,425,0.5,0.5,0.5,0,0
GATA1,KNN-esm,pooled,resolvable_xfit_shared,425,0.5414,0.50176,0.58197,0,0
GATA1,KNN-esm+theta,pooled,resolvable_xfit_shared,425,0.56039,0.52225,0.59858,0,0
GATA1,KNN-theta,pooled,resolvable_xfit_shared,425,0.50517,0.4634,0.54713,0,0
GATA1,Lasso-esm,pooled,resolvable_xfit_shared,425,0.5,0.5,0.5,0,0
GATA1,Lasso-esm+theta,pooled,resolvable_xfit_shared,425,0.45777,0.4183,0.49556,0,0
GATA1,Lasso-theta,pooled,resolvable_xfit_shared,425,0.45777,0.41926,0.49556,0,0
GATA1,MLP-esm,pooled,resolvable_xfit_shared,425,0.495,0.465,0.52638,0,0
GATA1,MLP-esm+theta,pooled,resolvable_xfit_shared,425,0.60044,0.56695,0.63541,0,0
GATA1,MLP-theta,pooled,resolvable_xfit_shared,425,0.68814,0.64936,0.72632,0,0
GATA1,PerturbNet,pooled,resolvable_xfit_shared,425,0.58341,0.54088,0.62348,0,0
GATA1,RF-esm,pooled,resolvable_xfit_shared,425,0.65422,0.61225,0.69314,0,0
GATA1,RF-esm+theta,pooled,resolvable_xfit_shared,425,0.64743,0.60752,0.68952,0,0
GATA1,RF-theta,pooled,resolvable_xfit_shared,425,0.5174,0.47458,0.55846,0,0
GATA1,Ridge-esm,pooled,resolvable_xfit_shared,425,0.77978,0.7455,0.81119,0,0
GATA1,Ridge-esm+theta,pooled,resolvable_xfit_shared,425,0.59853,0.55968,0.63809,0,0
GATA1,Ridge-theta,pooled,resolvable_xfit_shared,425,0.51444,0.47539,0.55454,0,0
GATA1,WT-null,pooled,resolvable_xfit_shared,425,0.5,0.5,0.5,0,0
GATA1,scGen,pooled,resolvable_xfit_shared,425,0.64451,0.60592,0.68397,0,0
GATA1,scVIDR,pooled,resolvable_xfit_shared,425,0.82961,0.79755,0.86307,0,0
JAK1,split-half measurement,pooled,resolvable_xfit_shared,116,1.0,1.0,1.0,0,0
JAK1,Biolord,pooled,resolvable_xfit_shared,116,0.76221,0.70654,0.81484,0,0
JAK1,CellFlow,pooled,resolvable_xfit_shared,116,0.5361,0.47037,0.60346,0,0
JAK1,GBoost-esm,pooled,resolvable_xfit_shared,116,0.46713,0.4005,0.5379,0,0
JAK1,GBoost-esm+theta,pooled,resolvable_xfit_shared,116,0.54149,0.47215,0.61064,0,0
JAK1,GBoost-theta,pooled,resolvable_xfit_shared,116,0.59483,0.53304,0.65895,0,0
JAK1,Gene-mean,pooled,resolvable_xfit_shared,116,0.5,0.5,0.5,0,0
JAK1,KNN-esm,pooled,resolvable_xfit_shared,116,0.55639,0.51041,0.60273,0,0
JAK1,KNN-esm+theta,pooled,resolvable_xfit_shared,116,0.62267,0.55836,0.68858,0,0
JAK1,KNN-theta,pooled,resolvable_xfit_shared,116,0.588,0.52567,0.65015,0,0
JAK1,Lasso-esm,pooled,resolvable_xfit_shared,116,0.58549,0.51437,0.65463,0,0
JAK1,Lasso-esm+theta,pooled,resolvable_xfit_shared,116,0.55603,0.48869,0.62842,0,0
JAK1,Lasso-theta,pooled,resolvable_xfit_shared,116,0.58603,0.51866,0.6496,0,0
JAK1,MLP-esm,pooled,resolvable_xfit_shared,116,0.5643,0.49946,0.62787,0,0
JAK1,MLP-esm+theta,pooled,resolvable_xfit_shared,116,0.54544,0.47521,0.61638,0,0
JAK1,MLP-theta,pooled,resolvable_xfit_shared,116,0.63685,0.57489,0.70008,0,0
JAK1,PerturbNet,pooled,resolvable_xfit_shared,116,0.45312,0.37823,0.52963,0,0
JAK1,RF-esm,pooled,resolvable_xfit_shared,116,0.58387,0.51868,0.64639,0,0
JAK1,RF-esm+theta,pooled,resolvable_xfit_shared,116,0.56591,0.50502,0.63148,0,0
JAK1,RF-theta,pooled,resolvable_xfit_shared,116,0.57543,0.5061,0.64422,0,0
JAK1,Ridge-esm,pooled,resolvable_xfit_shared,116,0.60542,0.53951,0.66901,0,0
JAK1,Ridge-esm+theta,pooled,resolvable_xfit_shared,116,0.52029,0.4472,0.58873,0,0
JAK1,Ridge-theta,pooled,resolvable_xfit_shared,116,0.56717,0.49874,0.63488,0,0
JAK1,WT-null,pooled,resolvable_xfit_shared,116,0.5,0.5,0.5,0,0
JAK1,scGen,pooled,resolvable_xfit_shared,116,0.68696,0.62051,0.74911,0,0
