perturbation,detectable,identifiable,jointly_evaluable,separation,spread
"A1CF",True,False,False,24.1966,700.435
"AAAS",True,False,False,365.785,1616.86
"ABCA2",False,False,False,80.6723,704.939
"ABCA3",True,False,False,-225.739,430.833
"ABCA7",False,False,False,-179.685,718.227
"ABCB10",False,False,False,-69.3561,928.658
"ABCC10",False,False,False,182.061,1725.04
"ABCD1",True,False,False,-158.51,656.074
"ABCF2",False,False,False,51.8208,972.575
"ABCG1",False,False,False,-265.013,492.831
"ABHD13",False,False,False,-189.313,449.317
"ABHD16B",False,False,False,-45.6239,580.811
"ABHD17A",False,False,False,377.496,1481.85
"ABHD17C",True,False,False,180.784,931.475
"ABHD4",True,False,False,-47.7529,899.493
"ABL2",True,False,False,8.56565,808.203
"ABRAXAS1",True,False,False,30.4532,908.627
"ABRAXAS2",False,False,False,-46.248,731.258
"ACAA2",True,False,False,97.4388,1058.46
"ACACB",False,False,False,141.879,571.268
"ACAD8",False,False,False,114.764,1231.23
"ACAP3",False,False,False,-167.067,453.27
"ACBD5",True,False,False,-139.64,682.206
"ACHE",False,False,False,-223.769,436.947
"ACOT2",False,False,False,104.374,1146.29
"ACOT8",False,False,False,136.222,1271.85
"ACSF3",False,False,False,509.592,1250.04
"ACSL3",False,False,False,42.8707,1592.31
"ACSM2A",True,False,False,-232.651,335.074
"ACSM4",False,False,False,-159.947,503.576
"ACSM5",True,False,False,-137.04,666.689
"ACSS1",True,False,False,-82.1421,877.943
"ACSS2",False,False,False,-121.813,752.107
"ACSS3",False,False,False,38.6551,1075.26
"ACTA1",False,False,False,-9.61042,941.878
"ACTB",False,False,False,188.183,787.568
"ACTR1B",False,False,False,-128.158,549.384
"ACTR3B",False,False,False,360.084,2365.14
"ACVR1B",False,False,False,-100.954,615.747
"ACVR2A",True,False,False,116.875,2243.78
"ADAL",True,False,False,-154.426,352.233
"ADAM10",False,False,False,352.287,2146.45
"ADAM15",True,False,False,-31.9251,1114.85
"ADAM17",True,False,False,-24.9115,1206.39
"ADAM19",True,False,False,-189.844,830.112
"ADAM8",False,False,False,-135.074,559.544
"ADAMTS1",False,False,False,164.119,1212.13
"ADAMTS13",True,False,False,51.4598,1676.81
"ADAR",False,False,False,-165.376,480.707
"ADCY5",True,False,False,820.717,3123.72
"ADGRA3",False,False,False,389.191,2187.72
"ADGRL2",True,False,False,-128.705,749.728
"ADH5",False,False,False,-5.88834,1366.38
"ADI1",False,False,False,137.632,1220.56
"ADIPOR2",False,False,False,173.102,1469.37
"ADM5",True,False,False,23.3819,737.224
"ADO",True,False,False,250.958,1433.81
"ADRA2C",True,False,False,379.416,1813.92
"ADSS1",False,False,False,25.1033,1098.24
"ADSS2",False,False,False,81.0874,1225.97
"AFDN",False,False,False,-93.5599,835.883
"AFF2",False,False,False,34.5962,617.091
"AGAP3",False,False,False,173.819,1113.32
"AGAP4",True,False,False,87.8756,766.02
"AGBL5",False,False,False,-62.0802,652.743
"AGO2",False,False,False,-166.98,436.416
"AGO4",False,False,False,-179.795,486.916
"AGTPBP1",False,False,False,-216.26,358.047
"AGTRAP",True,False,False,-35.5654,531.609
"AICDA",False,False,False,-164.637,721.827
"AIFM1",True,False,False,178.891,1047.41
"AIMP1",False,False,False,153.835,1417.45
"AJM1",True,False,False,-22.649,958.133
"AJUBA",False,False,False,180.122,1727
"AK4",False,False,False,158.749,1262.18
"AKAP12",False,False,False,-85.579,615.081
"AKAP17A",False,False,False,147.381,1649.88
"AKR1A1",True,False,False,35.735,984.08
"AKT1S1",False,False,False,-69.6356,1204.95
"AKT2",False,False,False,202.718,1275.24
"ALDH18A1",False,False,False,92.8223,1617.93
"ALDH1B1",False,False,False,27.6745,723.43
"ALDH7A1",False,False,False,-258.271,495.675
"ALDOC",True,False,False,249.957,1183.54
"ALG12",False,False,False,-232.491,182.06
"ALKBH1",False,False,False,1043.98,1988.38
"ALKBH6",True,False,False,184.34,1705.43
"ALOX12",False,False,False,-129.158,508.345
"ALPG",False,False,False,229.251,1156.52
"ALS2",True,False,False,-193.446,416.389
"ALS2CL",True,False,False,-95.9319,807.854
"ALX1",False,False,False,5.32407,956.697
"ALX3",False,False,False,56.1599,764.223
"ALX4",False,False,False,171.814,1250.36
"AMFR",False,False,False,-51.8811,821.836
"AMIGO1",False,False,False,-183.551,685.556
"AMIGO2",True,False,False,-6.69141,1173.75
"AMMECR1",True,False,False,-198.899,633.945
"AMMECR1L",False,False,False,264.779,1472.9
"AMPD2",False,False,False,164.719,1168.09
"AMT",False,False,False,167.239,1226.8
"ANGEL2",False,False,False,32.1217,899.567
"ANKRD11",False,False,False,126.791,1182.73
"ANKRD13D",False,False,False,-68.544,814.963
"ANKRD16",True,False,False,-63.6093,936.691
"ANKRD27",False,False,False,-58.3501,918.645
"ANKRD39",False,False,False,8.13521,998.761
"ANKRD50",False,False,False,419.092,1578.05
"ANKRD63",True,False,False,-255.791,172.481
"ANKZF1",False,False,False,-87.0458,555.884
"ANO9",True,False,False,10.7791,952.38
"ANOS1",True,False,False,-70.1212,843.755
"ANP32E",False,False,False,44.8206,623.735
"ANTKMT",False,False,False,148.45,1382.89
"ANXA2",False,False,False,-120.411,981.987
"ANXA5",False,False,False,-16.6614,888.734
"ANXA9",False,False,False,-8.12279,1434.61
"AOC2",True,False,False,-17.9306,940.647
"AP2A1",False,False,False,143.3,1456.9
"AP2B1",True,False,False,471.423,1687.06
"AP4B1",False,False,False,-231.598,443.448
"AP5S1",True,False,False,0.1723,1636.64
"AP5Z1",False,False,False,82.5819,1474.95
"APBB1",False,False,False,-18.7633,1025.74
"APBB3",False,False,False,11.2783,573.435
"APCDD1L",False,False,False,149.529,934.931
"APEX2",False,False,False,52.7614,1130.66
"APOBEC1",False,False,False,-87.3575,1674.46
"APOBEC3D",True,False,False,220.528,2599.4
"APOBEC3G",False,False,False,98.6184,1419.46
"APOC1",False,False,False,215.32,919.369
"APOE",True,False,False,-139.65,681.748
"APPL1",False,False,False,411.982,1865.91
"APPL2",False,False,False,-270.995,428.523
"AQP3",True,False,False,55.9241,942.594
"ARFGEF2",True,False,False,-151.912,409.339
"ARHGAP11A",False,False,False,160.557,772.473
"ARHGAP27",False,False,False,-157.468,602.823
"ARHGAP35",False,False,False,9.97724,1178.58
"ARHGDIA",False,False,False,228.33,1724.79
"ARHGEF10L",True,False,False,-132.315,797.109
"ARHGEF12",False,False,False,-35.9512,698.074
"ARHGEF25",False,False,False,-26.4991,890.054
"ARHGEF35",False,False,False,71.0279,1026.08
"ARHGEF40",True,False,False,550.556,1398.5
"ARHGEF9",False,False,False,-154.179,707.911
"ARID1B",False,False,False,-148.109,539.775
"ARID2",True,False,False,-51.6704,804.522
"ARID4A",False,False,False,41.271,802.587
"ARID4B",True,False,False,-87.7613,441.538
"ARID5B",True,False,False,285.681,1390.4
"ARL4C",False,False,False,-47.763,1039.65
"ARL6IP4",False,False,False,104.678,899.085
"ARL6IP6",False,False,False,487.938,2143.33
"ARMC10",False,False,False,309.289,1260.16
"ARMC8",False,False,False,-146.588,570.1
"ARNT",False,False,False,223.155,1214.62
"ARNT2",False,False,False,191.332,1685.62
"ARPC5",True,False,False,18.192,1169.8
"ARPP19",False,False,False,431.25,1277.42
"ARRDC2",True,False,False,-37.6879,855.694
"ARSD",True,False,False,-136.716,707.271
"ART5",False,False,False,-110.898,542.587
"ARV1",True,False,False,127.194,1287.54
"ARVCF",False,False,False,33.5864,778.602
"AS3MT",False,False,False,18.3004,918.069
"ASAP3",False,False,False,448.98,2200.37
"ASB13",False,False,False,-111.68,681.765
"ASB16",False,False,False,-21.0759,687.235
"ASCC2",True,False,False,-152.62,652.955
"ASCL2",False,False,False,-284.055,362.178
"ASF1A",False,False,False,155.137,979.114
"ASH1L",False,False,False,-126.339,510.138
"ASMT",False,False,False,138.279,1107.55
"ASMTL",False,False,False,-36.8351,1059.33
"ASRGL1",True,False,False,-27.3298,855.268
"ASXL3",False,False,False,-172.984,519.341
"ATAD3A",False,False,False,29.9229,799.002
"ATAT1",False,False,False,178.169,933.534
"ATF2",False,False,False,-11.5266,918.531
"ATF7IP2",False,False,False,8.47005,617.933
"ATG4D",True,False,False,-176.461,643.225
"ATL3",False,False,False,-110.188,543.255
"ATM",False,False,False,-37.9376,823.998
"ATOH8",True,False,False,-40.1556,613.433
"ATOSB",False,False,False,-213.522,596.636
"ATP1A3",True,False,False,-39.1197,1028.17
"ATP1B2",False,False,False,285.41,1969.43
"ATP2B1",False,False,False,90.9883,989.564
"ATP5IF1",True,False,False,-186.098,459.055
"ATP5MC1",False,False,False,432.235,1520.02
"ATP6AP2",False,False,False,74.3271,1041.82
"ATP7B",False,False,False,-61.3666,781.303
"ATP8B2",True,False,False,41.6589,1181.22
"ATPAF1",False,False,False,-25.0224,868.473
"ATRX",False,False,False,-128.378,483.579
"ATXN3",False,False,False,-204.813,366.886
"AURKAIP1",False,False,False,259.678,1275.55
"AXIN1",False,False,False,124.722,994.943
"AXIN2",True,False,False,252.641,1383.18
"AXL",False,False,False,-149.717,659.588
"AZI2",False,False,False,-34.6941,685.436
"B3GALT6",False,False,False,-73.0679,528.67
"B3GNT2",False,False,False,79.8409,1101.22
"B4GALNT3",True,False,False,213.191,1944.96
"B4GALT4",False,False,False,61.6473,959.728
"BACE1",True,False,False,-115.988,885.417
"BACH1",False,False,False,-103.733,939.172
"BAG1",False,False,False,-19.1522,823.873
"BAG3",False,False,False,26.7022,1737.91
"BARHL1",True,False,False,24.6444,708.22
"BARX2",True,False,False,-34.6467,844.879
"BATF3",False,False,False,97.5777,943.29
"BCAM",True,False,False,-200.261,290.805
"BCAT1",False,False,False,-141.495,482.012
"BCAT2",False,False,False,-107.485,556.072
"BCL11B",True,False,False,-159.925,537.658
"BCL2L11",False,False,False,147.483,1146.92
"BCL3",False,False,False,-8.38047,1256.17
"BCL6B",False,False,False,138.536,1011.17
"BCL7A",True,False,False,-55.3509,536.281
"BCL9",False,False,False,432.698,1906.69
"BCOR",True,False,False,-66.3431,717.617
"BCORL1",False,False,False,236.269,1668.79
"BCR",False,False,False,-199.607,528.458
"BECN1",True,False,False,-205.925,565.305
"BEND3",False,False,False,-106.561,483.559
"BEND5",False,False,False,56.3772,732.326
"BET1L",False,False,False,320.081,1724.53
"BEX3",False,False,False,160.042,926.263
"BEX4",False,False,False,44.569,1056.89
"BHLHA15",False,False,False,54.9118,1046.63
"BHLHE22",False,False,False,184.724,1117.94
"BHLHE23",False,False,False,-243.397,241.759
"BHLHE41",False,False,False,-72.0369,733.226
"BHMT2",True,False,False,169.743,1740.93
"BICD1",False,False,False,-168.072,872.842
"BLOC1S1",False,False,False,-69.0834,887.052
"BLOC1S2",False,False,False,125.365,1578.57
"BLOC1S4",False,False,False,-73.1412,563.669
"BLZF1",False,False,False,0.647872,964.639
"BMAL2",True,False,False,-143.644,483.633
"BMF",False,False,False,-171.907,391.664
"BNIP2",False,False,False,-98.5238,630.278
"BNIP3",False,False,False,-152.392,755.929
"BOD1",False,False,False,8.29407,655.889
"BOLA3",False,False,False,-106.063,741.069
"BPGM",True,False,False,-82.254,1262.75
"BPHL",False,False,False,-276.124,220.332
"BPTF",False,False,False,48.9353,1231.16
"BRCC3",False,False,False,-6.88809,838.467
"BRD1",True,False,False,-121.253,631.688
"BRICD5",False,False,False,428.507,2070.91
"BROX",True,False,False,-43.2959,850.638
"BRPF3",False,False,False,-162.702,560.6
"BSPRY",True,False,False,-16.4045,915.747
"BSX",False,False,False,-108.049,414.735
"BTBD10",True,False,False,169.467,1292.26
"BTBD2",False,False,False,68.9903,689.734
"BTBD6",False,False,False,-114.157,779.952
"BTRC",True,False,False,-36.0812,809.476
"BZW1",False,False,False,75.8912,1325.99
"BZW2",False,False,False,-16.9588,855.723
"C10orf82",False,False,False,-43.4869,595.245
"C14orf119",False,False,False,-91.0887,542.701
"C15orf40",False,False,False,-109.759,509.445
"C15orf62",True,False,False,-29.9314,1551.72
"C16orf86",False,False,False,371.206,2214.93
"C1GALT1",False,False,False,-49.4993,545.74
"C1GALT1C1",False,False,False,355.057,1442.5
"C1orf159",False,False,False,318.064,2831.87
"C1orf174",False,False,False,211.483,1081.82
"C1orf198",False,False,False,127.199,1137.61
"C1orf50",False,False,False,-174.163,444.653
"C1orf56",False,False,False,109.441,817.844
"C1orf74",True,False,False,204.098,2102.75
"C21orf58",False,False,False,453.784,1770.67
"C21orf91",False,False,False,352.486,890.534
"C22orf15",False,False,False,281.061,1573.39
"C2CD2L",False,False,False,-297.714,218.087
"C2CD4B",False,False,False,-110.57,585.995
"C2orf15",True,False,False,-206.006,431.803
"C3orf80",False,False,False,-145.416,660.444
"C4orf3",True,False,False,441.944,1588.66
"C5orf15",False,False,False,-106.298,540.542
"C6orf120",False,False,False,31.186,846.075
"C6orf136",True,False,False,-126.106,616.488
"C6orf226",False,False,False,-152.107,491.072
"C6orf47",False,False,False,10.3709,729.209
"C7orf50",False,False,False,156.075,1013.77
"C8orf33",False,False,False,-131.242,415.969
"CAAP1",False,False,False,-144.963,626.816
"CABLES1",True,False,False,82.9911,1417.39
"CACNG7",False,False,False,-57.3051,1114.28
"CACYBP",False,False,False,38.3449,920.216
"CADM4",False,False,False,6.33242,1284.95
"CALB1",True,False,False,-207.458,414.142
"CALCOCO2",True,False,False,-102.367,638.684
"CALML4",True,False,False,244.649,1856.51
"CALR",False,False,False,-31.2412,570.184
"CAMKK2",False,False,False,53.566,521.234
"CAMLG",True,False,False,332.284,1641.35
"CAPN15",False,False,False,-44.8231,634.902
"CAPN7",False,False,False,-53.2466,963.766
"CAPRIN1",False,False,False,-308.545,159.175
"CAPRIN2",True,False,False,97.1115,791.981
"CARD10",True,False,False,180.163,1261.45
"CARD11",False,False,False,-73.8947,739.287
"CARNMT1",False,False,False,257.911,2283.04
"CASKIN2",True,False,False,235.042,1894.91
"CASP2",False,False,False,276.722,1783.87
"CASP3",False,False,False,586.286,1783.33
"CASP9",False,False,False,-54.3655,423.947
"CASTOR1",False,False,False,-119.825,468.857
"CASTOR2",False,False,False,88.0346,1149.73
"CAVIN4",False,False,False,-36.7619,1465.09
"CBARP",False,False,False,273.919,1672.06
"CBLL2",False,False,False,5.02677,680.451
"CBR4",True,False,False,106.27,1216.72
"CBX4",False,False,False,-95.4693,266.182
"CBX5",False,False,False,-15.647,822.038
"CBX6",False,False,False,258.578,1693.1
"CBY3",True,False,False,-268.88,322.643
"CC2D1B",False,False,False,240.51,1274.24
"CCAR1",False,False,False,96.294,1143.73
"CCAR2",False,False,False,-130.82,583.143
"CCDC107",False,False,False,14.4408,1188.33
"CCDC112",True,False,False,-92.6662,753.027
"CCDC127",True,False,False,-68.5762,1329.38
"CCDC14",True,False,False,408.032,2668.53
"CCDC142",True,False,False,37.5228,872.411
"CCDC163",False,False,False,-271.595,306.095
"CCDC177",False,False,False,-132.304,489.077
"CCDC184",False,False,False,-55.2366,855.778
"CCDC24",True,False,False,-51.1888,548.59
"CCDC28A",False,False,False,-162.44,271.101
"CCDC34",False,False,False,-243.09,377.745
"CCDC51",False,False,False,61.0172,1793.91
"CCDC69",False,False,False,-66.5635,601.278
"CCDC71L",True,False,False,-3.73235,927.856
"CCDC74A",False,False,False,-200.723,328.617
"CCDC77",True,False,False,-36.9648,590.683
"CCDC8",False,False,False,338.64,1032.41
"CCDC85B",False,False,False,-194.443,440.67
"CCDC87",True,False,False,-217.852,459.595
"CCDC88A",False,False,False,110.463,1264.36
"CCDC96",True,False,False,-233.882,449.259
"CCDC97",False,False,False,-150.207,623.136
"CCER2",False,False,False,-319.694,256.75
"CCN1",True,False,False,-99.6055,409.438
"CCN2",False,False,False,89.0785,809.999
"CCN3",False,False,False,-134.099,822.382
"CCNB2",False,False,False,-82.274,778.406
"CCND1",False,False,False,-229.089,434.869
"CCND3",True,False,False,-213.684,474.139
"CCNE2",True,False,False,15.632,624.219
"CCNG2",True,False,False,-90.5081,538.854
"CCNJ",False,False,False,-230.629,334.684
"CCNJL",False,False,False,-56.9944,742.404
"CCNL1",False,False,False,-17.7396,618.694
"CCNL2",True,False,False,-140.961,690.152
"CCNT2",False,False,False,-107.756,574.701
"CCNYL1",False,False,False,4.40189,733.545
"CCNYL2",False,False,False,-169.617,618.769
"CD24",False,False,False,273.697,1349.78
"CD276",False,False,False,77.0163,838.018
"CD320",False,False,False,11.8733,1009.08
"CD47",True,False,False,-172.124,349.258
"CD68",False,False,False,-94.4115,675.303
"CD7",False,False,False,-33.2006,661.397
"CD81",False,False,False,204.315,1579.05
"CD83",False,False,False,191.64,1338.52
"CDC42EP3",False,False,False,397.544,1578.98
"CDCA7",False,False,False,1244.72,3246.2
"CDCA7L",False,False,False,-61.1536,691.896
"CDH24",True,False,False,-222.03,364.168
"CDH3",False,False,False,218.159,1110.65
"CDIP1",True,False,False,167.314,2053.76
"CDK3",True,False,False,-1.30735,816.604
"CDK5R1",True,False,False,-181.695,571.849
"CDK6",False,False,False,55.7286,1115.18
"CDKN2A",True,False,False,134.477,1023.23
"CDKN2AIPNL",False,False,False,-33.5944,961.668
"CDKN3",False,False,False,689.216,2858.27
"CDON",True,False,False,74.5175,931.562
"CDR2",False,False,False,-85.4284,597.914
"CDR2L",False,False,False,57.4484,935.889
"CDS2",False,False,False,-239.832,296.151
"CDX1",True,False,False,80.1238,1001.43
"CDY1",False,False,False,173.142,1340.74
"CDY2A",False,False,False,-124.125,450.215
"CDYL",True,False,False,154.051,840.487
"CEL",True,False,False,130.387,936.926
"CELF3",False,False,False,-39.46,720.002
"CEND1",True,False,False,-135.998,581.318
"CENPU",False,False,False,139.619,650.014
"CENPVL1",False,False,False,9.58473,587.845
"CEP104",False,False,False,116.948,1284.28
"CEP170",True,False,False,-214.995,476.901
"CEP170B",False,False,False,-195.272,859.796
"CEP19",True,False,False,-222.902,420.143
"CEP43",True,False,False,-145.906,363.742
"CEP72",True,False,False,-213.812,326.313
"CERS2",False,False,False,-52.2174,1341.76
"CERS3",True,False,False,67.9361,2229.41
"CES3",True,False,False,-156.935,657.36
"CFAP126",True,False,False,160.709,944.092
"CFAP157",False,False,False,-92.0006,759.114
"CFP",True,False,False,-193.245,588.876
"CHAMP1",False,False,False,-135.991,623.134
"CHCHD3",False,False,False,178.919,1362.43
"CHCHD5",False,False,False,316.878,1671.05
"CHD2",True,False,False,-155.703,511.17
"CHD5",False,False,False,258.667,1801.41
"CHEK2",False,False,False,-94.113,846.968
"CHML",False,False,False,131.869,1393.88
"CHMP1A",False,False,False,-56.1109,694.906
"CHMP1B",False,False,False,68.2284,1152.63
"CHMP4B",False,False,False,299.396,1195.54
"CHP2",False,False,False,70.8104,1158.67
"CHPF",False,False,False,138.741,1659.56
"CHRAC1",False,False,False,-4.76284,1046.67
"CHRD",True,False,False,-244.522,447.009
"CHRNA10",False,False,False,-231.04,422.099
"CHRNB1",True,False,False,-79.2953,659.363
"CHRNB2",True,False,False,128.121,1168.99
"CHST15",True,False,False,-90.8977,266.653
"CHST4",False,False,False,60.5642,1025.9
"CHUK",False,False,False,-25.8415,933.193
"CIAO2A",False,False,False,129.983,935.664
"CIART",False,False,False,46.338,652.875
"CIB1",True,False,False,206.237,2009.13
"CIDEA",False,False,False,241.531,1561.34
"CIDEC",False,False,False,-126.799,685.746
"CIITA",False,False,False,-10.6739,898.666
"CIPC",False,False,False,-4.46974,676.122
"CIRBP",False,False,False,60.0923,859.139
"CITED2",False,False,False,-64.4267,493.364
"CIZ1",False,False,False,151.032,713.541
"CKAP2",False,False,False,217.772,1235.78
"CKAP4",False,False,False,79.2934,941.67
"CKB",False,False,False,-24.6514,673.928
"CKLF",False,False,False,237.155,1361.28
"CLASP1",False,False,False,-35.2425,1392.49
"CLASRP",False,False,False,198.192,1549.43
"CLDN15",False,False,False,65.4351,1219.28
"CLDN5",True,False,False,-130.058,945.667
"CLDN6",False,False,False,267.564,2065.2
"CLDN7",False,False,False,137.365,933.161
"CLDN9",False,False,False,-47.6739,1303.82
"CLDND2",False,False,False,16.2418,1511.43
"CLEC11A",False,False,False,-75.6575,582.875
"CLEC2D",True,False,False,673.558,2426.16
"CLIC1",False,False,False,-212.064,687.851
"CLIC4",True,False,False,-72.3293,831.593
"CLN3",False,False,False,-295.213,129.641
"CLPTM1L",False,False,False,160.962,1993.42
"CLPX",True,False,False,105.8,884.898
"CLTA",True,False,False,285.524,2294.24
"CLTB",False,False,False,-208.778,449.649
"CLU",False,False,False,302.971,1482.91
"CMTM3",False,False,False,-105.502,857.636
"CMTM4",False,False,False,67.5301,770.104
"CMTM6",True,False,False,-167.107,716.764
"CNMD",False,False,False,-175.63,416.764
"CNN3",False,False,False,-225.534,284.965
"CNNM2",True,False,False,-276.108,203.36
"CNOT6L",False,False,False,-45.1277,754.823
"CNOT8",True,False,False,97.6365,1053.95
"CNPY2",False,False,False,218.726,1946.21
"COA5",True,False,False,-89.7176,444.138
"COA6",False,False,False,-106.879,621.732
"COASY",False,False,False,-15.2437,944.625
"COBL",True,False,False,-131.976,626.816
"COL6A1",False,False,False,54.2276,1053.26
"COL7A1",False,False,False,168.868,1338.02
"COL9A3",False,False,False,25.2875,1251.66
"COMMD5",True,False,False,133.744,1615.4
"COMMD9",False,False,False,-2.84459,810.592
"COPG2",True,False,False,-83.247,936.502
"COPS7B",False,False,False,-18.4151,932.728
"COQ10A",False,False,False,0.292049,1045.58
"COQ2",True,False,False,-183.915,520.784
"COQ4",True,False,False,138.402,517.037
"COQ7",False,False,False,-24.3006,638.827
"COX14",False,False,False,-144.151,704.458
"COX17",False,False,False,318.71,2196.3
"COX5B",False,False,False,179.733,918.498
"COX6B2",True,False,False,-149.036,862.767
"COX7A2",False,False,False,-44.5021,915.696
"COX7A2L",True,False,False,-207.529,294.26
"COX8A",False,False,False,300.856,1840.66
"CPEB3",False,False,False,-157.47,458.566
"CPNE3",True,False,False,11.9254,920.781
"CPNE7",True,False,False,-277.282,335.195
"CPS1",True,False,False,-35.4172,707.018
"CPSF7",False,False,False,46.6979,774.747
"CRABP1",False,False,False,-17.5292,1099.11
"CRB2",False,False,False,607.229,2463.78
"CREB3",False,False,False,-29.949,838.869
"CREB3L3",False,False,False,-59.7493,1060.39
"CREBZF",False,False,False,46.4615,1009.79
"CREG1",False,False,False,-81.3755,575.757
"CRELD1",False,False,False,103.896,1252.72
"CRELD2",False,False,False,17.7791,1256.16
"CREM",False,False,False,-215.587,452.044
"CRK",False,False,False,-141.455,281.95
"CRTC1",True,False,False,-100.791,625.13
"CRTC3",False,False,False,-130.962,800.758
"CRY1",True,False,False,-69.8444,512.148
"CRYGD",False,False,False,47.0831,977.857
"CSDC2",False,False,False,147.242,1044.83
"CSF1",True,False,False,-148.894,500.031
"CTDSP1",False,False,False,408.094,2093.74
"CTNNB1",False,False,False,-66.8674,880.137
"CTNS",False,False,False,100.19,835.978
"CTPS2",False,False,False,-79.8029,783.532
"CTSF",False,False,False,-134.566,878.202
"CTSH",True,False,False,-72.6314,837.705
"CTSV",True,False,False,-196.05,510.745
"CTXN1",False,False,False,41.2579,1544.62
"CUL7",False,False,False,-35.1174,824.737
"CUX2",False,False,False,-86.0214,730.598
"CX3CL1",False,False,False,-71.926,399.719
"CXXC5",True,False,False,-129.532,537.102
"CYB561D1",False,False,False,12.7958,1098.37
"CYB5R3",True,False,False,133.376,741.617
"CYBRD1",False,False,False,-136.896,336.171
"CYC1",False,False,False,-110.041,560.252
"CYFIP2",True,False,False,-105.444,1246.97
"CYP2R1",True,False,False,-200.367,626.75
"CYP2U1",True,False,False,126.87,730.396
"CYRIB",False,False,False,-87.1383,819.44
"CYSRT1",False,False,False,-15.7797,1119.74
"DACH1",False,False,False,-99.3778,836.2
"DACT2",True,False,False,-1.28429,1035.66
"DAGLB",False,False,False,-5.88702,884.805
"DALRD3",False,False,False,12.421,1919.66
"DAP",False,False,False,-104.827,886.127
"DAZAP1",False,False,False,680.22,2636.29
"DAZAP2",True,False,False,-125.984,595.481
"DBF4B",True,False,False,-235.645,446.735
"DBNDD2",True,False,False,-243.89,338.039
"DBX2",True,False,False,160.044,897.633
"DCAF5",False,False,False,50.1223,678.138
"DCP1A",False,False,False,-136.503,815.203
"DCP2",True,False,False,-77.182,396.804
"DCXR",False,False,False,-79.5814,1132.36
"DDA1",True,False,False,-172.321,403.129
"DDIT4",False,False,False,93.6547,1032.76
"DDR1",False,False,False,1.74179,719.023
"DDRGK1",False,False,False,130.43,1121.99
"DDX19B",False,False,False,-110.221,801.918
"DDX25",False,False,False,117.675,701.205
"DDX3Y",False,False,False,-135.651,697.113
"DDX43",False,False,False,-69.7628,515.538
"DDX5",False,False,False,45.0683,693.574
"DDX60",False,False,False,-34.4953,627.753
"DDX60L",False,False,False,42.3104,1537.96
"DEAF1",True,False,False,-141.923,578.223
"DEGS1",True,False,False,-84.996,790.941
"DEK",False,False,False,61.4761,943.624
"DENND11",False,False,False,120.427,1347.7
"DENND1C",False,False,False,51.7964,976.843
"DENND4A",False,False,False,60.1831,870.567
"DENND5A",True,False,False,-239.114,448.38
"DEPDC1B",False,False,False,89.8617,1412.15
"DERL1",False,False,False,489.495,1339.24
"DGKQ",False,False,False,9.06803,1069.28
"DGUOK",False,False,False,388.084,1550.86
"DHCR24",False,False,False,-95.4111,470.197
"DHRS13",False,False,False,139.479,1418.48
"DHRS7B",True,False,False,-232.447,295.37
"DHTKD1",False,False,False,-90.0155,432.387
"DHX32",False,False,False,-134.05,492.682
"DHX36",False,False,False,202.473,1128.88
"DHX57",True,False,False,193.23,1934.59
"DIABLO",True,False,False,-49.9315,547.376
"DICER1",True,False,False,-205.947,709.074
"DIDO1",False,False,False,242.076,994.153
"DIP2A",False,False,False,-1.55779,656.009
"DIS3L",False,False,False,-13.1563,1261.56
"DLST",False,False,False,-15.6899,1440.56
"DLX2",True,False,False,-125.919,601.916
"DMPK",False,False,False,64.6063,1043.75
"DMRT3",False,False,False,126.969,2313.14
"DMRTA1",False,False,False,201.35,650.281
"DMTF1",True,False,False,-60.6284,435.332
"DNAAF2",True,False,False,-100.46,780.607
"DNAAF9",False,False,False,-72.0497,836.393
"DNAJB11",False,False,False,-124.113,856.357
"DNAJB2",False,False,False,30.7162,779.98
"DNAJC1",False,False,False,-22.1711,1155.77
"DNAJC11",False,False,False,-63.348,1072.61
"DNAJC14",True,False,False,-131.619,523.226
"DNAJC18",True,False,False,-163.484,654.772
"DNAJC21",False,False,False,-67.9611,668.739
"DNAJC28",True,False,False,-316.719,337.445
"DNAJC3",False,False,False,-205.74,428.152
"DNAJC4",True,False,False,14.7702,628.813
"DNAJC5",False,False,False,190.562,1939.28
"DNASE1L1",False,False,False,-73.3379,594.77
"DNASE2",False,False,False,-92.7517,1079.93
"DNER",False,False,False,51.0764,804.199
"DNLZ",False,False,False,200.665,1221.82
"DNMT3B",False,False,False,88.8321,1302.71
"DOK3",True,False,False,-121.493,707.242
"DOT1L",True,False,False,198.855,1849.25
"DPF1",False,False,False,178.506,1339.68
"DPF2",True,False,False,-135.872,495.823
"DPH5",False,False,False,74.7104,725.822
"DPH6",False,False,False,-169.396,508.089
"DPM3",False,False,False,-168.236,466.463
"DPP9",True,False,False,-6.95091,634.79
"DPRX",False,False,False,-73.3241,535.942
"DPY19L3",False,False,False,22.4226,923.845
"DQX1",True,False,False,84.0843,1173.1
"DRAM2",True,False,False,-51.8085,1304.38
"DRAXIN",True,False,False,-73.7685,997.394
"DTD2",False,False,False,-177.084,473.673
"DTX1",False,False,False,-150.539,561.403
"DTX3",True,False,False,172.154,1044.83
"DUS4L",False,False,False,262.869,1593.22
"DUSP1",False,False,False,30.8781,804.475
"DUSP16",True,False,False,-75.1462,473.745
"DUSP22",False,False,False,-225.839,525.612
"DUSP23",False,False,False,-34.4551,884.779
"DUSP5",False,False,False,49.3864,1039.59
"DUSP9",False,False,False,-45.2225,828.908
"DUX4",False,False,False,-85.9444,615.384
"DUXA",False,False,False,-121.05,658.498
"DVL2",True,False,False,-80.753,950.65
"DYNC1LI2",False,False,False,92.1874,985.872
"DYNLL1",False,False,False,87.3647,695.242
"DYNLT1",False,False,False,122.522,1152.96
"DYNLT3",False,False,False,234.859,1484.21
"DYRK2",False,False,False,113.174,1503.37
"E2F3",False,False,False,-219.523,362.443
"E2F5",False,False,False,-131.705,602.42
"E2F7",True,False,False,130.352,1034.04
"EAF2",False,False,False,19.02,945.53
"EBAG9",False,False,False,-164.786,571.463
"EBF3",False,False,False,-198.308,335.865
"EBLN2",True,False,False,-243.196,329.905
"ECE2",False,False,False,-81.519,576.417
"ECEL1",False,False,False,-142.51,517.79
"ECH1",False,False,False,-30.3717,800.621
"ECI1",False,False,False,48.2006,1400.55
"ECI2",False,False,False,-43.2012,1103.14
"ECPAS",True,False,False,-288.488,390.163
"ECSCR",True,False,False,26.5897,979.482
"EDEM2",False,False,False,-94.4717,851.823
"EED",False,False,False,193.591,837.608
"EEF1AKMT2",False,False,False,58.0275,984.447
"EEF1AKMT3",True,False,False,-193.336,292.071
"EEF1B2",False,False,False,151.717,1494.85
"EEF2KMT",False,False,False,-74.3125,779.961
"EEIG1",True,False,False,94.6216,742.867
"EEIG2",False,False,False,-189.728,772.05
"EFNA3",True,False,False,29.6177,1143.19
"EFNA4",False,False,False,7.60517,556.119
"EFNB3",False,False,False,-150.276,416.778
"EFR3A",False,False,False,-54.4836,806.51
"EGFL7",False,False,False,81.74,1193.06
"EHD1",False,False,False,-103.871,536.206
"EHD2",False,False,False,299.692,2189.06
"EHD3",True,False,False,-47.0862,690.212
"EHF",False,False,False,113.219,1304.25
"EHMT1",False,False,False,-71.2723,464.115
"EI24",False,False,False,68.5765,762.177
"EID2",False,False,False,6.34335,627.575
"EID3",False,False,False,-115.232,685.029
"EIF2AK1",True,False,False,181.739,1889.41
"EIF2AK4",False,False,False,69.4831,1176.42
"EIF2D",False,False,False,217.252,1806.01
"EIF4EBP1",False,False,False,81.3655,1337.61
"ELAC1",False,False,False,42.263,541.726
"ELAVL1",False,False,False,63.216,943.259
"ELF3",False,False,False,-14.5505,633.836
"ELK3",False,False,False,76.8262,1219.79
"ELK4",False,False,False,73.2381,988.489
"ELL2",False,False,False,284.705,1560.59
"ELMO2",True,False,False,-188.436,458.253
"ELMOD2",False,False,False,228.028,1698.85
"ELOA",False,False,False,-161.129,450.6
"ELOVL5",False,False,False,-117.447,478.968
"ELOVL6",False,False,False,-60.3985,401.169
"ELP1",False,False,False,-192.27,410.356
"EMB",False,False,False,96.4372,1127.48
"EMC7",True,False,False,25.6613,1079.94
"EMC8",False,False,False,66.4833,1364.75
"EMC9",False,False,False,38.051,1290.14
"EMD",True,False,False,208.651,1291.11
"EMILIN3",False,False,False,-254.349,445.724
"EMSY",True,False,False,660.209,1541.53
"ENAH",False,False,False,133.556,825.23
"ENDOV",True,False,False,-61.6087,541.125
"ENKD1",False,False,False,-14.8326,706.809
"ENO1",True,False,False,27.6415,732.106
"ENO2",False,False,False,-113.432,567.333
"ENO3",True,False,False,-173.17,884.005
"ENOPH1",False,False,False,293.912,1651.57
"ENPP4",False,False,False,-144.949,575.669
"ENTPD2",False,False,False,-164.047,507.112
"ENTPD4",False,False,False,106.07,1133.69
"ENTR1",False,False,False,-66.7103,1113.07
"EOMES",True,False,False,3.58493,1048.4
"EPB41L5",False,False,False,-174.303,500.736
"EPC1",True,False,False,92.5701,840.495
"EPC2",True,False,False,-59.8651,990.752
"EPHA2",True,False,False,-240.388,386.921
"EPHB6",False,False,False,59.7767,664.811
"EPHX1",False,False,False,30.8298,710.306
"EPM2AIP1",True,False,False,-141.515,836.12
"ERAL1",True,False,False,783.391,3263.62
"ERBB4",True,False,False,207.589,1482.35
"ERCC5",False,False,False,-72.8374,721.204
"ERCC6L2",False,False,False,-140.711,633.884
"ERCC8",False,False,False,-62.0819,626.826
"ERF",True,False,False,2.0173,931.428
"ERG",False,False,False,-55.4935,789.177
"ERG28",False,False,False,127.461,1092.39
"ERGIC3",False,False,False,45.9967,1060.31
"ERI2",False,False,False,-113.467,655.13
"ERLIN1",False,False,False,31.3461,1248.71
"ERMP1",True,False,False,-151.457,600.219
"ERO1A",True,False,False,40.8398,1304.63
"ERV3-1",False,False,False,90.0105,1105
"ERVK3-1",True,False,False,-35.5939,1039.78
"ERVMER34-1",True,False,False,-158.716,652.122
"ESRP2",False,False,False,-19.0897,618.459
"ESYT2",False,False,False,-2.02028,1005.66
"ETNK1",False,False,False,-17.8629,1133.46
"ETNK2",False,False,False,-73.4085,1021.39
"ETS1",False,False,False,17.1742,619.563
"EVA1B",False,False,False,87.2731,782.967
"EVI5L",False,False,False,-10.5211,996.062
"EVX2",False,False,False,-129.238,290.432
"EXOG",True,False,False,-49.2169,635.021
"EYA2",False,False,False,318.497,2183.36
"EYA4",False,False,False,-122.492,790.278
"F2R",True,False,False,-42.4501,551.885
"FAAH",False,False,False,-69.9669,890.109
"FAAP100",True,False,False,-163.336,831.318
"FABP5",False,False,False,498.5,1854.49
"FADS1",False,False,False,116.864,1372.54
"FAM104A",False,False,False,66.7928,829.224
"FAM120B",False,False,False,-84.9459,476.683
"FAM131A",False,False,False,205.325,919.838
"FAM136A",False,False,False,187.628,1515.58
"FAM167B",True,False,False,492.049,2907.14
"FAM170A",True,False,False,244.176,1423.17
"FAM193A",False,False,False,-176.866,417.279
"FAM199X",True,False,False,25.8991,875.365
"FAM200B",True,False,False,-57.9948,629.644
"FAM20B",False,False,False,11.7062,1018.6
"FAM216A",False,False,False,478.314,2904.45
"FAM219B",False,False,False,205.6,1212.77
"FAM221A",False,False,False,-131.374,490.456
"FAM3A",False,False,False,-153.253,598.518
"FAM43B",True,False,False,-48.9247,1003.76
"FAM50B",False,False,False,-120.441,652.61
"FAM72A",True,False,False,-189.613,457.312
"FAM76B",False,False,False,-213.018,359.949
"FAM83F",False,False,False,-199.452,291.892
"FAM86B1",True,False,False,43.6582,555.351
"FAM89B",False,False,False,299.904,1271.46
"FAM98C",False,False,False,-57.8295,664.963
"FANCG",False,False,False,-42.8232,773.523
"FARP1",False,False,False,-153.378,636.402
"FARS2",False,False,False,268.328,1529.27
"FASTKD3",False,False,False,199.14,858.482
"FBLIM1",False,False,False,55.2852,834.062
"FBLN2",False,False,False,129.52,384.946
"FBXL14",True,False,False,-81.7299,607.753
"FBXL3",False,False,False,388.481,1734.63
"FBXL6",False,False,False,-121.887,551.788
"FBXO31",False,False,False,-86.3663,461.924
"FBXO46",False,False,False,-51.7024,673.523
"FBXO7",True,False,False,445.855,1249.02
"FBXW11",False,False,False,193.047,1755.08
"FBXW9",False,False,False,-15.5801,1078.49
"FCHSD1",False,False,False,129.125,1748.06
"FDX1",False,False,False,109.909,1148.16
"FDXACB1",False,False,False,204.927,1232.85
"FEM1C",False,False,False,-128.943,684.988
"FEN1",False,False,False,333.751,894.766
"FERMT2",False,False,False,207.25,1831.24
"FEV",False,False,False,412.548,2382.58
"FEZF2",False,False,False,38.721,921.329
"FGF2",False,False,False,-286.472,248.925
"FGF21",True,False,False,-269.376,196.424
"FGFR3",False,False,False,198.149,1780.03
"FGFR4",False,False,False,26.2978,605.773
"FGFRL1",True,False,False,-98.4984,437.467
"FH",False,False,False,-81.5396,704.575
"FHDC1",True,False,False,-51.9003,661.761
"FHIP1B",False,False,False,52.1362,1029.68
"FHL3",False,False,False,113.37,1202.93
"FKBP14",True,False,False,-48.697,1257.68
"FKBP15",False,False,False,24.9924,1240.03
"FKBP2",False,False,False,-122.841,470.316
"FKBP4",False,False,False,137.443,1447
"FKBP7",True,False,False,-89.0378,513.401
"FKRP",False,False,False,34.8261,885.709
"FLNC",True,False,False,-235.499,479.879
"FLOT2",False,False,False,-106.276,830.933
"FLT4",True,False,False,-78.6316,596.393
"FLYWCH2",True,False,False,-181.049,390.502
"FN3K",True,False,False,-272.189,243.311
"FNDC10",False,False,False,-87.5216,1181.35
"FOS",False,False,False,-50.5174,443.334
"FOSL1",False,False,False,138.523,1305.65
"FOXB1",True,False,False,197.957,690.311
"FOXB2",False,False,False,329.551,1694.31
"FOXD2",True,False,False,-38.4728,1097.18
"FOXD4",False,False,False,-115.844,828.669
"FOXD4L3",False,False,False,9.84286,870.597
"FOXD4L4",False,False,False,467.141,2029.55
"FOXD4L5",True,False,False,306.294,1849.92
"FOXI1",False,False,False,-19.0911,685.507
"FOXI2",False,False,False,-166.479,275.155
"FOXJ2",False,False,False,-65.5056,916.615
"FOXK2",False,False,False,-29.4677,788.16
"FOXL2NB",False,False,False,252.195,1207.7
"FOXL3",False,False,False,-74.8808,665.077
"FOXN1",False,False,False,54.51,1547.15
"FOXN2",False,False,False,26.7335,864.085
"FOXO1",False,False,False,37.5414,1161.97
"FOXO6",False,False,False,296.842,2094.21
"FOXP1",True,False,False,54.5786,817.929
"FOXP4",False,False,False,244.065,1695.84
"FOXRED2",False,False,False,-46.6951,1011.3
"FSCN1",True,False,False,-210.132,452.495
"FST",False,False,False,151.582,1823.64
"FSTL1",True,False,False,40.3094,1394.46
"FTH1",False,False,False,73.7053,1381.78
"FTSJ1",True,False,False,-169.241,365.025
"FUOM",False,False,False,-0.743611,767.158
"FUS",True,False,False,-137.328,556.96
"FUT10",False,False,False,-82.2102,614.392
"FXR1",True,False,False,-89.3507,778.871
"FXR2",True,False,False,84.5812,940.634
"FXYD1",False,False,False,158.912,641.691
"FXYD5",False,False,False,-24.0022,987.933
"FXYD6",False,False,False,-132.373,677.622
"FZD2",True,False,False,-214.725,408.56
"FZD9",True,False,False,92.6993,668.966
"G3BP2",False,False,False,60.7014,938.484
"GABPB1",False,False,False,-53.7863,556.139
"GABRE",False,False,False,-140.175,636.74
"GABRG1",False,False,False,-0.245237,566.557
"GADD45B",False,False,False,-194.434,622.868
"GAL3ST3",True,False,False,80.9245,1071.34
"GALK1",True,False,False,126.868,893.164
"GALNT11",True,False,False,-2.96922,792.479
"GALNT12",False,False,False,42.8956,953.318
"GALNT2",False,False,False,7.7734,661.225
"GALNT7",False,False,False,-154.342,420.319
"GAMT",True,False,False,-228.046,290.594
"GARIN5A",True,False,False,-142.484,451.087
"GAS1",True,False,False,-15.6046,815.217
"GAS8",True,False,False,-279.14,412.013
"GATA1",True,False,False,-72.9079,756.274
"GATA3",False,False,False,52.1963,962.679
"GATA4",False,False,False,-61.9432,583.925
"GATAD2A",False,False,False,66.8746,993.351
"GATB",True,False,False,127.012,1110.98
"GATD1",False,False,False,84.3628,1016.38
"GBX1",True,False,False,84.4073,1594.3
"GCC1",False,False,False,55.9066,1199.01
"GCLC",False,False,False,-142.687,981.776
"GCLM",False,False,False,-59.15,646.299
"GCM2",False,False,False,15.8268,853.575
"GCSAM",True,False,False,-50.2978,1448.02
"GEMIN4",False,False,False,183.271,861.418
"GET4",False,False,False,-46.6423,827.306
"GFER",False,False,False,170.113,2438.12
"GFPT1",False,False,False,82.2659,1206.34
"GFUS",False,False,False,-205.505,322.46
"GGA2",False,False,False,90.2516,1443.27
"GIGYF1",True,False,False,365.724,771.134
"GINM1",False,False,False,-30.8001,737.573
"GIPC1",True,False,False,-2.80096,920.311
"GJA1",False,False,False,316.301,1552.4
"GJB3",True,False,False,-130.002,295.716
"GJB5",False,False,False,-246.083,818.574
"GK3",False,False,False,-65.8539,1221.91
"GLA",True,False,False,-298.877,209.263
"GLG1",False,False,False,299.038,1322.16
"GLI1",False,False,False,85.0518,1138.24
"GLI4",True,False,False,82.1194,823.778
"GLIS1",False,False,False,-39.7597,842.163
"GLIS2",True,False,False,-62.2499,857.783
"GLMP",False,False,False,-59.1193,450.989
"GLRX5",True,False,False,108.934,1162.96
"GLT8D1",False,False,False,283.332,1701.21
"GLTP",False,False,False,-69.2548,502.169
"GLYCTK",False,False,False,403.204,1743.07
"GLYR1",False,False,False,-22.8558,783.29
"GMCL1",False,False,False,-45.7741,809.973
"GMCL2",False,False,False,42.281,1023.12
"GMEB1",False,False,False,-84.6428,834.351
"GMPPA",False,False,False,-65.2693,782.659
"GMPPB",False,False,False,-184.697,369.642
"GMPS",True,False,False,-265.932,236.157
"GNA13",False,False,False,-197.822,361.229
"GNAI2",False,False,False,102.125,1214.67
"GNAZ",True,False,False,-21.6701,951.069
"GNB1",False,False,False,203.56,1249.94
"GNB2",False,False,False,112.692,776.402
"GNB3",False,False,False,-50.8949,744.623
"GNB5",False,False,False,-101.464,1025.28
"GNG11",True,False,False,-283.685,373.134
"GNG13",False,False,False,-115.679,454.021
"GNG14",True,False,False,-47.6665,877.589
"GNG2",False,False,False,-179.401,549.291
"GNG4",False,False,False,-237.812,444.028
"GNMT",False,False,False,133.419,835.635
"GNPDA1",False,False,False,-8.44651,647.311
"GNRH1",False,False,False,-209.789,335.789
"GOLGA2",True,False,False,-178.138,465.702
"GOLGA6A",False,False,False,-24.3521,486.29
"GOLGA8B",True,False,False,-173.37,618.653
"GOLM2",False,False,False,95.3368,834.164
"GOLPH3",False,False,False,-77.667,766.71
"GON7",False,False,False,88.5712,1169.97
"GOPC",True,False,False,39.4192,717.884
"GORASP1",False,False,False,266.576,1193.82
"GOT1",False,False,False,31.5919,800.661
"GPAA1",False,False,False,-273.535,339.615
"GPAT4",False,False,False,-136.981,366.716
"GPATCH3",False,False,False,-28.7138,904.246
"GPBP1",False,False,False,6.4974,581.912
"GPBP1L1",False,False,False,-76.9416,670.392
"GPC2",False,False,False,57.4411,2084.54
"GPD2",True,False,False,-206.279,274.489
"GPM6B",False,False,False,-169.9,682.788
"GPR107",False,False,False,67.0893,930.579
"GPR137",False,False,False,49.1046,1080.76
"GPR143",True,False,False,-166.854,441.684
"GPR162",True,False,False,-15.6072,802.444
"GPR176",False,False,False,-64.9728,755.075
"GPR37",False,False,False,71.9417,657.233
"GPR62",False,False,False,-18.7753,473.566
"GPR75",False,False,False,-171.207,627.526
"GPR89A",True,False,False,-152.256,631.428
"GPRC5B",False,False,False,109.14,1146.02
"GPRIN1",False,False,False,-205.382,315.679
"GPRIN2",False,False,False,105.592,1430.02
"GPSM1",False,False,False,159.64,1041.94
"GPT2",False,False,False,299.882,1993.6
"GPX8",True,False,False,183.603,1804.45
"GRB10",True,False,False,-99.6561,457.528
"GRHPR",False,False,False,226.44,2772.64
"GRIPAP1",False,False,False,35.9507,1345.99
"GRK6",False,False,False,8.43596,1424.57
"GRM4",False,False,False,-88.8969,693.146
"GRPEL2",True,False,False,356.772,1702.92
"GSE1",False,False,False,-204.927,298.397
"GSKIP",False,False,False,105.884,790.744
"GSN",True,False,False,-207.584,260.129
"GSPT2",False,False,False,194.738,1417.33
"GSR",True,False,False,82.8869,1087.72
"GSTK1",False,False,False,-91.4078,648.39
"GSTP1",False,False,False,476.021,1753.47
"GSX1",True,False,False,-18.0478,945.704
"GTF2A1L",False,False,False,-188.217,287.861
"GTF3C4",False,False,False,28.4879,525.09
"GTF3C5",False,False,False,-117.462,354.855
"GTPBP1",False,False,False,433.092,2215.96
"GTPBP2",True,False,False,67.8209,1372.38
"GUCD1",True,False,False,18.973,958.146
"GUSB",False,False,False,162.348,1145.84
"GYS1",False,False,False,181.03,966.114
"GZF1",False,False,False,-238.286,379.018
"H1-0",False,False,False,76.7307,1245.24
"H1-3",False,False,False,40.364,941.628
"H2AB1",True,False,False,-296.192,327.204
"H2AB2",False,False,False,-170.094,541.542
"H2AC16",False,False,False,-73.3552,595.771
"H2AC17",False,False,False,201.513,1210.1
"H2AC19",False,False,False,170.491,866.761
"H2AC7",True,False,False,-143.624,628.722
"H2AC8",False,False,False,22.595,1133.1
"H2BC13",False,False,False,-130.139,595.723
"H2BC17",True,False,False,-157.033,511.405
"H2BC18",False,False,False,122.034,642.102
"H2BC3",False,False,False,-20.6865,981.643
"H2BC5",False,False,False,-81.5643,540.197
"H2BC7",False,False,False,51.3142,799.686
"H2BK1",True,False,False,-131.416,549.864
"H3-3B",True,False,False,-17.8187,749.994
"H3C10",False,False,False,-74.6383,537.818
"H3C13",False,False,False,-31.9799,617.932
"H3C2",True,False,False,-175.664,531.695
"H3C8",True,False,False,-172.463,566.328
"H4C12",False,False,False,63.0905,686.089
"H4C16",False,False,False,-81.4347,645.004
"H4C5",False,False,False,17.6511,1405.7
"H4C6",False,False,False,-115.832,753.128
"H4C7",False,False,False,-97.2299,844.178
"H4C8",False,False,False,-31.4781,974.65
"HAGH",False,False,False,95.8817,829.277
"HAGHL",False,False,False,125.857,1249.43
"HAND2",True,False,False,-3.9315,698.143
"HAPLN4",False,False,False,199.526,1248.57
"HARBI1",False,False,False,57.057,1301.11
"HBP1",True,False,False,-126.522,687.957
"HCCS",True,False,False,454.31,890.333
"HCN2",False,False,False,-121.422,502.957
"HDAC11",False,False,False,6.99654,552.946
"HDAC5",False,False,False,121.778,1029.77
"HDAC7",False,False,False,-6.73367,736.353
"HDAC9",False,False,False,27.2992,589.187
"HDDC3",False,False,False,180.533,1297.93
"HDGFL1",False,False,False,-64.4079,1059.86
"HDHD2",True,False,False,23.195,984.678
"HDHD3",False,False,False,-123.479,459.091
"HDHD5",False,False,False,318.846,1384.71
"HDX",False,False,False,-44.7616,754.697
"HEATR3",False,False,False,24.2033,776.676
"HEBP2",True,False,False,-61.3936,1236.94
"HECTD1",False,False,False,-15.0685,602.258
"HEG1",True,False,False,-267.782,377.336
"HELB",False,False,False,115.19,648.675
"HELQ",False,False,False,76.7704,576.696
"HELT",False,False,False,55.1223,1145.88
"HES3",True,False,False,111.117,813.987
"HEXB",False,False,False,156.761,1102.9
"HEXD",True,False,False,77.3381,1730.9
"HEXIM1",False,False,False,257.639,1396.75
"HEY1",True,False,False,-88.0935,811.164
"HHEX",False,False,False,110.556,637.187
"HIBADH",False,False,False,-10.071,723.386
"HIC1",False,False,False,7.18996,704.258
"HID1",True,False,False,-264.754,289.761
"HIF3A",False,False,False,-34.8255,703.293
"HIRIP3",False,False,False,59.2592,1284.06
"HIVEP1",False,False,False,362.14,1521.46
"HIVEP2",False,False,False,295.692,2431.55
"HLA-C",True,False,False,-76.0172,833.362
"HLA-DOA",False,False,False,-62.4343,1242.74
"HMBOX1",True,False,False,-142.316,447.887
"HMCES",False,False,False,-104.39,336.442
"HMCN2",True,False,False,65.3193,942.737
"HMGA2",False,False,False,3.72245,987.577
"HMGB1",False,False,False,-37.7283,1135.17
"HMGB1P1",False,False,False,59.0876,1252.65
"HMGB2",True,False,False,-174.549,318.72
"HMGB3",True,False,False,-41.1331,674.146
"HMGN1",False,False,False,-104.091,519.218
"HMGN2",False,False,False,-222.898,696.164
"HMGXB3",True,False,False,-18.3218,772.445
"HMOX1",False,False,False,-146.287,1195.04
"HMOX2",False,False,False,28.4774,1317.74
"HMX1",False,False,False,270.46,1492.82
"HMX2",False,False,False,124.563,812.169
"HMX3",False,False,False,-104.68,615.894
"HNF1B",False,False,False,-155.102,803.951
"HNF4A",False,False,False,242.156,1587.01
"HNF4G",False,False,False,-199.336,620.858
"HNMT",False,False,False,172.387,943.093
"HNRNPA1L2",False,False,False,111.716,1066.62
"HNRNPA3",False,False,False,45.6632,939.651
"HNRNPDL",False,False,False,-86.634,465.18
"HNRNPLL",False,False,False,196.311,642.226
"HOMER3",False,False,False,162.288,890.783
"HOMEZ",False,False,False,-47.0035,835.593
"HOOK1",True,False,False,-142.986,693.728
"HOOK2",False,False,False,-242.193,439.208
"HOXA10",False,False,False,61.2064,1471.43
"HOXA11",False,False,False,-149.964,457.705
"HOXA4",False,False,False,-179.976,353.265
"HOXA7",False,False,False,-124.26,837.865
"HOXB2",False,False,False,-20.8075,644.357
"HOXC10",False,False,False,61.0572,894.046
"HOXD11",False,False,False,-15.1852,477.522
"HOXD12",False,False,False,-78.8621,610.2
"HPDL",True,False,False,179.635,1130.26
"HPRT1",True,False,False,-152.731,470.557
"HPS4",True,False,False,167.76,1263.63
"HPS6",False,False,False,61.9081,747.49
"HR",False,False,False,-76.8966,434.761
"HRAS",False,False,False,-71.2288,1171.74
"HSD17B4",False,False,False,21.8527,1282.93
"HSDL1",False,False,False,-27.8886,1258.69
"HSFX1",False,False,False,149.167,833.088
"HSFX4",True,False,False,293.11,1248.05
"HSFY1",False,False,False,-169.365,367.206
"HSFY2",True,False,False,-152.225,416.489
"HSP90AA1",False,False,False,-37.6858,809.695
"HSPA14",False,False,False,-4.84431,826.716
"HSPA1A",False,False,False,32.7678,1093.97
"HSPA1B",True,False,False,321.729,2133.88
"HSPB2",False,False,False,-64.8927,581.392
"HSPG2",True,False,False,376.756,1576.03
"HSPH1",True,False,False,-137.362,462.751
"HTATIP2",False,False,False,160.106,1099.49
"HTR7",False,False,False,-170.059,655.915
"HTRA1",False,False,False,-257.031,345.936
"HTRA3",False,False,False,257.665,1373.32
"HUS1B",False,False,False,-274.129,235.389
"HYAL1",False,False,False,-7.47345,1222.3
"HYAL2",False,False,False,15.5446,1146.67
"HYCC1",False,False,False,279.873,2105.39
"ICAM1",False,False,False,-182.467,896.875
"ICMT",False,False,False,-98.469,535.182
"IDE",False,False,False,-130.933,799.231
"IDH3B",False,False,False,-171.826,377.133
"IER2",False,False,False,365.846,1271.72
"IER3IP1",False,False,False,129.161,1468.84
"IFFO2",False,False,False,459.029,1335.22
"IFI30",False,False,False,39.8925,847.846
"IFNGR1",False,False,False,115.757,939.726
"IFRD2",True,False,False,75.112,990.621
"IFT25",True,False,False,-62.7987,857.668
"IFT27",False,False,False,-105.941,641.738
"IGF1R",False,False,False,-74.1131,625.465
"IGFBP2",False,False,False,51.2482,1374.13
"IGFBP5",False,False,False,-123.943,462.559
"IGFBP6",True,False,False,493.282,2306.23
"IGHMBP2",False,False,False,231.603,990.15
"IGSF9",False,False,False,-28.8005,603.683
"IKBIP",True,False,False,127.33,1141.17
"IKZF4",False,False,False,111.833,834.614
"IL11",False,False,False,-163.114,742.667
"IL17C",False,False,False,-101.8,904.505
"IL17RA",True,False,False,-100.801,633.223
"IL17RB",True,False,False,-48.0259,692.842
"IL17RD",True,False,False,-81.7167,433.355
"IL18",True,False,False,118.738,1027.1
"IL4R",False,False,False,178.422,1513.53
"IMPDH2",False,False,False,-1.34596,921.706
"INA",False,False,False,-125.871,631.333
"INF2",False,False,False,96.6582,1153.94
"INHBE",False,False,False,14.8433,1368.4
"INO80C",False,False,False,-22.7253,1005.18
"INO80E",False,False,False,-41.8543,923.845
"INPP5B",True,False,False,-243.114,317.315
"INPP5E",False,False,False,-171.639,725.3
"INPP5J",False,False,False,-141.746,927.087
"INTS6",True,False,False,-221.384,323.254
"IP6K1",False,False,False,-182.169,402.619
"IPO5",True,False,False,-52.1814,712.728
"IPO9",False,False,False,-54.0265,1075.21
"IQCB1",True,False,False,-48.6059,978.248
"IQCC",True,False,False,186.359,1218.13
"IQSEC2",True,False,False,95.5556,1938.61
"IRAK1",True,False,False,279.545,2224.75
"IRAK4",False,False,False,-163.341,792.111
"IRF1",False,False,False,212.011,1349.05
"IRF2",True,False,False,-3.52364,751.617
"IRF3",False,False,False,98.0451,937.127
"IRF5",True,False,False,62.416,1282.21
"IRF7",True,False,False,-119.346,829.955
"IRGQ",False,False,False,-102.319,632.401
"IRX1",False,False,False,-181.568,660.224
"IRX4",False,False,False,-60.9315,746.465
"IRX5",False,False,False,-90.3451,380.718
"ISG20",True,False,False,-136.239,563.478
"ISL1",False,False,False,90.2876,1051.73
"ISL2",True,False,False,-178.093,235.012
"ISOC1",False,False,False,-24.3176,710.317
"ITGA2B",False,False,False,67.8563,1373.71
"ITGA3",False,False,False,255.489,986.597
"ITGA7",False,False,False,-6.47041,500.602
"ITGB3BP",True,False,False,-105.778,1094.45
"ITGB4",False,False,False,-9.75968,526.674
"ITM2A",False,False,False,-65.0578,1264.2
"ITM2B",False,False,False,-85.3929,309.083
"ITM2C",False,False,False,-192.21,303.351
"IVNS1ABP",False,False,False,-93.0408,637.779
"IZUMO4",True,False,False,-187.611,628.735
"JADE3",True,False,False,-26.4066,1000.27
"JAGN1",False,False,False,-86.9919,479.444
"JAK3",False,False,False,70.4808,1264.98
"JMJD7",False,False,False,-76.8399,961.218
"JOSD2",True,False,False,-9.60773,1006.54
"JPT2",False,False,False,0.552057,491.32
"JTB",False,False,False,284.503,1102.61
"JUP",False,False,False,70.1282,1291.23
"KAT6B",True,False,False,-79.0737,822.246
"KBTBD7",False,False,False,164.69,1180.39
"KBTBD8",True,False,False,-114.974,771.783
"KCNA6",False,False,False,-26.1264,707.891
"KCNC4",True,False,False,-230.257,249.993
"KCNE3",False,False,False,164.319,1562.62
"KCNG1",False,False,False,-48.3049,1158.77
"KCNIP3",True,False,False,62.4903,801.189
"KCNK6",True,False,False,122.948,920.082
"KCTD15",False,False,False,31.2676,878.631
"KCTD19",False,False,False,-65.6114,450.507
"KCTD5",True,False,False,-107.984,811.539
"KDELR1",False,False,False,221.192,927.395
"KDM2A",True,False,False,152.07,666.246
"KDM2B",True,False,False,-85.8616,513.012
"KDM3A",True,False,False,120.748,864.313
"KDM3B",False,False,False,28.0996,1156.02
"KDM4B",False,False,False,-58.3807,649.246
"KDM4F",False,False,False,-177.31,732.187
"KDM5D",True,False,False,213.253,1161.91
"KDM7A",False,False,False,235.526,1846.21
"KHNYN",False,False,False,-58.0931,803.693
"KHSRP",False,False,False,194.709,1026.32
"KIAA1191",False,False,False,149.818,784.665
"KIAA2013",False,False,False,393.821,1856.6
"KIF11",False,False,False,295.638,2170.08
"KIF17",True,False,False,-213.283,452.868
"KIF1B",False,False,False,-109.998,1113.88
"KIF1C",False,False,False,-190.546,577.144
"KIF3B",False,False,False,260.77,1201.59
"KIF4B",False,False,False,124.623,948.557
"KIF5B",False,False,False,-4.03049,847.245
"KIF5C",False,False,False,11.4284,988.418
"KIF7",False,False,False,-17.3332,654.028
"KIRREL2",True,False,False,30.1665,1268.24
"KISS1R",False,False,False,-201.284,607.393
"KIT",False,False,False,-184.101,437.32
"KIZ",True,False,False,-215.882,544.196
"KLC1",True,False,False,-50.5113,1000.82
"KLF1",False,False,False,-47.6809,729.472
"KLF10",False,False,False,-113.609,779.417
"KLF4",True,False,False,270.475,1905.19
"KLF5",False,False,False,-22.9125,823.5
"KLHDC2",False,False,False,672.073,2849.99
"KLHDC3",False,False,False,141.998,1277.95
"KLHDC7A",False,False,False,-64.2368,603.407
"KLHDC8B",False,False,False,-112.974,837.824
"KLHL25",False,False,False,261.746,1993.66
"KLHL31",False,False,False,66.7109,1036.1
"KLHL9",True,False,False,-10.6562,541.217
"KLK6",True,False,False,-133.227,379.22
"KLLN",False,False,False,-66.4594,728.82
"KLRG1",False,False,False,-20.4429,576.164
"KMT2A",False,False,False,-97.2378,833.564
"KMT2B",False,False,False,110.066,997.618
"KMT2D",True,False,False,-82.9435,341.823
"KPNA3",False,False,False,-80.265,618.143
"KRBA1",False,False,False,121.674,953.356
"KREMEN2",False,False,False,-97.4274,469.921
"KRT19",False,False,False,121.911,1404.07
"KSR1",False,False,False,-91.5626,477.005
"KTN1",True,False,False,-215.019,620.368
"L2HGDH",False,False,False,-121.476,895.813
"L3MBTL2",False,False,False,-120.359,609.377
"LAMA5",False,False,False,-199.304,384.755
"LAMB2",True,False,False,-186.482,675.494
"LAMC1",True,False,False,405.973,1763.87
"LAMP1",True,False,False,-235.082,486.331
"LAMP2",False,False,False,-144.243,553.835
"LAPTM4A",False,False,False,143.557,1382.06
"LAPTM4B",False,False,False,111.493,889.294
"LARP1",True,False,False,375.431,1859.62
"LARP4",True,False,False,87.791,800.522
"LARP4B",True,False,False,-219.561,506.233
"LATS1",False,False,False,22.0667,1473.18
"LBH",True,False,False,-232.287,300.812
"LBX1",False,False,False,-66.2558,1255.62
"LCAT",True,False,False,-237.97,474.757
"LCMT2",False,False,False,-76.7547,795.223
"LCTL",False,False,False,-12.8429,699.105
"LDAF1",False,False,False,31.9547,963.617
"LDOC1",True,False,False,-126.055,691.568
"LEF1",False,False,False,276.536,891.418
"LEFTY2",False,False,False,243.975,1576
"LEMD3",False,False,False,-167.632,485.078
"LEPROT",False,False,False,175.189,1180.5
"LETMD1",True,False,False,-156.156,434.991
"LGI2",True,False,False,21.752,797.321
"LGMN",False,False,False,127.453,1795.32
"LHX3",True,False,False,-171.317,489.564
"LHX8",True,False,False,19.6938,1229.98
"LIG1",False,False,False,-31.3937,729.7
"LIMA1",False,False,False,-147.446,835.553
"LIMD1",False,False,False,-151.999,506.781
"LIME1",False,False,False,194.828,1191.94
"LIMK1",False,False,False,-4.57541,722.933
"LIN28A",True,False,False,-176.757,486.732
"LIN37",False,False,False,-121.587,696.466
"LIN54",False,False,False,-7.26494,551.385
"LIPA",False,False,False,79.8654,954.787
"LIPG",False,False,False,-142.905,513.209
"LMAN1",False,False,False,-168.737,409.869
"LMBRD2",False,False,False,-104.716,482.446
"LMF2",False,False,False,-192.057,657.604
"LMNA",False,False,False,-254.534,364.226
"LMNB1",False,False,False,-143.6,1095.07
"LMO1",False,False,False,-21.5418,993.351
"LMO4",False,False,False,-40.1704,646.186
"LMX1A",False,False,False,-206.522,360.103
"LMX1B",True,False,False,-207.648,246.674
"LPCAT1",False,False,False,94.0408,915.967
"LPIN2",True,False,False,281.023,1518.76
"LPP",False,False,False,-23.1712,635.648
"LRFN3",False,False,False,192.566,1630.62
"LRFN4",False,False,False,267.479,1848.22
"LRIF1",False,False,False,-103.347,597.27
"LRP3",False,False,False,92.3608,1160.82
"LRP4",False,False,False,97.0839,976.394
"LRP5",False,False,False,-145.531,911.867
"LRP8",False,False,False,116.176,1139.98
"LRPPRC",True,False,False,-51.2977,814.782
"LRRC32",False,False,False,-158.978,505.801
"LRRC4",False,False,False,-46.2652,850.996
"LRRC59",False,False,False,112.465,1576.93
"LRRC61",False,False,False,592.21,1735.1
"LRRC73",True,False,False,-71.3238,596.724
"LRWD1",False,False,False,260.785,1589.85
"LSM1",False,False,False,-22.4536,658.691
"LSR",True,False,False,-52.7145,642.106
"LTBP3",False,False,False,143.452,898.471
"LTF",False,False,False,86.6444,1085.58
"LTN1",False,False,False,-201.68,637.173
"LUC7L",True,False,False,2.15248,747.027
"LUZP1",False,False,False,145.939,1170.16
"LY6E",False,False,False,-74.5063,715.46
"LYL1",True,False,False,-184.878,489.579
"LYN",True,False,False,7.68238,710.442
"LYPD3",False,False,False,-51.67,528.955
"MAD2L2",True,False,False,-297.606,215.418
"MADD",True,False,False,-302.849,173.063
"MAFK",False,False,False,-86.0275,729.686
"MAGED2",False,False,False,174.181,1497.74
"MAGED4",False,False,False,59.8416,956.215
"MAGED4B",False,False,False,47.1091,962.825
"MAGEL2",True,False,False,23.7338,867.776
"MAGI1",True,False,False,-248.916,415.826
"MAMDC4",False,False,False,-90.6171,787.222
"MAMSTR",False,False,False,-0.0961659,728.478
"MAN1B1",False,False,False,142.908,992.9
"MAN2A1",False,False,False,-153.488,828.672
"MAN2C1",True,False,False,-141.287,622.19
"MANEAL",False,False,False,261.422,1178.77
"MANF",False,False,False,60.5689,1320.66
"MAP2K4",False,False,False,-119.28,849.339
"MAP3K10",False,False,False,-122.694,842.954
"MAP3K12",False,False,False,-69.8864,763.912
"MAP3K4",False,False,False,-72.4719,755.707
"MAPK11",False,False,False,-235.449,365.361
"MAPK3",False,False,False,-21.5689,722.108
"MAPK7",False,False,False,-36.7667,688.827
"MAPK8",False,False,False,-159.717,673.648
"MAPK8IP1",False,False,False,-122.152,724.119
"MAPKBP1",False,False,False,-178.213,517.463
"MARCKSL1",False,False,False,-209.134,454.909
"MARF1",True,False,False,-84.4209,521.667
"MARK2",False,False,False,74.2633,1255.28
"MARVELD2",False,False,False,-145.691,703.083
"MARVELD3",False,False,False,9.8397,1052.19
"MATCAP1",True,False,False,-24.7466,1084.43
"MAVS",False,False,False,-179.428,542.185
"MAZ",True,False,False,-84.0908,744.655
"MBD2",False,False,False,-148.565,569.089
"MBD3L3",True,False,False,-7.74753,984.706
"MBD4",False,False,False,102.87,1047.12
"MBLAC2",False,False,False,23.1049,849.668
"MBNL3",False,False,False,86.1374,1077.29
"MBOAT2",True,False,False,-161.289,575.501
"MBOAT7",True,False,False,-99.7305,364.759
"MC1R",True,False,False,-131.237,602
"MCAM",False,False,False,-44.3624,557.297
"MCAT",False,False,False,657.541,2870.91
"MCIDAS",True,False,False,120.777,833.023
"MCRIP2",False,False,False,415.906,1648.84
"MCU",True,False,False,-15.2932,1347
"MDC1",False,False,False,128.32,1111.27
"MDFIC",True,False,False,-205.255,401.357
"MDH2",False,False,False,195.582,1169.16
"MDP1",True,False,False,-155.031,487.513
"ME2",True,False,False,-240.837,536.464
"MEA1",True,False,False,372.237,2372.48
"MEAK7",False,False,False,-149.71,474.079
"MED1",False,False,False,81.9318,686.155
"MED12L",False,False,False,-119.533,644.498
"MED15",True,False,False,735.868,2313.54
"MED23",False,False,False,-135.476,305.835
"MED24",False,False,False,-138.4,340.604
"MED25",True,False,False,247.593,2358.05
"MEIS3",True,False,False,58.0599,1482.28
"MEN1",True,False,False,242.796,1436.63
"MEOX1",False,False,False,6.68891,981.003
"MESP1",True,False,False,84.4075,894.453
"MEST",False,False,False,135.475,1043.59
"MET",True,False,False,-132.345,695.393
"METRN",False,False,False,-5.80121,863.579
"METTL17",False,False,False,59.9531,763.951
"METTL21C",True,False,False,2.29389,551.405
"METTL22",False,False,False,133.253,788.751
"METTL24",False,False,False,-7.97503,842.881
"METTL4",False,False,False,407.84,1320.23
"METTL5",False,False,False,150.199,1327.86
"METTL7B",False,False,False,69.8844,1011.81
"METTL8",True,False,False,-5.53265,807.236
"MEX3A",False,False,False,14.568,849.582
"MEX3C",False,False,False,-181.878,565.303
"MEX3D",True,False,False,141.71,1093.95
"MFF",True,False,False,184.045,1518.99
"MFGE8",False,False,False,-159.191,424.562
"MFSD2A",False,False,False,64.0817,833.433
"MFSD5",False,False,False,145.472,1557.54
"MFSD6L",False,False,False,96.7768,1247.3
"MGA",False,False,False,19.2516,816.516
"MGAT5B",True,False,False,-260.924,541.134
"MGRN1",False,False,False,-61.6619,943.521
"MGST1",False,False,False,-20,946.509
"MIA3",False,False,False,231.308,1289.97
"MIB2",False,False,False,-96.103,960.03
"MICAL1",False,False,False,78.2767,1691.11
"MICU2",False,False,False,-29.1851,957.118
"MIEF2",False,False,False,152.438,1469.06
"MIGA2",False,False,False,432.074,1391.13
"MIIP",False,False,False,34.8144,1293.25
"MINPP1",True,False,False,375.065,1510.85
"MIOS",False,False,False,-67.9842,660.636
"MISP3",False,False,False,-163.198,571.384
"MITF",False,False,False,-175.601,343.821
"MIXL1",False,False,False,-104.746,589.766
"MKI67",False,False,False,38.8721,527.266
"MKS1",False,False,False,-16.5707,962.091
"MKX",True,False,False,-33.9536,929.284
"MLF1",False,False,False,285.771,1670.67
"MLF2",False,False,False,63.5122,1171.68
"MLLT1",False,False,False,88.2397,1202.08
"MLX",False,False,False,-187.437,532.436
"MMD",False,False,False,64.214,777.969
"MMP14",False,False,False,-101.888,692.812
"MMP16",True,False,False,-229.664,660.272
"MMP19",False,False,False,-200.554,477.522
"MMP2",False,False,False,-55.002,970.192
"MMP9",False,False,False,-220.041,276.288
"MMRN2",False,False,False,-150.493,465.421
"MON1B",False,False,False,-152.821,453.615
"MORC2",True,False,False,-104.819,1512.2
"MORF4L1",False,False,False,-166.029,678.867
"MORF4L2",True,False,False,250.611,1060.2
"MORN4",False,False,False,86.7869,1222.57
"MPC2",False,False,False,-243.454,554.332
"MPLKIP",False,False,False,93.7469,1721.19
"MPP1",False,False,False,-172.779,544.611
"MPST",True,False,False,-151.784,639.211
"MPV17",False,False,False,-23.4816,1146.21
"MPZL1",False,False,False,-31.0492,793.543
"MPZL2",True,False,False,-91.1373,948.451
"MRC2",False,False,False,-37.9758,947.855
"MRFAP1L1",False,False,False,142.979,1165.71
"MRGPRF",False,False,False,244.23,1372.26
"MROH6",True,False,False,-75.7927,843.899
"MRPL10",True,False,False,499.282,2548.66
"MRPL17",True,False,False,455.249,1806.92
"MRPL21",True,False,False,235.696,1912.94
"MRPL23",False,False,False,-93.1702,789.43
"MRPL36",True,False,False,389.491,1777.39
"MRPL4",True,False,False,245.463,1160.35
"MRPS27",False,False,False,458.819,1468.63
"MRPS30",False,False,False,26.3974,619.7
"MRPS34",True,False,False,112.346,1447.66
"MRPS36",True,False,False,182.439,1832.82
"MRPS7",True,False,False,145.455,1316.38
"MRS2",False,False,False,-7.22894,1180.04
"MSANTD2",True,False,False,19.9886,1038.53
"MSC",True,False,False,-157.486,686.634
"MSH3",False,False,False,158.59,1245.25
"MSH4",True,False,False,-44.3731,972.414
"MSL1",False,False,False,-151.244,465.237
"MSN",True,False,False,-242.948,655.893
"MSRB2",False,False,False,134.655,1115.95
"MST1R",True,False,False,70.9809,1127.65
"MSX1",False,False,False,-98.0521,1034.82
"MSX2",False,False,False,-127.146,668.162
"MT-CO3",False,False,False,165.852,1286.34
"MT-ND3",True,False,False,-93.9132,783.874
"MT2A",True,False,False,-260.646,371.346
"MTA1",False,False,False,-13.3412,501.334
"MTERF4",False,False,False,396.573,1626.33
"MTF2",False,False,False,-4.09037,899.911
"MTFMT",True,False,False,1561.7,3026.95
"MTFP1",True,False,False,-155.007,531.037
"MTFR1",True,False,False,-142.045,893.878
"MTG1",True,False,False,289.715,852.316
"MTG2",True,False,False,-10.4663,672.229
"MTHFD1",False,False,False,-228.259,331.02
"MTHFD2",False,False,False,123.541,1419.46
"MTHFS",True,False,False,-46.6173,680.305
"MTIF3",True,False,False,218.183,1471.05
"MTMR12",False,False,False,-12.0245,1124.21
"MTRES1",True,False,False,8.16544,853.15
"MTRF1L",True,False,False,332.639,984.102
"MUL1",False,False,False,81.0621,787.508
"MVB12A",True,False,False,-29.3127,842.962
"MXRA8",False,False,False,35.1261,723.493
"MYADM",False,False,False,41.5921,604.442
"MYCN",False,False,False,31.9691,944.812
"MYD88",False,False,False,65.8698,960.834
"MYG1",False,False,False,-124.961,377.442
"MYH14",False,False,False,449.287,2836.26
"MYL12B",False,False,False,-89.5459,627.599
"MYL6B",False,False,False,-259.042,354.978
"MYO1B",False,False,False,-255.101,470.887
"MYOCD",False,False,False,-167.559,430.241
"MYPOP",False,False,False,182.05,987.195
"MYRF",True,False,False,-172.254,510.641
"MZF1",False,False,False,55.3125,845.687
"MZT2A",True,False,False,-91.1809,743.174
"N4BP2",True,False,False,-108.588,913.177
"NAA16",True,False,False,258.967,1777.73
"NAA35",False,False,False,-77.8442,630.628
"NAB2",True,False,False,-62.4513,549.915
"NABP2",False,False,False,-55.9606,757.646
"NACC2",False,False,False,114.134,1823.58
"NADK2",True,False,False,-209.112,389.563
"NAGA",False,False,False,-103.942,832.752
"NAMPT",True,False,False,-114.913,477.434
"NANOG",True,False,False,317.373,1971.89
"NANOGNB",False,False,False,-78.8202,363.749
"NAT14",False,False,False,-186.189,557.677
"NAT9",True,False,False,39.4931,611.474
"NATD1",False,False,False,85.7647,1120.6
"NBEAL1",False,False,False,-280.286,381.265
"NBR1",False,False,False,-127.632,612.618
"NCCRP1",False,False,False,31.6451,1172.98
"NCLN",False,False,False,17.4561,1051.18
"NCOA1",False,False,False,103.576,732.796
"NCOA2",False,False,False,268.167,2150.95
"NCOA3",True,False,False,68.8262,1354.15
"NCS1",False,False,False,27.8444,737.431
"NDFIP1",False,False,False,108.28,957.86
"NDN",False,False,False,51.2971,982.407
"NDST2",True,False,False,200.093,1173.04
"NDUFA13",True,False,False,228.702,1609.3
"NDUFAF4",False,False,False,35.0357,1487.14
"NDUFB2",True,False,False,-210.263,536.988
"NDUFB5",True,False,False,142.961,807.722
"NDUFB9",True,False,False,228.44,1026.58
"NDUFS1",True,False,False,-70.9762,1325.16
"NDUFS7",True,False,False,-66.3082,884.24
"NDUFV2",True,False,False,91.2296,983.679
"NECAP2",True,False,False,-198.795,450.588
"NEIL2",False,False,False,74.3601,597.709
"NEK2",False,False,False,5.66896,1117.86
"NEK4",False,False,False,-98.925,720.726
"NEMP2",False,False,False,-49.5255,1275.67
"NEO1",False,False,False,42.7348,641.317
"NEU1",False,False,False,13.7116,1303.56
"NEUROD1",True,False,False,81.0838,1177.87
"NEUROD2",False,False,False,-186.222,370.986
"NEUROG1",False,False,False,-42.2126,945.027
"NEUROG3",False,False,False,-18.8408,642.29
"NEXN",False,False,False,-115.176,949.25
"NFAT5",True,False,False,120.568,1740.36
"NFATC2",False,False,False,11.1857,906.538
"NFATC4",False,False,False,-172.182,525.498
"NFE2",False,False,False,-4.71443,914.992
"NFE2L2",False,False,False,417.561,1698.03
"NFIB",False,False,False,-39.9473,861.351
"NFIX",False,False,False,60.2411,1328.27
"NFKBIA",False,False,False,166.406,1142
"NFKBIB",False,False,False,-131.478,479.517
"NFKBIE",False,False,False,-85.4608,666.209
"NFKBIZ",True,False,False,-105.99,522.583
"NGFR",True,False,False,-257.133,349.062
"NGRN",False,False,False,136.523,871.019
"NHLH1",False,False,False,17.62,689.31
"NHLRC1",False,False,False,303.236,2197.73
"NHLRC2",True,False,False,-195.192,679.325
"NHLRC4",False,False,False,158.398,1513.97
"NINL",True,False,False,-212.927,316.102
"NIPAL3",True,False,False,-219.377,425.802
"NIPBL",True,False,False,89.7646,755.291
"NKAIN1",False,False,False,34.5981,854.984
"NKRF",False,False,False,216.525,2041.15
"NKTR",False,False,False,24.7982,826.636
"NKX3-1",False,False,False,-122.162,594.183
"NKX3-2",False,False,False,120.29,1813.18
"NKX6-3",True,False,False,-52.6999,708.695
"NLGN3",False,False,False,-105.995,461.289
"NLGN4Y",True,False,False,-0.294222,834.375
"NLRP3",False,False,False,102.965,2225.46
"NME1",False,False,False,-131.758,741.311
"NMI",False,False,False,-64.2696,671.034
"NMRK2",False,False,False,303.018,1563.89
"NNAT",False,False,False,2.7999,663.392
"NOBOX",False,False,False,116.986,1081.87
"NOG",True,False,False,162.202,1346.15
"NOL9",False,False,False,-93.6768,1171.31
"NOM1",False,False,False,99.5023,1036.34
"NOMO1",True,False,False,31.6045,718.719
"NONO",False,False,False,-206.112,257.295
"NPAS1",True,False,False,-46.7166,762.736
"NPAS4",False,False,False,-147.84,684.811
"NPEPPS",False,False,False,-148.769,535.995
"NPIPB3",False,False,False,-64.3053,760.631
"NPM3",False,False,False,132.841,1990.49
"NPPC",True,False,False,-84.8938,568.864
"NPRL2",False,False,False,-90.323,562.969
"NPTX2",False,False,False,-105.292,741.243
"NQO1",True,False,False,-104.575,1295.06
"NR0B1",False,False,False,92.8064,1067.17
"NR1D1",True,False,False,54.9306,1101.44
"NR1D2",False,False,False,-180.759,517.863
"NR1I3",True,False,False,63.5586,1354.88
"NR2C2",False,False,False,-38.058,957.841
"NR2E3",False,False,False,272.068,1739.51
"NRARP",True,False,False,-31.1209,1116.01
"NRIP2",False,False,False,-147.455,999.502
"NRM",False,False,False,-159.566,461.799
"NRN1L",True,False,False,-28.8604,1407.91
"NRSN2",False,False,False,117.047,1331.42
"NSD1",False,False,False,-116.225,1094.74
"NT5C3A",False,False,False,-62.9698,1374.8
"NT5C3B",True,False,False,113.549,1069.42
"NT5DC2",True,False,False,-83.9002,632.043
"NTMT1",False,False,False,-166.263,481.244
"NTMT2",False,False,False,-69.3353,808.484
"NUCB1",False,False,False,-37.6884,568.386
"NUCKS1",False,False,False,-113.02,638.527
"NUDCD2",False,False,False,62.3432,945.533
"NUDT11",True,False,False,-241.413,342.569
"NUDT16",False,False,False,100.536,671.983
"NUDT17",True,False,False,66.7459,1075.21
"NUDT22",False,False,False,-120.234,456.256
"NUDT3",True,False,False,134.234,1338.43
"NUDT4B",False,False,False,79.7563,1146.99
"NUDT7",True,False,False,-179.725,483.917
"NUDT9",False,False,False,-55.8876,983.459
"NUMBL",False,False,False,250.068,1289.94
"NUP188",False,False,False,-113.267,653.412
"NUPR2",True,False,False,271.132,824.469
"NUTM2G",True,False,False,53.788,1035.51
"NXT1",False,False,False,-206.587,429.883
"NYNRIN",False,False,False,146.376,848.046
"OARD1",False,False,False,-300.051,224.59
"OAZ2",True,False,False,1.61832,643.268
"OBSCN",True,False,False,-74.1623,1078.71
"OBSL1",False,False,False,163.068,1605.95
"OCLN",True,False,False,-263.284,338.364
"OCRL",False,False,False,79.7751,1235.02
"ODR4",False,False,False,-70.4845,589.829
"OFD1",False,False,False,93.7018,1684.71
"OGDH",False,False,False,-181.67,613.58
"OGFOD2",False,False,False,-61.1642,544.539
"OGFRL1",False,False,False,-114.88,818.156
"OGG1",True,False,False,35.2721,1253.1
"OLFM2",True,False,False,15.2227,813.691
"OLFML2A",False,False,False,-81.4394,923.391
"OLIG1",False,False,False,86.1293,1379.94
"OLIG2",False,False,False,-10.7144,854.021
"OPA3",False,False,False,269.722,1396
"ORAI3",False,False,False,-65.811,798.438
"ORC3",False,False,False,-14.9296,431.27
"ORC5",True,False,False,-146.815,897.447
"OSBPL10",False,False,False,-203.755,495.495
"OSBPL8",True,False,False,-51.7154,714.3
"OSER1",False,False,False,301.89,2541.46
"OST4",False,False,False,-81.4544,422.245
"OSTM1",True,False,False,-42.0879,1027.04
"OTP",True,False,False,-150.222,494.724
"OTUD1",False,False,False,193.69,1129.34
"OTUD4",False,False,False,134.854,1640.45
"OTUD5",True,False,False,203.026,1567.91
"OTUD6B",False,False,False,57.4242,687.294
"OVCA2",False,False,False,518.419,1759.83
"OXCT2",False,False,False,179.618,1347.77
"OXER1",True,False,False,-252.629,423.67
"OXSR1",False,False,False,-179.657,514.075
"P2RX2",False,False,False,177.034,1373.51
"P3H4",False,False,False,27.6342,652.842
"PABIR1",False,False,False,109.989,1222.51
"PABIR2",False,False,False,298.75,1631.52
"PABPC1L2A",True,False,False,-92.4288,1219.16
"PABPC1L2B",True,False,False,-36.8237,728.76
"PABPC3",True,False,False,-65.8514,988.744
"PABPC4L",True,False,False,108.538,1753.55
"PABPC5",True,False,False,213.503,1379.81
"PACC1",True,False,False,-171.636,762.287
"PACSIN2",False,False,False,-201.251,305.351
"PACSIN3",False,False,False,-11.6218,943.588
"PAFAH1B2",True,False,False,-14.9388,985.124
"PAGE4",True,False,False,-92.6288,506.901
"PALS2",True,False,False,-159.923,380.42
"PAN2",True,False,False,-92.7928,622.642
"PAPLN",False,False,False,-254.202,595.998
"PAPSS1",False,False,False,-143.312,513.635
"PAQR3",False,False,False,-150.096,359.165
"PAQR4",False,False,False,-14.6356,1019.23
"PARD6A",False,False,False,-181.625,711.471
"PARK7",False,False,False,-64.249,738.242
"PARP10",False,False,False,172.046,1574.7
"PARP11",False,False,False,-28.1494,1161.64
"PARP14",False,False,False,245.266,1595.79
"PARP15",False,False,False,69.9038,570.231
"PARP2",True,False,False,-167.938,312.211
"PARP4",False,False,False,17.2106,598.229
"PARP8",False,False,False,21.6156,1015.3
"PAWR",False,False,False,69.6894,825.384
"PAX1",False,False,False,79.0467,1008.54
"PAX2",False,False,False,-68.9892,681.985
"PAX4",False,False,False,200.973,1438.32
"PAX6",False,False,False,188.415,1928.86
"PAX8",False,False,False,30.9645,1585.4
"PAXX",False,False,False,-137.691,971.158
"PBK",False,False,False,-130.457,326.539
"PBRM1",False,False,False,-70.8389,977.177
"PBX2",False,False,False,-40.4818,556.392
"PBX3",False,False,False,-25.1917,1082.56
"PBX4",True,False,False,-190.621,568.149
"PCBD1",False,False,False,-6.37004,1467.34
"PCBP4",False,False,False,89.9977,1917.81
"PCDH1",False,False,False,-186.571,533.096
"PCDH18",False,False,False,-153.935,437.368
"PCDHB14",False,False,False,-194.075,304.308
"PCDHB16",False,False,False,-65.2437,451.72
"PCGF1",False,False,False,11.4505,583.318
"PCGF2",False,False,False,-74.2813,615.699
"PCGF5",False,False,False,-96.8538,922.327
"PCGF6",False,False,False,-16.1106,953.438
"PCID2",False,False,False,-202.609,396.263
"PCIF1",True,False,False,-102.074,477.374
"PCK2",True,False,False,-120.425,664.919
"PCNX2",True,False,False,227.079,2096.12
"PCSK7",False,False,False,-43.4275,610.463
"PCTP",False,False,False,-213.995,277.083
"PCYOX1",False,False,False,138.686,1249.52
"PCYT2",True,False,False,506.048,1242.7
"PDCD6",False,False,False,73.7422,1009.09
"PDCD6IP",False,False,False,-6.76723,939.244
"PDE12",True,False,False,677.061,1819.63
"PDE6B",True,False,False,-155.071,1063.19
"PDE6D",True,False,False,20.9313,606.039
"PDE6G",True,False,False,-82.2728,585.896
"PDGFA",False,False,False,-156.37,591.07
"PDIA2",True,False,False,-119.088,623.209
"PDIA3",False,False,False,-88.0506,459.807
"PDIA4",True,False,False,-183.567,426.835
"PDK1",True,False,False,172.25,1028.67
"PDLIM1",False,False,False,26.8156,577.358
"PDLIM4",False,False,False,116.162,933.248
"PDP1",False,False,False,172.301,1205.38
"PDSS1",True,False,False,-140.186,853.781
"PDZD8",False,False,False,115.395,995.142
"PELO",False,False,False,-75.0856,857.119
"PER1",False,False,False,-43.4193,810.706
"PER3",True,False,False,-122.168,841.122
"PEX11B",True,False,False,109.548,970.876
"PEX13",True,False,False,-191.173,620.802
"PEX16",False,False,False,-132.035,586.813
"PFKFB4",True,False,False,51.9114,1063.01
"PFN1",False,False,False,24.8043,673.684
"PGAM2",False,False,False,-7.40796,948.172
"PGAM5",True,False,False,387.978,2030.05
"PGAP1",False,False,False,159.737,1105.07
"PGAP6",False,False,False,518.642,2190.36
"PGBD1",False,False,False,-73.0858,879.007
"PGLS",False,False,False,-252.095,371.433
"PGM2L1",False,False,False,-155.618,367.991
"PGPEP1",False,False,False,35.9233,773.569
"PGR",False,False,False,28.3064,898.882
"PHACTR4",False,False,False,-214.934,659.459
"PHC1",True,False,False,210.149,1380.55
"PHF11",True,False,False,159.323,903.055
"PHF12",False,False,False,-103.89,594.644
"PHF19",False,False,False,-28.3757,550.646
"PHF2",False,False,False,-78.8549,611.805
"PHF21B",True,False,False,-155.643,258.858
"PHF23",False,False,False,59.2822,934.677
"PHF6",False,False,False,-188.24,404.121
"PHF8",True,False,False,-18.4204,1534.61
"PHKG2",False,False,False,144.179,914.838
"PHLDA2",False,False,False,-111.359,391.375
"PHOX2A",False,False,False,-15.7094,649.786
"PHTF1",True,False,False,73.4583,1127.3
"PHYKPL",False,False,False,117.788,1226.65
"PIANP",False,False,False,-53.2027,749.603
"PIAS4",False,False,False,-109.888,389.999
"PICALM",True,False,False,-55.0097,714.982
"PICK1",False,False,False,-83.6185,400.96
"PIGG",False,False,False,-210.135,318.95
"PIGM",False,False,False,188.789,1243.73
"PIGW",False,False,False,-64.4771,889.259
"PIH1D1",True,False,False,-19.9672,1107.41
"PIK3C2B",True,False,False,-88.5092,1147.61
"PIK3R2",False,False,False,124.363,1681.7
"PIM3",False,False,False,-58.4165,708.758
"PIMREG",False,False,False,429.878,2208.04
"PINK1",False,False,False,-57.4113,834.779
"PINLYP",False,False,False,25.1939,518.005
"PIP4K2A",True,False,False,37.6002,1116.46
"PIP5KL1",False,False,False,21.6666,616.009
"PITPNC1",True,False,False,-137.649,835.918
"PITX1",False,False,False,-241.865,353.151
"PJA2",False,False,False,43.6745,1389.92
"PJVK",True,False,False,-0.05722,896.087
"PKDCC",False,False,False,110.646,1338.9
"PKM",False,False,False,326.66,1805.45
"PKP4",False,False,False,303.395,860.917
"PLAG1",True,False,False,-203.337,297.479
"PLAU",True,False,False,149.42,1269.1
"PLBD1",True,False,False,-103.817,833.206
"PLBD2",False,False,False,-45.4181,930.038
"PLCB2",True,False,False,-62.7379,880.006
"PLD3",False,False,False,-10.5934,766.092
"PLD4",False,False,False,114.918,1347.1
"PLD6",False,False,False,196.414,1067.13
"PLEK",True,False,False,-174.733,394.539
"PLEKHB1",False,False,False,157.46,994.92
"PLEKHB2",True,False,False,31.0305,1473.19
"PLEKHG3",False,False,False,-83.8209,919.353
"PLEKHG6",False,False,False,311.912,1657.53
"PLOD1",False,False,False,-76.0548,667.967
"PLPP2",False,False,False,-100.593,1026.51
"PLPPR2",False,False,False,-27.4622,794.469
"PLTP",False,False,False,231.519,1474.42
"PLXNB1",False,False,False,-27.5849,676.547
"PMEPA1",False,False,False,-118.501,1087.16
"PMM1",False,False,False,-203.038,506.499
"PMS1",True,False,False,-17.0617,923.18
"PNKP",True,False,False,-16.4164,1091.49
"PNMA5",True,False,False,-182.335,580.191
"PNMA6A",True,False,False,142.176,855.963
"PNMT",False,False,False,-74.1519,751.249
"PNPT1",True,False,False,-29.7446,720.083
"PNRC2",True,False,False,-3.39383,1028.43
"PODXL2",False,False,False,-151.115,717.4
"POFUT1",False,False,False,71.2011,1103.06
"POFUT2",False,False,False,-8.57187,1395.39
"POGZ",False,False,False,-222.728,307.803
"POLE4",False,False,False,-0.438429,1173.32
"POLG",False,False,False,-134.881,752.55
"POLH",False,False,False,-34.331,1148.05
"POLL",False,False,False,145.815,1247.1
"POLR2H",True,False,False,-17.7105,553.478
"POLR2J2",False,False,False,-75.1627,361.647
"POM121",False,False,False,-53.0052,643.768
"POMT1",False,False,False,219.683,855.54
"POTEE",False,False,False,310.32,946.732
"POU2F1",False,False,False,-80.0594,488.173
"POU2F2",False,False,False,107.721,1242.15
"POU2F3",False,False,False,-161.496,731.784
"POU3F4",False,False,False,244.772,982.228
"POU5F1B",False,False,False,-87.7203,651.423
"POU6F2",False,False,False,-163.207,542.994
"PPARD",True,False,False,87.5361,1170.94
"PPAT",True,False,False,268.77,1448.27
"PPCS",False,False,False,-116.249,452.02
"PPDPF",False,False,False,-202.6,338.122
"PPFIA3",True,False,False,-69.269,289.118
"PPIB",False,False,False,166.194,953.185
"PPIC",True,False,False,-101.559,740.493
"PPID",False,False,False,10.8147,837.512
"PPM1B",True,False,False,-115.694,817.544
"PPM1J",False,False,False,-11.9614,740.015
"PPM1N",False,False,False,-16.8421,686.195
"PPP1R16A",False,False,False,32.5661,774.819
"PPP1R26",False,False,False,236.189,1238.26
"PPP1R3B",True,False,False,350.96,1470.69
"PPP1R3F",False,False,False,-197.656,557.198
"PPP2R1B",False,False,False,-11.8093,502.307
"PPP2R5B",False,False,False,78.7991,831.718
"PPP3R1",False,False,False,35.3879,1647.99
"PPP4R3B",False,False,False,8.85628,669.594
"PPP5C",True,False,False,-130.936,682.655
"PPRC1",True,False,False,143.049,724.267
"PPTC7",False,False,False,10.8871,1156.7
"PRDM1",False,False,False,-116.223,755.028
"PRDM2",False,False,False,-4.73309,694.591
"PRDM7",False,False,False,-37.7938,686.121
"PRDM9",True,False,False,-247.64,373.688
"PRDX1",False,False,False,103.422,1358.71
"PRDX4",False,False,False,61.8676,840.24
"PRIMPOL",False,False,False,-106.366,489.818
"PRKAB1",False,False,False,15.9618,721.312
"PRKACG",True,False,False,-96.3942,623.094
"PRKAG3",False,False,False,170.768,1253.24
"PRKAR1A",False,False,False,62.649,761.935
"PRKAR2A",True,False,False,6.22074,1133
"PRKCB",False,False,False,-99.5974,563.02
"PRKCG",False,False,False,63.8768,1227.29
"PRKCI",False,False,False,-187.536,449.058
"PRKD2",False,False,False,-110.134,601.159
"PRKD3",False,False,False,-142.738,462.908
"PRKDC",False,False,False,280.637,1043.54
"PRKX",True,False,False,-46.7975,992.864
"PRM1",True,False,False,-119.127,689.494
"PRM3",False,False,False,-7.1821,918.5
"PRMT2",False,False,False,-17.2069,1186.43
"PRMT5",False,False,False,162.583,1163.44
"PROKR1",False,False,False,-216.231,372.902
"PROX1",False,False,False,-58.0398,705.644
"PRR7",False,False,False,6.08881,930.952
"PRRC1",True,False,False,-63.738,665.014
"PRRT2",False,False,False,288.478,1182.5
"PRRT3",False,False,False,50.5025,777.369
"PRRX1",False,False,False,-127.797,790.859
"PRRX2",True,False,False,-113.206,1100.41
"PRSS50",True,False,False,24.883,1299.4
"PRSS53",False,False,False,150.701,1112.63
"PSAT1",False,False,False,-112.721,529.121
"PSENEN",False,False,False,-128.622,507.803
"PSMD5",True,False,False,296.611,1155.02
"PSME4",False,False,False,39.1515,910.22
"PSMG1",False,False,False,65.3797,813.292
"PSPC1",True,False,False,29.4436,897.703
"PTBP2",False,False,False,233.042,892.019
"PTER",True,False,False,-251.148,343.874
"PTGES",True,False,False,-100.732,437.67
"PTGR1",True,False,False,-132.617,635.902
"PTGR2",True,False,False,-277.8,230.893
"PTK7",False,False,False,-100.694,708.174
"PTMS",False,False,False,270.345,1416.44
"PTOV1",False,False,False,238.98,1054.62
"PTP4A2",False,False,False,171.568,1678.57
"PTPN1",False,False,False,-175.255,540.162
"PTPN12",True,False,False,195.471,1842.09
"PTPN13",False,False,False,-53.0917,1093.25
"PTPRCAP",False,False,False,-59.5153,683.697
"PTX3",False,False,False,-80.8457,635.341
"PURG",False,False,False,132.701,1190.07
"PUS3",False,False,False,21.3873,1537.93
"PUSL1",False,False,False,147.135,1208.47
"PVR",False,False,False,-126.548,809.486
"PWWP2A",False,False,False,666.09,3392.83
"PXDNL",False,False,False,542.869,2937.01
"PXMP4",False,False,False,348.293,1742
"PYCR2",False,False,False,52.7017,1169.65
"PYGB",False,False,False,-108.097,667.1
"QRSL1",True,False,False,49.5298,322.633
"QSOX1",True,False,False,163.155,2116.39
"QSOX2",False,False,False,164.88,1628.58
"QTRT1",True,False,False,-36.9692,880.611
"QTRT2",False,False,False,-198.828,387.432
"RAB13",False,False,False,-95.4323,672.969
"RAB15",True,False,False,-53.4952,999.424
"RAB17",False,False,False,201.951,803.307
"RAB1B",True,False,False,-160.816,348.506
"RAB24",False,False,False,23.5692,816.059
"RAB32",True,False,False,-140.151,472.328
"RAB35",False,False,False,-192.289,652.108
"RAB38",False,False,False,-96.1114,799.914
"RAB3A",False,False,False,132.027,1405.8
"RAB3B",False,False,False,-157.481,538.036
"RAB3IL1",False,False,False,-134.662,646.778
"RAB3IP",True,False,False,-230.786,544.903
"RAB40C",True,False,False,-174.46,613.958
"RAB42",True,False,False,-25.1258,865.509
"RAB5B",False,False,False,245.684,888.01
"RAB5IF",False,False,False,212.553,898.621
"RAB8B",True,False,False,-218.94,484.861
"RABAC1",False,False,False,490.79,1550.68
"RABGAP1",True,False,False,-53.5144,708.768
"RABIF",False,False,False,301.313,1169.7
"RAC3",False,False,False,108.58,1187.03
"RAD1",False,False,False,-211.341,564.406
"RAD51AP1",False,False,False,-55.6464,375.731
"RAI1",False,False,False,-132.991,343.946
"RAI14",False,False,False,-39.3996,877.526
"RALA",False,False,False,-161.073,311.206
"RALGDS",True,False,False,-81.4858,690.675
"RAP1GAP2",False,False,False,-186.51,546.771
"RAP2C",True,False,False,-145.801,664.524
"RARRES2",True,False,False,179.18,1250.99
"RARS2",True,False,False,78.4754,1173.42
"RASA2",True,False,False,-89.8716,450.107
"RASA4",True,False,False,-75.3674,952.784
"RASD2",True,False,False,350.364,1783.34
"RASGEF1A",False,False,False,-319.209,206.876
"RASGRP2",False,False,False,-60.2259,669.226
"RASGRP4",False,False,False,-241.689,403.214
"RASL11A",False,False,False,-85.721,470.624
"RASSF1",False,False,False,0.859226,708.724
"RAX2",False,False,False,-176.689,320.65
"RB1",True,False,False,-14.6101,790.599
"RB1CC1",True,False,False,45.633,900.308
"RBAK",False,False,False,183.524,1004.67
"RBBP7",False,False,False,482.004,2045.26
"RBCK1",False,False,False,-56.7274,1000.86
"RBL1",False,False,False,-183.3,566.462
"RBL2",False,False,False,39.2582,1090.04
"RBM15",False,False,False,207.944,1000.8
"RBM23",False,False,False,-218.8,299.685
"RBM3",False,False,False,-11.9711,1294.44
"RBM4",False,False,False,71.3427,1698.08
"RBM5",False,False,False,-216.717,454.673
"RBM6",True,False,False,-166.193,499.39
"RBP1",False,False,False,-241.737,435.104
"RBPJ",False,False,False,-97.4642,288.163
"RBPMS",True,False,False,31.8364,678.969
"RCAN3",True,False,False,-222.39,435.816
"RCBTB1",False,False,False,-217.597,382.519
"RCC2",True,False,False,-166.975,611.392
"RCCD1",False,False,False,70.787,1036.51
"RCE1",False,False,False,101.536,1566.68
"RCN1",True,False,False,140.712,1887.52
"RCOR1",False,False,False,-42.3574,555.733
"RCOR2",False,False,False,-142.689,612.361
"RCOR3",False,False,False,-144.066,324.728
"REEP3",False,False,False,-81.5704,1372.85
"REEP5",False,False,False,-136.816,884.895
"REEP6",False,False,False,82.813,785.239
"REL",True,False,False,259.848,1339.35
"RELT",False,False,False,-73.1561,553.347
"RENBP",False,False,False,231.723,1792.4
"REP15",True,False,False,-322.014,224.802
"REST",True,False,False,1.01586,791.163
"RETREG2",True,False,False,-203.499,562.253
"RETSAT",False,False,False,-133.278,448.172
"REX1BD",False,False,False,-219.557,473.612
"REXO4",False,False,False,2.11353,574.08
"RFK",True,False,False,-170.945,610.458
"RFNG",False,False,False,-55.9339,970.688
"RFX2",False,False,False,-90.1997,732.379
"RFX5",False,False,False,-101.376,684.667
"RFX7",False,False,False,263.822,1341.35
"RFX8",False,False,False,64.1715,1628.71
"RFXANK",False,False,False,31.6968,1045.13
"RFXAP",False,False,False,-54.4542,745.995
"RGL4",True,False,False,352.941,1595.65
"RGMA",False,False,False,39.1132,1755.63
"RGP1",False,False,False,179.238,1823.59
"RGPD6",True,False,False,-99.044,647.781
"RGS11",True,False,False,-16.487,665.429
"RGS12",True,False,False,-60.4369,1059.79
"RGS16",True,False,False,17.5798,652.209
"RHBDF2",False,False,False,-61.2348,920.22
"RHBDL3",False,False,False,146.253,1343.09
"RHNO1",False,False,False,26.804,812.051
"RHOD",False,False,False,-5.32302,586.256
"RHOXF2",False,False,False,199.499,1173.56
"RHOXF2B",True,False,False,-69.9564,516.835
"RIGI",True,False,False,-64.3128,614.668
"RIMKLB",False,False,False,157.624,1098.65
"RIN1",False,False,False,-43.112,849.449
"RINL",False,False,False,197.337,1160.49
"RINT1",False,False,False,313.917,1474.69
"RIPK4",True,False,False,-104.498,626.712
"RLF",True,False,False,23.5938,711.212
"RLIM",False,False,False,-81.1282,454.254
"RMI2",True,False,False,110.191,686.407
"RMND1",True,False,False,175.217,1582.05
"RNASE1",False,False,False,44.6498,1293.3
"RNASE3",False,False,False,74.0637,1039.39
"RNASE6",False,False,False,138.139,1095.76
"RNASE8",False,False,False,-157.575,499.103
"RNASEH2A",True,False,False,-80.4778,465.812
"RNASET2",True,False,False,13.6199,772.404
"RNF10",False,False,False,156.063,1075.91
"RNF11",False,False,False,-130.237,491.335
"RNF112",True,False,False,25.1439,1114.59
"RNF114",False,False,False,-84.5415,908.145
"RNF13",True,False,False,-172.455,627.334
"RNF135",False,False,False,131.741,1112.3
"RNF141",False,False,False,168.41,1803.09
"RNF146",False,False,False,-189.204,351.036
"RNF175",True,False,False,-226.19,324.311
"RNF182",False,False,False,-238.416,442.749
"RNF2",False,False,False,102.032,1576.52
"RNF225",True,False,False,-130.852,512.488
"RNF41",True,False,False,149.223,1216.47
"RNF44",False,False,False,112.815,1454.94
"RNPEP",False,False,False,225.847,1241.35
"ROBO3",True,False,False,-9.94321,1424.56
"ROCK1",False,False,False,-129.487,452.363
"RPA3",False,False,False,-80.5538,549.578
"RPA4",False,False,False,-114.304,638.724
"RPH3A",False,False,False,-121.078,631.758
"RPIA",True,False,False,-21.1692,889.472
"RPL22L1",False,False,False,-51.2533,728.23
"RPL41",True,False,False,48.012,770.978
"RPS6KA1",False,False,False,91.3578,1151.29
"RPS6KB2",False,False,False,115.344,975.051
"RPUSD1",False,False,False,166.395,879.546
"RPUSD2",False,False,False,-149.31,718.07
"RRAGC",False,False,False,-38.0264,821.364
"RRAS2",False,False,False,130.473,1167.16
"RRBP1",False,False,False,22.2045,974.94
"RREB1",False,False,False,-112.523,617.32
"RSBN1L",False,False,False,66.6168,1341.59
"RSPO4",True,False,False,-190.774,719.504
"RTCA",False,False,False,56.0653,1307.63
"RTKN2",True,False,False,174.333,1619.21
"RTL8A",False,False,False,-152.272,924.282
"RTN2",True,False,False,458.767,2132.02
"RTN4",False,False,False,-111.814,527.268
"RTN4RL2",False,False,False,-211.053,540.649
"RUNDC1",False,False,False,111.701,1264.56
"RUNX1T1",False,False,False,153.661,965.858
"RUSC1",True,False,False,-144.707,1090.68
"RWDD2A",False,False,False,-159.03,510.045
"RXRA",False,False,False,-59.9046,918.724
"RXRG",False,False,False,10.5138,1053.05
"RYBP",True,False,False,-154.498,588.519
"SAAL1",True,False,False,16.6908,912.361
"SAC3D1",False,False,False,313.407,931.107
"SALL1",False,False,False,-27.5458,979.31
"SAMD14",False,False,False,-116.035,544.889
"SAMD4A",True,False,False,33.856,773.9
"SAMD4B",False,False,False,-144.041,815.848
"SARAF",False,False,False,181.835,1185.38
"SAT2",False,False,False,-84.9053,577.848
"SATB2",False,False,False,-179.838,405.595
"SBK1",False,False,False,502.478,1495.81
"SCAF11",True,False,False,179.348,2017.89
"SCAF4",False,False,False,463.563,1215.55
"SCAMP1",False,False,False,-197.036,620.834
"SCAMP3",False,False,False,-114.674,583.351
"SCAND1",False,False,False,-33.6424,839.949
"SCAPER",False,False,False,-129.913,297.381
"SCARF1",True,False,False,-135.904,674.498
"SCG2",False,False,False,82.7516,1173.51
"SCG3",False,False,False,-121.939,346.273
"SCMH1",False,False,False,252.927,1147.41
"SCN4B",True,False,False,-195.547,314.031
"SCO1",True,False,False,-23.6764,1195.22
"SCPEP1",False,False,False,-64.5666,915.707
"SCRN2",False,False,False,88.9842,1046.83
"SCRT2",False,False,False,-194.344,649.975
"SCX",False,False,False,53.4801,649.744
"SCYL1",True,False,False,-69.4746,408.678
"SDCBP",False,False,False,41.3945,1140.77
"SDF4",True,False,False,324.906,1933.23
"SDHAF3",False,False,False,-158.358,302.771
"SDHB",False,False,False,16.771,1017.02
"SDHC",False,False,False,235.729,1780
"SEC11A",True,False,False,-10.4725,826.719
"SEC23A",False,False,False,-1.50372,1238.36
"SEC24D",True,False,False,-197.519,703.32
"SEC31A",True,False,False,-77.1455,956.134
"SEC61A2",False,False,False,-4.12802,1195.06
"SELENOH",False,False,False,431.038,1327.38
"SELENON",False,False,False,-129.538,369.029
"SELENOO",False,False,False,30.9435,1361.04
"SELENOS",False,False,False,-136.988,621.19
"SELENOW",False,False,False,-30.0554,995.241
"SEMA6B",False,False,False,28.074,821.337
"SEMA6C",False,False,False,-184.204,392.455
"SENP1",False,False,False,125.59,1205.65
"SEPHS1",False,False,False,147.242,984.424
"SEPHS2",False,False,False,245.755,1464.46
"SEPTIN10",True,False,False,251.161,2041.21
"SEPTIN11",True,False,False,-234.777,512.691
"SEPTIN2",True,False,False,-113.213,639.462
"SEPTIN3",False,False,False,-112.325,948.883
"SEPTIN4",True,False,False,-148.916,623.17
"SEPTIN6",True,False,False,-50.3398,833.36
"SEPTIN8",False,False,False,19.7522,1374.55
"SERINC1",False,False,False,78.0093,1261.64
"SERPING1",False,False,False,-18.8006,1254.51
"SERPINH1",False,False,False,-77.4704,848.883
"SERTAD3",False,False,False,-102.426,594.868
"SESN2",True,False,False,-153.055,373.094
"SESN3",False,False,False,110.655,636.094
"SESTD1",True,False,False,-165.095,494.069
"SET",False,False,False,77.0859,1328.81
"SETD1A",False,False,False,-53.1471,786.993
"SETD6",False,False,False,-115.712,423.097
"SETD9",False,False,False,66.9014,1269.56
"SEZ6L2",False,False,False,-54.434,672.498
"SF1",False,False,False,123.444,731.666
"SFRP2",True,False,False,-128.854,970.384
"SFT2D3",True,False,False,-72.5409,610.312
"SGF29",True,False,False,67.0775,1177.4
"SGPL1",True,False,False,-261.904,301.975
"SGSH",True,False,False,67.3074,1129.95
"SGTA",False,False,False,-115.028,531.823
"SH2B1",False,False,False,269.353,1514.68
"SH2B3",False,False,False,-146.615,357.573
"SH2D2A",False,False,False,82.5362,812.47
"SH3BP1",False,False,False,142.709,1317.86
"SH3GL1",False,False,False,198.82,732.35
"SH3GLB1",False,False,False,142.034,1032.89
"SH3GLB2",False,False,False,307.925,1768.28
"SH3PXD2B",False,False,False,-59.3938,307.381
"SHCBP1",False,False,False,-258.107,374.666
"SHH",True,False,False,16.3666,643.3
"SHISA2",False,False,False,-8.9626,946.34
"SHISA3",False,False,False,47.1679,877.728
"SHISA4",True,False,False,185.43,1443.43
"SHISA5",True,False,False,-193.33,908.511
"SHKBP1",False,False,False,481.058,1317.69
"SHOC1",False,False,False,-0.0282553,1096.5
"SHOX2",False,False,False,164.266,1501.91
"SHPK",False,False,False,503.482,1642.65
"SHPRH",False,False,False,-0.599765,982.247
"SHROOM1",False,False,False,300.627,1077.82
"SIAH1",False,False,False,-48.4001,857.522
"SIGMAR1",False,False,False,107.547,1357.29
"SIN3B",True,False,False,350.51,575.597
"SIPA1L1",False,False,False,258.945,895.211
"SIRT1",True,False,False,291.459,1230.32
"SIRT2",False,False,False,43.2911,810.047
"SIRT4",False,False,False,11.23,1217.88
"SIX1",True,False,False,-96.4271,790.457
"SIX3",False,False,False,-219.939,337.103
"SIX4",False,False,False,-44.9425,584.628
"SIX5",False,False,False,142.854,873.864
"SKI",False,False,False,-133.433,908.63
"SKIC2",False,False,False,116.177,1452.35
"SKIL",False,False,False,-59.3244,709.958
"SKOR1",False,False,False,-143.248,821.144
"SKOR2",False,False,False,52.9129,1346.89
"SLAIN2",False,False,False,102.882,1280.71
"SLC11A2",True,False,False,-119.411,541.988
"SLC15A1",False,False,False,-45.8733,730.576
"SLC16A14",True,False,False,-182.309,410.835
"SLC17A9",False,False,False,-12.0727,1624.75
"SLC18A2",False,False,False,146.933,922.508
"SLC19A1",False,False,False,-103.686,797.766
"SLC19A3",True,False,False,-94.2733,841.613
"SLC20A1",False,False,False,134.573,1501.07
"SLC22A17",False,False,False,-57.4315,661.024
"SLC22A5",True,False,False,-168.223,470.168
"SLC25A1",False,False,False,40.111,514.662
"SLC25A19",False,False,False,-141.459,588.86
"SLC25A23",True,False,False,-12.5634,1207.38
"SLC25A29",True,False,False,-183.96,494.311
"SLC25A30",False,False,False,132.377,1428.83
"SLC25A36",False,False,False,75.0554,1442.26
"SLC25A38",True,False,False,184.612,1761.2
"SLC25A46",False,False,False,91.9981,800.856
"SLC26A2",False,False,False,306.428,2034.42
"SLC27A1",True,False,False,14.7087,634.99
"SLC27A3",False,False,False,-112.287,427.965
"SLC27A5",False,False,False,192.334,465.31
"SLC2A1",False,False,False,-66.5005,1042.31
"SLC2A14",False,False,False,-169.495,531.279
"SLC2A3",True,False,False,137.503,1502.06
"SLC2A4",False,False,False,-230.75,498.199
"SLC2A4RG",False,False,False,-82.6212,573.515
"SLC30A3",False,False,False,-130.359,582.469
"SLC33A1",False,False,False,125.883,1073.17
"SLC35A2",False,False,False,729.255,1194.84
"SLC35C1",False,False,False,193.745,1386.36
"SLC35E4",True,False,False,-1.9713,1208.5
"SLC38A4",False,False,False,-109.369,762.705
"SLC39A1",True,False,False,-147.133,541.203
"SLC39A3",False,False,False,-130.944,751.725
"SLC39A6",True,False,False,310.067,1706.99
"SLC41A1",True,False,False,-28.159,583.522
"SLC44A2",False,False,False,-76.9161,725.58
"SLC45A2",False,False,False,174.801,1562.51
"SLC45A3",True,False,False,-2.08531,1045.41
"SLC4A11",False,False,False,-97.4404,940.011
"SLC4A1AP",True,False,False,-196.229,440.862
"SLC5A6",True,False,False,-17.5415,1024.24
"SLC66A1",False,False,False,-179.625,500.022
"SLC7A1",False,False,False,79.7136,1392.21
"SLC7A3",False,False,False,45.3467,455.368
"SLC7A5",False,False,False,81.4155,681.275
"SLC7A8",False,False,False,26.7105,719.424
"SLC8A2",True,False,False,-5.42664,950.824
"SLC9A1",False,False,False,-179.651,562.178
"SLCO4A1",False,False,False,-164.668,466.828
"SLF1",False,False,False,200.85,2622.5
"SLFN11",True,False,False,130.817,1598.36
"SLX1A",True,False,False,-149.875,690.387
"SMAD2",True,False,False,-88.7004,563.894
"SMAD3",False,False,False,85.2917,1218.23
"SMAD4",True,False,False,-70.2727,366.415
"SMAD6",True,False,False,201.786,2178.69
"SMARCA2",True,False,False,-131.997,659.947
"SMARCAD1",False,False,False,137.737,1290.5
"SMARCD2",False,False,False,37.765,861.843
"SMC1A",False,False,False,42.8767,837.184
"SMCR8",False,False,False,501.014,2545.36
"SMG1",False,False,False,-149.927,365.073
"SMIM12",True,False,False,-281.168,233.177
"SMIM15",False,False,False,-192.167,412.191
"SMPD4",False,False,False,-175.809,379.201
"SMS",False,False,False,203.424,1322.41
"SMYD2",False,False,False,-222.468,301.389
"SNAPC4",False,False,False,16.2879,1239.45
"SNTA1",True,False,False,-271.458,348.211
"SNX11",False,False,False,772.608,2185.78
"SNX16",True,False,False,-205.693,213.475
"SNX18",False,False,False,129.273,1329.77
"SNX19",True,False,False,25.3359,844.403
"SNX21",False,False,False,180.287,1747.61
"SNX30",True,False,False,206.475,2368.48
"SNX5",False,False,False,18.7803,1366.96
"SNX7",True,False,False,-137.19,748.307
"SNX8",False,False,False,-224.83,390.869
"SOCS1",False,False,False,8.04051,1245.64
"SOGA3",True,False,False,-90.2967,609.768
"SOHLH2",False,False,False,10.0545,990.669
"SORD",True,False,False,51.1534,1152.23
"SOX11",False,False,False,-94.7205,694.049
"SOX12",False,False,False,156.066,1156.19
"SOX17",False,False,False,-177.357,440.323
"SOX30",True,False,False,-12.7086,392.971
"SP110",False,False,False,-97.1328,509.555
"SP5",True,False,False,-200.197,279.064
"SP7",False,False,False,184.003,928.249
"SPAG4",True,False,False,-331.982,279.916
"SPARC",False,False,False,2.68988,683.491
"SPAST",False,False,False,272.185,1400.75
"SPATA2",True,False,False,-16.9879,1274.01
"SPATA2L",False,False,False,119.532,950.465
"SPATA33",False,False,False,43.1156,1459.42
"SPATA5L1",False,False,False,-190.993,915.429
"SPECC1",False,False,False,146.635,954.98
"SPECC1L",True,False,False,-3.8526,1209.77
"SPEG",False,False,False,16.9025,1220.91
"SPG11",True,False,False,-154.441,619.715
"SPG7",False,False,False,398.271,1761.83
"SPHK1",False,False,False,14.5399,1017.3
"SPI1",False,False,False,264.702,1689.69
"SPIB",False,False,False,18.7045,444.36
"SPINT1",False,False,False,-119.055,374.705
"SPINT2",True,False,False,-135.181,420.692
"SPRYD4",True,False,False,-213.752,519.522
"SPTBN2",False,False,False,-44.1057,1290.85
"SPTSSB",False,False,False,-55.5601,822.601
"SPTY2D1",False,False,False,23.042,1449.46
"SPZ1",False,False,False,-123.681,793.011
"SQSTM1",False,False,False,258.689,1451.9
"SRCAP",True,False,False,-122.803,1018.26
"SRD5A1",False,False,False,-249.894,307.065
"SREBF1",False,False,False,144.983,523.122
"SREK1IP1",False,False,False,-227.344,248.572
"SRF",False,False,False,247.927,1185.38
"SRI",True,False,False,-7.8463,863.299
"SRM",False,False,False,2.7016,1071.4
"SRP14",False,False,False,657.579,1625.52
"SRSF6",False,False,False,300.986,1278.35
"SS18L2",False,False,False,-64.9872,813.928
"SSBP2",True,False,False,-8.60529,1547.73
"SSH1",False,False,False,-4.84085,771.335
"SSH3",False,False,False,140.267,1868.79
"SSR3",True,False,False,217.802,1908.13
"SSTR1",False,False,False,-263.472,398.416
"SSTR2",True,False,False,-207.683,387.168
"SSU72",False,False,False,-216.343,383.15
"ST14",False,False,False,-145.225,550.267
"ST18",False,False,False,-96.2048,639.169
"ST3GAL2",False,False,False,79.1547,624.293
"ST6GALNAC4",True,False,False,-2.83154,796.389
"ST6GALNAC6",False,False,False,24.1765,1067.91
"STAR",False,False,False,9.12456,841.326
"STAT3",False,False,False,-125.879,454.471
"STAT5B",False,False,False,47.7331,941.507
"STEAP2",True,False,False,-100.332,621.047
"STEAP3",False,False,False,-38.6477,1585.62
"STK10",False,False,False,-114.076,400.725
"STK24",False,False,False,-8.19508,699.4
"STK25",False,False,False,71.622,1253.31
"STK26",False,False,False,166.754,1770.24
"STK4",False,False,False,179.882,1157.2
"STOX1",False,False,False,-134.057,700.655
"STOX2",True,False,False,25.5663,225.556
"STPG4",True,False,False,100.979,1057.53
"STRADB",False,False,False,-221.54,354.375
"STRIP2",True,False,False,-73.73,902.826
"STT3B",True,False,False,-101.214,614.784
"STX17",False,False,False,-210.942,817.831
"STX1A",False,False,False,12.3188,624.585
"STX7",False,False,False,-198.616,360.371
"STXBP1",False,False,False,251.547,1332.86
"STYX",True,False,False,82.2136,1322.07
"SUCLG1",False,False,False,-23.1435,873.79
"SULF2",False,False,False,-211.519,409.156
"SULT1A1",False,False,False,227.887,1477.51
"SULT4A1",True,False,False,-127.792,708.626
"SUMO1",True,False,False,-93.4608,621.023
"SUMO3",False,False,False,-23.8216,660.896
"SURF4",False,False,False,298.083,1444.14
"SVIP",False,False,False,-54.8682,616.381
"SYCP3",True,False,False,103.263,952.194
"SYN1",False,False,False,47.2895,611.961
"SYNGR1",False,False,False,324.618,3240.8
"SYNGR2",False,False,False,-105.915,579.537
"SYT3",False,False,False,-169.271,403.028
"SYT6",True,False,False,6.45403,1028.87
"TAB3",True,False,False,-134.474,828.725
"TAC1",False,False,False,-64.9085,613.032
"TACC1",False,False,False,-135.473,510.974
"TACSTD2",True,False,False,-141.435,712.694
"TADA3",True,False,False,143.664,1065.08
"TAF4B",True,False,False,66.6436,896.884
"TAF9B",False,False,False,44.5953,645.376
"TAFAZZIN",False,False,False,-127.152,692.981
"TAGLN",False,False,False,-74.9702,486.359
"TAPBP",False,False,False,67.5215,1119.73
"TARBP2",False,False,False,-174.136,807.861
"TASOR",False,False,False,7.4925,1323.15
"TASOR2",False,False,False,539.748,1340.08
"TAT",True,False,False,37.1835,771.522
"TBC1D13",False,False,False,410.732,2066.61
"TBC1D14",True,False,False,-133.624,1063.47
"TBCCD1",True,False,False,54.9045,695.509
"TBK1",True,False,False,5.30282,1114.28
"TBL1X",False,False,False,-145.95,468.959
"TBL1Y",True,False,False,50.0362,1071.65
"TBPL1",True,False,False,154.546,711.017
"TBX1",False,False,False,-1.81583,1101.16
"TBX18",False,False,False,-173.56,547.177
"TBX2",True,False,False,54.0288,1054.9
"TBX20",True,False,False,41.1138,1637.08
"TBX21",False,False,False,-206.517,440.306
"TCAIM",False,False,False,-220.461,483.429
"TCEA3",False,False,False,241.996,1345.45
"TCEAL2",False,False,False,580.768,2346.61
"TCEAL4",True,False,False,-255.382,321.015
"TCEAL5",False,False,False,112.164,855.809
"TCEAL9",False,False,False,150.075,1276.53
"TCF12",False,False,False,68.5224,1224.44
"TCF21",False,False,False,31.3689,1211.28
"TCF23",False,False,False,456.81,3557.43
"TCF24",True,False,False,-107.954,874.564
"TCF25",False,False,False,-23.1533,951.532
"TCF7",False,False,False,-153.709,460.611
"TCF7L2",False,False,False,115.188,1003.67
"TCIRG1",False,False,False,74.2352,1427.66
"TDG",False,False,False,178.491,1112.38
"TDP1",True,False,False,224.6,925.729
"TDRD3",True,False,False,111.394,661.851
"TDRD9",False,False,False,-97.0069,815.337
"TEAD1",False,False,False,305.276,1130.07
"TEAD3",False,False,False,56.1769,1433.02
"TEAD4",False,False,False,-10.695,584.554
"TEF",False,False,False,-186.336,450.945
"TEKTIP1",True,False,False,-210.024,553.869
"TENM2",True,False,False,383.602,1127.73
"TENT4A",False,False,False,259.526,1866.06
"TEPSIN",True,False,False,10.8073,823.757
"TERB1",False,False,False,32.2617,1206.17
"TERF1",False,False,False,89.1692,658.133
"TERT",False,False,False,-157.462,703.074
"TESK1",True,False,False,-140.572,587.05
"TESMIN",False,False,False,-58.3255,545.812
"TEX2",True,False,False,-176.462,850.689
"TEX41",False,False,False,-34.7506,1014.07
"TFAM",True,False,False,606.329,1489.57
"TFAP2A",True,False,False,-35.3909,993.01
"TFAP2B",False,False,False,-174.963,293.275
"TFAP2C",False,False,False,-57.7911,821.333
"TFAP4",False,False,False,-113.39,464.64
"TFEC",False,False,False,77.5355,934.021
"TGFB1I1",False,False,False,-184.247,272.151
"TGFBR2",True,False,False,-140.99,499.795
"TGFBR3L",True,False,False,-50.7908,719.37
"TGIF2",False,False,False,29.4231,667.506
"TGIF2LX",False,False,False,-28.9388,1356.39
"THAP3",False,False,False,-16.1647,694.81
"THAP7",False,False,False,228.723,1363.17
"THBD",False,False,False,92.6482,963.933
"THBS1",False,False,False,-88.3303,640.433
"THBS2",True,False,False,-107.898,621.264
"THNSL1",True,False,False,-189.036,394.501
"THNSL2",True,False,False,-32.0274,1006.78
"THOP1",False,False,False,-241.841,307.708
"THRB",False,False,False,72.6281,723.928
"THUMPD3",False,False,False,18.1546,1184.47
"TIE1",True,False,False,-89.717,961.725
"TIGD1",True,False,False,165.51,1256.26
"TIGD2",False,False,False,-121.699,577.118
"TIGD4",False,False,False,-109.182,706.327
"TIMM10B",False,False,False,-17.0025,1157.62
"TIMMDC1",False,False,False,212.048,1017.16
"TIMP4",False,False,False,-29.3202,764.887
"TK1",True,False,False,-136.433,756.485
"TKT",False,False,False,53.2413,1465.77
"TLE2",False,False,False,83.6136,763.957
"TLE4",True,False,False,129.669,1256.3
"TLK2",False,False,False,-159.699,506.774
"TLNRD1",False,False,False,51.9689,999.206
"TLX2",False,False,False,57.3461,1066.65
"TLX3",False,False,False,-155.311,732.182
"TM2D2",False,False,False,-115.543,880.79
"TM2D3",True,False,False,83.5391,926.546
"TM7SF3",False,False,False,-132.143,729.97
"TMBIM6",True,False,False,-281.602,230.603
"TMCO1",True,False,False,-243.873,465.464
"TMCO6",False,False,False,99.786,1256.13
"TMED2",False,False,False,51.2998,820.649
"TMED4",False,False,False,-15.2452,797.911
"TMED9",False,False,False,217.769,1122.74
"TMEM106B",True,False,False,-99.158,717.977
"TMEM106C",True,False,False,-60.3441,655.06
"TMEM107",False,False,False,239.536,1696.69
"TMEM109",True,False,False,-111.535,789.883
"TMEM126B",False,False,False,-79.5608,780.822
"TMEM138",False,False,False,3.445,1241.64
"TMEM141",False,False,False,-42.548,665.803
"TMEM14B",True,False,False,-62.1755,1631.28
"TMEM14C",False,False,False,12.0415,990.567
"TMEM151A",False,False,False,109.364,691.782
"TMEM167A",True,False,False,15.8473,954.496
"TMEM179B",True,False,False,-141.994,683.192
"TMEM183A",True,False,False,137.963,1840
"TMEM184B",False,False,False,58.6143,864.838
"TMEM185B",True,False,False,-203.691,287.302
"TMEM187",False,False,False,-78.8492,707.593
"TMEM198",False,False,False,136.788,1690.5
"TMEM203",False,False,False,-79.0162,1161.48
"TMEM205",False,False,False,-38.4351,712.888
"TMEM223",False,False,False,-14.545,1010.11
"TMEM229A",False,False,False,94.905,937.35
"TMEM248",False,False,False,-80.4492,943.35
"TMEM250",False,False,False,-155.269,363.453
"TMEM256",False,False,False,-79.0788,997.962
"TMEM268",False,False,False,-267.17,537.317
"TMEM30A",False,False,False,-93.408,662.694
"TMEM35B",False,False,False,77.0372,1202.2
"TMEM37",False,False,False,81.6461,1127.56
"TMEM52",True,False,False,-251.01,443.114
"TMEM54",True,False,False,-106.028,600.987
"TMEM59L",False,False,False,-124.697,527.81
"TMEM60",False,False,False,6.22653,1120.39
"TMEM69",True,False,False,-179.272,599.23
"TMEM70",False,False,False,178.167,730.114
"TMEM74B",True,False,False,-33.1286,597.804
"TMEM81",False,False,False,69.448,802.364
"TMEM86B",False,False,False,-150.909,469.351
"TMEM88",False,False,False,-58.745,809.548
"TMEM9",False,False,False,108.138,835.27
"TMPO",False,False,False,-109.061,508.767
"TMX3",False,False,False,254.967,1166.9
"TNFAIP1",True,False,False,-120.807,338.166
"TNFAIP2",True,False,False,-205.776,543.471
"TNFAIP3",False,False,False,71.9367,1427.77
"TNFAIP8L1",False,False,False,-61.3603,718.261
"TNFRSF10A",False,False,False,-282.341,320.6
"TNFRSF25",False,False,False,-8.58901,1181.88
"TNFSF13",True,False,False,11.934,845.772
"TNIP2",False,False,False,41.5692,961.14
"TNK2",False,False,False,343.495,2413.53
"TNKS1BP1",False,False,False,-86.5949,503.834
"TNKS2",False,False,False,-21.016,703.951
"TNNC1",False,False,False,98.9395,1077.47
"TNP1",False,False,False,-105.603,500.111
"TOB1",False,False,False,-103.619,537.359
"TOB2",False,False,False,202.539,1042.35
"TOLLIP",False,False,False,420.274,1674.9
"TOM1",False,False,False,-171.719,773.949
"TOMM34",True,False,False,106.199,951.961
"TOMT",False,False,False,-66.1154,778.314
"TOP2B",False,False,False,151.454,1458.82
"TOR1AIP1",True,False,False,-198.481,383.589
"TOR3A",False,False,False,-55.0876,859.91
"TOX2",False,False,False,236.631,1223.34
"TP53",False,False,False,-29.2212,856.556
"TP53BP1",True,False,False,95.2786,1025.05
"TP53BP2",False,False,False,-276.537,182.87
"TP53I13",False,False,False,149.096,1345.92
"TP53I3",False,False,False,-9.61353,637.541
"TP53INP1",False,False,False,-112.781,830.681
"TP53INP2",False,False,False,283.381,1641.35
"TP63",False,False,False,16.4756,682.055
"TP73",True,False,False,-89.4188,672.109
"TPBG",False,False,False,343.49,1218.73
"TPGS1",False,False,False,-59.2241,720.778
"TPM1",False,False,False,172.137,1380.84
"TPM2",True,False,False,-9.83649,1213.29
"TPM3",False,False,False,246.411,1547.07
"TPRN",False,False,False,38.3126,765.753
"TRAF3IP2",False,False,False,-140.471,461.072
"TRAF4",True,False,False,184.65,1150.09
"TRAF5",True,False,False,-209.678,696.005
"TRAFD1",False,False,False,212.158,1279.89
"TRAM1",True,False,False,185.78,2335.36
"TRAP1",True,False,False,-120.859,677.32
"TRAPPC6B",False,False,False,-142.688,867.594
"TRERF1",False,False,False,-105.794,475.446
"TREX1",False,False,False,-76.7173,479.813
"TRIB1",False,False,False,-138.318,534.223
"TRIM11",True,False,False,-79.1556,951.712
"TRIM16",False,False,False,71.9791,978.175
"TRIM2",True,False,False,-105.671,867.263
"TRIM21",False,False,False,-93.3601,801.738
"TRIM25",False,False,False,-72.3923,782.761
"TRIM3",True,False,False,10.8064,605.566
"TRIM32",False,False,False,-187.465,422.757
"TRIM37",False,False,False,143.123,1834.52
"TRIM56",False,False,False,173.246,1543.22
"TRIM65",False,False,False,-34.5109,828.821
"TRIM8",False,False,False,-92.7723,604.463
"TRIO",False,False,False,2.43826,862.93
"TRIOBP",False,False,False,-94.0145,1333.48
"TRIP12",False,False,False,213.135,1017.14
"TRIT1",False,False,False,-133.14,475.197
"TRMT10A",False,False,False,-62.6591,600.384
"TRMT11",False,False,False,85.4007,897.976
"TRMT12",False,False,False,-100.456,520.09
"TRMT1L",False,False,False,-6.82902,1124
"TRMT9B",True,False,False,-144.846,417.981
"TRMU",False,False,False,70.8677,1017.75
"TRPM7",False,False,False,36.7423,669.743
"TRPS1",False,False,False,143.596,1048.27
"TRRAP",False,False,False,11.1042,634.098
"TRUB1",False,False,False,-116.951,661.085
"TSC22D2",False,False,False,186.203,950.665
"TSHZ1",False,False,False,118.67,1106.61
"TSKU",False,False,False,-115.96,405.885
"TSPAN14",True,False,False,89.7124,1166.7
"TSPAN2",True,False,False,-214.072,404.571
"TSPAN3",False,False,False,-158.379,613.101
"TSPAN33",False,False,False,-124.605,702.62
"TSPO",True,False,False,-140.163,649.942
"TSPOAP1",True,False,False,-120.828,648.196
"TSSC4",False,False,False,33.3458,920.42
"TSSK4",True,False,False,-282.122,257.282
"TTC14",False,False,False,76.6047,1103.85
"TTC9C",True,False,False,-141.942,640.685
"TTLL11",True,False,False,164.619,823.555
"TTLL3",False,False,False,-36.1334,521.607
"TTLL4",False,False,False,-162.106,598.134
"TTLL5",True,False,False,89.1307,1556.61
"TTLL8",False,False,False,-6.73756,1106.65
"TTYH2",True,False,False,-28.1158,672.947
"TUB",False,False,False,-124.949,498.339
"TUBA1A",True,False,False,-195.08,443.997
"TUBB2B",True,False,False,243.436,1575.55
"TUBB3",False,False,False,110.127,1483.92
"TUG1",False,False,False,78.2108,1083.73
"TULP2",False,False,False,6.75221,752.703
"TULP3",False,False,False,-132.655,705.034
"TUSC1",True,False,False,-280.441,358.253
"TWF2",False,False,False,-14.4397,1198.52
"TWIST2",False,False,False,-252.827,305.222
"TXN2",False,False,False,279.723,1955.54
"TXNDC12",False,False,False,186.824,1003.44
"TXNDC15",False,False,False,-55.1627,628.119
"TXNDC16",True,False,False,-113.678,859.205
"TXNDC17",False,False,False,400.63,1724.41
"TYK2",False,False,False,-42.9016,890.284
"TYW3",True,False,False,-122.795,728.868
"TYW5",False,False,False,3.90096,1119.73
"U2AF1L4",False,False,False,-45.6559,781.343
"UBA5",False,False,False,293.916,1249.87
"UBA7",False,False,False,-84.3352,589.574
"UBALD2",False,False,False,33.2179,1076.89
"UBB",False,False,False,141.61,2230.11
"UBC",False,False,False,-120.152,490.337
"UBE2B",True,False,False,54.2972,587.862
"UBE2D1",False,False,False,38.5858,1611.91
"UBE2E1",False,False,False,346.074,1881.17
"UBE2L5",False,False,False,-8.66335,853.565
"UBE2L6",False,False,False,119.434,1064.84
"UBE2N",True,False,False,-153.471,274.89
"UBE2O",False,False,False,170.575,1046.29
"UBE2V2",False,False,False,548.311,1814.06
"UBE3A",False,False,False,194.839,660.144
"UBE3C",False,False,False,-144.841,823.101
"UBFD1",False,False,False,126.075,538.205
"UBIAD1",True,False,False,101.7,501.043
"UBN1",False,False,False,-10.6209,1099.19
"UBQLN1",False,False,False,137.064,1450.19
"UBQLN2",False,False,False,126.466,1133.45
"UBR3",False,False,False,-23.7587,811.627
"UBR7",False,False,False,-7.9544,517.546
"UBTF",True,False,False,-183.316,230.86
"UBXN6",False,False,False,18.744,890.666
"UCK2",False,False,False,103.248,990.951
"UCN",True,False,False,-270.883,345.987
"UFC1",False,False,False,-55.8789,529.84
"UFSP1",False,False,False,176.915,1415.91
"UFSP2",True,False,False,-224.376,431.311
"UGCG",False,False,False,-29.6252,775.025
"UGGT1",False,False,False,209.877,1147.37
"UGT3A2",False,False,False,-50.4983,596.633
"UGT8",False,False,False,106.128,1697.66
"UHMK1",False,False,False,-91.8801,630.5
"UIMC1",True,False,False,-144.099,554.047
"ULK1",False,False,False,-237.289,556.534
"UNC13A",True,False,False,-99.8685,615.027
"UNC5D",True,False,False,-157.593,668.015
"UNC93B1",False,False,False,184.166,1111.88
"UNG",False,False,False,-154.939,404.586
"UQCC4",False,False,False,-89.1779,497.189
"URI1",False,False,False,262.096,1531.87
"USB1",False,False,False,156.974,1284.76
"USF3",False,False,False,-78.5986,1148.81
"USH1G",True,False,False,-254.856,436.11
"USP16",False,False,False,272.484,1017.3
"USP21",False,False,False,16.5339,1057.88
"USP42",False,False,False,29.5725,744.85
"UTF1",False,False,False,-150.647,569.914
"VAC14",False,False,False,-101.378,879.58
"VAMP2",True,False,False,-173.208,630.182
"VAMP3",False,False,False,-205.72,315.578
"VANGL1",True,False,False,-94.8964,638.958
"VAPA",False,False,False,-168.999,424.655
"VAT1",False,False,False,-127.102,626.329
"VAV1",False,False,False,-191.097,680.984
"VAX1",True,False,False,123.435,1513.31
"VAX2",True,False,False,13.5775,1773.06
"VCPKMT",False,False,False,49.5076,632.465
"VDR",False,False,False,14.102,1111.07
"VENTX",False,False,False,-30.8938,1172.36
"VHL",True,False,False,345.632,843.417
"VILL",False,False,False,192.252,956.535
"VIM",True,False,False,-28.7505,712.3
"VMAC",False,False,False,5.86791,997.538
"VPS37C",False,False,False,-126.591,479.868
"VPS37D",False,False,False,95.6319,690.19
"VPS4B",True,False,False,126.274,842.585
"VRK1",False,False,False,-86.8675,729.168
"VSIG10",False,False,False,-56.3797,893.253
"VSX1",False,False,False,-120.876,558.105
"VTI1B",False,False,False,-205.104,574.733
"WARS2",False,False,False,426.03,1233.06
"WASHC2A",False,False,False,22.1706,974.782
"WASHC2C",True,False,False,-234.704,401.279
"WASHC5",False,False,False,142.219,1444.16
"WBP1",False,False,False,-160.867,988.784
"WDCP",False,False,False,-138.639,476.859
"WDFY1",False,False,False,34.1133,738.575
"WDR45B",False,False,False,39.9136,1387.86
"WDR54",False,False,False,-194.301,496.727
"WDR83OS",False,False,False,96.749,1117.13
"WDR86",False,False,False,134.528,1203.3
"WDR91",True,False,False,152.054,902.157
"WNK1",False,False,False,19.0335,448.377
"WSCD1",False,False,False,19.3225,1252.26
"WTAP",True,False,False,6.34447,707.659
"WWC3",False,False,False,-161.013,906.584
"WWP1",False,False,False,-55.0434,945.731
"WWP2",True,False,False,351.2,1239.76
"XIAP",False,False,False,-80.253,560.48
"XPC",False,False,False,-150.263,630.038
"XPO5",False,False,False,-116.978,378.41
"XPO6",True,False,False,27.4242,688.666
"XPO7",True,False,False,-0.493842,851.854
"XRCC4",False,False,False,173.327,1183.97
"YBX2",False,False,False,-99.9491,910.14
"YDJC",False,False,False,-127.458,542.197
"YIF1A",False,False,False,33.6703,635.649
"YIF1B",False,False,False,20.9907,1404.68
"YIPF1",True,False,False,351.69,1366.4
"YIPF2",False,False,False,-63.6628,1070.83
"YIPF3",True,False,False,803.131,2524.57
"YTHDC2",True,False,False,56.0161,477.975
"YTHDF2",True,False,False,-121.038,577.263
"YTHDF3",False,False,False,187.881,1591
"YWHAB",False,False,False,26.0046,740.504
"YWHAG",False,False,False,-31.6857,559.464
"YWHAH",False,False,False,75.0914,787.081
"YWHAQ",True,False,False,-69.0502,1041.54
"ZBED1",True,False,False,240.56,1470.69
"ZBED2",False,False,False,10.6788,586.825
"ZBED3",True,False,False,-70.9327,1222.3
"ZBED4",False,False,False,-114.093,352.218
"ZBP1",True,False,False,-88.2755,754.523
"ZBTB12",True,False,False,31.9213,1072.35
"ZBTB21",False,False,False,192.092,1756.77
"ZBTB26",False,False,False,-150.47,587.307
"ZBTB33",False,False,False,-109.967,714.557
"ZBTB37",True,False,False,53.6381,525.208
"ZBTB4",False,False,False,-267.422,251.196
"ZBTB40",True,False,False,-157.768,509.916
"ZBTB41",False,False,False,87.3766,1415.53
"ZBTB43",False,False,False,-158.658,457.631
"ZBTB44",True,False,False,199.123,2011.24
"ZBTB46",False,False,False,70.5013,765.448
"ZBTB47",True,False,False,-21.8214,652.852
"ZBTB49",True,False,False,83.6264,1032.76
"ZBTB7C",True,False,False,-186.937,372.925
"ZC3H14",False,False,False,-149.066,686.566
"ZC3H3",False,False,False,-16.4968,738.563
"ZC3HC1",False,False,False,270.783,2491.21
"ZCCHC2",True,False,False,-46.8861,1045.58
"ZDHHC4",False,False,False,69.9433,1171.21
"ZDHHC7",False,False,False,143.027,1026.29
"ZER1",True,False,False,-239.379,287.219
"ZFAND2A",False,False,False,81.2229,1030.04
"ZFAND5",True,False,False,-16.7006,764.938
"ZFP1",False,False,False,-5.08687,745.746
"ZFP36L2",False,False,False,48.1697,959.936
"ZFP41",False,False,False,-46.4962,902.222
"ZFP57",True,False,False,-96.5403,865.243
"ZFP90",False,False,False,208.487,1539.1
"ZFP91",False,False,False,-29.5289,851.941
"ZFP92",False,False,False,-118.145,509.231
"ZFPL1",True,False,False,18.6385,733.423
"ZFTA",False,False,False,-237.698,386.405
"ZFYVE26",False,False,False,-178.358,330.108
"ZHX1",False,False,False,93.6792,791.755
"ZHX3",False,False,False,140.823,1312.67
"ZIC5",False,False,False,-187.138,412.51
"ZIM3",False,False,False,-135.798,589.118
"ZKSCAN4",False,False,False,191.01,1113.71
"ZKSCAN8",False,False,False,102.485,1171.72
"ZMAT1",False,False,False,60.0006,957.23
"ZMAT4",False,False,False,771.932,2202.83
"ZMYM3",True,False,False,-58.2072,539.461
"ZMYM6",False,False,False,-101.92,725.05
"ZMYND8",True,False,False,-243.504,553.288
"ZNF101",False,False,False,-218.71,330.277
"ZNF107",True,False,False,232.738,1014.62
"ZNF112",False,False,False,132.648,971.952
"ZNF114",False,False,False,63.5827,931.502
"ZNF12",True,False,False,-139.018,514.146
"ZNF124",False,False,False,70.7993,1160.44
"ZNF131",True,False,False,-196.972,283.82
"ZNF138",False,False,False,57.4907,942.338
"ZNF14",False,False,False,15.9221,678.002
"ZNF141",True,False,False,-30.5691,1428.57
"ZNF143",False,False,False,20.697,611.934
"ZNF154",True,False,False,-149.485,541.798
"ZNF155",False,False,False,-67.2103,626.387
"ZNF157",True,False,False,62.1709,774.709
"ZNF165",False,False,False,315.267,2060.21
"ZNF18",False,False,False,36.0432,1061.91
"ZNF180",False,False,False,-134.609,687.114
"ZNF184",False,False,False,66.8668,1034.19
"ZNF189",True,False,False,169.045,1267.75
"ZNF195",False,False,False,-1.66516,869.352
"ZNF197",False,False,False,345.23,1360.76
"ZNF2",False,False,False,-29.1018,696.033
"ZNF20",False,False,False,-94.7086,918.046
"ZNF205",False,False,False,12.7296,1024.24
"ZNF208",False,False,False,38.952,730.641
"ZNF22",False,False,False,33.8741,996.139
"ZNF222",True,False,False,-215.267,562.338
"ZNF225",False,False,False,-57.27,604.554
"ZNF226",False,False,False,123.748,715.763
"ZNF230",False,False,False,148.03,852.509
"ZNF232",False,False,False,103.786,1150.65
"ZNF235",False,False,False,-2.55152,1289.82
"ZNF25",True,False,False,-15.3213,823.37
"ZNF251",False,False,False,-45.5176,712.094
"ZNF253",False,False,False,24.9205,651.608
"ZNF26",False,False,False,43.5827,621.833
"ZNF274",False,False,False,-53.3015,665.304
"ZNF28",False,False,False,-124.104,830.474
"ZNF280B",True,False,False,-50.718,744.91
"ZNF280D",False,False,False,-82.7918,792.584
"ZNF282",False,False,False,8.82667,965.636
"ZNF287",False,False,False,-132.009,393.528
"ZNF30",False,False,False,-82.3593,1097.66
"ZNF318",False,False,False,151.742,587.807
"ZNF32",True,False,False,-148.267,606.987
"ZNF324B",False,False,False,-37.0109,647.202
"ZNF329",False,False,False,108.281,843.753
"ZNF331",True,False,False,127.025,502.851
"ZNF333",False,False,False,39.313,848.897
"ZNF346",False,False,False,344.498,1816.39
"ZNF35",False,False,False,-112.762,788.065
"ZNF350",False,False,False,-68.9373,1141.47
"ZNF354B",False,False,False,-61.0059,475.989
"ZNF358",False,False,False,-57.286,569.196
"ZNF385A",False,False,False,-141.728,633.203
"ZNF391",False,False,False,25.599,1245.89
"ZNF394",False,False,False,95.3599,1875.01
"ZNF395",True,False,False,-36.1827,1374.33
"ZNF396",False,False,False,-28.1139,748.095
"ZNF398",False,False,False,54.6258,786.086
"ZNF404",False,False,False,-79.0271,897.74
"ZNF410",False,False,False,-199.766,461.902
"ZNF414",True,False,False,172.199,933.681
"ZNF416",True,False,False,9.01123,931.787
"ZNF417",False,False,False,61.2327,801.596
"ZNF418",False,False,False,40.7764,990.242
"ZNF420",False,False,False,-26.935,643.252
"ZNF426",True,False,False,-26.1653,668.903
"ZNF436",False,False,False,-19.6752,1053.36
"ZNF438",True,False,False,-6.0467,626.654
"ZNF443",False,False,False,-49.6881,529.39
"ZNF445",False,False,False,76.8725,1408.3
"ZNF449",True,False,False,-83.0985,620.685
"ZNF454",True,False,False,28.8065,552.974
"ZNF468",True,False,False,-55.6987,1014.18
"ZNF471",True,False,False,146.537,1458.99
"ZNF473",False,False,False,-6.96869,798.74
"ZNF479",False,False,False,-55.9715,1138.04
"ZNF48",False,False,False,441.268,998.868
"ZNF485",False,False,False,-82.7869,556.418
"ZNF487",True,False,False,14.7842,948.388
"ZNF490",False,False,False,-26.4192,781.446
"ZNF491",False,False,False,-27.6844,754.517
"ZNF492",False,False,False,-35.5324,1306.96
"ZNF501",False,False,False,-26.7541,1157.1
"ZNF502",False,False,False,173.174,867.713
"ZNF503",False,False,False,302.687,1253.03
"ZNF506",True,False,False,70.9689,1488.95
"ZNF510",True,False,False,114.294,1055.76
"ZNF512",True,False,False,-41.9908,578.65
"ZNF513",False,False,False,298.076,3046.75
"ZNF517",False,False,False,287.577,1090.1
"ZNF518A",True,False,False,-42.2987,715.234
"ZNF519",True,False,False,-136.027,585.362
"ZNF524",False,False,False,-56.1494,1147.5
"ZNF528",False,False,False,-100.335,849.062
"ZNF530",False,False,False,-206.944,315.482
"ZNF536",False,False,False,-89.1865,697.712
"ZNF541",True,False,False,-75.8282,562.81
"ZNF546",False,False,False,94.5134,1511.36
"ZNF548",False,False,False,95.1275,1381.76
"ZNF551",False,False,False,226.626,1296.93
"ZNF552",True,False,False,-68.9724,716.788
"ZNF555",False,False,False,-53.2235,1079.4
"ZNF557",True,False,False,-67.7157,786.318
"ZNF561",False,False,False,-60.8648,500.104
"ZNF563",True,False,False,24.1666,1050.19
"ZNF566",False,False,False,18.6724,892.002
"ZNF567",False,False,False,-142.478,341.771
"ZNF570",False,False,False,29.5784,1120.2
"ZNF571",False,False,False,-9.48128,823.326
"ZNF575",False,False,False,292.711,737.56
"ZNF577",True,False,False,-9.49215,904.489
"ZNF578",True,False,False,220.283,2198.13
"ZNF579",False,False,False,-111.563,705.758
"ZNF581",False,False,False,-60.3595,1147.23
"ZNF582",True,False,False,-112.614,696.283
"ZNF586",False,False,False,44.5692,842.459
"ZNF589",False,False,False,12.7725,1268.22
"ZNF595",False,False,False,130.464,1703.27
"ZNF596",True,False,False,147.421,732.127
"ZNF597",True,False,False,-132.372,456.38
"ZNF605",False,False,False,-173.427,632.703
"ZNF606",False,False,False,50.3228,201.825
"ZNF607",False,False,False,-101.404,812.734
"ZNF608",False,False,False,35.5679,688.108
"ZNF614",False,False,False,-119.874,673.882
"ZNF624",False,False,False,45.1457,1230.43
"ZNF625",False,False,False,-123.683,405.877
"ZNF626",False,False,False,-9.45723,909.379
"ZNF627",False,False,False,-49.4946,783.75
"ZNF630",False,False,False,82.7206,925
"ZNF644",False,False,False,113.963,1435.11
"ZNF648",False,False,False,41.8839,1289.75
"ZNF653",False,False,False,-27.8185,653.241
"ZNF654",False,False,False,-153.59,430.07
"ZNF655",False,False,False,-86.4148,394.985
"ZNF658",False,False,False,-70.8111,716.387
"ZNF665",False,False,False,-52.7448,674.275
"ZNF675",False,False,False,28.7594,693.08
"ZNF677",False,False,False,-25.047,674.593
"ZNF678",False,False,False,353.231,1385.45
"ZNF680",False,False,False,57.8418,953.666
"ZNF682",False,False,False,-37.2346,963.157
"ZNF683",True,False,False,-35.1899,1145.32
"ZNF687",False,False,False,-79.5828,977.126
"ZNF689",True,False,False,-166.481,591.155
"ZNF691",False,False,False,-114.764,377.593
"ZNF695",False,False,False,116.367,1048.93
"ZNF699",False,False,False,41.9348,1250.01
"ZNF7",True,False,False,-15.6297,758.856
"ZNF70",False,False,False,93.1116,912.767
"ZNF700",False,False,False,41.6445,1097.9
"ZNF701",True,False,False,68.0324,1000.66
"ZNF705A",False,False,False,-33.6185,804.456
"ZNF706",True,False,False,70.7799,905.929
"ZNF707",False,False,False,12.2871,261.692
"ZNF709",False,False,False,156.548,1330.97
"ZNF71",False,False,False,288.315,1536.63
"ZNF710",False,False,False,327.092,2023.75
"ZNF713",False,False,False,45.6646,818.403
"ZNF718",False,False,False,-10.0561,805.121
"ZNF721",False,False,False,-99.9604,751.107
"ZNF728",True,False,False,-31.7433,860.491
"ZNF729",False,False,False,-180.751,598.326
"ZNF730",True,False,False,179.43,2085.42
"ZNF732",True,False,False,-131.842,774.113
"ZNF735",False,False,False,-39.0124,721.361
"ZNF736",True,False,False,-126.715,617.839
"ZNF746",False,False,False,14.1472,1284.59
"ZNF749",False,False,False,-1.84676,659.405
"ZNF750",False,False,False,107.769,844.063
"ZNF75D",False,False,False,-165.654,605.317
"ZNF76",False,False,False,163.218,718.094
"ZNF765",False,False,False,-31.164,931.221
"ZNF768",False,False,False,-13.0601,830.933
"ZNF780A",True,False,False,-192.561,411.698
"ZNF780B",False,False,False,-127.626,740.405
"ZNF783",False,False,False,-17.1533,1086.26
"ZNF784",False,False,False,-139.559,854.611
"ZNF785",False,False,False,62.2562,1734.42
"ZNF79",False,False,False,69.7057,994.935
"ZNF792",False,False,False,35.1296,883.345
"ZNF81",False,False,False,17.7924,1186.91
"ZNF821",False,False,False,-60.8756,1005.41
"ZNF823",False,False,False,-59.746,733.55
"ZNF831",False,False,False,-87.1229,840.21
"ZNF836",False,False,False,60.6705,1297.22
"ZNF837",True,False,False,64.1807,1185.27
"ZNF846",False,False,False,110.699,1114.8
"ZNF865",False,False,False,-4.69423,687.03
"ZNF875",False,False,False,-139.983,433.819
"ZNF879",False,False,False,18.7008,1336.92
"ZNF880",False,False,False,6.25016,493.434
"ZNF883",False,False,False,-130.946,822.082
"ZNF888",False,False,False,-207.994,286.463
"ZNF891",False,False,False,-93.3873,896.267
"ZNF93",False,False,False,-34.1431,949.694
"ZNFX1",True,False,False,123.66,1311.75
"ZNRF2",False,False,False,131.17,1343.65
"ZRANB3",False,False,False,-140.787,469.276
"ZSCAN10",False,False,False,267.287,1821.35
"ZSCAN12",True,False,False,-186.693,556.183
"ZSCAN16",True,False,False,102.052,1309.53
"ZSCAN18",True,False,False,-112.421,455.663
"ZSCAN22",False,False,False,-149.955,463.304
"ZSCAN23",True,False,False,-124.346,435.996
"ZSCAN30",False,False,False,-6.67358,424.447
"ZSCAN32",False,False,False,-48.6354,738.902
"ZSCAN9",False,False,False,-7.81702,964.153
"ZXDA",False,False,False,-104.671,645.325
"ZXDB",True,False,False,47.667,673.61
"ZYG11B",True,False,False,-182.989,443.138
"ZZZ3",False,False,False,13.9114,302.605
