gene,space,depth,n_components,perturbation,n_cells,d_self,d_null,signal,width,detect_margin,detectable,ratio_R,R_below_one,separation,spread,ident_margin,identifiable,jointly_evaluable
TP53,pca,25,50,A159P,768,1.5320298617687502,1.5603747102829413,0.028344848514191057,0.48781155401991216,0.058106144228461706,False,0.9818345886232344,True,0.8938955725358169,10.501547128130547,0.08512036956357928,False,False
TP53,pca,25,50,A159V,554,1.4793714944767107,1.5301349353547096,0.05076344087799889,0.4918861167096056,0.10320161344982229,False,0.966824206346069,True,-0.09401909318663226,6.851756289398802,-0.013721896870748426,False,False
TP53,pca,25,50,A83V,326,1.4639085114701356,1.6017493874256878,0.13784087595555228,0.9568627251979085,0.14405501680195826,False,0.9139435438292326,True,0.20066565711250584,10.464289082545482,0.019176234097662472,False,False
TP53,pca,25,50,C135F,615,1.5747195298475134,1.7181924504163497,0.14347292056883632,0.46650676845075534,0.3075473503745774,False,0.916497758714939,True,2.0379074223372986,17.013450190766182,0.11978213704374584,False,False
TP53,pca,25,50,C135Y,422,1.3617439106378484,1.437002206410103,0.07525829577225451,0.47462495280632,0.15856371504969133,False,0.9476282670711664,True,1.0964929904882654,7.445738902270895,0.14726449649662618,False,False
TP53,pca,25,50,C141Y,295,1.4746854689923143,1.4207232131000787,-0.05396225589223569,0.553011484829977,-0.09757890635639574,False,1.0379822441096656,False,1.136463656176578,7.542726226271494,0.15067014526103945,False,False
TP53,pca,25,50,C176F,293,1.4066384380574544,1.6416757986446786,0.23503736058722424,0.66502182199099,0.3534280422310843,False,0.8568308305566394,True,0.9303532027059223,9.83072010047822,0.09463734021485005,False,False
TP53,pca,25,50,C176Y,340,1.6139787934886929,1.5553435011373278,-0.05863529235136511,1.261928275601489,-0.04646483757043721,False,1.0376992557004217,False,-2.5187179505869453,6.81716952464966,-0.36946682072078646,False,False
TP53,pca,25,50,C238F,451,1.4940097016338747,1.4901616549965642,-0.0038480466373105315,0.8443240968342596,-0.004557546861138444,False,1.0025823014734059,False,2.8219382956941743,14.368048513273493,0.1964037282507232,False,False
TP53,pca,25,50,C238Y,388,1.2872277194428392,1.4520074334143889,0.16477971397154967,0.9031522338943994,0.1824495448137445,False,0.8865159294783561,True,0.9980277592127722,9.614870086371681,0.10380044142534986,False,False
TP53,pca,25,50,C242F,316,1.5126429822266783,1.66234100113288,0.14969801890620182,0.7747884453006784,0.19321147574433342,False,0.9099474663717113,True,0.6765078708072403,3.110174306939673,0.21751445547529638,False,False
TP53,pca,25,50,C275F,759,1.4524025297815566,1.7150601913556383,0.26265766157408166,0.49834355173523837,0.5270614231076222,False,0.8468522195909237,True,0.683177521980713,8.497036493481701,0.08040185804836737,False,False
TP53,pca,25,50,C275Y,528,1.4415303561287747,1.3921080668295396,-0.04942228929923509,0.3555138905812405,-0.13901647898604771,False,1.0355017620232545,False,-1.047095709304962,7.957582334210948,-0.13158465289178678,False,False
TP53,pca,25,50,C277F,670,1.5152440228927215,1.6170033387537543,0.10175931586103282,0.4243952651061351,0.2397748613797194,False,0.9370691986700164,True,-1.0868689614741611,12.457448524025732,-0.08724651435468504,False,False
TP53,pca,25,50,D21D,402,1.498351822440858,1.560223020243349,0.06187119780249084,0.8113156124134537,0.07626033180655807,False,0.9603446449643842,True,-1.4107036678795473,14.363706657653495,-0.09821306585427057,False,False
TP53,pca,25,50,E271K,665,1.5723417980049987,1.807294087081944,0.23495228907694532,0.6235622978966415,0.3767904022893472,False,0.8699977547891504,True,1.6252409863836348,8.360036957714371,0.19440595712724873,False,False
TP53,pca,25,50,E285K,550,1.4039288103096208,1.621789471899156,0.2178606615895351,1.2861415951493569,0.16939088387405385,False,0.8656664965678839,True,-1.4390933652713525,6.719109692395498,-0.21417917419923632,False,False
TP53,pca,25,50,E286K,1298,1.3663562284105453,1.5356345590613234,0.16927833065077813,0.5590041180509671,0.30282125870733606,False,0.8897665270347578,True,-0.07327418073925118,14.580793535650336,-0.005025390460409052,False,False
TP53,pca,25,50,E2E,365,1.5569791893772784,1.487855878482394,-0.06912331089488433,0.9454757990844989,-0.0731095507275979,False,1.0464583377291823,False,-0.1641188828307374,13.288854001920898,-0.012350115578590455,False,False
TP53,pca,25,50,E339K,238,1.5260359975996423,1.7016227114115914,0.17558671381194912,0.6305604083154452,0.2784613678505959,False,0.8968121942458737,True,1.0289820145057185,8.325735444741774,0.12359052498546365,False,False
TP53,pca,25,50,G105C,674,1.4964492957989055,1.6142521864223465,0.11780289062344096,0.5697542998385612,0.2067608628084425,False,0.9270232423320879,True,-1.0175937402064756,7.737595627613969,-0.13151291294867906,False,False
TP53,pca,25,50,G154V,272,1.6948845957910823,1.5819492916904654,-0.11293530410061692,0.595730384777861,-0.18957452395638474,False,1.0713899647060967,False,-0.9925157407306202,8.376910979272605,-0.11848230728325153,False,False
TP53,pca,25,50,G244C,951,1.6177013890346021,1.6420247573298923,0.024323368295290138,0.38513518525787505,0.06315540419659121,False,0.9851869661607036,True,0.3105083277023224,9.059673193380458,0.034273678649821324,False,False
TP53,pca,25,50,G245C,448,1.531592892893885,1.651473957299297,0.11988106440541202,0.67696875365574,0.17708507779426305,False,0.9274096549475979,True,1.0423959170137866,9.404423883503522,0.11084101800667163,False,False
TP53,pca,25,50,G245D,537,1.5485853038620423,1.5724103750979666,0.023825071235924256,0.48790395106612405,0.048831478375741456,False,0.9848480577251089,True,-0.11850867405846577,6.334194939956491,-0.01870935062495563,False,False
TP53,pca,25,50,G245S,684,1.614165374419379,1.5374460104310668,-0.07671936398831214,0.8815682982061899,-0.08702600143904932,False,1.0499005255910103,False,2.0971612514922997,21.90071177928562,0.09575767548686982,False,False
TP53,pca,25,50,G245V,849,1.4370480836749877,1.492828094974616,0.055780011299628285,0.6206672468978587,0.08987104052682167,False,0.9626346720781828,True,1.4274494502368655,14.534173439054022,0.09821332160528924,False,False
TP53,pca,25,50,G266E,841,1.5309161933190563,1.5205269583066752,-0.010389235012381093,0.841024526364504,-0.01235307019795324,False,1.006832654268722,False,3.2706536201171406,8.52839839789355,0.38350150491620644,False,False
TP53,pca,25,50,G266R,721,1.6327347009562985,1.5658789087165452,-0.06685579223975324,0.6786413163152831,-0.09851417918783681,False,1.0426953782106632,False,0.6671663890328425,10.880880169208197,0.06131547987458374,False,False
TP53,pca,25,50,G266V,844,1.4118036388669744,1.430495259188234,0.018691620321259705,0.5301005646339632,0.03526051766076943,False,0.9869334622388986,True,-0.3193174313524234,11.10252659992248,-0.028760789580513407,False,False
TP53,pca,25,50,G360V,369,1.5243300735725178,1.564328974672021,0.039998901099503215,1.1170389107966272,0.0358079747382995,False,0.9744306333596554,True,-2.985758495515774,6.73902564552454,-0.4430549240450878,False,False
TP53,pca,25,50,H179R,278,1.5077123282678073,1.5707176099219335,0.06300528165412622,0.7306995743956914,0.08622597283737754,False,0.9598875817931031,True,-2.146643882606843,11.130845662271135,-0.19285541707608603,False,False
TP53,pca,25,50,H179Y,846,1.4250235991328033,1.5781301068807583,0.15310650774795498,0.749404215995026,0.20430430531361085,False,0.9029823288457651,True,-0.6719005889001499,9.826951347523316,-0.06837324874611177,False,False
TP53,pca,25,50,H193L,744,1.6031598338087996,1.6067005541209163,0.0035407203121167186,0.5668195925957802,0.006246644185148582,False,0.9977962786512798,True,1.1767037778671279,9.42711841485021,0.12482115171201283,False,False
TP53,pca,25,50,H193R,291,1.6485979614302497,1.671765243785055,0.023167282354805252,0.39462646514336397,0.058706864341672584,False,0.9861420241622251,True,-2.252397690994465,8.449260587942199,-0.2665792666175813,False,False
TP53,pca,25,50,H193Y,726,1.4013558908325283,1.4825998485379461,0.08124395770541781,0.9233297708571939,0.08799018538088853,False,0.9452016956662069,True,-2.0815440142204693,13.38210890988596,-0.15554678475847258,False,False
TP53,pca,25,50,H214R,226,1.5150755326906307,1.5943314518321454,0.07925591914151475,0.6128887779676611,0.1293153374488718,False,0.9502889320470741,True,0.9053123958750255,13.117788498703245,0.06901410218380331,False,False
TP53,pca,25,50,I195T,644,1.536492242610496,1.5678208446388027,0.03132860202830656,0.6767194901403715,0.046294812673132985,False,0.980017741098777,True,1.4964795758961336,9.947992229263168,0.15043031210801172,False,False
TP53,pca,25,50,K132N,635,1.5381353669018658,1.4351195499643197,-0.10301581693754613,0.6643192006412852,-0.15506975688509708,False,1.071782045572515,False,0.13889827333470617,9.89638680872537,0.014035251048619421,False,False
TP53,pca,25,50,K132R,243,1.5573378612082802,1.4948305457561109,-0.06250731545216937,1.1762476890593103,-0.05314128651097187,False,1.0418156530381524,False,2.2398853748938414,12.314180116389569,0.18189480369161273,False,False
TP53,pca,25,50,L194R,777,1.5070749983200482,1.587802454776483,0.08072745645643487,0.5913158226989881,0.1365217255441675,False,0.9491577455283636,True,4.048409863289528,24.156670719669766,0.16758972750301546,False,False
TP53,pca,25,50,L344L,499,1.4775678120574316,1.5800873809630023,0.10251956890557068,0.5248316584128043,0.19533800460058054,False,0.9351177851676222,True,-0.38237095989150904,8.034404204034562,-0.04759170066393938,False,False
TP53,pca,25,50,M237I,803,1.6003966743256086,1.8579954652004318,0.2575987908748232,0.7688383498699538,0.33504935194556185,False,0.8613566094753441,True,-0.5560215758714504,10.09909231412443,-0.05505658910492455,False,False
TP53,pca,25,50,M246V,717,1.4865139282877777,1.6401327694858114,0.1536188411980337,0.7990737785059074,0.192246129619304,False,0.9063375575099363,True,-0.7777425004723266,13.194897261963167,-0.058942671930786394,False,False
TP53,pca,25,50,P151S,431,1.5296702857101714,1.5649203111170031,0.03525002540683175,0.6028168870630417,0.05847551082812542,False,0.9774748751381014,True,-3.024679393081783,9.294915539372967,-0.32541225149054204,False,False
TP53,pca,25,50,P152L,262,1.7088105304488561,1.7554553733290454,0.04664484288018933,0.5993567138448646,0.07782484420832353,False,0.9734286364729785,True,1.3934492202220146,10.848797790206387,0.12844273136696613,False,False
TP53,pca,25,50,P153P,373,1.511429876412807,1.480206727866788,-0.03122314854601882,0.4641102251760185,-0.06727528688724133,False,1.0210937755910732,False,1.0709762138248526,15.620045998967024,0.0685642163855137,False,False
TP53,pca,25,50,P222P,488,1.5539280630834469,1.6176716059821956,0.06374354289874873,0.534261145205505,0.11931158286689479,False,0.960595498701329,True,2.2499916699733378,17.935828664734377,0.12544676424107998,False,False
TP53,pca,25,50,P250L,355,1.4906599585092835,1.508660813269385,0.018000854760101603,0.9197542263301199,0.019571374879054595,False,0.9880683221823119,True,-1.1375070281500606,7.282792693655969,-0.15619104868122108,False,False
TP53,pca,25,50,P278L,745,1.538323741127014,1.5978191959513648,0.0594954548243507,0.4229663669226209,0.1406623776193416,False,0.9627645887750609,True,-2.290521207692353,9.504768043819753,-0.24098654455662485,False,False
TP53,pca,25,50,P278S,1047,1.4690406499256845,1.383514394896503,-0.08552625502918154,0.7555215289725836,-0.11320161206456517,False,1.0618181172127086,False,-1.201225925453826,7.63337258070025,-0.15736503265816368,False,False
TP53,pca,25,50,P295P,374,1.5207863464960045,1.562249262171095,0.04146291567509053,0.9045481477533968,0.045838262759225055,False,0.9734594749512196,True,-0.8760387836589212,8.901096967180415,-0.09841919337459172,False,False
TP53,pca,25,50,P301P,435,1.356716215945232,1.5744163840244703,0.2177001680792383,0.5150877548024582,0.42264675494514276,False,0.8617264338149477,True,-1.557758092619751,5.953338810988566,-0.2616612529669014,False,False
TP53,pca,25,50,P359P,550,1.6273734760517247,1.5153009190280198,-0.11207255702370489,0.5290144129596916,-0.21185161363882213,False,1.073960594635944,False,0.6202782900353028,13.205112147304611,0.04697258782174842,False,False
TP53,pca,25,50,P36P,352,1.5082804616178027,1.70615496237542,0.19787450075761726,1.1124757879041958,0.1778685908575098,False,0.8840231367483036,True,0.34634042953683,9.143029906631952,0.03788026869359903,False,False
TP53,pca,25,50,P47P,479,1.6704742065586107,1.6571279961297893,-0.013346210428821337,0.4883068410666014,-0.027331606494943646,False,1.0080538198980353,False,-1.0811195087727181,7.5715305409672355,-0.14278744606828317,False,False
TP53,pca,25,50,P47S,406,1.7461809303054174,1.505622871269301,-0.2405580590361165,0.6071594248797436,-0.39620246211900995,False,1.1597731169116183,False,-1.5296720841287479,6.918902727660791,-0.22108593578188865,False,False
TP53,pca,25,50,P58R,204,1.4887385185274198,1.560021388452526,0.07128286992510624,0.7047176469279646,0.1011509648379682,False,0.9543064790952541,True,-1.5638162104207753,6.779955582256832,-0.23065286954287545,False,False
TP53,pca,25,50,Q5R,430,1.5092389810740237,1.938105384644956,0.4288664035709324,1.0101908364125853,0.4245399860227731,False,0.7787187389454072,True,-1.0901781064787401,8.25611307319339,-0.13204495830107002,False,False
TP53,pca,25,50,R110L,560,1.4908147526462567,1.4828344404708016,-0.00798031217545514,0.6023242780727209,-0.013249195601063994,False,1.0053817958078457,False,1.1254557222195942,12.114466587779722,0.09290179753806742,False,False
TP53,pca,25,50,R158H,573,1.4543281550924814,1.6647602627975235,0.21043210770504217,0.4961699856305317,0.42411293266283634,False,0.8735961493029486,True,-0.5509119358786798,8.40779139236346,-0.0655239777213141,False,False
TP53,pca,25,50,R158L,635,1.457111434355168,1.5397254900506976,0.08261405569552949,0.6293691377384367,0.13126486626337175,False,0.9463449451026434,True,-0.7672368497523245,10.55410769136921,-0.07269556765843357,False,False
TP53,pca,25,50,R158R,456,1.3943211943463538,1.517278089053697,0.12295689470734317,0.8491320339714152,0.1448030339077778,False,0.9189621892028841,True,-1.3155000621544781,6.906329619350547,-0.19047745107164235,False,False
TP53,pca,25,50,R175H,512,1.469498534359273,1.4319550631519142,-0.03754347120735879,0.43114799487883126,-0.08707792139427649,False,1.0262183305701793,False,-0.9874397890175881,11.48051283548247,-0.08601007665491546,False,False
TP53,pca,25,50,R213Q,467,1.5766581588864206,1.6189341288157308,0.042275969929310264,0.8790150937933356,0.04809470306917133,False,0.9738865410415212,True,-0.049699806488171294,8.812158447301332,-0.005639912943620703,False,False
TP53,pca,25,50,R248L,685,1.5413878082775057,1.5090433263353074,-0.0323444819421983,0.43382645081510396,-0.0745562698665035,False,1.0214337662661723,False,-0.10279785633792304,9.920331323715027,-0.010362341033124554,False,False
TP53,pca,25,50,R248W,460,1.5323205191420577,1.65088310229598,0.11856258315392232,0.9305225445018017,0.12741505711438758,False,0.9281823267867784,True,-0.667470819804993,11.320698789772646,-0.05896021369352217,False,False
TP53,pca,25,50,R249M,482,1.3987962151586135,1.3799708066076715,-0.018825408550942058,0.7411763097524489,-0.02539936625501387,False,1.0136418889883765,False,-0.1730143132990709,8.690878854782532,-0.01990757392779239,False,False
TP53,pca,25,50,R249S,695,1.7095129904765098,1.6911649289145299,-0.01834806156197999,1.0816750321018067,-0.016962637592112858,False,1.0108493626187935,False,0.46821863944854436,15.445872013204543,0.030313512830371005,False,False
TP53,pca,25,50,R273C,674,1.5106595704219572,1.4412674653694548,-0.06939210505250237,0.6893475659212951,-0.10066345118628457,False,1.0481465839754556,False,0.6107962889409269,18.11099790603,0.033725159271183185,False,False
TP53,pca,25,50,R273H,449,1.7350565205901596,1.463530912292251,-0.2715256082979085,0.6023019147498885,-0.450813124860581,False,1.1855277575740661,False,-0.005959322267178768,13.05128039881168,-0.00045660824724303405,False,False
TP53,pca,25,50,R273L,318,1.6620242481016536,1.6437726750500037,-0.018251573051649927,0.32087056541735826,-0.05688141892326583,False,1.0111034654175004,False,0.13321185827702386,6.713704999114329,0.019841780104219227,False,False
TP53,pca,25,50,R280K,493,1.4830683550689443,1.616904054894107,0.13383569982516264,0.774509963951062,0.17280048812079474,False,0.9172271852370809,True,0.22702101154749754,11.230825424849758,0.02021409851542898,False,False
TP53,pca,25,50,R280T,659,1.4621377383538405,1.7057871032200644,0.2436493648662239,0.4191916015112791,0.5812362747436105,False,0.8571630865268709,True,-1.5027639591493729,6.662471657663272,-0.22555652562076894,False,False
TP53,pca,25,50,R282W,785,1.4170974476249416,1.4749816189588127,0.05788417133387114,0.33612700121737604,0.17220922783420478,False,0.9607560049631456,True,-0.12639163769009998,10.598355815008286,-0.011925589204234616,False,False
TP53,pca,25,50,R337C,506,1.5386787755286768,1.4557064298573597,-0.08297234567131717,0.7585770454828782,-0.10937893015006864,False,1.0569979935305,False,0.43728728002618067,15.634511675825715,0.02796935965082427,False,False
TP53,pca,25,50,R337L,444,1.632661576598574,1.4956909366122932,-0.13697063998628067,0.8209386995101355,-0.16684636754000362,False,1.0915768335780092,False,0.9802449896101761,15.769750785518887,0.06215982756749204,False,False
TP53,pca,25,50,S127F,774,1.5032250193216061,1.5221707622632685,0.018945742941662402,0.7368926034732144,0.025710317694009898,False,0.9875534707331439,True,-0.9733377315726714,8.71960096673182,-0.1116264075943703,False,False
TP53,pca,25,50,S241C,395,1.6839111375864277,1.6012299745585654,-0.08268116302786233,0.6602613669864072,-0.12522489905056716,False,1.0516360325134784,False,1.615171650937929,11.528074000728935,0.1401076754743073,False,False
TP53,pca,25,50,S241F,936,1.5902386008518068,1.5256483319867051,-0.06459026886510166,1.0726162677678373,-0.06021749884468648,False,1.0423362760020798,False,0.4037124332584563,7.03299176913872,0.05740265970877086,False,False
TP53,pca,25,50,S366A,354,1.4859884369621899,1.461580578305929,-0.024407858656260828,0.5085929926682176,-0.047990945624733335,False,1.016699632588544,False,2.1979950537587616,16.59626052466577,0.13243917510767245,False,False
TP53,pca,25,50,T118T,515,1.4487301803084378,1.5070462006868564,0.05831602037841854,0.425918227860947,0.13691834855552942,False,0.9613044242758847,True,-0.6656401947671018,6.985751905538574,-0.09528540431551205,False,False
TP53,pca,25,50,T170T,532,1.4225252472460461,1.5023043876496551,0.079779140403609,0.6896442268636689,0.11568158957325689,False,0.9468954886509897,True,0.18156584322134406,7.418279132399331,0.0244754666117045,False,False
TP53,pca,25,50,T312S,451,1.6020020995292992,1.6694053572219971,0.06740325769269795,0.27942078258214686,0.24122492632731096,False,0.9596243911635329,True,2.3353286674790965,20.86060282950313,0.11194924166698786,False,False
TP53,pca,25,50,V157F,257,1.4893785689535175,1.6058840258711662,0.11650545691764869,0.8737794967510677,0.13333507750049678,False,0.9274508899517533,True,-1.3269344221909005,6.687013223627768,-0.19843454436464028,False,False
TP53,pca,25,50,V173L,688,1.398495520405307,1.4419623589956956,0.04346683859038869,0.5098602715957488,0.08525245250889463,False,0.9698557744456917,True,-1.4104013013718457,9.626907924645293,-0.1465061588218953,False,False
TP53,pca,25,50,V173M,467,1.4342104273263452,1.5239677723109484,0.0897573449846032,1.2872921359686698,0.0697256997667138,False,0.9411028588560669,True,-0.3713466108304786,6.060986060206736,-0.0612683492655669,False,False
TP53,pca,25,50,V216M,892,1.5573187388703165,1.5726897145495506,0.015370975679234178,0.8124522714261824,0.018919235282894707,False,0.9902263138513393,True,-1.1150164343535565,7.582637489429658,-0.14704862732893545,False,False
TP53,pca,25,50,V216V,391,1.6070476616855878,1.5544830900419466,-0.052564571643641145,0.5937102788577271,-0.088535727804432,False,1.033814823705945,False,2.192418773815487,10.37906447927661,0.21123471948680797,False,False
TP53,pca,25,50,V272L,449,1.4498018133461086,1.5481403820342976,0.09833856868818902,0.609001286454768,0.16147514114568765,False,0.9364795532566824,True,-0.019820162423049625,8.594017059294085,-0.002306274503099213,False,False
TP53,pca,25,50,V272M,837,1.5885847172161967,1.472104667987585,-0.11648004922861155,0.7454361281872772,-0.15625758508896426,False,1.0791248419773327,False,0.8282868962675269,10.41817865123342,0.07950400199457754,False,False
TP53,pca,25,50,V31I,326,1.4399606443019302,1.5990029934915455,0.15904234918961535,0.46507615808409497,0.34197054917800657,False,0.9005365531916021,True,1.2214628401685452,8.025898671245095,0.1521901646409715,False,False
TP53,pca,25,50,Y107H,547,1.381598724788624,1.5856349374735537,0.20403621268492955,0.40276707773829235,0.5065861237484436,False,0.8713220755528839,True,2.5733581034031614,9.12345470847567,0.2820596129021737,False,False
TP53,pca,25,50,Y163C,310,1.5471635632049878,1.7954002832101565,0.24823672000516872,0.8649621049789107,0.28699143994432125,False,0.8617373950942437,True,-2.723694571497963,5.229090042377221,-0.5208735266413067,False,False
TP53,pca,25,50,Y205C,302,1.6052375811129593,1.4503493216634453,-0.154888259449514,0.9894774734030021,-0.15653540743764857,False,1.106793761431121,False,-1.5856245992067963,9.37950965788935,-0.16905197148265486,False,False
TP53,pca,25,50,Y220C,346,1.4164949584110218,1.4751107362461369,0.05861577783511507,0.6095812441894757,0.0961574497146037,False,0.9602634728398218,True,-0.8701974834792847,8.677236302579985,-0.10028509690586053,False,False
TP53,pca,25,50,Y234C,386,1.6591063083878517,1.6467105967359732,-0.012395711651878472,0.5016153908131682,-0.024711585567148957,False,1.007527559290897,False,-0.4046774944275666,5.4418493868671085,-0.07436396446476091,False,False
TP53,pca,25,50,Y236C,915,1.6434705322166359,1.5969112673651917,-0.046559264851444127,0.6633128590534729,-0.07019201303873826,False,1.0291558246240344,False,0.1729648130262269,9.5571679126598,0.01809791505254511,False,False
TP53,pca,50,50,A159P,768,0.68859817774484,0.8069971551542583,0.1183989774094183,0.3039304293061591,0.3895594714873091,False,0.8532845169859536,True,1.0651528041304346,2.7568049272622295,0.38637220704195163,False,False
TP53,pca,50,50,A159V,554,0.815402458632251,0.7370194792048075,-0.07838297942744354,0.27599038184742997,-0.28400619942898725,False,1.1063512995776086,False,0.06574086781163258,5.428325094995426,0.012110709410577033,False,False
TP53,pca,50,50,A83V,326,0.7857665892236607,0.7887362040892665,0.002969614865605763,0.3801118169012715,0.007812477101644744,False,0.9962349707668933,True,0.1987338490907793,5.066545365814592,0.03922472508224096,False,False
TP53,pca,50,50,C135F,615,0.7678008680049615,0.8438732459808751,0.0760723779759136,0.5624454382829311,0.1352529024115693,False,0.9098533122856728,True,-0.5804478068789769,4.287345409087141,-0.1353862941970345,False,False
TP53,pca,50,50,C135Y,422,0.7252599380870599,0.8019929509875805,0.07673301290052059,0.304485619098702,0.2520086601385494,False,0.9043220856167988,True,0.6724641156432549,5.796946170088594,0.11600316716982344,False,False
TP53,pca,50,50,C141Y,295,0.8038224159039693,0.7603325382566037,-0.04348987764736556,0.3531411206453626,-0.12315155359955858,False,1.057198495998981,False,-0.24563686530938944,3.991160986658301,-0.06154521607384598,False,False
TP53,pca,50,50,C176F,293,0.7982847353706841,0.7661840415709573,-0.0321006937997268,0.2843565741337728,-0.11288887516497276,False,1.0418968446979249,False,0.9818852374502359,7.122180536898383,0.13786300871809046,False,False
TP53,pca,50,50,C176Y,340,0.6867820451853657,0.7588718372609407,0.07208979207557498,0.20669606342160496,0.34877196441100566,False,0.9050039960162777,True,0.1496113858438053,5.262189893544064,0.028431392418459954,False,False
TP53,pca,50,50,C238F,451,0.7522524270800073,0.7713321887923463,0.01907976171233905,0.3205069535464663,0.0595299462342957,False,0.9752638850166337,True,-0.5818083344450711,8.145651169426516,-0.07142563833678536,False,False
TP53,pca,50,50,C238Y,388,0.8149061622076488,0.7668325186384646,-0.0480736435691842,0.47455833829677463,-0.10130186257336475,False,1.0626911905803635,False,1.1289962835889082,11.131575689519316,0.10142286366986564,False,False
TP53,pca,50,50,C242F,316,0.6696844081962308,0.7416330919500336,0.07194868375380281,0.3294525010343574,0.2183886403287603,False,0.9029861470115599,True,0.24686374947048817,5.253818414135752,0.04698749176528154,False,False
TP53,pca,50,50,C275F,759,0.6894732882495589,0.7728311786231981,0.08335789037363917,0.30927294569232566,0.2695285557132637,False,0.89213958665314,True,-0.4979803215076164,4.713408273012741,-0.10565185374644297,False,False
TP53,pca,50,50,C275Y,528,0.768392398651276,0.7173815419060272,-0.051010856745248745,0.18997716916171803,-0.26851045823209296,False,1.071107010377932,False,-0.9864607700273273,3.646394127728966,-0.27053048449310424,False,False
TP53,pca,50,50,C277F,670,0.7490983676451286,0.8489072901936847,0.09980892254855611,0.1321186566532545,0.7554491173075176,False,0.8824265927486805,True,-0.016566189632760908,8.177006667410375,-0.0020259479179325843,False,False
TP53,pca,50,50,D21D,402,0.717004130791004,0.8204740806750781,0.1034699498840741,0.24300223621439876,0.42579834447607084,False,0.8738900444009883,True,1.0461490239344702,4.690373632972944,0.22304172456115814,False,False
TP53,pca,50,50,E271K,665,0.8882526914248938,0.8321121931485358,-0.05614049827635803,0.2756540711250277,-0.20366286645878895,False,1.067467462607337,False,-0.6101309798242295,3.0758222286008636,-0.19836353809750804,False,False
TP53,pca,50,50,E285K,550,0.7662126574786257,0.8064833241558116,0.04027066667718593,0.5959361543538042,0.06757547160543215,False,0.9500663368094568,True,1.4135520088203366,7.390717830714531,0.19126044874096823,False,False
TP53,pca,50,50,E286K,1298,0.7725656672883492,0.7950637891729162,0.022498121884567013,0.44852446354369646,0.05016030052589358,False,0.9717027461306329,True,0.8768454661177945,8.82165025391362,0.09939698819149992,False,False
TP53,pca,50,50,E2E,365,0.7590922085723317,0.7515339979690552,-0.0075582106032765495,0.12840266935285882,-0.05886334483051983,False,1.010057044157286,False,-0.38059844952026256,3.3658241199793215,-0.11307734330533017,False,False
TP53,pca,50,50,E339K,238,0.8275578284363192,0.8757839705586736,0.04822614212235443,0.5258811171263277,0.09170540746145388,False,0.9449337465133206,True,0.5530728895982385,5.175800473510066,0.10685745952319561,False,False
TP53,pca,50,50,G105C,674,0.8160755876876262,0.8023094628806469,-0.013766124806979363,0.377885286762323,-0.036429374969652595,False,1.0171581234472205,False,-0.453873984723566,4.991191730771165,-0.09093499292471381,False,False
TP53,pca,50,50,G154V,272,0.7728641682772963,0.7762116401716117,0.0033474718943153903,0.308941316554765,0.010835300152292823,False,0.9956874237371971,True,0.41990247696232785,7.030922932958877,0.059722241442008966,False,False
TP53,pca,50,50,G244C,951,0.7579988767145096,0.7375426451587863,-0.020456231555723292,0.18608229328212822,-0.10993110195986582,False,1.0277356593411886,False,0.10318862605056744,6.910727832188898,0.014931658221285149,False,False
TP53,pca,50,50,G245C,448,0.7974721400754579,0.7951049611667145,-0.0023671789087433837,0.19119098044418203,-0.012381226892837022,False,1.002977190464602,False,-0.5047182150362354,3.053930823269593,-0.16526838499107685,False,False
TP53,pca,50,50,G245D,537,0.7392290901476279,0.8144800445293257,0.07525095438169771,0.11972559031083707,0.6285285725994563,False,0.9076085965676618,True,0.18583157089426416,8.542985081593127,0.021752533700973013,False,False
TP53,pca,50,50,G245S,684,0.7860100141273456,0.7626902650243323,-0.023319749103013265,0.29839972350985267,-0.07814936565195338,False,1.03057564803488,False,-0.5452613054341492,3.668698366800977,-0.148625275484178,False,False
TP53,pca,50,50,G245V,849,0.8189202727668459,0.7246148404713857,-0.09430543229546018,0.24368829537309655,-0.386992047160389,False,1.1301455987764637,False,0.23735443140468848,5.758690527970788,0.04121673673065498,False,False
TP53,pca,50,50,G266E,841,0.8531578124456587,0.7406487942363658,-0.11250901820929293,0.3432921844170217,-0.32773544903259477,False,1.151906030340998,False,-0.5235013353158843,1.8606240035138102,-0.28135793923288416,False,False
TP53,pca,50,50,G266R,721,0.8079060606849122,0.7596375944202691,-0.048268466264643095,0.3405671317706449,-0.1417296672573486,False,1.0635414395221974,False,1.1004963391216944,5.299203865383739,0.20767201396242235,False,False
TP53,pca,50,50,G266V,844,0.6999209215198245,0.7947044275097515,0.09478350598992691,0.2347640620260798,0.4037394189379696,False,0.8807311212711674,True,-0.7177767621423615,3.6065606904749714,-0.19901973756826835,False,False
TP53,pca,50,50,G360V,369,0.6902266604750888,0.8046196394152769,0.11439297894018807,0.24301752420086908,0.4707190533536798,False,0.8578297454641819,True,0.9914443394397358,5.4444652213460385,0.1821013266009293,False,False
TP53,pca,50,50,H179R,278,0.8226046287184232,0.7873035094898384,-0.03530111922858481,0.37734064050014404,-0.09355239123407205,False,1.044838005677708,False,-0.7058263277289837,8.899441540458673,-0.07931130560498134,False,False
TP53,pca,50,50,H179Y,846,0.6930270048422305,0.7478958600553653,0.05486885521313489,0.4931217737764536,0.11126836844565809,False,0.9266357013808406,True,-0.5122445300315113,6.627218325707515,-0.07729404779747083,False,False
TP53,pca,50,50,H193L,744,0.7036824740419352,0.8260083385692667,0.12232586452733152,0.2909486856946084,0.4204379347350953,False,0.8519072280320888,True,1.1751764599302383,11.120237708506474,0.10567907725850878,False,False
TP53,pca,50,50,H193R,291,0.7450915111498766,0.8342111446918832,0.08911963354200658,0.29098999578654516,0.3062635651824265,False,0.8931689727366049,True,0.4443762400494914,4.763263048252453,0.0932923996739009,False,False
TP53,pca,50,50,H193Y,726,0.7073807638821528,0.7585565121951845,0.05117574831303173,0.3915081277827662,0.1307143956444943,False,0.9325353516972198,True,0.05995174995356578,2.8035149141628333,0.021384494746470136,False,False
TP53,pca,50,50,H214R,226,0.883163158586445,0.8131336615155629,-0.07002949707088213,0.3966096488186084,-0.17657033125512916,False,1.086122983692936,False,-0.6158809712649497,4.179970297213998,-0.14734099227342404,False,False
TP53,pca,50,50,I195T,644,0.7704658375080342,0.7635424539648028,-0.0069233835432314095,0.3590497131701461,-0.019282520746508894,False,1.0090674506797634,False,0.926775863130108,6.699792597611678,0.13832903774670313,False,False
TP53,pca,50,50,K132N,635,0.7791661817780557,0.7623144689997847,-0.016851712778271022,0.23424950944497558,-0.07193915931008356,False,1.0221059857362824,False,0.17322769969557772,6.9824485348932805,0.02480901919003193,False,False
TP53,pca,50,50,K132R,243,0.6679549740271753,0.805231696302485,0.13727672227530974,0.45316689000781596,0.30292752030701553,False,0.8295189783193262,True,-0.041677383899919374,6.370435266733523,-0.006542313382816884,False,False
TP53,pca,50,50,L194R,777,0.721821687618549,0.7372975399417729,0.015475852323223904,0.3301857552405517,0.04687013924010505,False,0.9790100312494653,True,-0.660945317698497,4.8841872243608195,-0.13532350160573403,False,False
TP53,pca,50,50,L344L,499,0.7379194096623571,0.7591336286804271,0.02121421901806997,0.3438529059666323,0.061695622313945514,False,0.9720546973331351,True,0.3624930595795671,6.899020628247296,0.05254268382607502,False,False
TP53,pca,50,50,M237I,803,0.7857494073450884,0.8275957305148331,0.04184632316974479,0.5245551579252369,0.07977487693621918,False,0.9494362747090141,True,-0.7891490164635389,4.29909179854693,-0.18356179710567405,False,False
TP53,pca,50,50,M246V,717,0.7627163193955795,0.8091539305562776,0.04643761116069811,0.2556691939019481,0.18163162503851535,False,0.9426096699193278,True,0.22960446354798314,5.552718490118572,0.041349919675665064,False,False
TP53,pca,50,50,P151S,431,0.7992205035606954,0.7579009881918051,-0.041319515368890336,0.2360621739468881,-0.17503657904204026,False,1.0545183553163984,False,0.5554952377019566,5.038716379644036,0.11024538708828854,False,False
TP53,pca,50,50,P152L,262,0.7823116338585923,0.8293729789138631,0.04706134505527082,0.39914930364020795,0.11790411413993543,False,0.9432567177231868,True,0.41660204135796886,5.7615655558326795,0.0723070903768898,False,False
TP53,pca,50,50,P153P,373,0.7146005303583838,0.7862269288297412,0.07162639847135743,0.27148825892010153,0.26382871493693927,False,0.9088985687911126,True,0.7670720432215425,6.782520045612551,0.11309543327007827,False,False
TP53,pca,50,50,P222P,488,0.7730491151862235,0.8068259835519598,0.033776868365736235,0.24336897077747077,0.13878872174144494,False,0.9581361172615718,True,1.3421235301043075,5.353405054576288,0.25070464805516834,False,False
TP53,pca,50,50,P250L,355,0.8236397928045438,0.7435445453926963,-0.08009524741184748,0.2943603501713443,-0.2720993074142792,False,1.10772084592396,False,0.7616918159609626,6.556893496441045,0.11616656826504718,False,False
TP53,pca,50,50,P278L,745,0.7735724147829117,0.8230009582673414,0.04942854348442971,0.22806817694064285,0.21672705130314612,False,0.9399410863524493,True,-0.1976549704508309,7.305677828109805,-0.02705498040035665,False,False
TP53,pca,50,50,P278S,1047,0.7310940332270874,0.8067455462300099,0.0756515130029225,0.2432936976055864,0.3109472779092056,False,0.9062263022629026,True,0.3039560508753122,9.356499023214582,0.03248608802514287,False,False
TP53,pca,50,50,P295P,374,0.8019005352832114,0.753521600652066,-0.0483789346311454,0.4704276709213199,-0.10284032513732996,False,1.0642037794129329,False,-0.871831150181878,3.9549518594225628,-0.22044039502143736,False,False
TP53,pca,50,50,P301P,435,0.7247983214291995,0.7380733223319851,0.01327500090278555,0.18459737879405802,0.07191326870136933,False,0.9820139808591883,True,-0.9799437471710155,3.3863009447476333,-0.2893847189485536,False,False
TP53,pca,50,50,P359P,550,0.7801003170661893,0.7404077671754159,-0.03969254989077342,0.22238116507389227,-0.17848881166525266,False,1.0536090403835128,False,-0.7694366186512217,5.48351929835551,-0.14031802876703164,False,False
TP53,pca,50,50,P36P,352,0.7178170266172703,0.748550024196005,0.03073299757873471,0.6971635051084831,0.04408291219138394,False,0.9589432949230827,True,1.3306454063466444,7.932190773443303,0.1677525723160364,False,False
TP53,pca,50,50,P47P,479,0.732646270344965,0.8616041490654567,0.1289578787204917,0.21934947970843055,0.5879105749049802,False,0.8503281595610159,True,-0.11155373450095363,6.255945741720222,-0.017831633953762402,False,False
TP53,pca,50,50,P47S,406,0.73965340930304,0.7711027221066651,0.03144931280362506,0.2862391472638659,0.10987076053099723,False,0.9592151448801723,True,1.3501139457334053,5.633830180446336,0.23964406140946967,False,False
TP53,pca,50,50,P58R,204,0.728761786302103,0.7049398155308673,-0.023821970771235712,0.20962955627797464,-0.11363841623385929,False,1.0337929142976499,False,-0.7370719729719577,4.723455849627277,-0.15604506455376718,False,False
TP53,pca,50,50,Q5R,430,0.8609292438833727,0.9961454922386324,0.1352162483552597,0.3208758200007191,0.4213974376597048,False,0.8642605428536458,True,-1.1178032239571492,6.6658310739582225,-0.16769150186300608,False,False
TP53,pca,50,50,R110L,560,0.7558687536517308,0.7109824322645508,-0.04488632138717996,0.23766186736605965,-0.18886631618543848,False,1.0631328136255245,False,-0.45175084303226865,4.166462426979015,-0.10842551707824244,False,False
TP53,pca,50,50,R158H,573,0.7276604241207352,0.7689997237574637,0.041339299636728555,0.46084762637507093,0.08970275047719062,False,0.946242763996406,True,-0.2694412937633863,5.160721698013228,-0.05221000269538187,False,False
TP53,pca,50,50,R158L,635,0.7433846165106921,0.7862251582663298,0.04284054175563767,0.20246842376984509,0.21159122473505515,False,0.9455111028880029,True,0.17215481188760473,6.119190325242723,0.028133593292144588,False,False
TP53,pca,50,50,R158R,456,0.748639427671792,0.7526873775548228,0.00404794988303081,0.11787562504783677,0.03434085614721495,False,0.9946220037644566,True,-0.4578003260404585,2.960480065383766,-0.15463719259366607,False,False
TP53,pca,50,50,R175H,512,0.680500144166464,0.7208471346464052,0.04034699047994117,0.21898908192764133,0.1842420184823309,False,0.9440283680953626,True,1.7360925740823203,7.866140303586431,0.22070450145553325,False,False
TP53,pca,50,50,R213Q,467,0.6904682593195162,0.8783871598674651,0.1879189005479489,0.24838620166634673,0.7565593389941097,False,0.7860636981803071,True,-1.2123140008520092,4.713392286970236,-0.2572062597470077,False,False
TP53,pca,50,50,R248L,685,0.7048932084151307,0.7009827196247915,-0.003910488790339173,0.6813464261688273,-0.005739354666212357,False,1.0055785808706272,False,1.7311011993284704,10.57967736338604,0.16362514090641694,False,False
TP53,pca,50,50,R248W,460,0.7768801959461253,0.8571758981377897,0.08029570219166438,0.18399288721607088,0.4364065557456557,False,0.9063252917328796,True,-0.6550022315313241,1.393967425384664,-0.4698834561005447,False,False
TP53,pca,50,50,R249M,482,0.7648792868829783,0.7377544241730991,-0.02712486270987924,0.31361814279094213,-0.08649009419063065,False,1.036766790982354,False,-0.22822731685530162,4.5430931060860615,-0.050236108203365146,False,False
TP53,pca,50,50,R249S,695,0.7757453835911807,0.757749462248702,-0.017995921342478738,0.5620160661948659,-0.03202029697179346,False,1.0237491707207207,False,0.5855395375555551,2.9694844341388196,0.19718558912916728,False,False
TP53,pca,50,50,R273C,674,0.8331315034270776,0.7485578775900645,-0.08457362583701311,0.3176491955084958,-0.2662485126135039,False,1.112982079768224,False,0.29273580429597024,5.963506958047903,0.04908786161487007,False,False
TP53,pca,50,50,R273H,449,0.6554231816154275,0.7038741365687997,0.04845095495337226,0.4100087457596474,0.11817054015178216,False,0.9311653143137808,True,-0.39401040367413653,4.727871173717481,-0.08333780452066122,False,False
TP53,pca,50,50,R273L,318,0.7308550274643419,0.7683180931600564,0.03746306569571445,0.3653193944594991,0.10254880048496239,False,0.9512401620771019,True,-0.08043654867828454,5.726295674937045,-0.01404687309988911,False,False
TP53,pca,50,50,R280K,493,0.7240223949497793,0.8037910660660277,0.07976867111624841,0.15176615768845547,0.5256024948592096,False,0.9007594454779673,True,-0.3923148692369718,2.7265575384410106,-0.1438865175980439,False,False
TP53,pca,50,50,R280T,659,0.7750550564021026,0.7809203021949003,0.00586524579279768,0.25162700402218174,0.023309285963125956,False,0.9924893157774072,True,-1.2048145074610423,3.1790564971418958,-0.37898493107757625,False,False
TP53,pca,50,50,R282W,785,0.6773693460093142,0.690985635433222,0.013616289423907801,0.3772240982100541,0.03609602220143869,False,0.9802943958229017,True,0.11035647924587322,6.464298195096427,0.0170716875854498,False,False
TP53,pca,50,50,R337C,506,0.7134944991702383,0.759463791425274,0.045969292255035654,0.3462438989006852,0.13276563832889732,False,0.9394713839236947,True,0.4467959126844555,7.046956718846802,0.0634026758656709,False,False
TP53,pca,50,50,R337L,444,0.6748917489606292,0.7591206848719807,0.0842289359113515,0.2803584520430712,0.30043301815067625,False,0.8890440774571227,True,0.5565346516942472,5.442364250560156,0.10225972134021823,False,False
TP53,pca,50,50,S127F,774,0.7656316832074328,0.7701572536439141,0.004525570436481274,0.24433260307641902,0.01852217174253175,False,0.9941238358594053,True,-1.9405727240879658,6.428169060119386,-0.30188576341704443,False,False
TP53,pca,50,50,S241C,395,0.7793137932773355,0.9272198225337629,0.14790602925642737,0.4707907556176947,0.3141651094282199,False,0.8404843968367148,True,0.6668374417373284,6.04774393940548,0.11026218180177805,False,False
TP53,pca,50,50,S241F,936,0.742257947719974,0.7456462875868439,0.003388339866869927,0.36099856303967437,0.009386020371769575,False,0.9954558348599365,True,-0.5551296479765729,4.880173555614954,-0.11375202985104095,False,False
TP53,pca,50,50,S366A,354,0.6990557475060246,0.76771693972902,0.06866119222299538,0.128402706104927,0.5347332179034251,False,0.9105644428697501,True,0.04479894849635335,4.21651630601953,0.010624635420571727,False,False
TP53,pca,50,50,T118T,515,0.798920825145645,0.7479685753273415,-0.050952249818303486,0.1690617371949088,-0.30138250478025896,False,1.0681208429057394,False,0.6504919960373535,4.444635044786763,0.14635442268771512,False,False
TP53,pca,50,50,T170T,532,0.7400349880220976,0.81339326514688,0.07335827712478249,0.4251960585874932,0.1725281211883281,False,0.9098120426267168,True,1.222853526597387,6.397252792350172,0.19115291614858082,False,False
TP53,pca,50,50,T312S,451,0.8019251684374709,0.7336262957590858,-0.06829887267838508,0.372495590371836,-0.18335484887272666,False,1.0930976344130576,False,-0.01191106913284945,3.4920499258869375,-0.0034109103207693075,False,False
TP53,pca,50,50,V157F,257,0.7208756336828266,0.7389271593168161,0.018051525633989485,0.2614287247073235,0.0690495111208558,False,0.9755706291122399,True,0.6763022892053967,3.3970718407058187,0.19908389369383472,False,False
TP53,pca,50,50,V173L,688,0.7050517708734478,0.7675237289372383,0.06247195806379047,0.24398240112881042,0.25605108308942504,False,0.9186058284474239,True,-1.165718052101812,3.574239142298881,-0.3261443920487214,False,False
TP53,pca,50,50,V173M,467,0.7273172587334606,0.719910454273796,-0.007406804459664684,0.34594417079637774,-0.02141040400424703,False,1.0102885079883113,False,-1.2975502890359947,3.4603585849552205,-0.3749756729482953,False,False
TP53,pca,50,50,V216M,892,0.6920024789291457,0.8054212752883192,0.11341879635917351,0.4594299607490919,0.24686852414728525,False,0.8591807792529783,True,-0.6490320021583683,2.9402262160351107,-0.2207421995691157,False,False
TP53,pca,50,50,V216V,391,0.8572533352497924,0.7895489855387758,-0.06770434971101658,0.37636218323563453,-0.17989147881158912,False,1.0857506639246914,False,-0.2507027898732008,9.738764534810514,-0.02574277147548662,False,False
TP53,pca,50,50,V272L,449,0.7401215484422945,0.8280640964856509,0.08794254804335644,0.1269402964725087,0.6927866917531742,False,0.8937974144554879,True,0.17687933182639604,5.82046403000569,0.030389214831420087,False,False
TP53,pca,50,50,V272M,837,0.7048070787783125,0.7343188069110624,0.029511728132749937,0.3656966977282119,0.08070001265005472,False,0.9598107417990668,True,-0.7838266739312046,5.3845993362496465,-0.1455682447261038,False,False
TP53,pca,50,50,V31I,326,0.8914099825288311,0.7400287485236632,-0.1513812340051679,0.38371387359082365,-0.3945159255997986,False,1.2045612880677532,False,0.9053746542719969,6.607602213075845,0.13702015119498911,False,False
TP53,pca,50,50,Y107H,547,0.8397299230048585,0.7163034002787576,-0.12342652272610088,0.34968077219586635,-0.3529691436879066,False,1.1723103962344281,False,-0.3138878616354319,3.3829022955567902,-0.09278655846717833,False,False
TP53,pca,50,50,Y163C,310,0.7258700322598894,0.8630268981853018,0.13715686592541232,0.48262780387533655,0.28418765936004825,False,0.8410746336947158,True,1.6079773641525228,7.241096050786598,0.22206270333589193,False,False
TP53,pca,50,50,Y205C,302,0.8377300276141781,0.7221709845853717,-0.11555904302880649,0.3101175221664896,-0.37262984116959214,False,1.1600161810643137,False,-0.840495917321247,5.1154826693714615,-0.1643043231000758,False,False
TP53,pca,50,50,Y220C,346,0.7433155467527346,0.7924103613293685,0.049094814576633894,0.31683249707399075,0.15495511044490062,False,0.9380436993601761,True,-0.03736359212531393,4.531830756362377,-0.008244701564121304,False,False
TP53,pca,50,50,Y234C,386,0.7712136745115306,0.8102970096735955,0.03908333516206497,0.26042793674220854,0.1500735122774199,False,0.9517666550715662,True,0.9075388953834556,8.841492559022859,0.1026454401590035,False,False
TP53,pca,50,50,Y236C,915,0.7149957002685081,0.7704291642119916,0.055433463943483474,0.16699837854967725,0.331940132742029,False,0.9280485909432287,True,0.19556925446389717,7.391904100502255,0.02645722290290656,False,False
TP53,pca,100,50,A159P,768,0.364936167734518,0.42242915701922,0.057492989284702034,0.23251304984001264,0.24726779561087756,False,0.8638990980395651,True,0.024918685281291153,1.6403227862481025,0.015191330322422375,False,False
TP53,pca,100,50,A159V,554,0.387186625619508,0.38957105511521384,0.002384429495705831,0.08238313747826981,0.02894317415787632,False,0.9938793463621145,True,-0.3665430742170459,3.197734665004879,-0.11462585630646334,False,False
TP53,pca,100,50,C135F,615,0.3947041847803945,0.417299703718081,0.02259551893768652,0.12441458168833386,0.1816147161454891,False,0.9458530194573261,True,0.5151162578823778,2.2440313052444845,0.2295494972278279,False,False
TP53,pca,100,50,C135Y,422,0.3931930378839841,0.39809448174076145,0.004901443856777377,0.09392958798546175,0.052182107490304476,False,0.9876877372543708,True,-0.04364169526865336,1.7808605047744992,-0.02450595942335162,False,False
TP53,pca,100,50,C238F,451,0.41950812055468134,0.41516418887343853,-0.0043439316812428075,0.1296727598196184,-0.033499184310455364,False,1.0104631656526788,False,-0.11987317668351133,2.6805686899018966,-0.04471930793457803,False,False
TP53,pca,100,50,C275F,759,0.3893411197437455,0.3836746848713819,-0.005666434872363624,0.17582385419088709,-0.03222790729073503,False,1.0147688526134144,False,-0.30654402548179216,2.1204299867060916,-0.14456691680633244,False,False
TP53,pca,100,50,C275Y,528,0.388068513512307,0.3832733546563585,-0.0047951588559485,0.16490894976813053,-0.02907761442111366,False,1.0125110676171263,False,0.524259331743967,4.961235106775436,0.10567113238153117,False,False
TP53,pca,100,50,C277F,670,0.3631324152917834,0.35528600843156966,-0.007846406860213762,0.2810117228510556,-0.02792199122729334,False,1.0220847617806628,False,-0.3245842260226791,1.9327302158456383,-0.16794078312717947,False,False
TP53,pca,100,50,D21D,402,0.4182854109975729,0.4209303802625435,0.002644969264970598,0.2619582056054183,0.0100969132036072,False,0.9937163735643864,True,0.1822100880202348,2.721504576496935,0.06695196825822425,False,False
TP53,pca,100,50,E271K,665,0.3805789043634995,0.41423296679356625,0.033654062430066745,0.1607494255769164,0.20935727956280462,False,0.9187557120560172,True,0.23291092864871887,3.239088181644142,0.07190632535681528,False,False
TP53,pca,100,50,E285K,550,0.3716515072502631,0.362123686460297,-0.009527820789966057,0.19043905148064433,-0.050030814141785604,False,1.026310957129314,False,-0.1884288514127267,2.683077437024764,-0.07022862956265379,False,False
TP53,pca,100,50,E286K,1298,0.39810596888378136,0.40816697898640797,0.01006101010262661,0.13395265696885966,0.07510870131501401,False,0.975350749520182,True,-0.49475718813306674,3.015325294786769,-0.16408086682669304,False,False
TP53,pca,100,50,G105C,674,0.3950623476147914,0.4163181996375034,0.021255852022711963,0.13844756739013359,0.15352997834057108,False,0.9489432553243652,True,-0.08126598770339355,1.792908141834494,-0.04532635320638492,False,False
TP53,pca,100,50,G244C,951,0.3840476967916988,0.3603031469312459,-0.023744549860452935,0.2273042253565803,-0.10446154189700613,False,1.0659015888778345,False,0.5165132468712038,3.114255498944984,0.16585448658473365,False,False
TP53,pca,100,50,G245C,448,0.3944400696003054,0.4236865556650411,0.029246486064735677,0.22388698624312675,0.13063057641490555,False,0.9309714087603539,True,0.6126527763838123,3.596837020230672,0.1703309805081248,False,False
TP53,pca,100,50,G245D,537,0.3627795017002118,0.37989896948231916,0.017119467782107378,0.14988812209947489,0.11421497275645269,False,0.9549367880480546,True,0.19134285651081073,2.174849518528483,0.08797981418055743,False,False
TP53,pca,100,50,G245S,684,0.4296806597646512,0.3729998716194345,-0.05668078814521671,0.18347556280884292,-0.30892826966973547,False,1.15195926984942,False,-0.020847829568370835,2.3905343833237667,-0.008720991303787187,False,False
TP53,pca,100,50,G245V,849,0.36846145508184414,0.3848228656671129,0.016361410585268743,0.12042935154409651,0.13585899430238013,False,0.9574832681605203,True,0.18806033458896393,3.272543566305215,0.05746610573050028,False,False
TP53,pca,100,50,G266E,841,0.379005813598857,0.36306680446258,-0.015939009136276994,0.19145249143047,-0.0832530776548582,False,1.0439010367799124,False,0.3601904817735677,3.463623061839791,0.10399240198563738,False,False
TP53,pca,100,50,G266R,721,0.3676453442085492,0.38756448798437404,0.01991914377582482,0.41261784033044835,0.04827504249421793,False,0.948604311299471,True,-0.022554872055945474,1.9735386078382802,-0.011428644956001648,False,False
TP53,pca,100,50,G266V,844,0.35563279127237557,0.4367900001295517,0.08115720885717614,0.08300669922659654,0.977718781897693,False,0.8141962754799676,True,-0.33138007718796214,1.5479221355482633,-0.21408058556549397,False,False
TP53,pca,100,50,H179Y,846,0.3539870791538995,0.4040861681108652,0.05009908895696569,0.15463768246106507,0.3239772360762049,False,0.8760187976955932,True,0.31896564923909515,1.9222120387567636,0.1659367659799872,False,False
TP53,pca,100,50,H193L,744,0.3904563085305295,0.4012335198713277,0.010777211340798232,0.16309330456481252,0.06608003541013185,False,0.9731398031145194,True,0.26752805064047935,2.0592842162820633,0.12991312637916885,False,False
TP53,pca,100,50,H193Y,726,0.36246100087145194,0.37388238833599985,0.011421387464547905,0.15385001721805525,0.07423715428227808,False,0.9694519243995955,True,-0.07465797141563812,3.699244186611652,-0.02018195275830699,False,False
TP53,pca,100,50,I195T,644,0.36990019475982194,0.40856663936409277,0.03866644460427082,0.2194408798731904,0.17620438191195384,False,0.9053607395247625,True,0.34043828526556896,1.7366882177862184,0.19602729020614337,False,False
TP53,pca,100,50,K132N,635,0.3803321797501784,0.35490689862758806,-0.02542528112259035,0.17423043960306261,-0.14592904190860703,False,1.0716392981396219,False,-0.28474696205040256,2.262037296498268,-0.1258807547033832,False,False
TP53,pca,100,50,L194R,777,0.35817932883222703,0.34650211990032,-0.011677208931907046,0.1250649074911907,-0.09336918857697603,False,1.0337002524985022,False,0.19842261477577539,2.200850065106137,0.09015726146987954,False,False
TP53,pca,100,50,L344L,499,0.3534868143308376,0.36483906450814985,0.011352250177312229,0.1428553588065153,0.07946674365004276,False,0.9688842251785276,True,-0.5507510003974235,1.2724996481922206,-0.4328103360813098,False,False
TP53,pca,100,50,M237I,803,0.36302429008764925,0.36713142217806194,0.004107132090412691,0.12066485076900069,0.034037518500522855,False,0.9888129104666484,True,-0.2770617404182602,2.330800876737829,-0.11886975982522956,False,False
TP53,pca,100,50,M246V,717,0.39210659487960875,0.3955134177413182,0.0034068228617094576,0.1032566930104773,0.03299372430379668,False,0.9913863279755084,True,0.14012955847215963,2.384242754767436,0.05877319253333672,False,False
TP53,pca,100,50,P151S,431,0.356000050898686,0.4069555331409376,0.05095548224225155,0.07324979515356667,0.695639928213102,False,0.8747885749360126,True,-0.1179079000499666,2.578432024351821,-0.04572852762314216,False,False
TP53,pca,100,50,P222P,488,0.3914054931699056,0.3898433005229869,-0.001562192646918703,0.2003850862936012,-0.007795952662014987,False,1.0040072322515816,False,-0.007857294389796432,3.000021754140119,-0.0026190791379939603,False,False
TP53,pca,100,50,P278L,745,0.422126185884272,0.38320986710442284,-0.038916318779849135,0.16173302537502,-0.24062073092129174,False,1.1015535405544363,False,0.04257682381313127,2.1746438361907816,0.01957875726799982,False,False
TP53,pca,100,50,P278S,1047,0.3973725648400439,0.43669735206904825,0.03932478722900434,0.22291446070688858,0.17641200622113393,False,0.9099495633699503,True,0.371227984773876,2.348493373196704,0.1580706971587366,False,False
TP53,pca,100,50,P301P,435,0.38648788027650127,0.41698482067986475,0.03049694040336348,0.0864774953917471,0.3526575355265658,False,0.926863188080467,True,-0.5328225251334482,1.9129597559728733,-0.2785330551099183,False,False
TP53,pca,100,50,P359P,550,0.4070071129096249,0.37973646680693207,-0.027270646102692808,0.19415623933726356,-0.14045722247082518,False,1.0718146622366873,False,0.0010563113129520296,3.3708275898320417,0.0003133685377853047,False,False
TP53,pca,100,50,P47P,479,0.4271209731125136,0.4093430088239245,-0.017777964288589132,0.2456561942335006,-0.07236928970612831,False,1.0434304822736966,False,-0.24725126550707954,0.9053528142928272,-0.273099350445172,False,False
TP53,pca,100,50,P47S,406,0.41281403059514865,0.4136707047987169,0.0008566742035682751,0.22311089834661835,0.0038396788768129647,False,0.9979290914400498,True,0.12052418692996647,3.1577533398176953,0.03816770151430657,False,False
TP53,pca,100,50,Q5R,430,0.3415471262220695,0.38383444414066403,0.042287317918594525,0.15123927082513539,0.27960540729852906,False,0.8898292777937942,True,0.17014855062246242,3.4755459128000297,0.04895592085140501,False,False
TP53,pca,100,50,R110L,560,0.3747859344210376,0.3538217478854442,-0.0209641865355934,0.10765069860759607,-0.19474268914882936,False,1.0592507008426766,False,-0.28263105925021864,1.5591192726774823,-0.18127609875853506,False,False
TP53,pca,100,50,R158H,573,0.3886864387626776,0.37902018017597605,-0.00966625858670156,0.1172345964329265,-0.08245226989996866,False,1.025503282126597,False,-0.8409334678217002,1.1069304408819696,-0.7596985652970834,False,False
TP53,pca,100,50,R158L,635,0.3698799502564345,0.3920253732198251,0.022145422963390615,0.08969228346809627,0.24690443934642145,False,0.9435102305202762,True,0.1678270067968357,2.889976094727759,0.058072109005678586,False,False
TP53,pca,100,50,R158R,456,0.319502662840339,0.4226575311311027,0.1031548682907637,0.07439612554737518,1.3865623717874267,True,0.7559374654588459,True,-0.46207215493555603,1.2330924389538693,-0.3747262900481076,False,False
TP53,pca,100,50,R175H,512,0.36846797096221273,0.36977332215300507,0.0013053511907923365,0.17957679186639397,0.007269041713160375,False,0.996469861094381,True,0.05801244833259983,2.4891348896222842,0.023306269408888074,False,False
TP53,pca,100,50,R213Q,467,0.37817220520748585,0.41651481149530767,0.03834260628782182,0.15127308102824666,0.2534661555591788,False,0.9079441949491062,True,-0.2569488355818052,3.039929709848157,-0.08452459764098942,False,False
TP53,pca,100,50,R248L,685,0.33622852320109686,0.38403558552896655,0.04780706232786969,0.1239134516359911,0.38581010936817417,False,0.8755139780548702,True,0.16300533352442337,3.4233110137531444,0.04761627934755265,False,False
TP53,pca,100,50,R248W,460,0.3574945053818581,0.47540204276217146,0.11790753738031334,0.15101579956206634,0.7807629249537843,False,0.7519835280991867,True,-0.08762678338286939,1.9713605834706236,-0.04444990131059662,False,False
TP53,pca,100,50,R249M,482,0.36352093691542997,0.41895948570917874,0.055438548793748765,0.2930544002245439,0.1891749407320644,False,0.867675632883912,True,-0.46731435781406655,1.0589119502049027,-0.4413155954313669,False,False
TP53,pca,100,50,R249S,695,0.35246919984504643,0.36898366832393314,0.016514468478886712,0.1142380616712414,0.14456187576442492,False,0.9552433619788598,True,0.26827273213060016,3.3889074212031485,0.0791620126451718,False,False
TP53,pca,100,50,R273C,674,0.3794475659983654,0.3901042930182186,0.010656727019853207,0.21951937593995857,0.04854572392173692,False,0.9726823641508721,True,0.10381375657607111,2.4168851105000773,0.042953533920605365,False,False
TP53,pca,100,50,R273H,449,0.428727383912598,0.4447012417811411,0.015973857868543107,0.2246555091784287,0.07110378876066711,False,0.9640795744024375,True,-0.1906285336874326,2.6068054677561436,-0.0731272571142486,False,False
TP53,pca,100,50,R280K,493,0.3231270290713688,0.3919727533464812,0.06884572427511237,0.16581703036810924,0.415190913275173,False,0.8243609442561005,True,-0.15545073713429808,2.3045948656700066,-0.06745252254526066,False,False
TP53,pca,100,50,R280T,659,0.3944590482017425,0.40189476637369737,0.007435718171954875,0.12885545367611617,0.057705886400779574,False,0.9814983453528209,True,-0.12079300703997509,1.7738418612224938,-0.06809682964451359,False,False
TP53,pca,100,50,R282W,785,0.3765977236102529,0.36340301636260186,-0.013194707247651039,0.15413818727865064,-0.08560310381617295,False,1.0363087444339907,False,-0.8351560220371725,2.0538942816007055,-0.4066207445625159,False,False
TP53,pca,100,50,R337C,506,0.37298151843032024,0.3657473305873342,-0.007234187842986017,0.16673543914223038,-0.043387223977111644,False,1.0197791951929465,False,-0.3936475455023239,2.9106461631519274,-0.13524403978944816,False,False
TP53,pca,100,50,R337L,444,0.38816382186746345,0.3999498779942954,0.011786056126831923,0.17832374840964355,0.06609358670364596,False,0.9705311670903922,True,0.03673393238567618,4.213485616373961,0.008718181508185294,False,False
TP53,pca,100,50,S127F,774,0.3336766828864288,0.41116770094266464,0.07749101805623582,0.0840647950779328,0.921801070048375,False,0.8115342769420462,True,-0.6448940718194301,1.3917294775065734,-0.4633760240350907,False,False
TP53,pca,100,50,S241F,936,0.3521770747963284,0.3421077483123849,-0.010069326483943541,0.08876122414416909,-0.11344285278883252,False,1.0294332020645993,False,-0.3079835504328615,1.5187707925086,-0.2027847466859405,False,False
TP53,pca,100,50,T118T,515,0.38539122700142237,0.45067753881746064,0.06528631181603828,0.14469121444848898,0.4512113058480177,False,0.8551374182362317,True,-0.22435515274950663,2.8997101390990334,-0.07737157922247216,False,False
TP53,pca,100,50,T170T,532,0.4261331986713799,0.3680621165329985,-0.058071082138381414,0.16128445574319644,-0.3600538059963107,False,1.1577752219798885,False,-0.0859796503790971,2.192320245680673,-0.03921856332280601,False,False
TP53,pca,100,50,T312S,451,0.34612645602569714,0.416509990921174,0.07038353489547688,0.16957987559525162,0.41504650624621453,False,0.831015974575272,True,0.09042197996201479,2.0919826527191954,0.04322310218226845,False,False
TP53,pca,100,50,V173L,688,0.39087361131323206,0.4168336289609176,0.025960017647685518,0.33726982316588955,0.07697106549291492,False,0.9377209134675659,True,-0.43409710945528174,2.3083074245666673,-0.18805862028398304,False,False
TP53,pca,100,50,V173M,467,0.35744780645054774,0.4035500524341469,0.04610224598359913,0.1789454726691007,0.25763292748316513,False,0.8857582951469885,True,-0.20995340851445132,2.6832274386607584,-0.07824659419077885,False,False
TP53,pca,100,50,V216M,892,0.3756791983238923,0.40076100875628917,0.025081810432396878,0.10278703037235654,0.24401726892522776,False,0.9374145441188625,True,-0.3083841957949068,2.178883733668456,-0.14153311212971367,False,False
TP53,pca,100,50,V272L,449,0.437396171444453,0.38548850840845184,-0.05190766303600114,0.14934617506277809,-0.3475660693297408,False,1.134654242354227,False,-0.7710383419103009,2.4050495299261505,-0.32059146072304645,False,False
TP53,pca,100,50,V272M,837,0.3256704320705257,0.3776405071742115,0.05197007510368579,0.21018095381540908,0.24726348491751723,False,0.8623821488521856,True,-0.24512208658804607,1.6179168642830906,-0.15150474786395238,False,False
TP53,pca,100,50,Y107H,547,0.3655744677409096,0.41654677083601044,0.05097230309510081,0.14300741099205166,0.35643119990427524,False,0.8776312609678878,True,-0.6126020458873916,1.4333160605681374,-0.42740192672129035,False,False
TP53,pca,100,50,Y236C,915,0.3439759064535721,0.37739902549642856,0.03342311904285644,0.2851002554091825,0.11723286250616229,False,0.9114382476242702,True,-0.39326112282407816,2.287192197105062,-0.17194056683204648,False,False
TP53,raw,25,939,A159P,768,3.425764268847928,3.48528485551277,0.05952058666484206,0.2802805736293408,0.2123607280166178,False,0.9829223179360227,True,-0.3629215789844089,11.528116395164702,-0.03148142910290453,False,False
TP53,raw,25,939,A159V,554,3.453086534604658,3.379431610704696,-0.0736549238999622,0.23832203121851725,-0.30905629464205125,False,1.0217950627160652,False,1.2231769523233265,21.140869401311797,0.057858403507635686,False,False
TP53,raw,25,939,A83V,326,3.4009087811005827,3.437755393164352,0.03684661206376916,0.5358428986650008,0.06876383386915982,False,0.9892817819042521,True,2.0100265295041364,5.8186423252557535,0.34544596782992454,False,False
TP53,raw,25,939,C135F,615,3.3074000654561786,3.47917370499988,0.1717736395437015,0.3745101025956772,0.4586622319482503,False,0.9506280358187211,True,-0.13137339104372892,18.26656824113021,-0.007192012714677294,False,False
TP53,raw,25,939,C135Y,422,3.361789528276635,3.419496247651992,0.057706719375357096,0.3053223265429077,0.18900261906411037,False,0.983124204503812,True,-0.38254326389334814,19.309383865643937,-0.019811262055543115,False,False
TP53,raw,25,939,C141Y,295,3.3947683979701395,3.385304122652702,-0.009464275317437654,0.39386308896406197,-0.024029353302261896,False,1.0027956942639533,False,0.4476641209574872,3.344811536799398,0.13383836907769417,False,False
TP53,raw,25,939,C176F,293,3.4725339743845396,3.5224322916865596,0.04989831730201999,0.30933452783580995,0.16130859251672433,False,0.9858341301776653,True,-0.8507781298532411,12.293418559442788,-0.06920598414016772,False,False
TP53,raw,25,939,C176Y,340,3.492800084901976,3.4678528474724075,-0.024947237429568503,0.7137437270922806,-0.034952653848463244,False,1.0071938569849501,False,-2.061263097343975,12.579900544527703,-0.16385368787677984,False,False
TP53,raw,25,939,C238F,451,3.4116110733001896,3.4091843306726695,-0.002426742627520184,0.5456182114119179,-0.0044476936010629225,False,1.0007118249974596,False,-1.453366272021718,14.926696568635712,-0.09736690669223903,False,False
TP53,raw,25,939,C238Y,388,3.367893768531829,3.358590903675985,-0.009302864855843751,0.4663654452172046,-0.01994758606420989,False,1.0027698713903088,False,1.712106657318781,11.355838585747643,0.1507688440964274,False,False
TP53,raw,25,939,C242F,316,3.472019621652951,3.4504952101424458,-0.021524411510505104,0.37579441747224696,-0.057277092233800196,False,1.006238064451513,False,-1.1312458795327593,10.659475736646593,-0.10612584591225332,False,False
TP53,raw,25,939,C275F,759,3.364900840072039,3.544637340324744,0.17973650025270516,0.26573098434554643,0.6763851821622076,False,0.9492934021181872,True,-2.0475836865192107,12.341387662770707,-0.1659119494881435,False,False
TP53,raw,25,939,C275Y,528,3.351205560916675,3.39013796257251,0.03893240165583478,0.3097287841855909,0.12569836464571632,False,0.9885159830999054,True,0.4713956989253365,13.733712969197294,0.034323980702276796,False,False
TP53,raw,25,939,C277F,670,3.4892895764973026,3.548418939519916,0.05912936302261329,0.3161819685737868,0.1870105474051231,False,0.9833364199576127,True,0.7821126720022793,8.631942597266013,0.0906067971594247,False,False
TP53,raw,25,939,D21D,402,3.422334282991372,3.433519875656966,0.011185592665594157,0.2616651974847777,0.042747727909994135,False,0.9967422373917513,True,-2.598512519576052,16.359281523305672,-0.1588402593276589,False,False
TP53,raw,25,939,E271K,665,3.480120297589103,3.576627958286455,0.09650766069735184,0.4246827836930982,0.22724646348530622,False,0.9730171374202453,True,3.303247181201945,17.724236680723525,0.18636893879861585,False,False
TP53,raw,25,939,E285K,550,3.475207354468367,3.414612279426283,-0.060595075042083835,0.5845483297138157,-0.10366136033910163,False,1.0177458141901443,False,1.8859157644570121,15.27672796192914,0.12345024203853529,False,False
TP53,raw,25,939,E286K,1298,3.335604543036421,3.419999476837731,0.08439493380130969,0.358785063062141,0.23522421218157744,False,0.9753231149966887,True,0.03469207542213937,18.18180160616985,0.0019080658877262686,False,False
TP53,raw,25,939,E2E,365,3.4493868673948924,3.4289724409655378,-0.02041442642935465,0.5468931801197718,-0.037327995980648,False,1.0059535113742724,False,-1.0832135922561577,13.019642847186688,-0.08319841066072106,False,False
TP53,raw,25,939,E339K,238,3.460370592726921,3.5176322930087345,0.05726170028181343,0.5239486904947852,0.10928875540797511,False,0.9837215218897039,True,0.7772764280972027,11.973257845244895,0.06491770561893422,False,False
TP53,raw,25,939,G105C,674,3.4243205797580636,3.4599137386400542,0.03559315888199066,0.4603788205286352,0.07731276352183276,False,0.9897127033878074,True,-0.5017858785171168,16.118455633242892,-0.031131138735290973,False,False
TP53,raw,25,939,G154V,272,3.5707378889246826,3.506993961339745,-0.06374392758493741,0.39540670943962297,-0.16121104185428814,False,1.0181762296392964,False,1.1945797238564246,17.301324950636054,0.06904556311524036,False,False
TP53,raw,25,939,G244C,951,3.418792450007146,3.4877714470071126,0.06897899699996657,0.25793724411091024,0.2674255020353181,False,0.980222615487274,True,2.809478165253868,19.94067450765893,0.1408918321280851,False,False
TP53,raw,25,939,G245C,448,3.4018950041191935,3.4847391488200827,0.08284414470088919,0.4265293458542394,0.19422847573353147,False,0.9762265865067864,True,3.0986623941159035,14.939454153674745,0.20741469950919908,False,False
TP53,raw,25,939,G245D,537,3.423426314114838,3.45253722798828,0.029110913873442,0.2897243645322005,0.10047796263336548,False,0.9915682548945592,True,0.737257853702836,18.304188421232457,0.040278095741608136,False,False
TP53,raw,25,939,G245S,684,3.4627882615364527,3.4412582050772755,-0.02153005645917716,0.8980376205245193,-0.023974559603195732,False,1.0062564490009531,False,2.6510699456170848,19.936041024227944,0.13297875653422275,False,False
TP53,raw,25,939,G245V,849,3.3694799783052183,3.386415391416339,0.016935413111120567,0.33834798067355454,0.05005324127369396,False,0.9949990148420518,True,-0.9385293947872988,10.910903533425863,-0.08601756874782068,False,False
TP53,raw,25,939,G266E,841,3.3986787748827716,3.3696038653454217,-0.029074909537349924,0.6427480580169087,-0.045235312926585385,False,1.008628583863038,False,2.9765845775193576,19.33802246446458,0.15392393834421847,False,False
TP53,raw,25,939,G266R,721,3.472546613788314,3.5153131270025817,0.04276651321426783,0.443786113712632,0.0963673983768693,False,0.9878342236753362,True,-1.2434093790533627,11.427016832224215,-0.10881312220937185,False,False
TP53,raw,25,939,G266V,844,3.3936145149609267,3.350509793026781,-0.04310472193414583,0.30165860303638814,-0.14289240054906122,False,1.0128651233981936,False,0.7349763400966474,11.209067838929943,0.06556980033112288,False,False
TP53,raw,25,939,G360V,369,3.379644771358585,3.41166984787969,0.03202507652110498,0.5276019067964142,0.06069931914302671,False,0.9906130786538422,True,0.11679401529535482,17.04047757995272,0.006853916784160862,False,False
TP53,raw,25,939,H179R,278,3.405427521505512,3.356225460143378,-0.04920206136213423,0.36164817511099434,-0.13604952201689807,False,1.014659939252124,False,-0.33656295430630756,12.46691167645819,-0.026996497852940914,False,False
TP53,raw,25,939,H179Y,846,3.49065251929391,3.3769198977103123,-0.11373262158359765,0.4253797242922781,-0.2673672840726467,False,1.0336793957300299,False,-0.08922607274659278,11.630283332793418,-0.00767187438116884,False,False
TP53,raw,25,939,H193L,744,3.513719850223275,3.520421546383133,0.0067016961598582725,0.30916327428783186,0.021676883113933433,False,0.9980963370234046,True,3.214742466529165,9.614161107592832,0.33437576409972014,False,False
TP53,raw,25,939,H193R,291,3.5278522804339936,3.475366919669309,-0.052485360764684685,0.21906950715061368,-0.23958314165832392,False,1.0151021063323233,False,-2.33502962558892,13.516422140224233,-0.17275500878594063,False,False
TP53,raw,25,939,H193Y,726,3.3293837097735164,3.421101111049744,0.0917174012762274,0.4102092742698664,0.22358685439151924,False,0.9731906780013045,True,-0.1254222434650778,13.313604846655291,-0.009420607334352949,False,False
TP53,raw,25,939,H214R,226,3.4336555284398145,3.3997182896750324,-0.03393723876478205,0.2507819560095039,-0.13532568014381358,False,1.0099823679120266,False,-0.16002191365491925,12.963952462030544,-0.012343605403028068,False,False
TP53,raw,25,939,I195T,644,3.484074926272797,3.407385623226215,-0.07668930304658161,0.23424398830087023,-0.32739069891552347,False,1.0225067871754328,False,0.04262379095136559,16.723110689484933,0.0025487956004600475,False,False
TP53,raw,25,939,K132N,635,3.479102681942816,3.4405984367290046,-0.03850424521381157,0.4035843667292802,-0.09540569057681013,False,1.0111911476802327,False,-3.9854469529628282,12.684146525849796,-0.3142069468245769,False,False
TP53,raw,25,939,K132R,243,3.4166728707765195,3.4452567261747156,0.02858385539819608,0.7983371468449723,0.03580424074109473,False,0.991703417866937,True,-0.6826314581310129,11.86836394799338,-0.0575168962733425,False,False
TP53,raw,25,939,L194R,777,3.3961801484770575,3.4442965267311934,0.04811637825413584,0.35730117562841057,0.13466616271136023,False,0.9860301289738835,True,-0.3812659644944585,9.019573441709145,-0.04227095294012167,False,False
TP53,raw,25,939,L344L,499,3.425745371340497,3.4209833480195506,-0.00476202332094644,0.35906225511186873,-0.013262389051343738,False,1.0013920042386946,False,-2.9796008326667973,16.580474221192016,-0.1797054048585943,False,False
TP53,raw,25,939,M237I,803,3.486859878544241,3.61741467423845,0.13055479569420925,0.4277414745000825,0.30521893124063676,False,0.963909364158895,True,2.338626388672022,13.96717270135508,0.1674373503268225,False,False
TP53,raw,25,939,M246V,717,3.4621664163635018,3.456049445229141,-0.006116971134360938,0.34672036184144783,-0.017642376415026282,False,1.0017699316029187,False,-1.2824676306243141,11.187191285438145,-0.11463714152216595,False,False
TP53,raw,25,939,P151S,431,3.5316076194222425,3.457603539824966,-0.07400407959727673,0.35897063631366377,-0.20615635963219273,False,1.0214032866246496,False,0.35714293657853347,17.449959281700718,0.02046669168753071,False,False
TP53,raw,25,939,P152L,262,3.5970368604439074,3.610345352007421,0.013308491563513769,0.20664674437208763,0.06440213517010716,False,0.9963137898827008,True,2.310958222152486,22.01762881587328,0.10495945051478182,False,False
TP53,raw,25,939,P153P,373,3.4216988379477975,3.3870441137337934,-0.03465472421400406,0.19277792434821617,-0.17976500333828152,False,1.0102315538417366,False,2.5252630751909795,10.815164690964648,0.23349279898628533,False,False
TP53,raw,25,939,P222P,488,3.4330052429787408,3.4274824040489555,-0.005522838929785223,0.4635908674266389,-0.011913174563688286,False,1.0016113398345272,False,-0.8114131311181421,14.08199557188846,-0.05762060689309874,False,False
TP53,raw,25,939,P250L,355,3.518400263675467,3.453910730314753,-0.06448953336071384,0.5853725191699057,-0.11016836501338322,False,1.0186714534323928,False,3.833885776189341,11.704183656898056,0.32756541494713953,False,False
TP53,raw,25,939,P278L,745,3.4247301880268743,3.4523621068640047,0.027631918837130343,0.3814253091704458,0.07244385249952721,False,0.9919962280949057,True,-1.9201048714561253,9.747700371502706,-0.1969802926102992,False,False
TP53,raw,25,939,P278S,1047,3.4697679648354622,3.405380747992723,-0.06438721684273929,0.46650125432421286,-0.1380215299442495,False,1.0189074942297398,False,1.8866450663623127,23.347911883573992,0.08080573011283412,False,False
TP53,raw,25,939,P295P,374,3.392780832600643,3.421739076834964,0.02895824423432103,0.45254406134983993,0.06398988895787279,False,0.9915369805867528,True,-1.0258444205032013,14.87133818857924,-0.06898131207123111,False,False
TP53,raw,25,939,P301P,435,3.3911908097423087,3.452017946325711,0.06082713658340211,0.2008319242269314,0.30287583419591235,False,0.9823792525041344,True,-1.4466247439095437,9.593448885724044,-0.15079297978668105,False,False
TP53,raw,25,939,P359P,550,3.4328516057947702,3.436431857107312,0.0035802513125418045,0.34328878085732173,0.010429269793206072,False,0.9989581486083778,True,-2.182776416468222,16.43027397417368,-0.13285088367359374,False,False
TP53,raw,25,939,P36P,352,3.452280390079288,3.4578147812180227,0.005534391138734662,0.7230327187680761,0.007654413133840357,False,0.9983994541382621,True,-2.0109503089407106,13.14483016007863,-0.15298412261331806,False,False
TP53,raw,25,939,P47P,479,3.454497821665992,3.527470863682119,0.07297304201612675,0.3044557335932505,0.23968358603362003,False,0.979312928487252,True,-2.651902053344589,11.238560157363597,-0.23596457341619878,False,False
TP53,raw,25,939,P47S,406,3.504784807101011,3.43063254478945,-0.07415226231156069,0.5240498438185348,-0.14149849138632267,False,1.0216147492753735,False,1.4012190970887666,12.729329769095887,0.11007799487531773,False,False
TP53,raw,25,939,P58R,204,3.4644169155356117,3.3989886736572927,-0.06542824187831897,0.4020224992037633,-0.16274771190145992,False,1.019249326243832,False,-1.611146959291883,15.489876651553303,-0.10401289794198068,False,False
TP53,raw,25,939,Q5R,430,3.4426865867133998,3.5711036330475174,0.12841704633411766,0.4894102049349405,0.26239143573066426,False,0.9640399552828074,True,2.4852166298552287,18.55133958255262,0.13396426812177778,False,False
TP53,raw,25,939,R110L,560,3.4000335521433946,3.3509217087161502,-0.049111843427244395,0.4080177107069476,-0.12036694030303556,False,1.0146562193021396,False,-0.36126881869742,9.916028923901031,-0.03643281211359098,False,False
TP53,raw,25,939,R158H,573,3.41732179058382,3.486312251701424,0.06899046111760399,0.26982858850424485,0.2556825483172205,False,0.9802110493447813,True,3.875718154538392,18.388766714623927,0.21076552955866107,False,False
TP53,raw,25,939,R158L,635,3.4476297939034737,3.412405983001932,-0.0352238109015417,0.4326679069111017,-0.08141073173883215,False,1.010322280255339,False,-1.8789718065127445,11.99242170808375,-0.15667993106398045,False,False
TP53,raw,25,939,R158R,456,3.3858015522449953,3.3652705538642813,-0.02053099838071404,0.694792428773273,-0.029549830324092065,False,1.0061008462921766,False,-2.07486938145502,11.576073632076643,-0.17923774911950066,False,False
TP53,raw,25,939,R175H,512,3.3257175383161766,3.453064847595474,0.1273473092792976,0.31572436851617836,0.40334963651300193,False,0.9631204987743062,True,-1.7906602844646926,8.758997742780277,-0.20443666467897753,False,False
TP53,raw,25,939,R213Q,467,3.489247711740177,3.3961375067844237,-0.09311020495575306,0.6025791091386763,-0.15451947062825386,False,1.027416500294746,False,1.562321320421466,19.49475866457223,0.08014058277421347,False,False
TP53,raw,25,939,R248L,685,3.417776706149237,3.4138300141269795,-0.003946692022257281,0.28092460736896596,-0.014048936685256986,False,1.0011560892035998,False,2.0601948153413545,20.284100752827964,0.10156697802115416,False,False
TP53,raw,25,939,R248W,460,3.3563626504752904,3.3977843393167113,0.041421688841420945,0.6780923452067484,0.06108561633857051,False,0.9878092060281405,True,1.3022732967061543,19.05462588542055,0.06834420704646714,False,False
TP53,raw,25,939,R249M,482,3.4373063985822867,3.366999007340617,-0.07030739124166985,0.37076459391332595,-0.18962811551014952,False,1.0208813222363262,False,-0.3080045959659925,16.11414564755404,-0.01911392652782336,False,False
TP53,raw,25,939,R249S,695,3.4509008298201316,3.418746136499454,-0.03215469332067755,0.6739504655889368,-0.04771076653620074,False,1.0094054053845605,False,-1.4481935581270804,3.829845137943126,-0.3781337119298912,False,False
TP53,raw,25,939,R273C,674,3.4064256297693056,3.3801455195574697,-0.02628011021183596,0.5047356522851936,-0.05206707727669446,False,1.0077748458046494,False,2.056294166093881,6.233695569343446,0.32986759510786584,False,False
TP53,raw,25,939,R273H,449,3.5532761470559002,3.4097017835868613,-0.14357436346903896,0.27464810654017136,-0.5227575215343386,False,1.0421076013627224,False,-2.989387775941143,13.67499327943066,-0.218602504210196,False,False
TP53,raw,25,939,R273L,318,3.5271605306109564,3.5243015257660524,-0.0028590048449039784,0.2225066552712116,-0.012849075644138194,False,1.0008112259476103,False,0.4021286470776566,12.248337185571636,0.032831284849943417,False,False
TP53,raw,25,939,R280K,493,3.428196283827006,3.4853066919216253,0.0571104080946192,0.3630795838087737,0.1572944628158934,False,0.983613950466112,True,0.1448680886914815,14.272627392583592,0.010150064505065025,False,False
TP53,raw,25,939,R280T,659,3.403208154031322,3.501604641741924,0.09839648771060183,0.28668335024774594,0.34322358666999525,False,0.9718996009607603,True,-2.2233657277458487,15.447277706878275,-0.14393252778486926,False,False
TP53,raw,25,939,R282W,785,3.3180271034135878,3.3295762129056072,0.011549109492019483,0.2918758872333651,0.03956856320503639,False,0.9965313575201389,True,-3.552742616463812,12.18001935784602,-0.2916861223356954,False,False
TP53,raw,25,939,R337C,506,3.4492927492749033,3.3423311154096176,-0.10696163386528568,0.4008337190630771,-0.26684789422232635,False,1.0320021057674822,False,0.36932473358653617,22.832223083406813,0.016175592373873608,False,False
TP53,raw,25,939,R337L,444,3.4766119568406815,3.4332883724417087,-0.04332358439897277,0.7337840747798565,-0.05904132549070424,False,1.0126186849746506,False,-1.1547374845474483,16.042156250319298,-0.07198143856281569,False,False
TP53,raw,25,939,S127F,774,3.3692157595526275,3.398339478159933,0.02912371860730545,0.39487998040565353,0.07375334292051763,False,0.9914300149250908,True,-2.6183690302159874,9.755604661616346,-0.26839638556880246,False,False
TP53,raw,25,939,S241C,395,3.450433382627491,3.4606059503747595,0.010172567747268602,0.4190475121232886,0.024275451954659775,False,0.9970604663191522,True,0.665164951427613,13.854664919311045,0.04801017962552716,False,False
TP53,raw,25,939,S241F,936,3.408596575426426,3.3814404048727837,-0.027156170553642056,0.5851391298957602,-0.04640976678226903,False,1.0080309475555178,False,0.7238836245564837,16.696268127353004,0.0433560133938294,False,False
TP53,raw,25,939,S366A,354,3.4009117748708633,3.351103521313373,-0.04980825355749019,0.25537288092644195,-0.19504127993855794,False,1.0148632393003392,False,-3.5482559586639137,13.044214230130848,-0.2720176084250282,False,False
TP53,raw,25,939,T118T,515,3.375305107764511,3.4382347132143494,0.06292960544983828,0.2858540856777654,0.22014590171286516,False,0.9816971176493631,True,-0.3013470727197234,14.59625688343332,-0.02064550350999583,False,False
TP53,raw,25,939,T170T,532,3.378657503335848,3.427082739056303,0.04842523572045465,0.39146200152316535,0.12370354091082583,False,0.9858698375826814,True,-1.9372993619993526,13.819718691091015,-0.1401837045531359,False,False
TP53,raw,25,939,T312S,451,3.4641468310588586,3.4744381228377925,0.010291291778933953,0.2701751839243709,0.038091180801471225,False,0.9970379982560955,True,1.3607437547296932,24.261632126446074,0.056086241339321614,False,False
TP53,raw,25,939,V157F,257,3.471630826430289,3.4144788016594916,-0.05715202477079728,0.27612864730051134,-0.20697607919180738,False,1.0167381401644726,False,0.1273530632779245,22.672687290420257,0.005617025527085807,False,False
TP53,raw,25,939,V173L,688,3.3711706503025134,3.3291511915857193,-0.042019458716794134,0.28372205440928555,-0.14810078407291744,False,1.012621673303092,False,-0.6763779908257259,9.061863093064233,-0.07464005843824897,False,False
TP53,raw,25,939,V173M,467,3.405827128908726,3.3560167602108244,-0.04981036869790145,0.6851727198395277,-0.07269753633735943,False,1.0148421096367743,False,-0.671255040349914,5.409096899859042,-0.12409743304236359,False,False
TP53,raw,25,939,V216M,892,3.4032171750049933,3.434024920723612,0.030807745718618662,0.4243747374820268,0.07259561655675471,False,0.9910286773014662,True,1.0742475569803656,11.151337717028321,0.09633351479795715,False,False
TP53,raw,25,939,V216V,391,3.416337719268636,3.4480359811937085,0.0316982619250723,0.29645815273941123,0.10692322552834393,False,0.9908068645170871,True,0.5537281993545484,15.396924827545805,0.03596355801931976,False,False
TP53,raw,25,939,V272L,449,3.4686614711843795,3.458257076921111,-0.010404394263268557,0.2972293524237566,-0.035004598901238825,False,1.0030085658850243,False,-2.586602895566349,11.78710227801417,-0.2194434929432144,False,False
TP53,raw,25,939,V272M,837,3.4566775848820264,3.41397984733916,-0.04269773754286632,0.4980142199231157,-0.08573598069038686,False,1.0125067339152998,False,0.4608560707044109,15.545111159172045,0.02964636701439688,False,False
TP53,raw,25,939,V31I,326,3.3781362095567182,3.4242357138346975,0.046099504277979264,0.28507876238251173,0.16170795710177832,False,0.9865372865274062,True,2.62113487609664,16.844669791185332,0.15560618929248807,False,False
TP53,raw,25,939,Y107H,547,3.3532901920611096,3.411139754105335,0.05784956204422542,0.25001230163359933,0.2313868624312964,False,0.9830409874076244,True,2.326134597632901,12.946884660376313,0.17966751528666897,False,False
TP53,raw,25,939,Y163C,310,3.379257326003156,3.5125417574625857,0.1332844314594297,0.6553859894476708,0.20336783758797727,False,0.962054705491754,True,-1.055625850841933,12.900121482533384,-0.08183069068545115,False,False
TP53,raw,25,939,Y205C,302,3.4044095697570853,3.3869789794313796,-0.017430590325705708,0.6505596891260383,-0.026793222231647887,False,1.0051463532639437,False,1.943329008816514,14.169184089376726,0.13715179339603012,False,False
TP53,raw,25,939,Y220C,346,3.418293641959778,3.4208048314851567,0.0025111895253786543,0.2672545511366131,0.00939624606839718,False,0.9992659068116762,True,-1.482101898593978,17.91655852190318,-0.0827224657448635,False,False
TP53,raw,25,939,Y234C,386,3.4219505599713713,3.4268543479807647,0.004903788009393395,0.22873620617509482,0.02143861739859235,False,0.9985690118366767,True,0.10667973464530434,14.710783835080885,0.007251804923603364,False,False
TP53,raw,25,939,Y236C,915,3.5116051412441465,3.476901050017357,-0.0347040912267893,0.3416967189641591,-0.10156401656999653,False,1.0099813284092787,False,0.289726640509155,12.59205665199989,0.023008683054419086,False,False
TP53,raw,50,939,A159P,768,1.6538876848146522,1.7241538132476357,0.07026612843298352,0.21084563265214284,0.3332586383181573,False,0.9592460209216315,True,1.2599793900062926,6.518695963425813,0.1932870311908407,False,False
TP53,raw,50,939,A159V,554,1.7162037232309366,1.6905295650414338,-0.025674158189502805,0.2189375425669231,-0.11726704286751063,False,1.0151870506854304,False,0.32698145997835226,10.247013624145945,0.03190992731851717,False,False
TP53,raw,50,939,A83V,326,1.734273791674795,1.7127110234826226,-0.0215627681921724,0.31185535642598095,-0.06914349151892901,False,1.0125898460957685,False,-0.050858349725756646,4.8141419054978485,-0.01056436447535445,False,False
TP53,raw,50,939,C135F,615,1.7016135960829217,1.7682830743273144,0.06666947824439262,0.3364492875670686,0.19815609872885395,False,0.9622970557076928,True,-0.0732216613731973,6.164428874280503,-0.011878093310265268,False,False
TP53,raw,50,939,C135Y,422,1.6900562542835509,1.7207526681759688,0.03069641389241795,0.18396750379839855,0.16685780509397316,False,0.9821610540200663,True,1.5867794845065948,8.654116019512326,0.18335546703197683,False,False
TP53,raw,50,939,C141Y,295,1.7793228596119555,1.6978427924271209,-0.08148006718483458,0.2548838897089738,-0.3196752343895428,False,1.04799034842817,False,-0.1065821840699348,4.806642787261721,-0.0221739348620606,False,False
TP53,raw,50,939,C176F,293,1.7327679533823748,1.7124714576262896,-0.020296495756085164,0.222971298529685,-0.09102739182093886,False,1.0118521658657125,False,2.801188486406489,8.241979950299308,0.3398683936746004,False,False
TP53,raw,50,939,C176Y,340,1.7201058078187295,1.7351126286013994,0.015006820782669905,0.1218398099152167,0.12316845202822077,False,0.9913510970208509,True,1.050333208374222,5.752356818650717,0.18259180393134758,False,False
TP53,raw,50,939,C238F,451,1.698647088152498,1.680842846563749,-0.017804241588748937,0.20545375138179,-0.0866581479725027,False,1.0105924486784397,False,-0.11321987380570153,7.4583026725028905,-0.015180380681400625,False,False
TP53,raw,50,939,C238Y,388,1.7470734315679692,1.7128733488464363,-0.034200082721532965,0.21396041531487198,-0.15984303765349714,False,1.0199664982496024,False,1.7513366741050946,9.985150527849948,0.17539411841818284,False,False
TP53,raw,50,939,C242F,316,1.6642963300663887,1.6772968271674493,0.01300049710106066,0.19084600159721266,0.06812035354295069,False,0.9922491374868839,True,0.46933407047360287,5.62784266717126,0.0833950233206334,False,False
TP53,raw,50,939,C275F,759,1.6545899532789647,1.6989196208621173,0.0443296675831526,0.20938802196569162,0.21171061824355955,False,0.9739071424929112,True,-0.6774117685495016,4.659786936670228,-0.1453739790587,False,False
TP53,raw,50,939,C275Y,528,1.752406685470433,1.734681666379469,-0.01772501909096391,0.13520718252030695,-0.13109524775654405,False,1.010218024110417,False,-1.8592644514446448,6.270623675549125,-0.29650391215381416,False,False
TP53,raw,50,939,C277F,670,1.7215553532949492,1.7523283278223154,0.03077297452736616,0.14450078327038596,0.21296060707009873,False,0.9824388078199884,True,0.2102446153116384,4.327114934744111,0.048587712247599786,False,False
TP53,raw,50,939,D21D,402,1.6663700157679386,1.7316457976652266,0.065275781897288,0.06634585208386468,0.9838713325254448,False,0.9623041952428729,True,0.8786327017104067,7.428336032946346,0.11828122715685889,False,False
TP53,raw,50,939,E271K,665,1.7523497010409663,1.7221851041225875,-0.030164596918378805,0.19510094787462173,-0.15461020178007318,False,1.0175153047405707,False,0.12299097707059126,4.809437388113413,0.025572840884583517,False,False
TP53,raw,50,939,E285K,550,1.7288134116425802,1.7090240938436843,-0.019789317798895922,0.31283712767444616,-0.06325757414410757,False,1.0115793088407483,False,0.910968273409912,7.10490363343752,0.12821683732945496,False,False
TP53,raw,50,939,E286K,1298,1.6709827793126664,1.7019872889541112,0.031004509641444855,0.31520102468947875,0.0983642412710715,False,0.9817833482995649,True,0.1551872431548018,9.261758796876101,0.016755699058708474,False,False
TP53,raw,50,939,E2E,365,1.6698538019760178,1.6873998102834236,0.017546008307405714,0.16809613456749228,0.10438079586155395,False,0.9896017480857375,True,-0.30854114594958215,5.914269345943689,-0.052168937175848376,False,False
TP53,raw,50,939,E339K,238,1.7223401460773822,1.736962955247698,0.014622809170315776,0.30448712366832487,0.048024392605331555,False,0.9915813926105117,True,1.622044143211773,7.223084578435102,0.2245639138789086,False,False
TP53,raw,50,939,G105C,674,1.7392948156361498,1.7351125133051504,-0.004182302330999477,0.2626236726087108,-0.015925077467143594,False,1.0024103925819963,False,-0.5284779677618321,8.315009404958246,-0.06355711004327912,False,False
TP53,raw,50,939,G154V,272,1.7530902833795352,1.756964392074586,0.003874108695050893,0.17523969726151067,0.02210748338185925,False,0.9977949987418491,True,-0.1268408523622675,8.431377083944948,-0.015043906956053265,False,False
TP53,raw,50,939,G244C,951,1.713589208051964,1.7223883442259869,0.008799136174022948,0.1699093491645789,0.0517872395915063,False,0.9948913169300521,True,-1.1212599154829057,9.632812440523285,-0.11640005682722453,False,False
TP53,raw,50,939,G245C,448,1.7537708676462067,1.750022961440358,-0.00374790620584875,0.16191425424868,-0.023147475330321663,False,1.0021416325890742,False,0.39893657399111326,5.223542026188672,0.07637280833407883,False,False
TP53,raw,50,939,G245D,537,1.6848696568951809,1.760788038754157,0.07591838185897615,0.08677384162677693,0.8748993986633529,False,0.95688386098267,True,1.0500195853660994,7.465254527510596,0.14065422437997496,False,False
TP53,raw,50,939,G245S,684,1.7154620737278528,1.733955132706651,0.01849305897879816,0.3176368099707241,0.058220767865357376,False,0.989334753460471,True,-0.8983018267339213,5.551954621533272,-0.16179920189726607,False,False
TP53,raw,50,939,G245V,849,1.7574557114830505,1.7037893206853312,-0.05366639079771929,0.23768496718908616,-0.22578790502567173,False,1.0314982551810645,False,-0.16334565765901576,10.618864970576366,-0.01538259108780717,False,False
TP53,raw,50,939,G266E,841,1.7888327197613911,1.697702642825746,-0.09113007693564512,0.22172863365564677,-0.41099823434249677,False,1.053678467970082,False,0.6560375321673373,7.410084483579762,0.08853307052315953,False,False
TP53,raw,50,939,G266R,721,1.7063763875964142,1.6960388491188105,-0.010337538477603658,0.2199406954843599,-0.04700148126220127,False,1.0060951071273954,False,1.2258983023776642,5.426685355732823,0.22590185758284453,False,False
TP53,raw,50,939,G266V,844,1.670120852246729,1.67746575459336,0.007344902346630988,0.19607925828335793,0.0374588439946908,False,0.9956214293337919,True,1.1887897207708997,3.2866597882088553,0.36170148338315217,False,False
TP53,raw,50,939,G360V,369,1.686876090453925,1.7350761296716541,0.048200039217729085,0.13285999172186003,0.3627882148196651,False,0.9722202165118539,True,1.1043564877413612,6.9870992100657325,0.15805650593173295,False,False
TP53,raw,50,939,H179R,278,1.7266357029542867,1.7146695655030086,-0.011966137451278058,0.1825088144136433,-0.0655647097907154,False,1.0069786842269914,False,0.9936223978998022,6.48114448679605,0.15330971249354122,False,False
TP53,raw,50,939,H179Y,846,1.6511583672011767,1.6972965635040431,0.04613819630286642,0.26573938173109735,0.17362197504302854,False,0.9728166560311565,True,-0.4302472518315197,8.272040712941427,-0.05201222609535846,False,False
TP53,raw,50,939,H193L,744,1.6850119636111174,1.7479771113852252,0.06296514777410778,0.12058875297812488,0.5221477643568453,False,0.9639782767382981,True,-0.3410719524546737,9.43457918417296,-0.03615126290177745,False,False
TP53,raw,50,939,H193R,291,1.7138474042119078,1.7569154450246138,0.04306804081270599,0.13649930683639133,0.31551838475141514,False,0.9754865603039293,True,-0.8949719985775522,5.508528134802906,-0.1624702600542448,False,False
TP53,raw,50,939,H193Y,726,1.671108151466811,1.679009652639671,0.007901501172860037,0.29514147647322186,0.026771910431832982,False,0.9952939513120501,True,0.1991329208390047,4.039339801659414,0.04929838305685455,False,False
TP53,raw,50,939,H214R,226,1.7680931188424296,1.7201077460653806,-0.04798537277704895,0.18194721013785453,-0.26373239106382695,False,1.027896725008542,False,-0.4877859543681735,5.327122240698347,-0.09156650295004838,False,False
TP53,raw,50,939,I195T,644,1.7213649400206243,1.6924036163413234,-0.028961323679300932,0.2610855811133108,-0.1109265534917907,False,1.0171125394673348,False,0.8772178317271804,3.425581049082332,0.25607855110074695,False,False
TP53,raw,50,939,K132N,635,1.7217485429661608,1.7455451222851899,0.02379657931902912,0.19462689662203259,0.12226768104535068,False,0.9863672505424118,True,2.571839311030666,7.882457695309644,0.3262737854668102,False,False
TP53,raw,50,939,K132R,243,1.687442896589591,1.7448870234887544,0.05744412689916345,0.1678514336450352,0.3422319705689482,False,0.9670785981408075,True,-0.4892820644897382,9.824415404378609,-0.04980266452003565,False,False
TP53,raw,50,939,L194R,777,1.7105922355931575,1.6903325373612716,-0.020259698231885892,0.1247685432787955,-0.16237825416151222,False,1.0119856287352267,False,-1.06849596231923,5.355170920142543,-0.1995260241461703,False,False
TP53,raw,50,939,L344L,499,1.7216535073420793,1.7197143118789455,-0.0019391954631338137,0.1646192177001209,-0.011779885059752594,False,1.001127626518974,False,0.1639263899957335,1.786065109370214,0.09178074703756782,False,False
TP53,raw,50,939,M237I,803,1.7763051647523262,1.7782410866155942,0.0019359218632679642,0.3205916894920471,0.0060385902901453365,False,0.9989113276721368,True,-1.5283486895826508,4.141510163733199,-0.3690317370137713,False,False
TP53,raw,50,939,M246V,717,1.7209131575398544,1.7521591339681208,0.03124597642826643,0.12522016051366291,0.24952832115925253,False,0.9821671583233975,True,0.9941209943491511,10.257194939054544,0.09691938198074103,False,False
TP53,raw,50,939,P151S,431,1.714832659322603,1.69061584064546,-0.02421681867714298,0.2187651269240063,-0.1106978018738577,False,1.0143242587079375,False,-0.5936618242638829,6.683972369172501,-0.08881871310568872,False,False
TP53,raw,50,939,P152L,262,1.7239197404970987,1.7845507642477223,0.06063102375062357,0.2985729293623922,0.20306939373272118,False,0.9660244892074098,True,0.9445526734880172,7.810258017474143,0.12093744808106709,False,False
TP53,raw,50,939,P153P,373,1.7006845928632472,1.7202044328394095,0.019519839976162245,0.10093146198967329,0.19339698040002037,False,0.9886526045372744,True,1.1750864199434012,4.920685688232667,0.23880542151950573,False,False
TP53,raw,50,939,P222P,488,1.6856386810619064,1.7319274844651353,0.04628880340322894,0.1728488779134425,0.2677992704494673,False,0.9732732439328866,True,1.548038098927611,6.773935715726976,0.22852860787172027,False,False
TP53,raw,50,939,P250L,355,1.7368777312012398,1.7313946528868378,-0.005483078314401979,0.2262501837322024,-0.02423458060432756,False,1.0031668564444622,False,0.6520151385619615,7.097969054204952,0.09185939436798433,False,False
TP53,raw,50,939,P278L,745,1.735209463972616,1.749392937882881,0.014183473910264865,0.10718031511363035,0.13233282525086662,False,0.9918923452798262,True,-0.4542414171840763,8.790789237814385,-0.051672427229868645,False,False
TP53,raw,50,939,P278S,1047,1.7008073986168597,1.7383453981447978,0.037537999527938126,0.1238440041985418,0.3031071206948274,False,0.978405902780886,True,-0.575702473489847,4.200974087572867,-0.13704023435728022,False,False
TP53,raw,50,939,P295P,374,1.736355728246842,1.7087782240965872,-0.02757750415025484,0.2567286998264664,-0.10741885955444647,False,1.0161387263492516,False,0.227886177202417,3.4121129258917504,0.06678740773002385,False,False
TP53,raw,50,939,P301P,435,1.692084547222187,1.7033835616169135,0.01129901439472647,0.14329451239428215,0.07885168947458823,False,0.9933667233561881,True,-1.513769026493018,6.093399343525948,-0.24842767413584202,False,False
TP53,raw,50,939,P359P,550,1.725158997567199,1.7060621958825273,-0.01909680168467176,0.12705525554270114,-0.15030312286652042,False,1.0111934967733067,False,0.9596543791739336,6.016668509015261,0.15949929395910806,False,False
TP53,raw,50,939,P36P,352,1.6773157971862176,1.6793239056527227,0.0020081084665051208,0.3688970068584623,0.005443547736009656,False,0.9988042161135527,True,-0.609788134605874,6.698919467559863,-0.09102783479616816,False,False
TP53,raw,50,939,P47P,479,1.7321940380600083,1.7585440372305357,0.026349999170527383,0.14047453650302866,0.18757847383934434,False,0.9850160140362336,True,1.3157731475077616,9.419733742239991,0.13968262623046007,False,False
TP53,raw,50,939,P47S,406,1.6968730490499375,1.7238978431645684,0.02702479411463088,0.1910798570415173,0.14143193601384685,False,0.9843234364369171,True,1.141631261320784,8.991917976919655,0.1269619300633201,False,False
TP53,raw,50,939,P58R,204,1.699842452127477,1.7007804062615755,0.0009379541340983621,0.13374922292909552,0.007012781932913358,False,0.9994485154399444,True,-0.2902270783985914,4.991988085007646,-0.05813857594536844,False,False
TP53,raw,50,939,Q5R,430,1.7949232868693983,1.7723323249620755,-0.022590961907322793,0.17494168304465285,-0.129134243561362,False,1.0127464593344853,False,-0.017380791772152904,9.403253041094015,-0.0018483807354960585,False,False
TP53,raw,50,939,R110L,560,1.708124981649565,1.6747944691602044,-0.033330512489360586,0.2397998186478929,-0.13899306795682373,False,1.0199012554096107,False,-0.00024247599720172985,6.3052996447868495,-3.845590390017487e-05,False,False
TP53,raw,50,939,R158H,573,1.6600746673972786,1.7062001743731798,0.04612550697590123,0.25313910385344873,0.182214072317349,False,0.9729659463943926,True,0.2012866508257325,5.059531738389319,0.039783652170509214,False,False
TP53,raw,50,939,R158L,635,1.6979140112183835,1.7300764014430214,0.03216239022463796,0.13345543226132306,0.24099723540409973,False,0.9814098439827212,True,0.09842356261129126,8.123594333197996,0.012115765334203374,False,False
TP53,raw,50,939,R158R,456,1.7248345959489022,1.7392058500139669,0.014371254065064676,0.11496715622429865,0.1250031273020848,False,0.9917368872322104,True,-0.722228060037529,4.412813240702889,-0.16366612875791905,False,False
TP53,raw,50,939,R175H,512,1.6969969098152724,1.694188775371284,-0.0028081344439883082,0.1527052003361562,-0.018389252218042655,False,1.001657509767985,False,0.21347293440261694,9.0633953212614,0.02355330721389154,False,False
TP53,raw,50,939,R213Q,467,1.6968600540683418,1.7346571202103362,0.037797066141994407,0.1995251581377273,0.18943508926279873,False,0.9782106413413786,True,-0.8001432336719914,10.41436950513895,-0.0768306937138309,False,False
TP53,raw,50,939,R248L,685,1.6879923251051956,1.6908963384117968,0.002904013306601172,0.24067740509164537,0.012065998906276137,False,0.9982825598230766,True,0.9951211385589573,9.544995291277647,0.10425580193510553,False,False
TP53,raw,50,939,R248W,460,1.7497478493135965,1.721322929944165,-0.02842491936943148,0.12830202506718003,-0.2215469269058532,False,1.0165134146968886,False,-0.46393182142771927,6.436244833987734,-0.0720811332374811,False,False
TP53,raw,50,939,R249M,482,1.7312535415581252,1.704109118634289,-0.02714442292383623,0.15525516806694495,-0.1748374837488936,False,1.0159288056304694,False,-0.9015048605140512,2.6517415822455295,-0.3399670867440428,False,False
TP53,raw,50,939,R249S,695,1.7121793310475546,1.7393601079181593,0.027180776870604717,0.33378496012025716,0.08143199999428355,False,0.9843731170176501,True,0.7963042736949282,5.899850515632016,0.13497024570115312,False,False
TP53,raw,50,939,R273C,674,1.7308934474223214,1.7119382140611776,-0.018955233361143797,0.1715928099340367,-0.11046636143105602,False,1.0110723817048144,False,1.5867395364785422,5.323840870127627,0.2980441330209225,False,False
TP53,raw,50,939,R273H,449,1.6826921244478825,1.6960535605229339,0.013361436075051358,0.23981465728926854,0.05571567737385862,False,0.9921220435568487,True,-0.45122124989897383,3.165519978515639,-0.14254253739082653,False,False
TP53,raw,50,939,R273L,318,1.7206562766745641,1.7135092907468348,-0.007146985927729332,0.3127812027131216,-0.02284979361206832,False,1.0041709642114718,False,-0.33727247456588216,6.676014128385744,-0.05052003606940155,False,False
TP53,raw,50,939,R280K,493,1.6905461879333359,1.7371181758728227,0.0465719879394868,0.12762102490516636,0.3649241022323233,False,0.9731900865546546,True,0.5996039152100954,5.003323056675936,0.1198411352651002,False,False
TP53,raw,50,939,R280T,659,1.704670779331682,1.7668956895677006,0.062224910236018616,0.1664700177924352,0.3737904942955215,False,0.9647829180842912,True,-0.2826698377877168,7.188921266940396,-0.03932020219606899,False,False
TP53,raw,50,939,R282W,785,1.6773985768795292,1.6701673375126518,-0.007231239366877418,0.12722869831819206,-0.05683654287488253,False,1.004329649613222,False,-1.3071713795406463,7.345441225610239,-0.1779568223870786,False,False
TP53,raw,50,939,R337C,506,1.6720159939496462,1.7127908491997417,0.0407748552500955,0.14444514451831258,0.28228609127755144,False,0.9761939087489016,True,-0.3491470194053532,7.874951927362419,-0.04433640009816467,False,False
TP53,raw,50,939,R337L,444,1.6934255233532234,1.7203156702696987,0.026890146916475288,0.13709018822042607,0.19614931794563492,False,0.9843690623871026,True,0.47326553058680076,6.319376584696611,0.07489117387510812,False,False
TP53,raw,50,939,S127F,774,1.7109032888140767,1.735966545023384,0.025063256209307383,0.19167936127767593,0.13075615466497484,False,0.9855623622003788,True,0.22226674710767114,3.9884983115216577,0.05572692521032404,False,False
TP53,raw,50,939,S241C,395,1.7090977258198699,1.8112447504503884,0.1021470246305185,0.2852356476228779,0.3581145115689446,False,0.9436039637353713,True,-0.4174596236843424,5.611466355536154,-0.07439403486264969,False,False
TP53,raw,50,939,S241F,936,1.6983234739857274,1.7041537122089778,0.005830238223250461,0.2048324164548867,0.028463454780042308,False,0.9965788073097624,True,-0.034865182259405714,8.925439998586127,-0.003906270420834007,False,False
TP53,raw,50,939,S366A,354,1.688718783848973,1.7095879540482812,0.02086917019930823,0.06913147826122623,0.3018765217264726,False,0.98779286543878,True,0.2554037547465242,6.4577653433198225,0.03954986611749904,False,False
TP53,raw,50,939,T118T,515,1.6961940091572885,1.71682569794417,0.020631688786881597,0.13387055295224126,0.1541167070120493,False,0.9879826537943909,True,-0.1842305092684029,3.7640902957512963,-0.04894423214989089,False,False
TP53,raw,50,939,T170T,532,1.6851382038926594,1.7141480549945776,0.029009851101918116,0.15787192906917746,0.1837556003335233,False,0.9830762278571031,True,-1.149944438725253,4.111080600510992,-0.2797182907536085,False,False
TP53,raw,50,939,T312S,451,1.7156934082920827,1.681214547768647,-0.03447886052343563,0.2751525267495849,-0.12530817336384006,False,1.0205083048854156,False,0.29030299428337525,4.051026021778353,0.07166159701831183,False,False
TP53,raw,50,939,V157F,257,1.709466553509035,1.6892094206558461,-0.020257132853188864,0.1646034235832743,-0.1230662911633828,False,1.0119920790196184,False,-1.453988242450841,9.480203269655846,-0.15337099860556305,False,False
TP53,raw,50,939,V173L,688,1.7322753701438316,1.69391654084599,-0.03835882929784162,0.12888692816079517,-0.2976161341201831,False,1.0226450526769661,False,-0.33232161100956326,5.268429163465961,-0.06307793095407922,False,False
TP53,raw,50,939,V173M,467,1.7101076826911665,1.7094781240018406,-0.0006295586893259042,0.2383271291588549,-0.00264157375430926,False,1.0003682753704108,False,-0.34345508581550366,5.50601738195665,-0.0623781332294762,False,False
TP53,raw,50,939,V216M,892,1.6765013503868609,1.7641163178528316,0.08761496746597075,0.24495977816207581,0.3576708312007082,False,0.9503349260027196,True,-1.0694143318403775,6.6072208511180275,-0.16185539365759488,False,False
TP53,raw,50,939,V216V,391,1.7536304639225015,1.7044611326577694,-0.04916933126473211,0.2534090180903392,-0.1940314975183853,False,1.0288474347244647,False,0.9418920281992138,7.957111777775691,0.11837109424928899,False,False
TP53,raw,50,939,V272L,449,1.68427905101219,1.7269950776288567,0.042716026616666625,0.13644348685723995,0.31306753880718513,False,0.9752656928962906,True,0.7080005320745837,7.786233054475632,0.09092978942720131,False,False
TP53,raw,50,939,V272M,837,1.658081469760802,1.6986575568349878,0.04057608707418581,0.1912207822144374,0.21219496439818594,False,0.9761128504618736,True,-1.011978192981882,7.706155257598711,-0.13132076361737113,False,False
TP53,raw,50,939,V31I,326,1.749427284034084,1.6918443434621828,-0.057582940571901275,0.19355103000989815,-0.29750779713730535,False,1.0340356019124453,False,-0.494737735041892,7.133115700888547,-0.06935787330356415,False,False
TP53,raw,50,939,Y107H,547,1.799720144567452,1.7126822752064896,-0.08703786936096236,0.1531595242140913,-0.568282448039588,False,1.050819624060434,False,0.028862615382593937,4.371297285885502,0.0066027573726885475,False,False
TP53,raw,50,939,Y163C,310,1.6688919932627186,1.7352070286559709,0.06631503539325223,0.25194648428332767,0.26321079884042886,False,0.961782637865052,True,0.934690489828518,6.386101466112151,0.14636323816470084,False,False
TP53,raw,50,939,Y205C,302,1.7596145940366732,1.6935008607921027,-0.06611373324457048,0.2057130237865492,-0.32138817478649795,False,1.0390396809208866,False,-0.6194982160399283,7.061730147788948,-0.08772612420398071,False,False
TP53,raw,50,939,Y220C,346,1.721067955490721,1.7176428973925546,-0.0034250580981662893,0.1505581018110964,-0.022749078641172506,False,1.0019940455046654,False,0.10910606206168705,4.08950212347772,0.02667954649914769,False,False
TP53,raw,50,939,Y234C,386,1.687925472635591,1.7005704779279043,0.012645005292313272,0.1378130518222509,0.09175477304299595,False,0.9925642568441381,True,1.016120279541906,6.7565747509857434,0.15038985240171585,False,False
TP53,raw,50,939,Y236C,915,1.6943614149395394,1.7124727388067527,0.018111323867213258,0.16476353617030415,0.10992313158715465,False,0.9894238760963674,True,0.016771071740666166,7.451060069138968,0.002250830295964075,False,False
TP53,raw,100,939,A159P,768,0.854792036023408,0.8950139072228787,0.04022187119947063,0.15821620699628813,0.2542209294678279,False,0.9550600601008824,True,-0.09694186057202892,2.405501488197825,-0.04030006260551378,False,False
TP53,raw,100,939,A159V,554,0.8388637594453137,0.8600302392498165,0.021166479804502814,0.06496622887199754,0.32580742598138124,False,0.9753886795620514,True,-0.3759699737006539,2.057824124377468,-0.1827026757276413,False,False
TP53,raw,100,939,C135F,615,0.8305391593664062,0.8723052344991871,0.041766075132780855,0.09980243560066471,0.41848753371007597,False,0.9521198847823493,True,1.2287509509812464,3.5418367702178135,0.3469247824500059,False,False
TP53,raw,100,939,C135Y,422,0.8589278127220972,0.8695470315159994,0.010619218793902263,0.07916922262768233,0.1341331699547236,False,0.9877876429807502,True,-0.03739551256372042,2.0594401500366564,-0.018158096297702465,False,False
TP53,raw,100,939,C238F,451,0.8657977566261614,0.8695729805071011,0.0037752238809396488,0.08808204367883798,0.04286031208250291,False,0.9956585312957423,True,0.40484625055270085,3.5786953552539362,0.11312677117328247,False,False
TP53,raw,100,939,C275F,759,0.8648672263399604,0.8456999401669343,-0.0191672861730261,0.10525612203161205,-0.18210139042809786,False,1.0226644052608571,False,0.09877547111161178,1.4455779685243844,0.06832939714240367,False,False
TP53,raw,100,939,C275Y,528,0.8568314715026446,0.8611578007273621,0.00432632922471754,0.07032709481135946,0.06151724646556475,False,0.9949761481332883,True,0.03817420387378778,2.821972837968972,0.013527488060892353,False,False
TP53,raw,100,939,C277F,670,0.8519685990285346,0.8439518803796524,-0.008016718648882204,0.12591795516120452,-0.0636662074016285,False,1.0094990233865893,False,-0.08087015474265957,2.5722292420329618,-0.0314397151782412,False,False
TP53,raw,100,939,D21D,402,0.8694424146608668,0.8814174851898464,0.011975070528979614,0.136885379912271,0.08748246552447284,False,0.986413849588654,True,0.025040293892870658,3.304076665425865,0.00757860559196292,False,False
TP53,raw,100,939,E271K,665,0.8577687232995856,0.8918639230083585,0.03409519970877284,0.11261922081437781,0.30274760793248173,False,0.9617708499815019,True,0.6975724581174831,4.6394304399735,0.15035734820101485,False,False
TP53,raw,100,939,E285K,550,0.8563694745554642,0.8500323354027763,-0.006337139152687854,0.11202503730154978,-0.05656895373870306,False,1.0074551742195608,False,0.3094505255633555,2.8456341807439456,0.1087457156852307,False,False
TP53,raw,100,939,E286K,1298,0.8663443072972541,0.8705023240451091,0.004158016747854987,0.07565046484709093,0.054963532031949966,False,0.9952234283206354,True,-0.4482268104658047,3.806216944876895,-0.1177617610759446,False,False
TP53,raw,100,939,G105C,674,0.8626192592069977,0.8711931485514874,0.008573889344489771,0.0629074243211667,0.13629375923447057,False,0.9901584518212231,True,-0.312494767785811,4.121906726233459,-0.07581315845818867,False,False
TP53,raw,100,939,G244C,951,0.8485170295493276,0.8561257745646778,0.007608745015350138,0.16681847899786395,0.045610924287635815,False,0.9911125850413521,True,0.20568595486507846,2.7517884842722182,0.07474628084268528,False,False
TP53,raw,100,939,G245C,448,0.8758601940608592,0.8906139344766366,0.014753740415777372,0.08584724201067961,0.17186038910768933,False,0.9834341909051229,True,0.9795290263029082,4.287490776951087,0.2284620719346408,False,False
TP53,raw,100,939,G245D,537,0.8465630098781851,0.8807604077587001,0.03419739788051501,0.04605466956850113,0.7425392083130732,False,0.9611728711017582,True,0.22613363842848866,3.0506277171361798,0.07412692055416543,False,False
TP53,raw,100,939,G245S,684,0.8861512715429463,0.8488438550292337,-0.03730741651371261,0.12568803155856723,-0.29682552945646506,False,1.0439508589155395,False,-0.42907311914741264,2.4080698170085544,-0.1781813451241345,False,False
TP53,raw,100,939,G245V,849,0.8416081818219503,0.8591214028849556,0.017513221063005346,0.04487137877167824,0.3902982601029251,False,0.9796149636079424,True,-0.8127788290997704,1.4374078386574696,-0.565447611485757,False,False
TP53,raw,100,939,G266E,841,0.8431811835553411,0.8541935036393369,0.011012320083995775,0.11896162842992541,0.0925703542338663,False,0.9871079327610462,True,0.39782262748405994,6.062779196069371,0.06561720534733918,False,False
TP53,raw,100,939,G266R,721,0.8438367554588346,0.849658591061651,0.00582183560281635,0.19169486035449568,0.030370327050241203,False,0.9931480294978928,True,0.05677445306287199,3.469504206565068,0.016363851917355277,False,False
TP53,raw,100,939,G266V,844,0.8369847371952481,0.8702305860731201,0.033245848877871964,0.04071361595581202,0.8165781421614553,False,0.9617965061100731,True,0.13889219167931754,2.8650325754799577,0.04847839876865971,False,False
TP53,raw,100,939,H179Y,846,0.8413298446773823,0.8676971516635028,0.026367306986120553,0.08848479746244109,0.29798686036787975,False,0.9696123158459486,True,0.16991492087354354,4.255931295393319,0.039924263123669756,False,False
TP53,raw,100,939,H193L,744,0.8635846887783494,0.8653455196628421,0.0017608308844927478,0.08391375943494939,0.020983815959976837,False,0.9979651701609563,True,0.28356832944686694,2.9275371748230574,0.09686241796878499,False,False
TP53,raw,100,939,H193Y,726,0.8428114761273058,0.8547975283115896,0.011986052184283835,0.10008293053616713,0.11976120323487546,False,0.9859779049572606,True,-0.3433589807258852,2.3880844262532044,-0.14378008455278937,False,False
TP53,raw,100,939,I195T,644,0.866057549903914,0.8813032732154191,0.015245723311505088,0.10747141618336986,0.14185840154457938,False,0.9827009342018198,True,0.013372228158243793,1.9016410003918653,0.007031941441885308,False,False
TP53,raw,100,939,K132N,635,0.862986357316867,0.8606314252100908,-0.0023549321067761753,0.12258476301610888,-0.019210642895860667,False,1.0027362841255782,False,-0.7444300702748268,1.5668729010968836,-0.4751055875391624,False,False
TP53,raw,100,939,L194R,777,0.8574401652578167,0.8421028994212314,-0.015337265836585345,0.06385583424181884,-0.24018581886353388,False,1.0182130543038463,False,0.002062901302084086,2.970375782274675,0.0006944916917227029,False,False
TP53,raw,100,939,L344L,499,0.8629512247135658,0.8505518868512887,-0.012399337862277093,0.062368831581552486,-0.1988066402376629,False,1.0145779911301813,False,-0.9057199656359678,3.3871204185201753,-0.26740117082453024,False,False
TP53,raw,100,939,M237I,803,0.863561404483292,0.8543133493241619,-0.009248055159130075,0.08980651413209684,-0.10297755400601638,False,1.010825132448704,False,-0.22107309763867633,3.6508012292353125,-0.060554679303913166,False,False
TP53,raw,100,939,M246V,717,0.8565147707996026,0.869376187762029,0.012861416962426375,0.06773184316091785,0.18988730207548196,False,0.9852061545468198,True,-0.37442055522669904,3.415172418696885,-0.10963445159514533,False,False
TP53,raw,100,939,P151S,431,0.8415885364066966,0.8767459221478227,0.035157385741126035,0.07324845528748636,0.47997443226809267,False,0.9599001434132722,True,-0.331850385930355,2.927520428297991,-0.11335544671955951,False,False
TP53,raw,100,939,P222P,488,0.8980004349074271,0.8588707341687432,-0.03912970073868394,0.12214956848235892,-0.3203425212618342,False,1.045559476160933,False,0.0286222716189779,2.5546027591305602,0.011204196627705543,False,False
TP53,raw,100,939,P278L,745,0.8700509296893273,0.8539261624144601,-0.016124767274867224,0.14210950467124173,-0.11346719779349386,False,1.0188830931579316,False,-0.9293301594152279,3.3868742005673225,-0.27439169699883137,False,False
TP53,raw,100,939,P278S,1047,0.8631227114669713,0.899048911366279,0.035926199899307676,0.13431442513855552,0.2674783431656509,False,0.9600397715351094,True,0.5539458721433261,2.221507185881662,0.24935587679563528,False,False
TP53,raw,100,939,P301P,435,0.8532947895007652,0.8744264294129849,0.02113163991221967,0.06378834709148773,0.33127743350853484,False,0.97583371316166,True,-0.8075456370092171,3.2359476613527596,-0.2495546039430161,False,False
TP53,raw,100,939,P359P,550,0.8855690352957986,0.8592625989438964,-0.026306436351902107,0.1003096648772358,-0.2622522603788707,False,1.0306151302107585,False,-0.6269655479041591,2.083980476059213,-0.3008500104040058,False,False
TP53,raw,100,939,P47P,479,0.8794198240996671,0.8818746216034654,0.0024547975037982894,0.11145017875212826,0.022025962912611413,False,0.9972163871783328,True,-0.46212127921856117,3.679389402612782,-0.12559727407226942,False,False
TP53,raw,100,939,P47S,406,0.8599117427189711,0.8564420229028222,-0.003469719816148853,0.12039134711792587,-0.02882034215258169,False,1.0040513189724023,False,0.2362478973941342,4.167661034615925,0.05668596736440344,False,False
TP53,raw,100,939,Q5R,430,0.8492617201558588,0.8683135150227628,0.019051794866904004,0.11526564047290322,0.16528598452010268,False,0.9780588525488924,True,0.18593500742013758,3.3650943784016967,0.055254024556794235,False,False
TP53,raw,100,939,R110L,560,0.8531380802614521,0.8379573822474633,-0.015180698013988803,0.03357019389465832,-0.45220763578623097,False,1.018116312757187,False,-0.11924054322892919,4.406472541216012,-0.02706031686652097,False,False
TP53,raw,100,939,R158H,573,0.8590025581523761,0.8501291972298688,-0.008873360922507345,0.06821527083592205,-0.13007880513808132,False,1.010437661653571,False,-0.9476000391324644,1.6758600068703347,-0.5654410483260506,False,False
TP53,raw,100,939,R158L,635,0.8610632067221076,0.8832504552165972,0.02218724849448961,0.031821991150518536,0.6972300504246752,False,0.9748800033292384,True,0.09791758393576933,4.237967891527287,0.023104843274421694,False,False
TP53,raw,100,939,R158R,456,0.8463818185324641,0.8681731659902141,0.02179134745775002,0.05429586569777045,0.4013445071315041,False,0.974899768489279,True,0.7490334460942774,2.2821119374734864,0.3282194154435423,False,False
TP53,raw,100,939,R175H,512,0.8499948485449416,0.8581791306340918,0.00818428208915023,0.09867563016629977,0.0829412700517556,False,0.9904632007502874,True,-0.0234840963926235,4.657964528367351,-0.0050417078639400535,False,False
TP53,raw,100,939,R213Q,467,0.872526402181439,0.8945965896360839,0.02207018745464495,0.07153327160453549,0.30853037977429254,False,0.9753294527272646,True,-0.058522605689612206,3.230905837520403,-0.018113373967755763,False,False
TP53,raw,100,939,R248L,685,0.8521769935142167,0.8422928779799861,-0.00988411553423063,0.07209124582280801,-0.1371056280331824,False,1.011734772776347,False,-0.08709009991291472,3.0758858535352163,-0.02831382699485393,False,False
TP53,raw,100,939,R248W,460,0.8460384833538299,0.9002900938875733,0.05425161053374339,0.08301532630204722,0.6535131878702921,False,0.9397398561840465,True,0.3393268884738694,4.906991220320249,0.06915172113385677,False,False
TP53,raw,100,939,R249M,482,0.8822202448832499,0.8801598567249549,-0.0020603881582950123,0.18162190945895063,-0.011344381107064025,False,1.0023409249382966,False,-0.12308174290203189,3.3535173653962396,-0.03670228285443484,False,False
TP53,raw,100,939,R249S,695,0.8518117312330524,0.8439396478153434,-0.007872083417709064,0.07691311128885248,-0.1023503442494338,False,1.0093277800587839,False,0.02685575626651282,2.3498886798183083,0.011428522762443917,False,False
TP53,raw,100,939,R273C,674,0.8482022299385292,0.8737649605496358,0.025562730611106588,0.14444211721214995,0.17697560174613908,False,0.9707441568782679,True,0.21732393110411818,4.619631326388502,0.04704356597954234,False,False
TP53,raw,100,939,R273H,449,0.8811834444061404,0.9022267060250009,0.021043261618860498,0.13003674869520498,0.1618254980227482,False,0.9766763037733918,True,-0.33961937925577357,4.155743769573284,-0.08172288718624392,False,False
TP53,raw,100,939,R280K,493,0.8325755804968438,0.8792920174863106,0.046716436989466814,0.09028973884975555,0.5174058268925129,False,0.9468703956587504,True,0.007814466526669062,2.745546894952484,0.002846233127919056,False,False
TP53,raw,100,939,R280T,659,0.8565870780221658,0.880172190936122,0.023585112913956152,0.0839239227550701,0.2810296771135058,False,0.9732039785432532,True,-0.12006673464245354,1.5957330436402986,-0.07524236909235699,False,False
TP53,raw,100,939,R282W,785,0.8471638315044068,0.8520181574813535,0.004854325976946683,0.07523756728479136,0.06451997522157982,False,0.9943025557209995,True,-0.7999927574651324,3.1575549787450274,-0.2533582986995495,False,False
TP53,raw,100,939,R337C,506,0.8464237708594275,0.8472739011152051,0.0008501302557775148,0.09367023899907778,0.009075777588075595,False,0.9989966287706271,True,0.4297539225611966,2.5850331222162906,0.16624696947509324,False,False
TP53,raw,100,939,R337L,444,0.8531619767957714,0.8627461163066776,0.009584139510906198,0.07935381367148542,0.12077730190237992,False,0.9888911241328621,True,-0.14503070039873034,5.200045181248427,-0.02789027697715337,False,False
TP53,raw,100,939,S127F,774,0.8554282505620172,0.8754870951822369,0.020058844620219674,0.06310180474944327,0.31788068027320004,False,0.9770883606045109,True,-0.6302019552945373,2.6658239526686827,-0.2364004399704112,False,False
TP53,raw,100,939,S241F,936,0.8504975695323438,0.8418999517741561,-0.008597617758187681,0.07998605963185812,-0.10748895242194535,False,1.010212160886896,False,-0.8741721231361541,3.307351322834973,-0.2643118428636838,False,False
TP53,raw,100,939,T118T,515,0.8722163148924693,0.9211445525771609,0.04892823768469157,0.08866305357872695,0.5518447167088207,False,0.9468832144229686,True,-0.9825907098239561,2.922970727224631,-0.3361616661679431,False,False
TP53,raw,100,939,T170T,532,0.8536597666833252,0.8454725461208668,-0.008187220562458464,0.14530120709375105,-0.056346541960769235,False,1.0096836030927585,False,-0.8766115804332388,1.6324140209306899,-0.5370032168269759,False,False
TP53,raw,100,939,T312S,451,0.847486671630655,0.8834190146712402,0.035932343040585124,0.12180356234445477,0.2950023985256699,False,0.9593258211065819,True,-0.0315511182195789,1.7485714792586515,-0.01804393963520196,False,False
TP53,raw,100,939,V173L,688,0.8514064505735774,0.8630382256606453,0.011631775087067808,0.19319258708453846,0.06020818532741063,False,0.9865222944462699,True,0.21340604779874495,2.6054230940048337,0.08190840416276322,False,False
TP53,raw,100,939,V173M,467,0.8415104268902738,0.8554708277034031,0.013960400813129326,0.10923792715397618,0.12779811167097177,False,0.98368103229118,True,-0.32713983069840413,3.871739436542123,-0.08449427862081932,False,False
TP53,raw,100,939,V216M,892,0.8490239398679478,0.8671853674708814,0.0181614276029336,0.057989927385626916,0.31318245118953186,False,0.9790570409923995,True,-0.1711301138002712,2.724916677539846,-0.06280196206027618,False,False
TP53,raw,100,939,V272L,449,0.8732586287543427,0.8601375792984847,-0.013121049455858014,0.07180477019321718,-0.18273228116392543,False,1.0152545938831778,False,-0.2617277409519092,2.8423301863987276,-0.09208210298871784,False,False
TP53,raw,100,939,V272M,837,0.8489407824348518,0.8548772254360344,0.0059364430011825675,0.14751156843830615,0.040243914860585116,False,0.9930557946515014,True,-0.6171298509841878,2.6089346220159637,-0.23654477416813233,False,False
TP53,raw,100,939,Y107H,547,0.8631778338094023,0.8748838934475458,0.011706059638143529,0.0922566980451126,0.12688574256602358,False,0.986619870675622,True,-0.7192980373495175,3.2453478943915215,-0.2216397319352354,False,False
TP53,raw,100,939,Y236C,915,0.833880431764122,0.8599154554736721,0.02603502370955013,0.1769036547201953,0.14717063788608079,False,0.9697237402307077,True,-0.16090242625407658,2.00084882040579,-0.08041708329640024,False,False
KRAS,pca,25,50,A130V,762,1.606758612943052,1.5209066086689376,-0.08585200427411444,0.7119737266271393,-0.12058310730204112,False,1.0564479132280515,False,-2.6445091109324226,7.628680823911229,-0.3466535266023335,False,False
KRAS,pca,25,50,A146P,618,1.4835779336545123,1.4599417698943622,-0.023636163760150097,0.884617321540881,-0.026719083138660647,False,1.0161897989683935,False,-3.8238042028253885,7.0388358110538904,-0.543243841093783,False,False
KRAS,pca,25,50,A146T,588,1.6260177531288758,1.5771575061325898,-0.048860246996285994,0.6545869601038778,-0.07464286637871957,False,1.0309799413224734,False,0.8163068187050613,14.20897291656717,0.05745009322618075,False,False
KRAS,pca,25,50,A146V,664,1.5855679299083931,1.5088799444009453,-0.07668798550744782,0.7363080635306045,-0.10415203812888883,False,1.0508244448420279,False,-2.083891487697634,8.500237940311333,-0.24515684176498578,False,False
KRAS,pca,25,50,A155G,521,1.4057605755276512,1.5913979052676428,0.18563732973999159,0.9722830803641858,0.19092930185564666,False,0.8833495198620542,True,1.1622372426561496,10.830105643831345,0.10731541139842356,False,False
KRAS,pca,25,50,A59E,584,1.5250033266614285,1.4616405117200326,-0.06336281494139584,0.5446445490221345,-0.11633792177881642,False,1.043350478064426,False,0.6483877732526782,8.220789806776287,0.07887171287583838,False,False
KRAS,pca,25,50,A59G,868,1.573809924390499,1.5841436881536541,0.01033376376315509,0.5957557017009185,0.01734563972052902,False,0.993476750978821,True,-0.7774109616739309,8.865346541804978,-0.08769098399120792,False,False
KRAS,pca,25,50,A59T,557,1.6391922807906418,1.6050776832385516,-0.03411459755209023,0.45384682064608284,-0.07516764688034104,False,1.021254172248696,False,0.15330541351297167,10.04537965109474,0.015261286167144965,False,False
KRAS,pca,25,50,A66A,1075,1.3036776013271414,1.4939198006014625,0.19024219927432107,0.535764104894612,0.35508575049413366,False,0.8726556812502732,True,-1.6321420655068122,6.602692212633814,-0.2471934194333361,False,False
KRAS,pca,25,50,C118S,685,1.3859970682438316,1.4738082525051421,0.08781118426131052,0.3828445774628544,0.2293650986080126,False,0.9404188542762932,True,-2.7849339604131482,8.477256002366692,-0.3285183271138263,False,False
KRAS,pca,25,50,D119G,619,1.5337439442818201,1.4685786943268972,-0.0651652499549229,0.5773256872085071,-0.11287432968730492,False,1.0443730051420843,False,1.5163373962802766,7.130340482617028,0.21265988629532315,False,False
KRAS,pca,25,50,D173D,672,1.3569174929402994,1.475633781833901,0.11871628889360153,0.6645010793497355,0.17865477210326638,False,0.9195489488278981,True,-1.9049024891298392,8.730257835559446,-0.21819544451149314,False,False
KRAS,pca,25,50,D30D,956,1.5411269142143045,1.3449408158766936,-0.19618609833761091,0.7691001840035465,-0.2550852313106536,False,1.1458696888529833,False,-1.2196819421500205,15.895588876400804,-0.07673084348330163,False,False
KRAS,pca,25,50,D33E,420,1.5741328214293304,1.550431164041191,-0.023701657388139452,0.5038001192737038,-0.04704575580948374,False,1.0152871394344016,False,-3.599846826619789,8.239932189694077,-0.43687821012923167,False,False
KRAS,pca,25,50,D57N,553,1.3568641991455745,1.4096110604604153,0.05274686131484074,0.48385853679595314,0.1090129806619171,False,0.9625805565844437,True,1.0621539170822345,18.8503636827054,0.0563466007850409,False,False
KRAS,pca,25,50,E31K,513,1.5763874553916537,1.4916825974814856,-0.08470485791016813,0.6638572225474915,-0.12759499337089528,False,1.0567847731502542,False,0.3757680199722715,11.456790651997643,0.032798715747394,False,False
KRAS,pca,25,50,E63K,784,1.5832399375343194,1.394973634664776,-0.18826630286954327,0.46627046052417787,-0.403770598415983,False,1.1349604739409898,False,1.1246593854264406,16.013981557586405,0.07022984142838909,False,False
KRAS,pca,25,50,F141L,883,1.5073058222525386,1.3316649937502785,-0.17564082850226015,0.4899285043171615,-0.35850297942361975,False,1.1318956564350429,False,-0.3688553325378092,6.182123371136177,-0.05966482879652067,False,False
KRAS,pca,25,50,G12A,558,1.4843631032998879,1.4558911681235571,-0.02847193517633073,0.42976964228819625,-0.06624929351626455,False,1.0195563623158914,False,0.12192875130560976,8.312103473834844,0.01466882019568473,False,False
KRAS,pca,25,50,G12C,464,1.317967803863466,1.3796230356795665,0.06165523181610055,0.5702999993475681,0.10811017339406466,False,0.9553100881751146,True,3.729447666098494,14.638487326004356,0.2547700170818445,False,False
KRAS,pca,25,50,G12D,303,1.757066959898987,1.3485957265053141,-0.40847123339367286,0.863942581028535,-0.4727990521168461,False,1.3028863471576952,False,-3.126125574962088,6.389938937899635,-0.4892262047170112,False,False
KRAS,pca,25,50,G12F,424,1.3722695726756928,1.4656823150164566,0.0934127423407638,0.4839390043859151,0.19302585965208172,False,0.9362667193403947,True,-2.6343571163106003,4.673146872348606,-0.5637223028230308,False,False
KRAS,pca,25,50,G12I,676,1.5567201043240768,1.4683704800207167,-0.08834962430336013,0.5871225733727845,-0.15047901121537,False,1.0601684830262412,False,-2.69193941183527,4.729219952592596,-0.5692142549554133,False,False
KRAS,pca,25,50,G12R,426,1.5166685479707898,1.5381989297036682,0.021530381732878467,0.9203977747758634,0.023392474778767883,False,0.9860028626225698,True,-0.19737995982394252,15.451350532724536,-0.0127742852902023,False,False
KRAS,pca,25,50,G12S,326,1.5627580152844232,1.5046124223071597,-0.058145592977263405,0.555638064642975,-0.10464652563827646,False,1.0386448975930316,False,-0.12151530821718759,14.839713389504958,-0.008188521235398418,False,False
KRAS,pca,25,50,G12V,242,1.5137204144207654,1.3660775483942036,-0.14764286602656185,0.6590382400986083,-0.22402776810715996,False,1.108077953700442,False,-0.9302008198203668,6.210210619448154,-0.1497857120831476,False,False
KRAS,pca,25,50,G12Y,437,1.433381248082922,1.3573185017415703,-0.07606274634135168,0.462291780980987,-0.16453406586624988,False,1.0560389814503788,False,-2.254589073926258,10.65997747630129,-0.21150036000906605,False,False
KRAS,pca,25,50,G13C,455,1.5051274050187882,1.3577188460065877,-0.1474085590122005,0.43931177829241297,-0.33554429062924646,False,1.1085707541335,False,-0.5719479211551677,11.871502076727765,-0.04817822693864349,False,False
KRAS,pca,25,50,G13E,437,1.4953596435223382,1.4956426616889544,0.00028301816661624457,0.6090521747051232,0.00046468624260847564,False,0.9998107715339595,True,1.0909779714022219,6.376493720106107,0.1710937106331954,False,False
KRAS,pca,25,50,G13R,398,1.63190333789494,1.5693702823640532,-0.06253305553088673,0.7849888211976468,-0.07966107776602588,False,1.0398459536500773,False,0.8880892622959418,8.530905756498372,0.1041025756988869,False,False
KRAS,pca,25,50,G13V,380,1.5627831814328061,1.5159376343902622,-0.046845547042543956,0.6727073969720321,-0.06963733006862056,False,1.0309020278801813,False,0.1525783235324225,11.035915215082209,0.01382561577891625,False,False
KRAS,pca,25,50,G60D,678,1.4468482458826166,1.5295494401782648,0.08270119429564815,0.5667915791224738,0.14591112031637624,False,0.9459310094049594,True,0.8725616073368048,7.999152737757475,0.1090817535234892,False,False
KRAS,pca,25,50,G60S,646,1.671927505442195,1.5928472209500146,-0.0790802844921803,1.3293113284215072,-0.05948966416022671,False,1.0496471246281955,False,0.11028328429220235,8.559405716546488,0.012884455760638833,False,False
KRAS,pca,25,50,G60V,686,1.4759042684272483,1.4221514753227957,-0.05375279310445258,0.7104151069908609,-0.07566392180500757,False,1.0377968128129613,False,-1.6681461822719998,6.360265815583246,-0.2622761737701097,False,False
KRAS,pca,25,50,G75A,803,1.7506345488643404,1.6059415970091369,-0.1446929518552036,0.7591079579592122,-0.19060918850619943,False,1.0900985142452726,False,0.11351989835866494,9.009511874396392,0.012600005409979041,False,False
KRAS,pca,25,50,G77A,759,1.3829932692138076,1.4633277322637284,0.08033446304992076,0.4265637297726741,0.1883293337966941,False,0.9451015235489008,True,-0.36801900750960836,8.852282413711626,-0.04157334688504404,False,False
KRAS,pca,25,50,I163S,848,1.6140364087048766,1.4821153899579969,-0.13192101874687978,0.5741447094523371,-0.22976963224605185,False,1.0890086019217562,False,-0.5941998408084919,10.381137636732255,-0.0572384127444757,False,False
KRAS,pca,25,50,I36M,936,1.449214652959844,1.2774629735872178,-0.17175167937262614,0.4763213861123081,-0.36057939949840956,False,1.1344474813937924,False,-0.36421684133821475,16.624859144997938,-0.021907965544947172,False,False
KRAS,pca,25,50,K117N,487,1.4223650528027534,1.3671704782382825,-0.055194574564470855,0.6197532864672157,-0.08905894614790492,False,1.040371391456312,False,0.6727045473450326,9.386825930300867,0.07166475146551173,False,False
KRAS,pca,25,50,K117R,492,1.356890106376012,1.514427495869823,0.15753738949381102,0.6023948230088236,0.26151849829476953,False,0.8959756145979585,True,-0.603410212543998,11.18046374035039,-0.05397005227665873,False,False
KRAS,pca,25,50,K147N,624,1.6077382676530387,1.670710075731007,0.0629718080779682,0.4705501364224005,0.13382592672641383,False,0.9623083567922966,True,-1.7521057102405737,7.568833696376772,-0.23148952408338858,False,False
KRAS,pca,25,50,K147T,669,1.4106854751323858,1.4481069643979154,0.03742148926552957,0.41625351235067853,0.08990071712356705,False,0.9741583390001246,True,2.164822184881703,20.13063396143192,0.10753869893165134,False,False
KRAS,pca,25,50,K169K,872,1.5578053943220613,1.5627097221253585,0.004904327803297193,0.7692445588018053,0.006375511854040667,False,0.9968616514418128,True,1.3465824755157432,23.16996760248056,0.05811758128533503,False,False
KRAS,pca,25,50,K176Q,601,1.5944610479419516,1.500211432151735,-0.09424961579021662,0.4645082138225325,-0.2029019358228725,False,1.0628242218198773,False,-0.12154535413110201,11.142542786603162,-0.010908224133295475,False,False
KRAS,pca,25,50,K178K,919,1.47826845828628,1.5533014185349376,0.07503296024865769,0.6265080255348212,0.11976376549144041,False,0.9516945266686049,True,0.25683506721482363,11.64007531821986,0.022064725544585388,False,False
KRAS,pca,25,50,K5E,312,1.5301433659422745,1.407021408415389,-0.1231219575268856,0.5795478478372678,-0.21244485332202842,False,1.0875053903163758,False,-0.2620572609520324,13.088157543334676,-0.020022471465854924,False,False
KRAS,pca,25,50,K88K,726,1.3886038309263586,1.477974811845817,0.08937098091945828,0.4558162487355706,0.19606800145315667,False,0.9395314587209748,True,-0.7591273592428516,8.411687434362417,-0.0902467388578605,False,False
KRAS,pca,25,50,L159S,875,1.6744350134786465,1.4999518979961994,-0.1744831154824471,0.6769265071179278,-0.2577578417269015,False,1.116325807324582,False,-1.1516852997580835,6.03467440688658,-0.19084464580952645,False,False
KRAS,pca,25,50,L19F,477,1.3589102956893377,1.5495076051128738,0.19059730942353603,0.3859810864514104,0.49379960861768696,False,0.8769949183891537,True,0.721703782009868,9.246285245472151,0.07805337633978811,False,False
KRAS,pca,25,50,L52F,462,1.7057204787649969,1.4955248813459523,-0.2101955974190446,0.6241602518740363,-0.3367654328963338,False,1.1405497160501077,False,3.7148331176548046,14.493334870919291,0.25631320539681823,False,False
KRAS,pca,25,50,L79I,670,1.3434045521627507,1.372685251844116,0.029280699681365263,0.8232540760027869,0.03556702667484411,False,0.9786690360065947,True,1.6020224612058738,12.521715632245007,0.12793953386710544,False,False
KRAS,pca,25,50,M111L,655,1.5282318773289276,1.454277761927468,-0.07395411540145957,0.8282957994573024,-0.08928466792891399,False,1.0508528132228623,False,3.64808670795415,11.083384025865106,0.3291491749668397,False,False
KRAS,pca,25,50,N26Y,449,1.613586143385909,1.4851285903762594,-0.12845755300964967,0.6774429282914691,-0.1896212177365603,False,1.0864959127728493,False,1.174474298836393,14.102200327431312,0.08328305310993417,False,False
KRAS,pca,25,50,P110S,530,1.4911293668968835,1.4681541624691938,-0.022975204427689633,0.6215980426886354,-0.03696151346988417,False,1.0156490408262366,False,-0.11152095652667082,6.828755970639274,-0.016331079483021968,False,False
KRAS,pca,25,50,P34L,428,1.5066754742654247,1.4492660009045988,-0.05740947336082591,0.4963434822707289,-0.11566480756064831,False,1.0396127924928842,False,0.8005578025119455,18.102029970036277,0.04422475290545225,False,False
KRAS,pca,25,50,P34R,526,1.4978317359267983,1.3979550114940036,-0.09987672443279472,0.5768287139948531,-0.17314797618359526,False,1.07144487741852,False,0.676180464253529,8.665237980184898,0.07803368652999196,False,False
KRAS,pca,25,50,Q22H,631,1.5492606315121247,1.5578015536086465,0.008540922096521797,0.5687105535686092,0.015018047481145293,False,0.9945173234185466,True,2.439160009392654,21.526165820183195,0.11331140109984975,False,False
KRAS,pca,25,50,Q22K,507,1.392794965016778,1.4029448312055113,0.01014986618873337,0.42458020319096423,0.02390565107004823,False,0.9927653133872614,True,-1.0294002499671129,9.77810991471464,-0.10527599494642768,False,False
KRAS,pca,25,50,Q25H,666,1.621151764272458,1.370932917675196,-0.2502188465972619,0.7385825118398104,-0.33878252271904774,False,1.1825172066198386,False,-0.14497853714789044,9.620222557984366,-0.015070185359440002,False,False
KRAS,pca,25,50,Q61A,413,1.6031816677767274,1.3317324967692876,-0.2714491710074398,0.9640124064634812,-0.2815826530731717,False,1.2038316040691064,False,-0.8786590983530354,9.38630934082,-0.09361071177697565,False,False
KRAS,pca,25,50,Q61H,552,1.6611253923706997,1.4911866463642802,-0.16993874600641945,0.8236069766209062,-0.20633475775502041,False,1.1139620894679776,False,-1.0098075414014314,11.205439462555422,-0.09011762053383517,False,False
KRAS,pca,25,50,Q61K,366,1.5222701759316557,1.3984874361974562,-0.12378273973419951,0.5014628036230078,-0.2468433128835963,False,1.088511871133265,False,1.0435598951322953,11.170274733253798,0.09342293901023112,False,False
KRAS,pca,25,50,Q61L,471,1.5125704595242198,1.5307193279859845,0.018148868461764778,0.5180307740890115,0.035034344231152405,False,0.9881435687588502,True,0.2817414874706339,6.469542240136137,0.04354890609149269,False,False
KRAS,pca,25,50,Q61P,635,1.465976671250619,1.5246454600817447,0.058668788831125696,0.4971279646906428,0.11801546683786866,False,0.9615197169655559,True,-0.045804759777101633,12.35547523806268,-0.003707243865132277,False,False
KRAS,pca,25,50,Q61R,591,1.589838805578779,1.4991132729989936,-0.09072553257978555,0.5129754459614069,-0.1768613552443038,False,1.0605194645487248,False,0.7141624987595727,12.633382354147141,0.056529793743251636,False,False
KRAS,pca,25,50,Q99E,771,1.4329992851014577,1.446256719565957,0.01325743446449934,0.296144741584065,0.04476673937746088,False,0.9908332771871387,True,-0.23027262933833348,14.381883935351553,-0.016011297989431638,False,False
KRAS,pca,25,50,R135T,792,1.588610570877325,1.6157336105540985,0.02712303967677343,0.5721435020473447,0.04740600842221749,False,0.9832131735704428,True,0.21142661611909985,9.027947094156854,0.023419124404920496,False,False
KRAS,pca,25,50,R149K,650,1.3749414817873191,1.3413882829658146,-0.03355319882150454,0.9579468625036593,-0.035026158688813876,False,1.0250137855292119,False,-0.22053624522994641,7.941459089679467,-0.02777024256368079,False,False
KRAS,pca,25,50,R164Q,550,1.696644325110185,1.4914074196408649,-0.20523690546932016,0.4808491197239426,-0.42682183880704094,False,1.1376129036013123,False,2.9286928099366594,13.698234808915155,0.21380074519021916,False,False
KRAS,pca,25,50,R41K,782,1.63775347539422,1.4736110506138473,-0.16414242478037266,0.9457616076866917,-0.17355581305722567,False,1.111387889437988,False,-0.025362860821335653,6.914686128743615,-0.0036679699337190353,False,False
KRAS,pca,25,50,R68S,827,1.3201265301710858,1.3805785387952607,0.06045200862417488,0.4199964868679893,0.14393455782208908,False,0.9562125537045307,True,-0.33937362175096975,8.863070016452227,-0.03829075265353896,False,False
KRAS,pca,25,50,S136N,557,1.430829951980071,1.5817555216782946,0.15092556969822368,0.8824382481901629,0.1710324433554014,False,0.904583503816009,True,-1.0060874587214286,6.007285405215963,-0.16747788574317946,False,False
KRAS,pca,25,50,S17S,883,1.5835067265205804,1.6969150481738335,0.1134083216532531,0.18487188835245694,0.6134427611678902,False,0.9331679439254784,True,-0.4060104754888487,11.907509961020287,-0.034097009099126545,False,False
KRAS,pca,25,50,T127T,972,1.567394474757359,1.4190031262506277,-0.1483913485067312,0.4798775069544152,-0.30922755569126364,False,1.1045743633411291,False,-1.4320679896197352,12.936412617891857,-0.11070054982933188,False,False
KRAS,pca,25,50,T144P,828,1.5056994303722053,1.4414294097737734,-0.0642700205984319,0.29511923288180264,-0.21777645587799593,False,1.044587698962323,False,0.16823299016323223,9.652037574662032,0.017429790224280487,False,False
KRAS,pca,25,50,T144T,653,1.464979967216916,1.5700461680475168,0.10506620083060092,0.47967892894997854,0.21903443009387918,False,0.9330808208262694,True,-1.1719504981072435,10.98324722614304,-0.1067034615516703,False,False
KRAS,pca,25,50,T158A,936,1.3450463668748487,1.3114093464266627,-0.03363702044818595,0.3225099618524996,-0.10429761690142735,False,1.0256495201439888,False,0.12905738561392854,13.422126088297873,0.009615271437991308,False,False
KRAS,pca,25,50,T158T,794,1.5669085283854436,1.5950539706485234,0.0281454422630798,0.5563047198648954,0.05059357085791979,False,0.9823545517700343,True,2.5972012344459636,15.34758726063344,0.16922537662371107,False,False
KRAS,pca,25,50,T20M,702,1.366852302628951,1.3824846051460877,0.015632302517136765,0.5440390307350857,0.028733788632802626,False,0.9886926028261379,True,-0.44860470466653823,6.905664179924019,-0.06496184769174138,False,False
KRAS,pca,25,50,T20R,362,1.5617860684529106,1.5974343908466775,0.03564832239376692,0.526830004156265,0.06766570262234559,False,0.9776840146937913,True,0.21409927953993524,13.58486930082418,0.015760128036487336,False,False
KRAS,pca,25,50,T20T,719,1.462005555230144,1.4979000806940324,0.03589452546388827,0.39751373614007224,0.09029757263844611,False,0.976036769123307,True,-0.33213767350699364,10.946882952092992,-0.030340844508937634,False,False
KRAS,pca,25,50,T50I,497,1.4368279878571055,1.5345107085805623,0.09768272072345674,0.6444913450235294,0.15156560515159515,False,0.9363427572207598,True,-0.6771341451039783,9.148167972480257,-0.07401855181725454,False,False
KRAS,pca,25,50,T50P,589,1.4791155324799394,1.4671670076762755,-0.011948524803663929,0.6236961145963087,-0.01915760660365455,False,1.008143943219244,False,-0.2165199311471171,8.058303544490318,-0.02686917040934226,False,False
KRAS,pca,25,50,T50T,771,1.4540495200973584,1.4619832919724622,0.007933771875103801,0.4911975625711966,0.016151895855456,False,0.9945732814330595,True,-0.09207371728052305,9.826388309460231,-0.00937004669272842,False,False
KRAS,pca,25,50,T58I,539,1.2752953765816955,1.3920224273563857,0.11672705077469026,0.40053454860312887,0.2914281706329151,False,0.9161457111029679,True,-2.0964095245878247,6.537720502043691,-0.3206636814670323,False,False
KRAS,pca,25,50,T74A,558,1.5130214836401894,1.4949022035495663,-0.018119280090623135,0.4556037283393657,-0.03976982400180584,False,1.0121207126777925,False,-0.48713373767409185,7.193575637352249,-0.0677178863797131,False,False
KRAS,pca,25,50,T74T,534,1.5708260523307516,1.7009471348413232,0.13012108251057164,0.5822738328722508,0.22347059950935463,False,0.9235008073765265,True,0.36463437873597715,9.016899735863053,0.040438996708115904,False,False
KRAS,pca,25,50,V112I,720,1.4703019953630267,1.4054552584707576,-0.06484673689226916,0.47177880362148006,-0.137451569240693,False,1.0461393107332548,False,0.9580019115939986,12.376040999326545,0.07740778425395725,False,False
KRAS,pca,25,50,V14I,456,1.406715136253025,1.5078102192400795,0.1010950829870545,0.9830707171990527,0.10283602310431214,False,0.9329523824039305,True,0.2666875677336997,7.475816234493597,0.035673371223759735,False,False
KRAS,pca,25,50,V14L,601,1.4559910487110965,1.3922383618150072,-0.06375268689608937,0.7750592222540829,-0.08225524587744305,False,1.045791502837903,False,1.9641029699390797,13.555865924608918,0.14488952464287105,False,False
KRAS,pca,25,50,V8V,868,1.5526458896425748,1.475370465467524,-0.07727542417505084,0.43168363353534245,-0.1790093906090239,False,1.0523769629281303,False,-0.27153251671967116,9.858171875737693,-0.02754390166273625,False,False
KRAS,pca,25,50,Y166H,680,1.6310040958307361,1.5145432672372436,-0.1164608285934925,0.7514116697438173,-0.15498937970074125,False,1.076895015885505,False,-1.4855543473547026,10.002971513366763,-0.1485113044028554,False,False
KRAS,pca,50,50,A130V,762,0.7410451817633721,0.7524453162065612,0.011400134443189103,0.48104511374957026,0.02369868047162819,False,0.9848492186772287,True,0.857761937228241,8.450338462365357,0.10150622262627604,False,False
KRAS,pca,50,50,A146P,618,0.7557148000641511,0.761154481112758,0.005439681048606815,0.4267083659136023,0.01274800656171858,False,0.9928533810368503,True,0.82060966907165,6.148459945031778,0.13346588843515816,False,False
KRAS,pca,50,50,A146T,588,0.7384272581597777,0.7506733250277762,0.01224606686799845,0.23636909431391018,0.05180908656245495,False,0.9836865565090576,True,-0.14236003110419593,6.10370598673454,-0.02332354006133215,False,False
KRAS,pca,50,50,A146V,664,0.6825435294545041,0.7590958105908268,0.07655228113632262,0.21940890452061668,0.34890234424888356,False,0.8991533347065376,True,0.19273689367063818,6.285219628906799,0.030665100831832236,False,False
KRAS,pca,50,50,A155G,521,0.7856022174386474,0.7391293524933431,-0.04647286494530434,0.37143692040367615,-0.12511643940725606,False,1.0628751446394802,False,-0.25932437315085577,5.493266600705211,-0.047207680238487676,False,False
KRAS,pca,50,50,A59E,584,0.7020201823618741,0.7472297708249602,0.04520958846308609,0.24355835266476833,0.18562117853257198,False,0.9394970727502284,True,1.0772322084471218,4.786034558924021,0.22507823443073952,False,False
KRAS,pca,50,50,A59G,868,0.9358971783742245,0.735169404971785,-0.20072777340243952,0.5056189075353004,-0.39699419940783265,False,1.27303608126911,False,-0.7134059293774707,3.303244910470778,-0.21597124909390875,False,False
KRAS,pca,50,50,A59T,557,0.7518707480235012,0.8347854839856161,0.08291473596211496,0.23742022568228427,0.3492319819166184,False,0.9006753979881811,True,0.4664038316551872,2.2807637101096168,0.20449458643515997,False,False
KRAS,pca,50,50,A66A,1075,0.7973180210218267,0.7542667173121416,-0.04305130370968513,0.3779863605338799,-0.11389644760958598,False,1.0570770295461267,False,0.0840699251997854,3.7102848178952272,0.022658617687328016,False,False
KRAS,pca,50,50,C118S,685,0.8077654013054243,0.7381584675355484,-0.06960693376987592,0.31827309824037686,-0.21870190774749376,False,1.0942980902221022,False,-0.31511985232346684,2.723744120684045,-0.11569363286751297,False,False
KRAS,pca,50,50,D119G,619,0.7239784540404504,0.6757123555968008,-0.0482660984436496,0.20473961078058156,-0.2357438224075562,False,1.071429948030209,False,-0.09806665323046226,4.145986107376126,-0.02365339648774795,False,False
KRAS,pca,50,50,D173D,672,0.7052398772319961,0.7754849299902933,0.07024505275829718,0.26432537814395285,0.26575220756911727,False,0.9094179009266158,True,-0.6527323937240636,3.7640820001742026,-0.17341077949254424,False,False
KRAS,pca,50,50,D30D,956,0.7912031957381558,0.7252024033520268,-0.06600079238612899,0.3469833024936445,-0.19021316562441182,False,1.0910101677560091,False,0.6220610981357088,3.546656153239161,0.175393686689244,False,False
KRAS,pca,50,50,D33E,420,0.7041760693497494,0.7248197440227333,0.02064367467298389,0.30755092322044286,0.06712278557586104,False,0.971518884738967,True,0.3169594937964446,3.5182550341937278,0.09008997094182561,False,False
KRAS,pca,50,50,D57N,553,0.7445094354421897,0.718214705635738,-0.026294729806451755,0.3092623266954556,-0.08502403149914003,False,1.0366112383944805,False,1.3353278565335636,4.405736636977946,0.30308844276482066,False,False
KRAS,pca,50,50,E31K,513,0.6635327806351654,0.7294738307814601,0.0659410501462947,0.3049920405271107,0.21620580665754524,False,0.9096046391744385,True,-0.056531441607951205,5.404292362617229,-0.010460470643481946,False,False
KRAS,pca,50,50,E63K,784,0.6889431511280968,0.7624793743571434,0.07353622322904663,0.18014188207969928,0.40821280637288093,False,0.9035564427024062,True,-0.1614788934550263,7.397068425636582,-0.021830120280539333,False,False
KRAS,pca,50,50,F141L,883,0.7412506889836106,0.6792610422473615,-0.06198964673624907,0.3812586850195899,-0.16259209080853831,False,1.0912604181319658,False,-0.16794747515661157,4.743231726398209,-0.03540781577714381,False,False
KRAS,pca,50,50,G12A,558,0.6387307565063889,0.7408697088347864,0.10213895232839754,0.15939179522423386,0.6408043286337763,False,0.8621364173613765,True,-1.3240228171533361,3.905660857036945,-0.33900096952038344,False,False
KRAS,pca,50,50,G12C,464,0.6528414637824316,0.7551857845108305,0.10234432072839894,0.18759478777961758,0.545560577347335,False,0.864477956514115,True,0.05729216641985824,4.750818305241141,0.012059431184024248,False,False
KRAS,pca,50,50,G12D,303,0.6961595781358145,0.6575061769944526,-0.038653401141361954,0.3743798446601029,-0.10324647999267998,False,1.058787890507815,False,-0.5389040570662267,4.706745797593531,-0.11449610415369318,False,False
KRAS,pca,50,50,G12F,424,0.8786473214285646,0.7853493745662377,-0.09329794686232695,0.29589689206623615,-0.3153055992269169,False,1.1187980151048786,False,-0.09545668577844613,4.236975505676625,-0.022529440080679,False,False
KRAS,pca,50,50,G12I,676,0.6893013022683245,0.66373387016443,-0.02556743210389456,0.28030607142275166,-0.0912125519583709,False,1.0385206078116227,False,-0.17073231927261434,4.603291772641373,-0.037089180461539153,False,False
KRAS,pca,50,50,G12R,426,0.744360710282999,0.6994568772102472,-0.04490383307275181,0.3372533186975408,-0.13314571149712823,False,1.0641981436394603,False,0.7269341628750476,5.9982308122418875,0.1211914288779011,False,False
KRAS,pca,50,50,G12S,326,0.7341406824464389,0.7513957305303283,0.017255048083889335,0.34986976766637745,0.04931848841636153,False,0.9770360046207464,True,0.0900465657274383,4.175361148035046,0.021566174166710066,False,False
KRAS,pca,50,50,G12V,242,0.7314915332460323,0.692376577775244,-0.03911495547078836,0.3271155209442156,-0.11957535783653261,False,1.0564937589259202,False,-0.1634248025607924,5.690563954765786,-0.028718560033742506,False,False
KRAS,pca,50,50,G12Y,437,0.7283940594031861,0.7143537228856971,-0.014040336517489038,0.28006379491453604,-0.050132636822169646,False,1.0196545997699455,False,-0.5755323235569806,2.462738034061267,-0.2336961201707184,False,False
KRAS,pca,50,50,G13C,455,0.8138601444167524,0.7242341665686407,-0.08962597784811166,0.7060809820723088,-0.12693441704811867,False,1.1237527611721936,False,-0.034586015753621746,5.252183217726938,-0.006585074114872563,False,False
KRAS,pca,50,50,G13E,437,0.7451534268654729,0.723100573136664,-0.02205285372880894,0.2879773211747273,-0.07657843902030256,False,1.0304976299951585,False,0.9276992102404406,3.578373245982163,0.25925166171026776,False,False
KRAS,pca,50,50,G13R,398,0.754870445577728,0.750303154706824,-0.004567290870904017,0.15914932144048577,-0.02869814856616882,False,1.0060872606522475,False,0.7083957686083254,3.7081750008954066,0.19103622899061407,False,False
KRAS,pca,50,50,G13V,380,0.7975708597735913,0.7449179293996888,-0.05265293037390251,0.4725831556982456,-0.11141516522337187,False,1.0706828608841974,False,0.7499701964653449,3.6309227920917357,0.20655085205854656,False,False
KRAS,pca,50,50,G60D,678,0.8489412878376008,0.7245847894703292,-0.12435649836727158,0.5897858902682265,-0.21085024314623052,False,1.1716244947098269,False,-0.3117121979266251,2.8933724302485384,-0.10773317484740437,False,False
KRAS,pca,50,50,G60S,646,0.7527003873893854,0.7539703144447802,0.0012699270553948594,0.1514282627014062,0.008386327840919399,False,0.9983156802979305,True,0.020709666249529524,3.8833183000309415,0.00533298191120839,False,False
KRAS,pca,50,50,G60V,686,0.7115117024362139,0.7605757225738614,0.049064020137647546,0.31765334718662686,0.15445774638358079,False,0.9354909462905151,True,0.7445741525622082,7.322382172789062,0.10168468880648485,False,False
KRAS,pca,50,50,G75A,803,0.6817469588506349,0.7661781764282001,0.08443121757756522,0.327843558991489,0.25753508117497315,False,0.8898021110818243,True,0.8850905121500776,6.802400689240013,0.13011443350435195,False,False
KRAS,pca,50,50,G77A,759,0.8037552117060134,0.767251325629239,-0.03650388607677435,0.3545954854479648,-0.10294515179926372,False,1.047577481924631,False,0.15163127525353048,6.523817981669938,0.02324272008807894,False,False
KRAS,pca,50,50,I163S,848,0.7362362247525152,0.6884401349204801,-0.047796089832035094,0.18813841640677575,-0.2540474760279407,False,1.0694266464251911,False,0.07194381687742335,5.302160654592531,0.013568773480129904,False,False
KRAS,pca,50,50,I36M,936,0.7749715955228744,0.6705636819272449,-0.10440791359562951,0.16442176368643846,-0.6350005696006356,False,1.1557017124690592,False,0.26226603836904816,2.972890260922512,0.08821921273598067,False,False
KRAS,pca,50,50,K117N,487,0.67733698216486,0.6739686276858343,-0.003368354479025726,0.3572433827908904,-0.009428738617105093,False,1.0049977912037114,False,0.11846260861842994,4.615649617086736,0.02566542490138151,False,False
KRAS,pca,50,50,K117R,492,0.775337212609843,0.7446125301613016,-0.03072468244854143,0.22606981809275295,-0.13590793635236867,False,1.0412626449381475,False,0.22145552226343357,4.939708289462284,0.044831700433780125,False,False
KRAS,pca,50,50,K147N,624,0.746003033289977,0.743132794514425,-0.0028702387755519254,0.3066911174420798,-0.00935872808932585,False,1.0038623497667432,False,-0.05402936508391187,3.7846961971854665,-0.014275746921005559,False,False
KRAS,pca,50,50,K147T,669,0.7832822323591628,0.7623062588832727,-0.020975973475890086,0.29600821791523046,-0.0708628078761553,False,1.0275164649790736,False,-0.5625951683849116,3.6784142454187627,-0.1529450276258551,False,False
KRAS,pca,50,50,K169K,872,0.6965910940986433,0.74838676637874,0.05179567228009674,0.36958722452622783,0.14014465014718344,False,0.9307902349333043,True,0.1819272928740424,4.278037665733462,0.04252587449878175,False,False
KRAS,pca,50,50,K176Q,601,0.7285531487546422,0.7375826460419503,0.009029497287308175,0.2986030380610839,0.030239134022009014,False,0.9877579857175834,True,-0.13862133184650316,1.639184363025208,-0.08456726099477278,False,False
KRAS,pca,50,50,K178K,919,0.7421234260587433,0.7269134090639735,-0.01521001699476976,0.2983181905212836,-0.05098588513221957,False,1.020924111187267,False,0.13117077347611383,4.356461252053828,0.030109477827737856,False,False
KRAS,pca,50,50,K5E,312,0.7664968048975194,0.7174103108710028,-0.04908649402651655,0.2973754176620913,-0.16506574219357195,False,1.0684217849711708,False,0.494388635345973,4.690919203188914,0.10539269894264748,False,False
KRAS,pca,50,50,K88K,726,0.7335844493003805,0.7714891691329928,0.037904719832612344,0.4155232937546274,0.09122164846670579,False,0.9508681115054278,True,-0.8784792620352989,5.451153819483436,-0.16115473735036623,False,False
KRAS,pca,50,50,L159S,875,0.793818807540509,0.7585192185461143,-0.03529958899439478,0.2213350842846622,-0.1594848331816906,False,1.0465375011355085,False,0.7142285188716345,4.789120624219597,0.1491356294639207,False,False
KRAS,pca,50,50,L19F,477,0.7022703316132599,0.7618743246677369,0.059603993054476945,0.35972061864199867,0.16569523670756292,False,0.921766633781141,True,-0.3827322497480735,7.2473929119434155,-0.05280964539915395,False,False
KRAS,pca,50,50,L52F,462,0.8099270375519456,0.7437648916040178,-0.0661621459479278,0.45213300277141033,-0.14633336992074894,False,1.088955726056444,False,-0.24409124047806774,10.960993352801554,-0.022269080239491226,False,False
KRAS,pca,50,50,L79I,670,0.759453458998971,0.730221732564587,-0.029231726434383987,0.2005397846501562,-0.14576522302234962,False,1.0400313016317937,False,0.021159074647420617,3.1604571347502195,0.006694941188972298,False,False
KRAS,pca,50,50,M111L,655,0.7711314402704588,0.6942071186829821,-0.07692432158747664,0.2763452406791562,-0.2783631134678658,False,1.1108088919246664,False,0.22005762500747628,5.925036264365755,0.03714030010768758,False,False
KRAS,pca,50,50,N26Y,449,0.7267455619567293,0.7398206350767982,0.013075073120068836,0.4043456184958649,0.032336378884744985,False,0.9823266985264455,True,-0.5784280761529217,6.140098970264364,-0.09420500857627337,False,False
KRAS,pca,50,50,P110S,530,0.7757478511695783,0.7600320819998956,-0.01571576916968276,0.26984013674095386,-0.05824103619088317,False,1.0206777707703198,False,1.5068085943482337,8.561725660976556,0.17599356181384188,False,False
KRAS,pca,50,50,P34L,428,0.6683167709589171,0.7023615157747933,0.03404474481587627,0.2947460608444862,0.11550534286474806,False,0.9515281745208938,True,-0.3229106102283219,7.240059104288088,-0.04460054891500414,False,False
KRAS,pca,50,50,P34R,526,0.7363148669850546,0.6922822250858793,-0.04403264189917522,0.22507909555670147,-0.19563185905944164,False,1.0636050447398282,False,-0.7478341453662805,6.117716882890349,-0.12224072471509373,False,False
KRAS,pca,50,50,Q22H,631,0.8205027657005886,0.7280381354981529,-0.09246463020243567,0.642265633285968,-0.1439663363729535,False,1.1270052016425867,False,0.030692211086198795,5.3035410807013275,0.005787116686600669,False,False
KRAS,pca,50,50,Q22K,507,0.6822652251564136,0.7465800427023339,0.06431481754592028,0.472007191101948,0.1362581307199386,False,0.913854089491697,True,-0.8879205928082468,4.44445452497422,-0.19978168025319082,False,False
KRAS,pca,50,50,Q25H,666,0.6578348807719561,0.7464201917054751,0.08858531093351907,0.2981841521631353,0.29708255885126456,False,0.8813197821844652,True,0.16978760174246177,4.770188492924191,0.03559347853744447,False,False
KRAS,pca,50,50,Q61A,413,0.8036075770763098,0.7504099442144518,-0.05319763286185797,0.22212539614083193,-0.23949369944231685,False,1.070891428441219,False,0.37745438355970207,5.6473313778019545,0.06683765451472662,False,False
KRAS,pca,50,50,Q61H,552,0.7828985977382814,0.7976765733473083,0.014777975609026939,0.3989591105313698,0.03704132884531524,False,0.9814737249371461,True,-0.6552416480882892,5.169391831850546,-0.12675410752404212,False,False
KRAS,pca,50,50,Q61K,366,0.7222157152837205,0.7544026213511135,0.03218690606739294,0.31409484424756007,0.10247511749038514,False,0.9573345781729296,True,-0.05174753175522517,4.83353185714506,-0.010705946145514806,False,False
KRAS,pca,50,50,Q61L,471,0.8209276629603135,0.8055943263608949,-0.015333336599418601,0.30290173502436846,-0.05062148818059769,False,1.0190335707410996,False,0.4349207847467451,4.204887197599946,0.10343221216373844,False,False
KRAS,pca,50,50,Q61P,635,0.7897212253066499,0.8340385519261044,0.04431732661945453,0.34887353273531807,0.12702977572413618,False,0.9468641749028155,True,1.1472617848290874,5.833206622217494,0.19667772104272824,False,False
KRAS,pca,50,50,Q61R,591,0.8080585259030659,0.696287879081277,-0.11177064682178894,0.33643764372547613,-0.3322180169380532,False,1.1605236141253323,False,-0.2606185554792765,3.257520355053355,-0.08000519630674964,False,False
KRAS,pca,50,50,Q99E,771,0.6894783497827977,0.7116732366787932,0.02219488689599558,0.31366919532589344,0.07075889895064678,False,0.9688130932117474,True,-1.4825741506740033,3.1421203454711604,-0.47183875462023134,False,False
KRAS,pca,50,50,R135T,792,0.7379911423564991,0.6727074131008628,-0.0652837292556363,0.33274385462417544,-0.19619815166645943,False,1.0970462462346136,False,0.4158405691592493,4.772562122484437,0.08713151520860174,False,False
KRAS,pca,50,50,R149K,650,0.7236589118543275,0.6896959025079106,-0.03396300934641694,0.3193090508941415,-0.1063640671985727,False,1.0492434553009793,False,-0.7880789238859892,5.7175729905519255,-0.13783451915493863,False,False
KRAS,pca,50,50,R164Q,550,0.8285887391199278,0.7387892682912263,-0.08979947082870154,0.2792468578320182,-0.321577372529365,False,1.1215495063110514,False,0.688307661855295,4.965395848608946,0.13862090412149602,False,False
KRAS,pca,50,50,R41K,782,0.7131769360020037,0.693552569126183,-0.019624366875820698,0.33942188597831824,-0.05781703445332418,False,1.0282954281325,False,0.01330958874566568,7.205865693072079,0.0018470492391305447,False,False
KRAS,pca,50,50,R68S,827,0.7003779284665992,0.6977285993239839,-0.0026493291426152865,0.1925053525046153,-0.013762366127205574,False,1.0037970768937696,False,-1.105559696027399,5.044299644634609,-0.2191701076289812,False,False
KRAS,pca,50,50,S136N,557,0.8296027426544299,0.8090883150530388,-0.020514427601391105,0.264606452821298,-0.0775280700174214,False,1.025354991809573,False,0.8847881476645824,7.074511687855822,0.12506702747886028,False,False
KRAS,pca,50,50,S17S,883,0.7250104094694265,0.7108354602646134,-0.014174949204813103,0.3925988748290723,-0.036105424935271455,False,1.0199412522266917,False,-0.42294333312316934,3.7134127117784983,-0.11389612896558575,False,False
KRAS,pca,50,50,T127T,972,0.752918749906371,0.684354426242189,-0.06856432366418197,0.28274558094600644,-0.24249476661944763,False,1.1001883249892468,False,1.4358636445728963,5.491830845500759,0.2614544557120223,False,False
KRAS,pca,50,50,T144P,828,0.7675478655299859,0.7718283698148269,0.004280504284841058,0.33241820008997625,0.012876864996207927,False,0.9944540723660261,True,-0.8785647248734421,4.634561392910956,-0.18956804115645082,False,False
KRAS,pca,50,50,T144T,653,0.8215730255592231,0.7204232527161754,-0.10114977284304771,0.4159704157152513,-0.2431657854059719,False,1.1404032594196367,False,0.31410906028089813,5.106180032411169,0.06151546915445791,False,False
KRAS,pca,50,50,T158A,936,0.6547167970699821,0.6976546751265822,0.0429378780566001,0.27668245763040744,0.15518829211050503,False,0.938453966428578,True,-1.1150615540168989,5.3493937238661,-0.2084463420671576,False,False
KRAS,pca,50,50,T158T,794,0.7221707657132903,0.8051354380247862,0.08296467231149585,0.2561463497240998,0.3238955870378739,False,0.8969556320672823,True,0.33538862229774147,5.273207043837705,0.06360239973692636,False,False
KRAS,pca,50,50,T20M,702,0.7556869266095312,0.6630751107675046,-0.0926118158420266,0.45529876271478076,-0.20340888978001184,False,1.1396701736170267,False,-0.7442425335115844,4.159641277587354,-0.17891988367402076,False,False
KRAS,pca,50,50,T20R,362,0.7582696189439329,0.7745771560989638,0.01630753715503097,0.2345144024301058,0.06953746544368948,False,0.9789465296947805,True,0.3877365422755653,3.8357095639222165,0.10108600138095027,False,False
KRAS,pca,50,50,T20T,719,0.7345941799200091,0.6413518857292217,-0.09324229419078733,0.295101590142679,-0.3159667629906891,False,1.1453839869586884,False,-0.5695885669068381,5.6367284132727615,-0.10104949629391977,False,False
KRAS,pca,50,50,T50I,497,0.8317851473712388,0.7416452906505153,-0.09013985672072344,0.3819301293086236,-0.23601137957850077,False,1.1215403884539732,False,0.027723235993607487,4.938965234361517,0.005613166863522455,False,False
KRAS,pca,50,50,T50P,589,0.7028288876576791,0.6886186384078332,-0.01421024924984593,0.17916462611764894,-0.07931392238395726,False,1.0206358766046497,False,1.0058166207275478,8.709602152108321,0.11548364703249635,False,False
KRAS,pca,50,50,T50T,771,0.7911877033480827,0.7592656712481585,-0.03192203209992428,0.2671717793341619,-0.119481302177496,False,1.0420432969759421,False,0.01390474056598412,4.639559716688757,0.0029969957097368497,False,False
KRAS,pca,50,50,T58I,539,0.7998211252655931,0.6774846567113535,-0.12233646855423963,0.40867445870604346,-0.2993494355913134,False,1.1805745227472537,False,0.22779373495281785,4.756265006971302,0.04789340682635187,False,False
KRAS,pca,50,50,T74A,558,0.7900778663907744,0.7107614557034658,-0.07931641068730855,0.34309186720808826,-0.23118126154591254,False,1.111593573414594,False,0.4453906312154243,6.127600993900025,0.07268597150153983,False,False
KRAS,pca,50,50,T74T,534,0.6755996981478471,0.6953912988749735,0.01979160072712638,0.12701666885552942,0.15581892444083562,False,0.9715389008186529,True,-0.10530292708170941,4.2978716155735786,-0.024501180235384033,False,False
KRAS,pca,50,50,V112I,720,0.7397196417147143,0.7426712233930264,0.0029515816783121096,0.2837479345754311,0.010402125684997597,False,0.9960257223043768,True,-0.5773671592921792,3.4718374933800282,-0.16630016825184982,False,False
KRAS,pca,50,50,V14I,456,0.7975338860624053,0.7488612589938519,-0.048672627068553354,0.39922933696565843,-0.12191645894184414,False,1.0649955201767929,False,-0.7898024932733435,6.228031801293432,-0.12681413943797107,False,False
KRAS,pca,50,50,V14L,601,0.7456443449058607,0.6859910366967537,-0.05965330820910708,0.25578660878225,-0.2332151338692233,False,1.0869593114457516,False,-0.021608370652964726,7.6002970482282315,-0.002843095541640972,False,False
KRAS,pca,50,50,V8V,868,0.8224884016831311,0.7782261918419131,-0.04426220984121798,0.25023212004971995,-0.17688460551116814,False,1.056875764790771,False,-0.7324558482381867,3.8891186699944322,-0.18833466149780287,False,False
KRAS,pca,50,50,Y166H,680,0.7929044803906002,0.7879292527542532,-0.004975227636347057,0.2177500156949842,-0.02284834570719923,False,1.0063143075586494,False,-1.0241875828154774,5.73253751335246,-0.1786621684428402,False,False
KRAS,pca,100,50,A130V,762,0.36258740767615194,0.38203157802004206,0.01944417034389012,0.1501034111433523,0.1295384974650608,False,0.9491032378928894,True,-0.2195813062092738,1.9516678525847162,-0.11250956760827335,False,False
KRAS,pca,100,50,A146P,618,0.35318052106203446,0.3569966445849744,0.003816123522939918,0.10787252160232469,0.0353762335973583,False,0.9893104778971344,True,-0.2170935221691016,1.1138117245595713,-0.19491042999654698,False,False
KRAS,pca,100,50,A146T,588,0.38300299962246953,0.36792062907877465,-0.015082370543694879,0.15387915084616227,-0.09801438635941778,False,1.0409935441278713,False,0.20153518865240855,3.187294149310241,0.06323080933588215,False,False
KRAS,pca,100,50,A146V,664,0.39421703172099676,0.40359328489655155,0.009376253175554794,0.2644733542010106,0.03545254380684588,False,0.9767680644687681,True,-0.036052892468351194,2.740906080988414,-0.013153640220809738,False,False
KRAS,pca,100,50,A155G,521,0.3729291137908337,0.33180447366018306,-0.04112464013065065,0.11573380330219879,-0.3553381895112172,False,1.1239423919665663,False,0.09624830627314618,2.4463753265877406,0.039343229645548906,False,False
KRAS,pca,100,50,A59E,584,0.35502915110411415,0.36823602671980993,0.013206875615695779,0.1013438627587494,0.13031746823322637,False,0.9641347541864912,True,-0.05176576806007133,2.673881112962985,-0.019359786719428437,False,False
KRAS,pca,100,50,A59G,868,0.3566813097062713,0.36980548133824875,0.013124171631977433,0.11175467476466922,0.11743733906088541,False,0.9645106081595011,True,0.07969773326901963,2.749729013099233,0.028983850004619883,False,False
KRAS,pca,100,50,A59T,557,0.36141216394792686,0.39948346401843615,0.038071300070509295,0.12015760427439837,0.31684469992900016,False,0.9046986834259745,True,0.2771813101782903,5.124839863449347,0.054085848058426825,False,False
KRAS,pca,100,50,A66A,1075,0.3326358790258688,0.3539205589999419,0.02128467997407313,0.22189537602137177,0.09592214292930153,False,0.9398602894553051,True,-0.07142380806300086,3.2171140485912426,-0.022201204863805488,False,False
KRAS,pca,100,50,C118S,685,0.3703419665646539,0.37639413940016553,0.006052172835511627,0.15409616132224518,0.039275299161121546,False,0.9839206507169411,True,-0.4255744681940385,2.0958433971291646,-0.20305642529254814,False,False
KRAS,pca,100,50,D119G,619,0.3937665741768406,0.3550538033280102,-0.0387127708488304,0.1342251305747047,-0.28841671215424386,False,1.1090335337516897,False,0.1455075151985371,2.4348613643315207,0.059760082167341584,False,False
KRAS,pca,100,50,D173D,672,0.3858279551846824,0.3632979363794391,-0.0225300188052433,0.19474255376902194,-0.11569129791717456,False,1.0620152677710568,False,0.10613800288394104,4.131669635961474,0.025688889053502903,False,False
KRAS,pca,100,50,D30D,956,0.369698155157586,0.392327074859276,0.02262891970169001,0.12091620470406056,0.18714546786407774,False,0.9423212896795186,True,0.04477341047295458,2.7649730677683424,0.01619307290724968,False,False
KRAS,pca,100,50,D33E,420,0.4255266179438504,0.3454223087094661,-0.08010430923438427,0.1238172447168957,-0.6469559988799646,False,1.2319025355764148,False,-0.7330374428018294,2.1114470672937484,-0.34717301425953667,False,False
KRAS,pca,100,50,D57N,553,0.40452498677888116,0.3415381233930752,-0.06298686338580595,0.09343042286128495,-0.67415796115278,False,1.1844211789888959,False,-0.04888572052572865,2.2777086780387044,-0.02146267474724788,False,False
KRAS,pca,100,50,E31K,513,0.37933884119411587,0.39904668570146207,0.019707844507346195,0.15192629203042696,0.12971977558301243,False,0.9506126846469033,True,0.02404669433643375,3.0606520152569665,0.007856722755989245,False,False
KRAS,pca,100,50,E63K,784,0.3785489185468336,0.3874855602495231,0.008936641702689485,0.13314993301709938,0.0671171325451724,False,0.9769368394091004,True,-0.5534367986602251,1.6850995347525908,-0.32842973797478475,False,False
KRAS,pca,100,50,F141L,883,0.3648665354663567,0.34496512152687586,-0.01990141393948086,0.3341340494346971,-0.059561167061994914,False,1.0576910901931005,False,-0.5377344692900068,3.1329085822382465,-0.17164065122699262,False,False
KRAS,pca,100,50,G12A,558,0.36788701969094184,0.4069967870728828,0.03910976738194094,0.22673495389947101,0.17249112547190804,False,0.9039064468709495,True,-0.2530705032736557,2.938697382424906,-0.08611655789642116,False,False
KRAS,pca,100,50,G12C,464,0.3680823338630077,0.3770026388008034,0.00892030493779572,0.13770102095190012,0.06478023820107798,False,0.9763388793081925,True,0.21874782318460922,2.0273912249673627,0.10789620695341161,False,False
KRAS,pca,100,50,G12F,424,0.37442709335123503,0.33753738964299274,-0.036889703708242294,0.1729183023400131,-0.2133360275287994,False,1.1092907181253604,False,-0.5136681224090578,2.399411564189109,-0.21408087302548867,False,False
KRAS,pca,100,50,G12I,676,0.37530348746147624,0.34118497141117743,-0.03411851605029881,0.13152326954294769,-0.25941049191419113,False,1.1000000554220808,False,-0.6883207439440082,2.0734519561159264,-0.33196850397893873,False,False
KRAS,pca,100,50,G12R,426,0.3810264862997368,0.39265275113041476,0.011626264830677968,0.20590009551350513,0.05646556307651345,False,0.9703904663924883,True,0.06397235725323008,2.8700939451825755,0.02228929034208342,False,False
KRAS,pca,100,50,G12Y,437,0.37555348988271753,0.35609437443243763,-0.019459115450279896,0.19257129396766232,-0.10104888973507953,False,1.0546459501959133,False,-0.15966217236733427,3.6395579743741653,-0.04386856137242565,False,False
KRAS,pca,100,50,G13C,455,0.41529585007219616,0.3887909637625313,-0.026504886309664855,0.17792637007987472,-0.14896547542540367,False,1.0681725883059714,False,-0.5859244256990052,1.577511851371385,-0.3714231529795741,False,False
KRAS,pca,100,50,G13E,437,0.3951511606791662,0.3933680464984999,-0.0017831141806663453,0.15309724074486147,-0.011646938716798482,False,1.0045329410879669,False,-0.30695318242160513,2.365605459169737,-0.12975671037271674,False,False
KRAS,pca,100,50,G60D,678,0.4542085921244752,0.40849341004735606,-0.04571518207711911,0.1548054868298453,-0.29530724661824825,False,1.1119116758133734,False,-0.13948579928949534,3.3132360583128793,-0.042099565752197685,False,False
KRAS,pca,100,50,G60S,646,0.38317474471885227,0.37617656762028595,-0.006998177098566316,0.33205248100145357,-0.021075515163928804,False,1.018603437058393,False,-0.05401228887264953,2.0466102427869854,-0.02639109672347673,False,False
KRAS,pca,100,50,G60V,686,0.3908034223125405,0.33334245137801766,-0.05746097093452285,0.17634551558273887,-0.3258431083129129,False,1.172378197547245,False,-0.09722154053188803,1.8859833882622354,-0.05154952113415429,False,False
KRAS,pca,100,50,G75A,803,0.4039085205890647,0.3898029093760691,-0.014105611212995584,0.12564719204034436,-0.11226364062689423,False,1.036186521120567,False,-0.34730018819732067,2.6930016501648097,-0.12896397155050615,False,False
KRAS,pca,100,50,G77A,759,0.37807557990850427,0.37214769000964765,-0.00592788989885662,0.09411984062061479,-0.06298236227100294,False,1.01592886388386,False,-0.43846963317133236,1.0596354317098282,-0.41379291410048225,False,False
KRAS,pca,100,50,I163S,848,0.3402126385291595,0.3479154663636006,0.007702827834441095,0.096211180922189,0.08006167017813422,False,0.9778600591834828,True,-0.5707604370911812,1.2431103741875886,-0.4591389863222652,False,False
KRAS,pca,100,50,I36M,936,0.41340159229045526,0.367350822161292,-0.046050770129163254,0.09883248241837322,-0.465947722877416,False,1.1253591045699194,False,-0.08137391561601148,2.873219847452041,-0.028321506858646237,False,False
KRAS,pca,100,50,K117N,487,0.3513826005349934,0.36141736319015827,0.010034762655164897,0.1255187687373147,0.07994631206242643,False,0.9722349735314594,True,-0.09074989477748863,1.4613268067299803,-0.06210102651887993,False,False
KRAS,pca,100,50,K117R,492,0.3366271506193179,0.360536258434756,0.02390910781543809,0.12400100867347313,0.19281381717141496,False,0.9336845954988331,True,-0.7748621316204142,2.1551147592212936,-0.3595456475368368,False,False
KRAS,pca,100,50,K147N,624,0.35792401176149724,0.35938156677812216,0.001457555016624923,0.1179431706343042,0.012358112884248575,False,0.9959442688458064,True,-0.18148377746144728,1.7502946075187595,-0.10368756018663684,False,False
KRAS,pca,100,50,K147T,669,0.42713985452805403,0.36471987471718315,-0.062419979810870885,0.12198039124632631,-0.5117214264776413,False,1.171144991369811,False,-0.2564755951565573,2.6996227089067797,-0.0950042368181211,False,False
KRAS,pca,100,50,K169K,872,0.3668969056467155,0.3878662015422094,0.0209692958954939,0.09212702584447968,0.2276128606484304,False,0.9459367797139397,True,1.0753930452466935,2.6724761270440673,0.4023957536474417,False,False
KRAS,pca,100,50,K176Q,601,0.4491462518619418,0.36720512285653406,-0.08194112900540773,0.16506260822678243,-0.4964245378506765,False,1.2231481096123538,False,-0.5340084905751012,2.2698246394976263,-0.23526420556140046,False,False
KRAS,pca,100,50,K178K,919,0.34879878849472234,0.3570509387703229,0.008252150275600556,0.14441833115974728,0.057140601261155,False,0.97688803086747,True,-0.3965774712169747,2.0550520975802895,-0.19297684554271047,False,False
KRAS,pca,100,50,K88K,726,0.3661766177267207,0.3808676621229221,0.014691044396201391,0.18995313015407012,0.07734036487993408,False,0.9614274304247443,True,0.09462211475967391,2.6017191829838255,0.03636907294935457,False,False
KRAS,pca,100,50,L159S,875,0.38509413550552907,0.3625639500261464,-0.02253018547938268,0.08316923027594486,-0.2708956834712839,False,1.062141273222994,False,0.41412837773131306,3.1562044340638784,0.13121088522079286,False,False
KRAS,pca,100,50,L19F,477,0.38357611672680214,0.38666117516266496,0.0030850584358628197,0.1497919113043672,0.020595627687760697,False,0.9920212872819079,True,-0.2638636740866657,3.147023620388993,-0.08384546985193915,False,False
KRAS,pca,100,50,L52F,462,0.376623932765467,0.3458163760897843,-0.03080755667568269,0.16503081834985817,-0.1866775974555977,False,1.089086459768129,False,-0.0502809899636148,2.584119214443054,-0.019457689754631417,False,False
KRAS,pca,100,50,L79I,670,0.4017277837423521,0.3614225089579879,-0.04030527478436419,0.3439128845968539,-0.11719617551291041,False,1.1115184411191428,False,-0.016255186046270853,3.167459004980155,-0.005131932574569406,False,False
KRAS,pca,100,50,M111L,655,0.3892315433283713,0.3759596271340371,-0.01327191619433421,0.13157080060683707,-0.10087280865603045,False,1.0353014399325449,False,-0.028124631226208507,1.5571981306546556,-0.018061048669757097,False,False
KRAS,pca,100,50,N26Y,449,0.3561152423420637,0.3638405974672718,0.007725355125208111,0.11083842788004239,0.069699248473364,False,0.9787671986606634,True,-0.2048459967935728,2.1569838642456505,-0.09496872006745975,False,False
KRAS,pca,100,50,P110S,530,0.4185308611361709,0.37981512311526977,-0.038715738020901114,0.14764885889537982,-0.26221494910661036,False,1.1019331134141053,False,-0.04301464808970912,1.5103224368128643,-0.028480440362443498,False,False
KRAS,pca,100,50,P34L,428,0.4159590648778728,0.3665232317119038,-0.049435833165969,0.13779122083488238,-0.3587734607940576,False,1.134877761868112,False,0.22975076391256544,1.7585629203853783,0.13064688288902224,False,False
KRAS,pca,100,50,P34R,526,0.4098005847320536,0.35465199827766547,-0.05514858645438814,0.16010953529432548,-0.34444286127624957,False,1.1555005659694917,False,0.2567375726750181,5.633785917066133,0.04557105585025807,False,False
KRAS,pca,100,50,Q22H,631,0.35729974906733375,0.38787808589014894,0.03057833682281519,0.2659493923891472,0.11497802851931997,False,0.9211650827021063,True,-0.16046857347897214,1.9794912121077686,-0.08106556497823736,False,False
KRAS,pca,100,50,Q22K,507,0.3652192927140927,0.35491461553920445,-0.010304677174888255,0.142945641641182,-0.072088082270845,False,1.0290342429523023,False,-0.23035824310964653,1.675042585967467,-0.13752381285076212,False,False
KRAS,pca,100,50,Q25H,666,0.38817503212992754,0.3691501655784073,-0.019024866551520248,0.07493874692535168,-0.25387222674635035,False,1.0515369308360214,False,-0.22822606544377333,2.001065311184072,-0.11405228213602245,False,False
KRAS,pca,100,50,Q61A,413,0.38184272629784566,0.35526143175966673,-0.026581294538178923,0.21281700703090323,-0.12490211618434727,False,1.0748217852034134,False,0.3072160925303285,2.8781527452529847,0.10674071869084374,False,False
KRAS,pca,100,50,Q61H,552,0.34245179386327784,0.3504106732415373,0.007958879378259454,0.13655542779031943,0.05828314192300211,False,0.9772869949860991,True,-0.2909332398225191,2.1107330622394955,-0.1378351649610481,False,False
KRAS,pca,100,50,Q61L,471,0.42261507017171596,0.3670041086524236,-0.055610961519292346,0.19264309812363267,-0.28867352145469993,False,1.1515268091234354,False,-0.33124349524047475,2.365938566810805,-0.1400051125110059,False,False
KRAS,pca,100,50,Q61P,635,0.35950795515912937,0.3790448223022356,0.019536867143106207,0.16818854119460813,0.11616051250780769,False,0.9484576335209025,True,-0.6415127136840713,1.2172740670364108,-0.527007623883671,False,False
KRAS,pca,100,50,Q61R,591,0.35571562831128567,0.40436941955343464,0.04865379124214897,0.15055807269721866,0.32315631018998675,False,0.8796798449895648,True,-0.10328320145761133,2.2146180410215046,-0.04663702703784143,False,False
KRAS,pca,100,50,Q99E,771,0.35351797000847185,0.3743567700955541,0.020838800087082276,0.15121325840296046,0.13781066757750848,False,0.9443343843313874,True,0.4913004488916714,1.8778238126530509,0.2616328782185087,False,False
KRAS,pca,100,50,R135T,792,0.39414337035921676,0.36102374097702317,-0.033119629382193594,0.18569730568749077,-0.1783527728610693,False,1.0917380926045566,False,-0.10866765219253377,2.1877513584036468,-0.04967093347930824,False,False
KRAS,pca,100,50,R149K,650,0.4246494430439274,0.3487483010508239,-0.0759011419931035,0.1947626641157471,-0.3897109455639587,False,1.2176387433699418,False,-0.4653127839595051,2.8578016776133897,-0.16282192973869958,False,False
KRAS,pca,100,50,R164Q,550,0.35458695321946543,0.3695622821924278,0.014975328972962387,0.11304561256702317,0.13247156287541653,False,0.9594781997661632,True,0.042011174750299585,3.291674544564218,0.012762857986575768,False,False
KRAS,pca,100,50,R41K,782,0.3429952718491851,0.3676264734314181,0.024631201582232976,0.153755054259042,0.1601976709054068,False,0.9329993801797628,True,0.2628723206848934,2.710632376869028,0.09697822653049305,False,False
KRAS,pca,100,50,R68S,827,0.33047922300146304,0.3408919968169535,0.01041277381549044,0.22693836229589764,0.04588370917171579,False,0.9694543318331943,True,0.030938713486489466,1.6644840582237785,0.01858756972386092,False,False
KRAS,pca,100,50,S136N,557,0.33799850947720955,0.34330211160823865,0.005303602131029095,0.24211362149040289,0.021905426462093227,False,0.9845512102847729,True,0.0928927544607111,3.0649435178356543,0.030308145621655177,False,False
KRAS,pca,100,50,S17S,883,0.38405682383806194,0.3768442287815468,-0.00721259505651517,0.13572782827885915,-0.05314013454703303,False,1.0191394600358767,False,-0.5603099886396974,1.5695671099436383,-0.3569837728441045,False,False
KRAS,pca,100,50,T127T,972,0.366718364555247,0.3388240787882051,-0.027894285767041893,0.11990877208720385,-0.2326292337207467,False,1.0823267515898074,False,-0.5374488150603867,1.4589006888048428,-0.36839300932860225,False,False
KRAS,pca,100,50,T144P,828,0.3295193715871534,0.3704958602170638,0.040976488629910435,0.17864969820326887,0.229367802140293,False,0.8894009541539725,True,0.5138440317451007,3.6856434999012366,0.13941772495328703,False,False
KRAS,pca,100,50,T144T,653,0.41677892151913376,0.37550670562366406,-0.0412722158954697,0.12062991490727232,-0.342139144566217,False,1.1099107293621358,False,-0.41199933450107573,3.1221693619298585,-0.13195931634099853,False,False
KRAS,pca,100,50,T158A,936,0.34618820865452093,0.36282590204507237,0.016637693390551433,0.1475019318299678,0.11279644397966572,False,0.9541441410418251,True,-0.3335716531768503,3.522695867544817,-0.09469215218097633,False,False
KRAS,pca,100,50,T158T,794,0.40987837439637964,0.367108509653125,-0.042769864743254615,0.08744468840570269,-0.48910763504379284,False,1.1165046944394375,False,-0.09942779815841735,2.6125805601232024,-0.038057313782403936,False,False
KRAS,pca,100,50,T20M,702,0.37065108234975064,0.3236644574252239,-0.046986624924526765,0.1205799848364621,-0.3896718430364117,False,1.1451707898306445,False,-0.37999143519718986,1.8241720258321559,-0.20830899159515634,False,False
KRAS,pca,100,50,T20T,719,0.4080780240637001,0.36406031927334226,-0.044017704790357826,0.21094044947461565,-0.2086736085942344,False,1.1209077245172347,False,0.07931440109754706,3.7791322839707164,0.020987463559812677,False,False
KRAS,pca,100,50,T50I,497,0.368382856777119,0.3619165634168233,-0.006466293360295694,0.13119946146517902,-0.049285974866687086,False,1.0178668069215953,False,0.19979323969863005,3.6934249318757226,0.054094300922251086,False,False
KRAS,pca,100,50,T50P,589,0.42753498889455877,0.363136498622481,-0.06439849027207778,0.20736048995814516,-0.31056297313473913,False,1.1773396244012004,False,0.05256969777275616,2.1490306968323694,0.02446205065857966,False,False
KRAS,pca,100,50,T50T,771,0.36481876464554475,0.3549478000489561,-0.00987096459658865,0.11585368096259863,-0.08520199370942147,False,1.0278096232607363,False,0.060019727051214444,2.3681216013330504,0.025344867010810786,False,False
KRAS,pca,100,50,T58I,539,0.3628953419325356,0.3456769384569469,-0.017218403475588673,0.16577170248021328,-0.10386817061038438,False,1.049810680320328,False,0.02423609677356764,1.256151272042593,0.019293931641018038,False,False
KRAS,pca,100,50,T74A,558,0.4157482684445668,0.3855896292889316,-0.030158639155635214,0.2401202785268956,-0.12559805169581784,False,1.0782143420486983,False,-0.37161635307493224,1.2089260416043697,-0.3073937861258733,False,False
KRAS,pca,100,50,T74T,534,0.361985754345465,0.36354674163730216,0.0015609872918371792,0.20401029822730654,0.007651512229534317,False,0.9957062267019449,True,0.13524279860185806,2.538021068883027,0.05328671233662291,False,False
KRAS,pca,100,50,V112I,720,0.3832656193930273,0.3867861735447544,0.00352055415172714,0.17367053544910865,0.020271453316033458,False,0.9908979317449159,True,-0.30282477975268923,2.2964420053605874,-0.13186693983379724,False,False
KRAS,pca,100,50,V14I,456,0.3621540202778011,0.3435987297389733,-0.018555290538827762,0.1992612083962247,-0.09312043567421888,False,1.0540027914332626,False,-0.3145742299758723,1.700141026755008,-0.1850283153135171,False,False
KRAS,pca,100,50,V14L,601,0.3994842416065083,0.3856236452370787,-0.0138605963694296,0.13165268658004187,-0.1052815307418939,False,1.0359433259361164,False,-0.3250944214286177,1.839132967074665,-0.17676504486008682,False,False
KRAS,pca,100,50,V8V,868,0.3964681145401805,0.34929994173955414,-0.04716817280062635,0.15826076312115217,-0.2980408527697927,False,1.1350363030858905,False,0.21542775972411904,1.5283844050534952,0.14095129406700457,False,False
KRAS,pca,100,50,Y166H,680,0.36999517027608597,0.36552673071300923,-0.004468439563076743,0.16079767400997919,-0.027789205226932755,False,1.0122246587940653,False,-0.27177719608540035,3.1296768608539054,-0.08683874028171978,False,False
KRAS,raw,25,939,A130V,762,3.4260994198792893,3.407284207915339,-0.018815211963950418,0.4247189866797596,-0.04430037873050679,False,1.0055220553425632,False,-3.0634646399307055,10.399391374240142,-0.29458114707742167,False,False
KRAS,raw,25,939,A146P,618,3.4077157787575416,3.4034359445211173,-0.004279834236424307,0.4669646012154618,-0.00916522200030651,False,1.0012575039772127,False,-2.6064808948807183,7.460137408694655,-0.34938778632185946,False,False
KRAS,raw,25,939,A146T,588,3.500344709114362,3.4703486588534034,-0.02999605026095864,0.4078738968765414,-0.07354246126233004,False,1.0086435264031566,False,-1.2569414067913307,14.835513934564062,-0.0847251677518825,False,False
KRAS,raw,25,939,A146V,664,3.491417478723978,3.4156581324662305,-0.0757593462577475,0.4015883941619385,-0.18864924225673196,False,1.0221800143104622,False,-1.8892930180102816,13.878718743497497,-0.1361287776579131,False,False
KRAS,raw,25,939,A155G,521,3.3929684217529683,3.464450316438331,0.07148189468536259,0.5565772697956697,0.12843121443246322,False,0.979367031374013,True,2.3453801756883568,19.372007459894157,0.12107057983247191,False,False
KRAS,raw,25,939,A59E,584,3.407166107623347,3.3377109682124697,-0.06945513941087711,0.33883068030399377,-0.2049848005161841,False,1.020809213281902,False,0.31963745719815506,10.941370237475013,0.029213658825233135,False,False
KRAS,raw,25,939,A59G,868,3.3604032750463233,3.5457199656485727,0.18531669060224942,0.40745594076084846,0.45481405978816963,False,0.9477351024904326,True,-1.2087625389989753,6.679998542453412,-0.1809525153810923,False,False
KRAS,raw,25,939,A59T,557,3.5004484348213616,3.5363956339111375,0.03594719908977595,0.2603983532734109,0.13804695243995038,False,0.989835074236301,True,1.6410768293683997,10.265346828916337,0.1598656973523456,False,False
KRAS,raw,25,939,A66A,1075,3.4501376339792174,3.5097219924617455,0.05958435848252819,0.3632728478867415,0.16402095237545788,False,0.9830230546435004,True,-2.0757223473224933,10.322652296034923,-0.20108420663551826,False,False
KRAS,raw,25,939,C118S,685,3.3543948609335317,3.4743065649877174,0.11991170405418572,0.37267218689208104,0.32176188154580454,False,0.965486147577593,True,-1.4933475276378605,8.820987529482819,-0.16929482358370554,False,False
KRAS,raw,25,939,D119G,619,3.4099558401472336,3.4853551081688074,0.07539926802157382,0.371664092482348,0.20286939079312558,False,0.9783668333120902,True,1.2704668604065237,12.719332541326855,0.09988471142480179,False,False
KRAS,raw,25,939,D173D,672,3.3251336091936814,3.461016261341797,0.13588265214811557,0.3879015773392025,0.3503018809054553,False,0.9607390887856055,True,2.197210544049838,11.4814374612939,0.19137068432912263,False,False
KRAS,raw,25,939,D30D,956,3.499100167037774,3.393800599618409,-0.1052995674193653,0.5510274525217871,-0.19109677192571792,False,1.0310270342433214,False,-1.3778435978580443,12.481920686144164,-0.11038714573691776,False,False
KRAS,raw,25,939,D33E,420,3.517188421937796,3.4791790091128405,-0.03800941282495529,0.5156517492268651,-0.07371140092503158,False,1.0109248224151155,False,-1.4800801133959176,10.528782950733167,-0.14057466283820136,False,False
KRAS,raw,25,939,D57N,553,3.329921987592087,3.4017165638433937,0.07179457625130681,0.34434271643567804,0.20849744404196732,False,0.9788946036790935,True,-1.1077758270315048,14.712716830989113,-0.07529376387495054,False,False
KRAS,raw,25,939,E31K,513,3.4740938708803526,3.370047817869434,-0.10404605301091863,0.4211397335607763,-0.24705826764717592,False,1.0308737616300938,False,-0.6984793835045124,13.248439730296202,-0.052721633469581114,False,False
KRAS,raw,25,939,E63K,784,3.4379927107100343,3.4041499872856598,-0.033842723424374554,0.3056521883878762,-0.11072298746779376,False,1.0099416076115257,False,-0.5356083159481368,8.955765522974318,-0.05980597801205663,False,False
KRAS,raw,25,939,F141L,883,3.4169344321172836,3.3705665795633024,-0.04636785255398124,0.32277934831758426,-0.14365185627786717,False,1.0137566938553069,False,0.5236432123566441,9.0381295323924,0.05793712188787754,False,False
KRAS,raw,25,939,G12A,558,3.3950355086457265,3.369332450603544,-0.025703058042182647,0.2771104254323715,-0.09275384714262744,False,1.0076285312948499,False,-5.151461152799348,12.756033707738714,-0.40384505645152896,False,False
KRAS,raw,25,939,G12C,464,3.295249013995271,3.3521629742910193,0.05691396029574847,0.38752974876366286,0.14686346139185757,False,0.9830217203840497,True,0.22238275012310105,15.661343048322117,0.014199468681386562,False,False
KRAS,raw,25,939,G12D,303,3.5403055434897865,3.361124742375104,-0.1791808011146827,0.5933801669896814,-0.30196627909506546,False,1.053309774212089,False,-1.4893508263629958,15.521555355474572,-0.0959537103243774,False,False
KRAS,raw,25,939,G12F,424,3.3190334312724126,3.386158090044411,0.06712465877199847,0.32691004721002903,0.2053306692310777,False,0.9801767498778776,True,-1.134396360707365,7.851920696743333,-0.14447374146020958,False,False
KRAS,raw,25,939,G12I,676,3.4515427471693982,3.404923325461695,-0.04661942170770317,0.3646154688498795,-0.1278591439215582,False,1.0136917684339872,False,-0.4604991316315399,11.758170836684018,-0.03916418106418733,False,False
KRAS,raw,25,939,G12R,426,3.4685669847332825,3.426764871812683,-0.041802112920599654,0.542352860756516,-0.07707549078341877,False,1.0121987105869004,False,-1.8407776730267873,13.754937905840357,-0.13382667996234224,False,False
KRAS,raw,25,939,G12S,326,3.4267322660649953,3.429330323194044,0.002598057129048925,0.3814545119395554,0.0068109225287145345,False,0.9992424010275484,True,0.09904813911856536,15.60997604226965,0.00634518200734945,False,False
KRAS,raw,25,939,G12V,242,3.3664074000993622,3.3026890149118913,-0.06371838518747097,0.405261120319933,-0.15722797473680317,False,1.019292880710166,False,-4.976792341251324,7.78536584258016,-0.6392496437395365,False,False
KRAS,raw,25,939,G12Y,437,3.363782774221793,3.3771422568530873,0.013359482631294384,0.2299224931268009,0.05810428744753871,False,0.9960441457258176,True,-1.703775648796677,14.063558866444396,-0.1211482573491323,False,False
KRAS,raw,25,939,G13C,455,3.3999242520535695,3.338012053115122,-0.06191219893844746,0.37204762201257857,-0.16640933922258552,False,1.0185476259382196,False,2.7323529960213477,17.436968331367535,0.15669885636633812,False,False
KRAS,raw,25,939,G13E,437,3.392276822578328,3.4278295191126453,0.03555269653431736,0.342086353715239,0.10392901133937746,False,0.9896282191584834,True,-2.1816851097359837,16.481872292617993,-0.13236876678829326,False,False
KRAS,raw,25,939,G13R,398,3.506303867192983,3.4390787870815487,-0.06722508011143447,0.5542886471248694,-0.12128171929938535,False,1.019547409138737,False,-0.8286432610559356,16.53778863103674,-0.05010604981979314,False,False
KRAS,raw,25,939,G13V,380,3.448744411720046,3.5247195088922787,0.07597509717223261,0.3798412830608404,0.20001800899578215,False,0.9784450657759972,True,-0.3029561210154643,20.802676194621867,-0.014563324361785136,False,False
KRAS,raw,25,939,G60D,678,3.4052737855510884,3.4918455165125764,0.08657173096148796,0.3622275062175353,0.23899822480487556,False,0.9752074567582961,True,-0.25121113157886477,16.187436559623592,-0.015518895203299948,False,False
KRAS,raw,25,939,G60S,646,3.5564774708464277,3.469429120622003,-0.08704835022442481,0.7353469730503406,-0.11837724695232495,False,1.0250901076799686,False,0.8701149013779315,12.456786605797404,0.069850670876306,False,False
KRAS,raw,25,939,G60V,686,3.377891788901362,3.387906715090004,0.010014926188642193,0.4342671940774645,0.02306166877264906,False,0.997043919142155,True,-0.5495977394311069,9.688609495767958,-0.056726173107830846,False,False
KRAS,raw,25,939,G75A,803,3.6757654272710205,3.5636613762064506,-0.11210405106456989,0.5138001587686651,-0.21818609658126623,False,1.03145754863609,False,0.7226705240080129,12.278648757381955,0.058855867472676224,False,False
KRAS,raw,25,939,G77A,759,3.2858862546695846,3.3911063948790385,0.10522014020945392,0.3907077722451153,0.26930649371224374,False,0.9689717372570945,True,-1.7777881283852697,15.07504262092264,-0.11792922733882549,False,False
KRAS,raw,25,939,I163S,848,3.44930905414763,3.411149753243283,-0.03815930090434705,0.3294786548638067,-0.11581721711265508,False,1.0111866390116897,False,1.160184485786628,17.46439003864289,0.06643143466330775,False,False
KRAS,raw,25,939,I36M,936,3.3674545365178723,3.313643660699107,-0.053810875818765425,0.31085628927963516,-0.1731053148175461,False,1.0162391860226192,False,-0.8963221764614726,19.80968275221957,-0.04524666990747464,False,False
KRAS,raw,25,939,K117N,487,3.3808320210347453,3.3821855785046004,0.0013535574698551045,0.4364591410813836,0.0031012237858084307,False,0.9995997979890703,True,-0.4584554361498956,11.97070346837706,-0.03829811985243764,False,False
KRAS,raw,25,939,K117R,492,3.2926186958386587,3.462879852068866,0.17026115623020743,0.3448624375313125,0.49370745462746496,False,0.9508324967935325,True,-1.825252225488338,12.679688741900142,-0.1439508699812777,False,False
KRAS,raw,25,939,K147N,624,3.4758298411116826,3.471935705395804,-0.0038941357158783774,0.28466816797331784,-0.013679561517546906,False,1.0011216036373676,False,-2.1056081568129095,11.054360651532665,-0.19047760636622355,False,False
KRAS,raw,25,939,K147T,669,3.369232006595073,3.4652512862461258,0.09601927965105261,0.3340612667058789,0.2874301489600466,False,0.9722908176869709,True,2.659543049398682,23.96159237976695,0.11099191603160675,False,False
KRAS,raw,25,939,K169K,872,3.4689375553907027,3.4690426793687763,0.00010512397807360685,0.4572479048662119,0.00022990587153016154,False,0.9999696965451884,True,-4.003023861496738,11.37974069207357,-0.35176758151308307,False,False
KRAS,raw,25,939,K176Q,601,3.371272255019342,3.4158203903017004,0.04454813528235846,0.17073820244155913,0.2609148664172364,False,0.9869582910714976,True,-0.6889145411575992,8.486426120814311,-0.08117840553256295,False,False
KRAS,raw,25,939,K178K,919,3.3887319826524447,3.460372495693509,0.07164051304106422,0.2655585887767611,0.26977290913866103,False,0.9792968782608745,True,0.6041710634406403,14.227491883385166,0.04246504362066725,False,False
KRAS,raw,25,939,K5E,312,3.465394634103262,3.4346428888595675,-0.030751745243694728,0.2508421991657457,-0.12259398676127578,False,1.0089534039604058,False,-0.6817965864564091,11.423910589282988,-0.05968154084609318,False,False
KRAS,raw,25,939,K88K,726,3.3669784051640406,3.4279888296114116,0.06101042444737104,0.23564021624510145,0.25891346315821984,False,0.9822022685954064,True,-1.9331934131633766,17.126873796690788,-0.11287485597849757,False,False
KRAS,raw,25,939,L159S,875,3.5486190187086564,3.464472413747277,-0.08414660496137927,0.4261343152223458,-0.19746498217932476,False,1.0242884326708677,False,-0.9517446987526856,9.197958131859707,-0.103473475863741,False,False
KRAS,raw,25,939,L19F,477,3.373740400162152,3.449281198178099,0.07554079801594682,0.31054424876793885,0.2432529287392998,False,0.9780995535951528,True,-1.6565866889580434,10.667167416905823,-0.1552977115867337,False,False
KRAS,raw,25,939,L52F,462,3.5263288031838727,3.4420325771077707,-0.08429622607610199,0.3490661399097936,-0.24149069886264532,False,1.0244902464423895,False,4.463348460717381,14.650145694282816,0.3046623940715614,False,False
KRAS,raw,25,939,L79I,670,3.3717277491803017,3.418464785678264,0.04673703649796224,0.5646497085992381,0.08277173579688145,False,0.9863280626163627,True,0.7505177127770217,10.012358574979736,0.07495913247179531,False,False
KRAS,raw,25,939,M111L,655,3.532587578425723,3.4718364013484937,-0.0607511770772291,0.4279322387050848,-0.14196447844420665,False,1.017498283344697,False,5.609099129349035,28.03035358660788,0.20010804045043892,False,False
KRAS,raw,25,939,N26Y,449,3.451640680427257,3.4705065492935816,0.018865868866324575,0.2896979072532879,0.06512255834085062,False,0.9945639437360622,True,-2.3136135583009905,14.958858640353496,-0.15466511275530825,False,False
KRAS,raw,25,939,P110S,530,3.437707612454929,3.4791236139878663,0.04141600153293723,0.3707250489288274,0.11171622109864059,False,0.9880958522524398,True,1.9594930932420436,20.507584887222595,0.09554967608413609,False,False
KRAS,raw,25,939,P34L,428,3.4556253549247558,3.4080055997837633,-0.04761975514099248,0.2390678528269885,-0.1991892869655483,False,1.0139729098872414,False,-1.7096692751624758,8.408219540634791,-0.20333309173245037,False,False
KRAS,raw,25,939,P34R,526,3.4511886563547627,3.3806552950018443,-0.07053336135291843,0.28376276186887406,-0.24856454345306836,False,1.0208638134320287,False,1.4228236347623913,13.840105338853562,0.10280439345848578,False,False
KRAS,raw,25,939,Q22H,631,3.3793061007488383,3.4119356625868846,0.03262956183804633,0.405012427657629,0.08056434718993172,False,0.9904366421102715,True,1.4431231974752592,23.494621495170204,0.06142355593053169,False,False
KRAS,raw,25,939,Q22K,507,3.3465770194758484,3.359728468546404,0.013151449070555543,0.5581156091169905,0.023564023037024172,False,0.9960855619155897,True,-2.188430112606116,13.202242863670863,-0.16576199477651682,False,False
KRAS,raw,25,939,Q25H,666,3.48772637488209,3.420468106464046,-0.06725826841804405,0.43580226239760567,-0.15433207723157882,False,1.0196634689535442,False,-0.5260774542771482,14.358204900053734,-0.036639500406849566,False,False
KRAS,raw,25,939,Q61A,413,3.5271389700650992,3.335331929787209,-0.1918070402778902,0.6441236041617766,-0.2977798656012556,False,1.05750763171872,False,1.9585626426193539,4.731814309753323,0.41391367336252394,False,False
KRAS,raw,25,939,Q61H,552,3.4832822408980455,3.443656324516425,-0.039625916381620385,0.31128298062025594,-0.12729869234309762,False,1.0115069311938916,False,0.8431374819727484,10.955966077989938,0.07695692702687125,False,False
KRAS,raw,25,939,Q61K,366,3.4945457729990608,3.442012056422673,-0.052533716576387945,0.25020587704680564,-0.20996196091173566,False,1.0152625021979111,False,1.7344997603517491,10.039509165435714,0.17276738650962445,False,False
KRAS,raw,25,939,Q61L,471,3.407571319739045,3.4481964699836603,0.04062515024461533,0.2660838478110703,0.1526780019862789,False,0.9882184351737916,True,-1.096782086199239,13.8854260009172,-0.07898800412222075,False,False
KRAS,raw,25,939,Q61P,635,3.3730083729052183,3.4928245410439303,0.11981616813871199,0.383476427549859,0.31244728366813024,False,0.9656964823939019,True,-0.27970451860248957,14.30872037607864,-0.019547835952549636,False,False
KRAS,raw,25,939,Q61R,591,3.515767756655908,3.5618819659191345,0.04611420926322651,0.5212294503025445,0.08847199488912186,False,0.9870534145419592,True,0.35476596033676167,13.835507861838247,0.02564170132961248,False,False
KRAS,raw,25,939,Q99E,771,3.3974935394288046,3.4468980545607444,0.049404515131939775,0.26684107463194406,0.1851458408346009,False,0.9856669636438564,True,3.1822896698685756,14.104677589696498,0.22561945493835647,False,False
KRAS,raw,25,939,R135T,792,3.4454919647404907,3.4380902782691436,-0.007401686471347091,0.4900700807525715,-0.015103322488042446,False,1.0021528482012616,False,-1.5107972041134587,12.720301688942762,-0.11877054814090872,False,False
KRAS,raw,25,939,R149K,650,3.3570190675603477,3.4244601427679413,0.06744107520759357,0.5104021022088805,0.13213322381653028,False,0.9803060709145582,True,0.34445982224519334,15.91132494745266,0.021648720228062465,False,False
KRAS,raw,25,939,R164Q,550,3.493043953966044,3.4226251946035475,-0.07041875936249653,0.43566640409956037,-0.1616345871516963,False,1.0205744875230645,False,1.038050964475433,19.278573688343066,0.0538448010343783,False,False
KRAS,raw,25,939,R41K,782,3.450383962778595,3.4319800165396366,-0.01840394623895847,0.44586087876823566,-0.04127732912966576,False,1.0053624864219095,False,1.1212724445924618,14.434450000068793,0.07768030265005718,False,False
KRAS,raw,25,939,R68S,827,3.2927133034465115,3.3882364524371944,0.09552314899068293,0.3233688191914923,0.29539999938619965,False,0.9718074135817847,True,0.001924109614872549,8.80132515746201,0.00021861589936161317,False,False
KRAS,raw,25,939,S136N,557,3.4355088737313544,3.4883628500739086,0.052853976342554176,0.511440671844809,0.10334331869208895,False,0.9848484866356623,True,-3.3109709952146495,9.774402174695137,-0.3387389771812739,False,False
KRAS,raw,25,939,S17S,883,3.404254807248339,3.4743073925816823,0.07005258533334313,0.23377329724772133,0.29966033827683436,False,0.9798369639131762,True,-2.762082842524256,16.04681232332286,-0.17212657485311098,False,False
KRAS,raw,25,939,T127T,972,3.4701245168459316,3.4290906370031706,-0.04103387984276097,0.33097580089224765,-0.12397848946098612,False,1.0119664028124442,False,-1.8416465956973571,16.0618207539599,-0.11465988967927658,False,False
KRAS,raw,25,939,T144P,828,3.409508756461843,3.430845501515286,0.02133674505344274,0.16052232226828433,0.13292073496035142,False,0.9937809076380679,True,-0.27904624255505084,13.720649570429185,-0.02033768453327842,False,False
KRAS,raw,25,939,T144T,653,3.4693434223952266,3.4885235160181587,0.01918009362293205,0.23847606251821807,0.08042775203681841,False,0.994501945153913,True,-0.9766023378236692,14.244895802877597,-0.06855805415062333,False,False
KRAS,raw,25,939,T158A,936,3.367187954598048,3.381246838582232,0.014058883984183979,0.3421306684073584,0.04109214777391645,False,0.9958421006642393,True,1.513581810413724,13.0407513747986,0.11606553693974551,False,False
KRAS,raw,25,939,T158T,794,3.4474960668697996,3.5327970715131727,0.08530100464337309,0.354116646534524,0.24088391629749834,False,0.9758545416233498,True,0.7331856872812068,13.013764507177202,0.05633924656288722,False,False
KRAS,raw,25,939,T20M,702,3.3657205831956745,3.391434102539229,0.02571351934355448,0.28583776854771026,0.08995843857234193,False,0.9924180984898683,True,-2.2565899891785666,9.662603009418747,-0.23353851824181604,False,False
KRAS,raw,25,939,T20R,362,3.4778645246236977,3.4572135543873586,-0.020650970236339106,0.45010059040953276,-0.04588078904217704,False,1.005973298991071,False,-1.5831882938739437,14.26506122514025,-0.11098363118721057,False,False
KRAS,raw,25,939,T20T,719,3.3560903397302226,3.430604598548701,0.0745142588184784,0.30118183848251023,0.24740621544086056,False,0.9782795549070268,True,-2.2309972833484304,15.721047139113807,-0.14191149378324372,False,False
KRAS,raw,25,939,T50I,497,3.33951014077115,3.3892953304395625,0.0497851896684125,0.23797146107412992,0.2092065554571018,False,0.9853110499928149,True,-1.5553475587511123,12.932988629869174,-0.12026203712566363,False,False
KRAS,raw,25,939,T50P,589,3.351036404066779,3.4148384964068406,0.06380209234006173,0.29984702181273626,0.21278214455606004,False,0.9813162196668465,True,-2.196351079396411,11.955878487937792,-0.18370470071373637,False,False
KRAS,raw,25,939,T50T,771,3.3973299808594675,3.389380808974437,-0.007949171885030637,0.3805688570977952,-0.02088760479680535,False,1.002345316838988,False,-0.8850538849101977,8.573114187068434,-0.10323598468397874,False,False
KRAS,raw,25,939,T58I,539,3.2532514826057657,3.27552242168748,0.022270939081714403,0.3247283379135335,0.06858329403836803,False,0.9932007978531129,True,-0.8811083044323471,13.096815643050572,-0.0672765295356265,False,False
KRAS,raw,25,939,T74A,558,3.3922195567804145,3.444194032528582,0.05197447574816749,0.3586851696136075,0.14490277310365754,False,0.9849095389930718,True,1.8868299165765814,19.831147744365506,0.09514476624847264,False,False
KRAS,raw,25,939,T74T,534,3.4352565911304858,3.4601764899274627,0.02491989879697698,0.33714579989375526,0.07391430889790111,False,0.9927980844706856,True,1.7321126939627618,15.495342608390777,0.11178279420713275,False,False
KRAS,raw,25,939,V112I,720,3.3988481815762164,3.431618158350922,0.03276997677470561,0.3077888028862672,0.10646903482975185,False,0.9904505760074269,True,-2.926635615533054,14.772932363216002,-0.19810796824740476,False,False
KRAS,raw,25,939,V14I,456,3.3769614926069202,3.375550542977141,-0.001410949629779168,0.7054056463991127,-0.0020001961098293566,False,1.0004179909652708,False,0.5370309250837266,8.84626205620127,0.06070710110913631,False,False
KRAS,raw,25,939,V14L,601,3.4242648169688295,3.4140193909702248,-0.010245425998604674,0.4376196922239606,-0.02341171154007707,False,1.0030009864694098,False,-1.4706902626030551,15.86182294929114,-0.09271886764243449,False,False
KRAS,raw,25,939,V8V,868,3.4153979800958503,3.4545847525622655,0.03918677246641522,0.2564724691913387,0.15279134087947788,False,0.9886565896415335,True,0.061870307343543374,14.685628856833867,0.004212983178772927,False,False
KRAS,raw,25,939,Y166H,680,3.525355952123956,3.450502407600318,-0.0748535445236378,0.22466180393347335,-0.3331832256888819,False,1.0216935204446633,False,-1.1343072127657852,11.24808400975835,-0.10084448264981925,False,False
KRAS,raw,50,939,A130V,762,1.6521013026205402,1.6730074516884663,0.020906149067926094,0.31565565624952807,0.06623087105842841,False,0.9875038517928735,True,0.5607506955299524,9.200701790863597,0.06094651345909116,False,False
KRAS,raw,50,939,A146P,618,1.7054547873195496,1.7232780647073866,0.017823277387837066,0.21045079658778687,0.0846909476078049,False,0.9896573409986139,True,0.41501633799527493,6.303013664967732,0.06584411204785157,False,False
KRAS,raw,50,939,A146T,588,1.6921123503293103,1.703011095812375,0.010898745483064687,0.24331404605803608,0.04479291540968038,False,0.9936003085887907,True,-0.732716056783965,4.085237841714145,-0.17935701302436802,False,False
KRAS,raw,50,939,A146V,664,1.668764816021124,1.7039917306163268,0.035226914595202885,0.25902810124762543,0.13599649777584052,False,0.9793268277291103,True,-0.05279663175080351,7.436430164129389,-0.007099728039600923,False,False
KRAS,raw,50,939,A155G,521,1.7226160942150166,1.7071252850497203,-0.015490809165296326,0.2339323905409254,-0.06621917182770926,False,1.0090742075587293,False,-0.37357080713779167,8.976799039204337,-0.04161514650225514,False,False
KRAS,raw,50,939,A59E,584,1.6916022664474752,1.719849442956619,0.028247176509143657,0.12382757603294436,0.2281170108799391,False,0.9835757852963085,True,0.5321868873162963,5.858024789139467,0.09084749663452235,False,False
KRAS,raw,50,939,A59G,868,1.7979429305435453,1.719452473228806,-0.07849045731473936,0.3136279266627675,-0.25026616140321345,False,1.0456485180816595,False,0.3019816682312113,3.3209625338003965,0.09093197082402305,False,False
KRAS,raw,50,939,A59T,557,1.7099796013109483,1.7549180930223685,0.04493849171142017,0.18715212389921643,0.2401174551223371,False,0.974392826713624,True,-0.1968675665124202,3.5940174183639497,-0.05477646421703689,False,False
KRAS,raw,50,939,A66A,1075,1.7522692995480327,1.7185098281163746,-0.03375947143165803,0.23882234072551123,-0.14135809626980936,False,1.0196446193552824,False,-0.2027572847606507,5.6753862844920135,-0.03572572413523371,False,False
KRAS,raw,50,939,C118S,685,1.7152140758282677,1.7145794368622767,-0.0006346389659910301,0.1461278475372807,-0.004343039172113437,False,1.0003701426439315,False,0.05813931637953562,3.305905621468649,0.017586502168113083,False,False
KRAS,raw,50,939,D119G,619,1.7183468396735577,1.6788948369200263,-0.039452002753531445,0.14165173747090165,-0.2785140758448921,False,1.02349879330495,False,-0.39099822437757226,7.725479559210527,-0.05061151497209174,False,False
KRAS,raw,50,939,D173D,672,1.7314789740212326,1.7196821078457702,-0.011796866175462384,0.1823607121500419,-0.06468973517583224,False,1.0068599109810128,False,0.042136282739726916,4.736913060592261,0.008895304220436457,False,False
KRAS,raw,50,939,D30D,956,1.7319582841725882,1.6866477686603716,-0.045310515512216654,0.22121743432036878,-0.20482343831272184,False,1.0268642429997135,False,0.7497262739177168,5.119978264841416,0.14643153449811344,False,False
KRAS,raw,50,939,D33E,420,1.6775677513809235,1.6987831084450775,0.021215357064154006,0.19477221227159003,0.10892394154547749,False,0.9875114386535355,True,-0.6155288076507466,6.0501341007608715,-0.10173804371928499,False,False
KRAS,raw,50,939,D57N,553,1.7256188521764244,1.7017379939066117,-0.023880858269812677,0.14175510416525094,-0.16846559713273943,False,1.0140332168379167,False,0.3231895347442988,4.964113031308524,0.06510519255020007,False,False
KRAS,raw,50,939,E31K,513,1.74207335945394,1.7080642835688415,-0.03400907588509838,0.20250818888670885,-0.1679392624666868,False,1.019910887553974,False,0.5754808018674771,6.0778276336864465,0.0946852784501269,False,False
KRAS,raw,50,939,E63K,784,1.678617314077293,1.7146254533184688,0.03600813924117574,0.13319440137766891,0.2703427386491696,False,0.9789994140285938,True,0.3446191386609643,4.948350705796688,0.06964323249305353,False,False
KRAS,raw,50,939,F141L,883,1.7209436330504282,1.6773669936993194,-0.04357663935110878,0.17570630171961654,-0.24800840336760507,False,1.0259791920997583,False,1.3333582559772559,5.20004862112744,0.25641265171250766,False,False
KRAS,raw,50,939,G12A,558,1.6437633789220527,1.6994074202161933,0.05564404129414058,0.10935395296340822,0.5088434371710373,False,0.9672567974976467,True,-1.4398176165836016,4.242174715112024,-0.33940554391937156,False,False
KRAS,raw,50,939,G12C,464,1.6784911070631559,1.7145623471316966,0.03607124006854079,0.16074457746197246,0.22440097599605938,False,0.9789618382038515,True,-0.4383035254567469,4.025920648976165,-0.10887038361479184,False,False
KRAS,raw,50,939,G12D,303,1.726164500140527,1.6823321979701689,-0.04383230217035816,0.1446199223818756,-0.30308619620619726,False,1.0260544868743786,False,-0.4330598416726721,5.067999933943242,-0.08544985148326997,False,False
KRAS,raw,50,939,G12F,424,1.7130675905090378,1.6973630708054337,-0.015704519703604092,0.16853879693754803,-0.09318044265750511,False,1.0092523043382533,False,0.2952253521165531,7.000458729309118,0.042172286636091516,False,False
KRAS,raw,50,939,G12I,676,1.6782969032677144,1.6568773371701724,-0.02141956609754203,0.18224170203062817,-0.11753383478575165,False,1.012927671600678,False,-0.5225379561577146,6.49649435623243,-0.08043383515855998,False,False
KRAS,raw,50,939,G12R,426,1.6743847134924472,1.679779937687755,0.005395224195307691,0.2518960752143664,0.021418452791359666,False,0.9967881363062746,True,0.5907901311883395,4.050497767427645,0.14585617993403643,False,False
KRAS,raw,50,939,G12S,326,1.7141341739029983,1.7306088608286743,0.016474686925675996,0.20111500180803765,0.08191674801763882,False,0.9904804099305331,True,0.20319129361488475,5.919728516613094,0.03432442772411772,False,False
KRAS,raw,50,939,G12V,242,1.6749447006763383,1.6454744043576,-0.02947029631873832,0.19678042631435844,-0.14976233597369723,False,1.0179099086808607,False,-0.618314248632374,6.772312255872348,-0.09130031594397126,False,False
KRAS,raw,50,939,G12Y,437,1.7215437564118758,1.6990244753493755,-0.02251928106250034,0.1742281564835484,-0.12925167502777737,False,1.0132542417070654,False,0.08826161929332965,6.80000752522316,0.012979635532158196,False,False
KRAS,raw,50,939,G13C,455,1.7403535792093905,1.6769451003992195,-0.06340847881017098,0.38972191836236103,-0.1627018543802152,False,1.0378118990270317,False,1.026584943071171,5.694316961437324,0.18028236749435297,False,False
KRAS,raw,50,939,G13E,437,1.7065038957152403,1.690830470201096,-0.015673425514144412,0.18821964588337936,-0.08327199554851807,False,1.0092696611460286,False,-0.4363095149160392,3.59114097394973,-0.12149606993460982,False,False
KRAS,raw,50,939,G13R,398,1.7485469471254298,1.7069510009307187,-0.041595946194711075,0.1360217212756072,-0.3058037040306921,False,1.0243685648691911,False,1.12650720397228,4.904956706682954,0.22966710438798071,False,False
KRAS,raw,50,939,G13V,380,1.7432826552920382,1.752391380767456,0.009108725475417856,0.2947587383329682,0.030902308535221,False,0.9948021169383813,True,0.8037774019321482,6.102808462038821,0.13170614921504892,False,False
KRAS,raw,50,939,G60D,678,1.778202285916052,1.720339164381965,-0.057863121534087014,0.35087103604248737,-0.1649127901428726,False,1.0336347173464917,False,0.7491898079776877,6.178479027645901,0.121257967312894,False,False
KRAS,raw,50,939,G60S,646,1.741043683712526,1.7012719629776925,-0.03977172073483359,0.1372361929679884,-0.2898048967600749,False,1.0233776383790056,False,-0.31630164371373315,4.368009578113368,-0.07241322118399526,False,False
KRAS,raw,50,939,G60V,686,1.6783749338140588,1.7078613891675403,0.02948645535348149,0.2681820340195311,0.10994940604907955,False,0.9827348662247971,True,1.8032269773167737,7.6805024266493795,0.23477982001021666,False,False
KRAS,raw,50,939,G75A,803,1.6882498687789855,1.7228323585358964,0.03458248975691092,0.09550771195060292,0.3620910715021333,False,0.9799269559887417,True,0.6965807667439057,5.486424118485773,0.12696444017094302,False,False
KRAS,raw,50,939,G77A,759,1.7356508964839392,1.7049203958007588,-0.030730500683180395,0.13528153513050611,-0.2271596094288454,False,1.0180245956109564,False,-1.2477831306355185,7.268876818722575,-0.17166106425432626,False,False
KRAS,raw,50,939,I163S,848,1.709639688613759,1.6698352553154727,-0.03980443329828631,0.10152262808942614,-0.392074496566663,False,1.0238373415410769,False,0.15259216003569342,6.413563127588882,0.02379210385866413,False,False
KRAS,raw,50,939,I36M,936,1.7070013577444705,1.6747353728971035,-0.03226598484736698,0.11688573169505223,-0.27604725041673156,False,1.019266318350672,False,-0.8095995367786069,6.024860670222537,-0.1343764745930138,False,False
KRAS,raw,50,939,K117N,487,1.6832017435179338,1.675204702689797,-0.007997040828136903,0.1911356870226959,-0.04183960071876748,False,1.004773769328188,False,-0.15904998256361402,6.310992378854129,-0.025202055875797512,False,False
KRAS,raw,50,939,K117R,492,1.7023299406618477,1.683718044500658,-0.018611896161189634,0.16425201372505582,-0.11331304706159886,False,1.0110540456711143,False,-0.13594068014669336,6.059364409491501,-0.022434808498025528,False,False
KRAS,raw,50,939,K147N,624,1.7164964907046993,1.6717284337075817,-0.04476805699711761,0.1488227478227333,-0.30081461101929136,False,1.026779503234165,False,-1.6431912977669678,6.404568626087828,-0.2565654915576564,False,False
KRAS,raw,50,939,K147T,669,1.7267448253593756,1.697329461488927,-0.02941536387044863,0.20454372259672882,-0.14380966326912376,False,1.0173303795979862,False,-0.835740212913274,4.248335099056468,-0.19672182006049554,False,False
KRAS,raw,50,939,K169K,872,1.6884513571394706,1.7489526997143905,0.0605013425749199,0.2599746084396102,0.2327201988611662,False,0.9654071018702793,True,-0.09791797123594748,5.209025698057823,-0.018797751616479074,False,False
KRAS,raw,50,939,K176Q,601,1.6942062248587568,1.6785667478793052,-0.015639476979451672,0.163164185101627,-0.09585116347506413,False,1.0093171612026812,False,-0.4689994109649822,5.132201133028419,-0.09138367706338005,False,False
KRAS,raw,50,939,K178K,919,1.6794668503007593,1.7154492090878932,0.03598235878713396,0.13448172818185045,0.26756317957542514,False,0.9790245268723137,True,0.2912209711823941,4.84720660163567,0.06008016474563365,False,False
KRAS,raw,50,939,K5E,312,1.7582447471617861,1.6862515251784842,-0.07199322198330194,0.23220772636549314,-0.3100380125594321,False,1.0426942368373435,False,1.1309537889471617,3.888726573572022,0.2908288272652491,False,False
KRAS,raw,50,939,K88K,726,1.6885568925399461,1.7172383859074003,0.02868149336745418,0.18625485216597126,0.1539905835145501,False,0.983297896434863,True,0.023173329514258434,5.355914161865506,0.004326680528088782,False,False
KRAS,raw,50,939,L159S,875,1.7351503231793863,1.7362023279139045,0.0010520047345181638,0.18050439068952784,0.005828139307301609,False,0.9993940771086385,True,-0.9975757877364777,7.496328121841839,-0.1330752565152357,False,False
KRAS,raw,50,939,L19F,477,1.6920347938144467,1.7193430107031809,0.027308216888734194,0.1768118573790074,0.1544478820229647,False,0.9841170629020874,True,-0.24813310893944518,7.471362075249804,-0.03321122794482543,False,False
KRAS,raw,50,939,L52F,462,1.7385250626188764,1.744041449818841,0.005516387199964612,0.2122921283750665,0.025984888098246162,False,0.9968370091200885,True,-1.4120689971217342,5.4668109160151355,-0.2582984886097028,False,False
KRAS,raw,50,939,L79I,670,1.7193672208974355,1.7085516380758499,-0.010815582821585679,0.10840075645121572,-0.09977405302012891,False,1.0063302639385052,False,-0.4261627634382963,5.225591296818171,-0.08155302227669127,False,False
KRAS,raw,50,939,M111L,655,1.7559830588270415,1.6867229133386132,-0.06926014548842829,0.15292436947158672,-0.4529045679753272,False,1.0410619580375169,False,0.5109687754682009,7.105452920224897,0.07191220337464822,False,False
KRAS,raw,50,939,N26Y,449,1.6995287196663185,1.6934748151667414,-0.006053904499577101,0.23838449783874305,-0.02539554607981392,False,1.0035748417663837,False,0.5117770518065194,7.250178986825918,0.07058819551027004,False,False
KRAS,raw,50,939,P110S,530,1.7308138014642935,1.7026388146092266,-0.02817498685506692,0.19824182538798207,-0.14212433122992701,False,1.0165478354030908,False,1.0772516984597775,9.962880744548386,0.10812652746538612,False,False
KRAS,raw,50,939,P34L,428,1.7115680041248922,1.6753436171646605,-0.03622438696023167,0.17806334750642883,-0.20343539233375257,False,1.0216220640285947,False,-0.6044466020924855,3.4669963176183947,-0.17434301819729123,False,False
KRAS,raw,50,939,P34R,526,1.71619672535585,1.704086517346365,-0.012110208009485035,0.08149070940409109,-0.14860844994530217,False,1.0071065687605716,False,-0.11752077762066993,4.958824278328288,-0.023699322868582947,False,False
KRAS,raw,50,939,Q22H,631,1.7116233018073501,1.6970935557988156,-0.014529746008534516,0.32222884498798754,-0.045091388417061715,False,1.0085615468628042,False,0.6081349621538532,5.718231001137014,0.10635019152477952,False,False
KRAS,raw,50,939,Q22K,507,1.659372644473141,1.704885526330603,0.04551288185746216,0.23557821914054844,0.19319647641239998,False,0.9733044353098482,True,-1.4200871105628474,3.3036606347812265,-0.42985259914775953,False,False
KRAS,raw,50,939,Q25H,666,1.6611263862061847,1.7016202884506733,0.04049390224448857,0.22932144949679967,0.17658139844024354,False,0.9762027389310466,True,0.6606376129737939,7.505314065279917,0.08802264731731181,False,False
KRAS,raw,50,939,Q61A,413,1.754325742575631,1.718328827986241,-0.03599691458938992,0.13055384355821387,-0.2757246635434285,False,1.0209487928056098,False,-0.08529736101390295,7.663871762671005,-0.01112980013958052,False,False
KRAS,raw,50,939,Q61H,552,1.7447334677646076,1.7622364760483755,0.01750300828376794,0.29213323402295166,0.05991447136203888,False,0.9900677301136017,True,-1.1935791967593552,5.198533652745437,-0.22959920556232336,False,False
KRAS,raw,50,939,Q61K,366,1.768498902912988,1.7176218454089032,-0.05087705750408489,0.16190122808689433,-0.3142475082201264,False,1.0296206395139162,False,0.5641346442917445,6.569125807249366,0.08587666926232303,False,False
KRAS,raw,50,939,Q61L,471,1.7385617632729016,1.7361722464722398,-0.002389516800661795,0.2206642101180727,-0.010828746534760738,False,1.0013763132117317,False,0.8745961914936506,6.3830417456666915,0.1370187171480423,False,False
KRAS,raw,50,939,Q61P,635,1.738818797416073,1.7771440940780003,0.03832529666192741,0.23825469992892834,0.16085851264785078,False,0.9784343336088281,True,-0.37032336235832997,7.532560615322019,-0.04916301126141001,False,False
KRAS,raw,50,939,Q61R,591,1.7209042349015107,1.6855190233679913,-0.03538521153351937,0.16005255072577884,-0.22108495849057438,False,1.0209936589518953,False,-0.0269555247878408,6.427950915142944,-0.004193486407050663,False,False
KRAS,raw,50,939,Q99E,771,1.715122476121124,1.6906933557836297,-0.024429120337494226,0.2339614595439361,-0.10441514762779393,False,1.0144491727337341,False,-0.4944789462111774,9.275922510627122,-0.05330779182821643,False,False
KRAS,raw,50,939,R135T,792,1.6739606471692419,1.687580683225196,0.013620036055954188,0.14964850562320287,0.0910135119574653,False,0.9919292534032065,True,0.7814577736750374,4.748392951355105,0.1645731054023285,False,False
KRAS,raw,50,939,R149K,650,1.7056073382100934,1.6880375099262217,-0.017569828283871658,0.19568404357375346,-0.08978671925925108,False,1.0104084347537037,False,-1.2463437211313666,4.282486088575266,-0.291032754188353,False,False
KRAS,raw,50,939,R164Q,550,1.7488438966221942,1.6856822809838299,-0.06316161563836431,0.17192046492890545,-0.36738858090270776,False,1.037469466429641,False,0.857084400871079,5.227862815308631,0.16394546512607375,False,False
KRAS,raw,50,939,R41K,782,1.6810194533353346,1.7011206122733746,0.020101158938039987,0.20686290842972577,0.09717140250335711,False,0.9881835780526009,True,-0.21233498826351216,8.527555516723833,-0.024899865834598314,False,False
KRAS,raw,50,939,R68S,827,1.6906756697783436,1.6793335929928048,-0.01134207678553878,0.16182428038639807,-0.07008884426030869,False,1.0067539152630929,False,-0.2747245010320398,3.052841739037464,-0.08998976184027745,False,False
KRAS,raw,50,939,S136N,557,1.7273110653258499,1.7308020065693945,0.003490941243544654,0.16056976289300873,0.021740962810480994,False,0.9979830499211958,True,-0.11432083581198516,5.959488184451239,-0.0191829956321177,False,False
KRAS,raw,50,939,S17S,883,1.6899973933392154,1.6786874931563283,-0.011309900182887134,0.27139717490743354,-0.04167287366474852,False,1.006737347022001,False,-0.7503449676344145,5.401187523810927,-0.13892222114609937,False,False
KRAS,raw,50,939,T127T,972,1.6850199806538093,1.6465383794993365,-0.038481601154472855,0.22911126647961222,-0.16796031790910287,False,1.023371214199194,False,1.2377300666409239,5.643057197032961,0.2193367927037324,False,False
KRAS,raw,50,939,T144P,828,1.6836697516548043,1.7278869030828083,0.04421715142800409,0.19151685692463505,0.2308786398129134,False,0.9744096958260902,True,0.027390041805130494,4.582451933517705,0.005977158561072918,False,False
KRAS,raw,50,939,T144T,653,1.741747995789595,1.7055985016217114,-0.03614949416788349,0.18627928919156456,-0.1940607263682885,False,1.021194609477853,False,-0.29837425252514826,4.518064233755208,-0.06604028563736317,False,False
KRAS,raw,50,939,T158A,936,1.7048084328431692,1.6768170264363107,-0.027991406406858488,0.10428903255848199,-0.2684022060628647,False,1.0166931787819138,False,-1.0572859183787546,5.765490460661177,-0.18338178262418056,False,False
KRAS,raw,50,939,T158T,794,1.6607235976143606,1.7182589015128826,0.05753530389852202,0.16884261276743562,0.3407629327424075,False,0.9665153465244012,True,-0.20910143713138396,2.7759473599750946,-0.07532615356699703,False,False
KRAS,raw,50,939,T20M,702,1.7331098114408583,1.6731606095672227,-0.059949201873635616,0.21002540667689473,-0.285437856410687,False,1.0358299146721737,False,0.42588803505614337,6.4752305677401285,0.06577187184313335,False,False
KRAS,raw,50,939,T20R,362,1.7217377921451558,1.725485040931087,0.0037472487859311343,0.16826271961278016,0.02227022595709024,False,0.9978282925107776,True,0.16189393257826623,4.7086666980993055,0.03438211769026169,False,False
KRAS,raw,50,939,T20T,719,1.6993476073798064,1.6659940449000459,-0.03335356247976051,0.12516759901950403,-0.26647121732009293,False,1.0200202171081358,False,-0.7312110162792758,4.739511221623509,-0.1542798364825479,False,False
KRAS,raw,50,939,T50I,497,1.7405083132674442,1.7083536765945837,-0.03215463667286045,0.16622805154312825,-0.19343688609932275,False,1.0188220022079721,False,-0.6500781124198554,5.74417818634481,-0.11317164811586726,False,False
KRAS,raw,50,939,T50P,589,1.6744528960397602,1.6857936520332153,0.011340755993455076,0.2295316250349333,0.04940825035212069,False,0.9932727496157213,True,1.0571485465528783,7.322674828403815,0.14436644686888464,False,False
KRAS,raw,50,939,T50T,771,1.7440048717216499,1.711243068141112,-0.03276180358053793,0.1644027301639468,-0.19927773430445458,False,1.0191450321643238,False,-0.08876096691096702,9.861482027239761,-0.00900077358208311,False,False
KRAS,raw,50,939,T58I,539,1.7037875321995948,1.685608096694157,-0.01817943550543788,0.21361476000472068,-0.08510383601318622,False,1.0107850902834958,False,-0.06793864949151907,8.443150930833689,-0.008046598959093902,False,False
KRAS,raw,50,939,T74A,558,1.702787989496592,1.6941214447595065,-0.008666544737085502,0.15973304261517818,-0.05425643057438379,False,1.005115657300658,False,-0.9417792632188711,7.093530929769121,-0.132765934559691,False,False
KRAS,raw,50,939,T74T,534,1.6776234492058677,1.685262353603047,0.007638904397179402,0.05544466273272031,0.1377752883808481,False,0.995467231329978,True,0.08911834991192169,7.583795984726412,0.01175115339223312,False,False
KRAS,raw,50,939,V112I,720,1.699336722573328,1.7190481114911016,0.019711388917773576,0.21026454523548965,0.0937456616649157,False,0.9885335443574782,True,-0.3648942175484029,4.266291742204055,-0.08552959797350636,False,False
KRAS,raw,50,939,V14I,456,1.7233858582728878,1.7016478295539805,-0.021738028718907287,0.24376603244919082,-0.0891757908208078,False,1.0127746930600823,False,-0.78722107301361,5.922888344054945,-0.1329116855298779,False,False
KRAS,raw,50,939,V14L,601,1.6852364936033304,1.6880772205028407,0.002840726899510315,0.20711478514479853,0.01371571275089946,False,0.9983171819007994,True,0.31019258840088604,4.3323448846388475,0.07159923705537222,False,False
KRAS,raw,50,939,V8V,868,1.769763191441939,1.75827252264871,-0.01149066879322902,0.20456776324992343,-0.05617047676857424,False,1.0065352035280168,False,-0.8180263002722326,3.272564071692243,-0.24996494563641383,False,False
KRAS,raw,50,939,Y166H,680,1.7457581878980584,1.7231798294239589,-0.022578358474099502,0.11915077830654197,-0.18949400746683867,False,1.0131027290875656,False,0.24742107944537928,6.336381124732577,0.03904769529718298,False,False
KRAS,raw,100,939,A130V,762,0.8406301026961067,0.86087913480889,0.020249032112783283,0.09611225745116159,0.21068105827264136,False,0.9764786585084578,True,-0.3042050475779674,2.279122725561785,-0.13347462344441471,False,False
KRAS,raw,100,939,A146P,618,0.8413371671054932,0.8536173985991269,0.012280231493633664,0.06800254329078392,0.18058488549645096,False,0.9856138926950332,True,0.14947669394609742,2.3712029059546817,0.06303833955783546,False,False
KRAS,raw,100,939,A146T,588,0.8640450542774936,0.8565791821407842,-0.007465872136709351,0.0906284058926623,-0.08237894138347436,False,1.0087159159274108,False,0.014557898228012789,4.256868896752007,0.003419860602030867,False,False
KRAS,raw,100,939,A146V,664,0.8649487004382372,0.8681427393944219,0.0031940389561846416,0.15960901361183155,0.020011645231719374,False,0.9963208366421257,True,0.1040349800871132,4.705194613949725,0.02211066462132629,False,False
KRAS,raw,100,939,A155G,521,0.8470118212014413,0.8375593188119765,-0.009452502389464712,0.09064961334315746,-0.10427515397867076,False,1.011285770663829,False,0.426462696402778,3.5387768297823365,0.12051132832499328,False,False
KRAS,raw,100,939,A59E,584,0.8405868304428559,0.8484020432902355,0.007815212847379627,0.06102625122015737,0.12806313170352845,False,0.9907883144445633,True,-0.6612934753084265,2.0758723583591445,-0.31856172304887775,False,False
KRAS,raw,100,939,A59G,868,0.8528609448622149,0.8605384466360704,0.007677501773855511,0.09260700130964905,0.08290411810424926,False,0.9910782582650809,True,-0.03109624844599157,3.2443016660077806,-0.009584881939864896,False,False
KRAS,raw,100,939,A59T,557,0.8593476728151543,0.8683219214499225,0.008974248634768145,0.08248322501148964,0.10880089416385043,False,0.9896648369538075,True,-0.12240427309712221,3.371842359860443,-0.03630189671802699,False,False
KRAS,raw,100,939,A66A,1075,0.8353025757751276,0.8553435551980684,0.020040979422940808,0.13155155303869237,0.15234316098910888,False,0.97656967273425,True,0.07373221346702197,2.9471561389971854,0.025018088621565356,False,False
KRAS,raw,100,939,C118S,685,0.8474176024158986,0.857010799843458,0.009593197427559375,0.0724133874589511,0.1324782303962435,False,0.9888062117428256,True,0.5813501568430275,3.193784969529453,0.1820254533067951,False,False
KRAS,raw,100,939,D119G,619,0.8791316088968273,0.8356721215502851,-0.04345948734654215,0.056198455642405,-0.7733217372213596,False,1.0520054291938312,False,0.6896467907188026,2.5923340906478427,0.2660331448815901,False,False
KRAS,raw,100,939,D173D,672,0.8710967274128194,0.8549674139128882,-0.016129313499931186,0.059342300778921664,-0.2718012832030319,False,1.0188654131578103,False,0.5311846072207871,4.384613116722864,0.12114742922125901,False,False
KRAS,raw,100,939,D30D,956,0.8676978569611329,0.870312906406177,0.002615049445044093,0.06969919416716364,0.037519077175731295,False,0.9969952767265712,True,-0.05092989745207799,2.675793614276224,-0.019033567155684397,False,False
KRAS,raw,100,939,D33E,420,0.8941130332293135,0.8420690775409767,-0.05204395568833675,0.10198943431300067,-0.5102877179278822,False,1.0618048531604038,False,-0.4333845671485541,2.0145351638847084,-0.21512881726663008,False,False
KRAS,raw,100,939,D57N,553,0.8481186986827502,0.8306101249250055,-0.017508573757744728,0.05313644602699552,-0.32950216032230767,False,1.0210791720836843,False,-0.27933501711902764,2.834733223482427,-0.098540142968328,False,False
KRAS,raw,100,939,E31K,513,0.8875214099068245,0.8614665742892704,-0.026054835617554062,0.10478467719270967,-0.24865119896906845,False,1.0302447435514837,False,0.2248861408946623,3.630042293241483,0.061951383132191534,False,False
KRAS,raw,100,939,E63K,784,0.8508837743341111,0.8395006544672619,-0.011383119866849256,0.06038282405548456,-0.1885158576947235,False,1.013559393677987,False,-0.0806186769291104,3.1171596277677365,-0.02586286445229086,False,False
KRAS,raw,100,939,F141L,883,0.8573390585198659,0.8442190682405588,-0.013119990279307103,0.14976451637138666,-0.08760413078604079,False,1.0155409783702831,False,0.039116950913641535,3.7973496842454297,0.010301118981991897,False,False
KRAS,raw,100,939,G12A,558,0.863080120609311,0.8654852258073475,0.0024051051980364946,0.09869956549744785,0.024367941093911757,False,0.9972210904053354,True,-0.7661268125114189,3.420311211069153,-0.22399330506300208,False,False
KRAS,raw,100,939,G12C,464,0.8460492907035544,0.8558862671423988,0.009836976438844403,0.06530488252885758,0.15063156165233957,False,0.9885066780289772,True,-0.5071760391992588,2.1532877544226063,-0.2355356538658511,False,False
KRAS,raw,100,939,G12F,424,0.8474860819502972,0.8367617131085368,-0.010724368841760423,0.09242361999947368,-0.11603493611072034,False,1.0128165147541464,False,-0.2972021298488827,1.9893037798290756,-0.1494000729614151,False,False
KRAS,raw,100,939,G12I,676,0.8304747749754071,0.8287843250894618,-0.0016904498859453554,0.10782309687262226,-0.01567799418655525,False,1.0020396740560493,False,0.08668445062796337,3.773792727147354,0.022970114390328207,False,False
KRAS,raw,100,939,G12R,426,0.8428551644658206,0.85155370317635,0.008698538710529391,0.1224932915642083,0.07101236810156096,False,0.9897850967260394,True,0.3858896812414767,2.87899888069266,0.13403606504655372,False,False
KRAS,raw,100,939,G12Y,437,0.8601414099025391,0.8437650143192919,-0.016376395583247216,0.08198443778600861,-0.19975005044240232,False,1.0194087160587701,False,-0.25507431280787785,1.842886003172672,-0.13841025021013104,False,False
KRAS,raw,100,939,G13C,455,0.8852444846455008,0.8843974688962604,-0.0008470157492403985,0.10504196221868267,-0.008063594123242196,False,1.0009577319915868,False,0.4653614808547837,2.6526036281692273,0.17543574015842187,False,False
KRAS,raw,100,939,G13E,437,0.8441989602739746,0.8514944544394147,0.007295494165440175,0.05620792411869591,0.12979476256824693,False,0.9914321295606755,True,0.05027332717680544,3.3388861590925263,0.015056915624361747,False,False
KRAS,raw,100,939,G60D,678,0.8796750769347916,0.8825575462196049,0.0028824692848132827,0.07095912272824645,0.04062154623658937,False,0.9967339588255064,True,-0.3498090801148077,2.1772521996108525,-0.1606653929100773,False,False
KRAS,raw,100,939,G60S,646,0.8676865010689276,0.8669525810659771,-0.0007339200029505832,0.18235942589750187,-0.004024579477252222,False,1.0008465514942562,False,0.08294028814015864,3.762921096506002,0.022041463536711273,False,False
KRAS,raw,100,939,G60V,686,0.8450868466877282,0.843329030118209,-0.0017578165695191217,0.12013671862727338,-0.014631801081339532,False,1.0020843781095414,False,-0.2709572489045238,1.9622212683247242,-0.1380870003187039,False,False
KRAS,raw,100,939,G75A,803,0.8891976336380765,0.8807476538884771,-0.008449979749599379,0.06483839403942426,-0.13032370518710662,False,1.0095940985051655,False,-0.1804144018907028,3.9258829866286122,-0.04595511443035527,False,False
KRAS,raw,100,939,G77A,759,0.8567532749225073,0.8456145545062519,-0.01113872041625541,0.06077878172887208,-0.18326659566728568,False,1.013172337629358,False,0.09565329627138164,4.02233677152016,0.023780529007080487,False,False
KRAS,raw,100,939,I163S,848,0.8470071266187524,0.8488296724429745,0.0018225458242220327,0.07626187694119568,0.023898517808935763,False,0.997852872156346,True,-0.7021821106066986,2.7334554747659157,-0.25688441501569775,False,False
KRAS,raw,100,939,I36M,936,0.8779783955762284,0.8502238365056982,-0.02775455907053015,0.07910003138912058,-0.35087924218380917,False,1.0326438261065434,False,0.1058733670928036,3.527246054074188,0.03001587228951983,False,False
KRAS,raw,100,939,K117N,487,0.8519821478521585,0.8487287231654079,-0.0032534246867506056,0.06163453300607957,-0.052785744096247,False,1.0038332916018402,False,-0.5284492973044967,3.207594390939786,-0.1647494143265625,False,False
KRAS,raw,100,939,K117R,492,0.8416454467532901,0.8679555056053658,0.026310058852075713,0.038811944096095896,0.67788562167702,False,0.9696873184372217,True,-0.6251398828045089,1.3708251767952015,-0.45603180725495496,False,False
KRAS,raw,100,939,K147N,624,0.8499449807311841,0.8514063516186106,0.001461370887426483,0.08873036403114476,0.01646979479215858,False,0.9982835800030758,True,0.3636022209175058,4.8631653669716535,0.07476657556967366,False,False
KRAS,raw,100,939,K147T,669,0.8832903449383664,0.852500093235129,-0.03079025170323746,0.06650636190831583,-0.4629670127751719,False,1.0361175933557876,False,-0.3587879377108272,3.020883501846981,-0.11876920691958585,False,False
KRAS,raw,100,939,K169K,872,0.8632547833519837,0.884250987882087,0.020996204530103313,0.05763474017978931,0.36429772155832535,False,0.9762553790520581,True,0.41092716038575583,4.175320030095607,0.09841812302381678,False,False
KRAS,raw,100,939,K176Q,601,0.9049139436211462,0.8580558091731056,-0.046858134448040545,0.12325511564981095,-0.3801719239075852,False,1.0546096581913442,False,0.08457225243324684,2.5482270777318057,0.03318866406071047,False,False
KRAS,raw,100,939,K178K,919,0.8484048045418326,0.8527791857505314,0.004374381208698708,0.06665596832263088,0.06562624951340672,False,0.9948704409279774,True,0.33460110997118386,3.898634359465926,0.08582520932202037,False,False
KRAS,raw,100,939,K88K,726,0.8364878478736628,0.8490163418759309,0.012528494002268076,0.07171826178019125,0.17469043018173755,False,0.9852435184291201,True,0.13023013369284797,2.8295265337223503,0.04602541525614367,False,False
KRAS,raw,100,939,L159S,875,0.860421576286317,0.8484539252092098,-0.011967651077107178,0.0777309516451492,-0.15396249272414533,False,1.0141052456963484,False,1.285288882409116,4.239932455787471,0.30313899945616063,False,False
KRAS,raw,100,939,L19F,477,0.8504505322791722,0.8640622064803658,0.01361167420119358,0.08841042360775142,0.15396006088132996,False,0.9842468816491363,True,0.26027399730417766,4.208761063864601,0.06184100103444382,False,False
KRAS,raw,100,939,L52F,462,0.8642520458866727,0.8415109654195163,-0.022741080467156394,0.11421747246983804,-0.1991033418565775,False,1.0270241047373867,False,0.20052487061754487,2.693688574242752,0.07444248475305514,False,False
KRAS,raw,100,939,L79I,670,0.85988239263542,0.8385426483926253,-0.021339744242794723,0.2544031877352593,-0.08388159139342859,False,1.0254486093029378,False,0.05840628724233721,1.6055706169737107,0.036377277103155616,False,False
KRAS,raw,100,939,M111L,655,0.85625602035444,0.8540576020028183,-0.0021984183516217115,0.08670997869994213,-0.025353694979320517,False,1.0025740867436415,False,0.2400944284233142,2.502904544972824,0.09592632244228118,False,False
KRAS,raw,100,939,N26Y,449,0.8386743132119605,0.8471965717338179,0.008522258521857395,0.06078589532695189,0.14020125024100297,False,0.9899406362039257,True,-0.5646730934858559,2.5721771545999372,-0.219531182942056,False,False
KRAS,raw,100,939,P110S,530,0.8755707578775684,0.8480006435452587,-0.027570114332309714,0.09643682683740473,-0.2858878214522106,False,1.0325119026054586,False,-0.6688211155386745,2.2312834540486666,-0.29974726623150355,False,False
KRAS,raw,100,939,P34L,428,0.8730229953450817,0.8513305687735837,-0.021692426571497947,0.12010975080830377,-0.18060504185142515,False,1.0254806151302047,False,-0.23279369467635025,3.0379040125582097,-0.0766297070987162,False,False
KRAS,raw,100,939,P34R,526,0.8558951615847619,0.8278758920266789,-0.028019269558082982,0.0989125997897713,-0.2832730068528691,False,1.0338447704878693,False,0.3803936178085552,3.632435672411459,0.10472136387649335,False,False
KRAS,raw,100,939,Q22H,631,0.8468964787540081,0.8566158681119482,0.009719389357940145,0.15068174935549783,0.0645027642664909,False,0.988653736499929,True,-0.6243120245235474,2.2715144588319225,-0.2748439580017406,False,False
KRAS,raw,100,939,Q22K,507,0.8400708743364618,0.839177025252134,-0.0008938490843277691,0.08668115055067505,-0.010311919934717665,False,1.001065149613765,False,-0.010203556178357776,2.514090431569663,-0.004058547795350076,False,False
KRAS,raw,100,939,Q25H,666,0.862184025035809,0.8423620463873718,-0.019821978648437266,0.07367338118319444,-0.269052109867856,False,1.023531424205836,False,-0.2073214644509549,2.68808458830222,-0.07712609393065939,False,False
KRAS,raw,100,939,Q61A,413,0.8687009563151378,0.8678439255347214,-0.0008570307804163235,0.1111058024246876,-0.0077136455676764205,False,1.0009875402191566,False,0.7024129572969984,2.5177851185140234,0.2789805023994887,False,False
KRAS,raw,100,939,Q61H,552,0.8544213646432048,0.8558956270854416,0.0014742624422368067,0.07135410303001322,0.020661214697306154,False,0.9982775207682074,True,-0.27935206310254124,2.8611790650647455,-0.09763529536248015,False,False
KRAS,raw,100,939,Q61L,471,0.8805886771111275,0.845263270077897,-0.035325407033230505,0.10087103980337164,-0.3502036570862209,False,1.0417921945549284,False,-0.2504275489081609,2.3871616432530756,-0.10490598724889605,False,False
KRAS,raw,100,939,Q61P,635,0.8425922659374443,0.8631421231405696,0.0205498572031253,0.08729993913045231,0.23539371742765644,False,0.9761918035834539,True,0.21093712510677953,3.6265771930459234,0.05816424520378558,False,False
KRAS,raw,100,939,Q61R,591,0.8416033375455285,0.8587388991113762,0.017135561565847723,0.09712790241364322,0.17642264622241807,False,0.9800456674507472,True,-0.19894607664674746,1.6571177887105097,-0.12005548308159665,False,False
KRAS,raw,100,939,Q99E,771,0.8602644381721376,0.8482525238675933,-0.012011914304544291,0.09296043858455005,-0.12921533597993007,False,1.0141607763803355,False,-0.3072781053060871,2.9958220493243433,-0.10256887767262027,False,False
KRAS,raw,100,939,R135T,792,0.8625337117756757,0.8339552292785619,-0.02857848249711381,0.09827023305164584,-0.29081525106483075,False,1.034268605188598,False,0.44055319982309094,2.6514683676236506,0.1661544241683456,False,False
KRAS,raw,100,939,R149K,650,0.882981389208993,0.8437586713782572,-0.03922271783073583,0.08014300753326875,-0.4894091080179865,False,1.0464857063532949,False,-0.4050086381723679,3.4640736447728573,-0.11691686716404226,False,False
KRAS,raw,100,939,R164Q,550,0.8577556165389773,0.8661318091296693,0.008376192590692,0.05790942279771638,0.14464299911865655,False,0.990329194122187,True,0.7520619351000795,3.531189804836263,0.21297692184941944,False,False
KRAS,raw,100,939,R41K,782,0.8466559952993613,0.8538835769794737,0.007227581680112394,0.08745119237832433,0.0826470341175568,False,0.9915356356827013,True,0.18070986839014802,0.9520628096051436,0.18980876741219965,False,False
KRAS,raw,100,939,R68S,827,0.8453010835743022,0.8171540187575914,-0.02814706481671081,0.06244723053146595,-0.4507335966248823,False,1.0344452381932918,False,-0.8275627792156768,2.29724453395739,-0.3602414836482648,False,False
KRAS,raw,100,939,S136N,557,0.8663913664430787,0.8292015650343991,-0.03718980140867956,0.15631081005184289,-0.2379221334490237,False,1.0448501341252736,False,-0.7815013366235921,3.052776736715468,-0.25599688546644983,False,False
KRAS,raw,100,939,S17S,883,0.8513499848536021,0.8539852885906996,0.0026353037370974164,0.058741098258912494,0.04486303142446907,False,0.9969141110832876,True,-0.6694450276545418,1.245142176802677,-0.5376454513600752,False,False
KRAS,raw,100,939,T127T,972,0.8543351559105652,0.8286980408472466,-0.02563711506331856,0.05384916425157105,-0.47609123409135545,False,1.0309366184057918,False,0.10736989817171771,2.3634582913009914,0.04542914870421292,False,False
KRAS,raw,100,939,T144P,828,0.8174316406518933,0.8430811492533614,0.025649508601468085,0.10838894267548704,0.2366432217930373,False,0.96957646529734,True,0.03294770288893689,3.4472693308344677,0.009557623651344167,False,False
KRAS,raw,100,939,T144T,653,0.864130034951117,0.8696851913036596,0.005555156352542667,0.09185135920731469,0.060479849187689276,False,0.9936124514846395,True,0.01547511186463657,1.9086171385259547,0.008108023108599016,False,False
KRAS,raw,100,939,T158A,936,0.8514638253876257,0.8305459292120574,-0.020917896175568274,0.09982074744260461,-0.20955459372407267,False,1.025185718742145,False,0.5640833900633972,4.168135486914163,0.13533230669548382,False,False
KRAS,raw,100,939,T158T,794,0.8694904087002371,0.8465344548588689,-0.02295595384136817,0.06895304035737737,-0.33292156114349036,False,1.0271175658706004,False,-0.19447787992519094,2.232851210649925,-0.0870984501777812,False,False
KRAS,raw,100,939,T20M,702,0.852927950381531,0.8231166822619684,-0.029811268119562584,0.07976491212905767,-0.37373912067161413,False,1.0362175482067009,False,-0.5802730852523887,3.3214991552395716,-0.17470216252713003,False,False
KRAS,raw,100,939,T20T,719,0.8699677785877817,0.8378028031193878,-0.03216497546839392,0.15778205544652413,-0.2038569936065724,False,1.038392059979549,False,-0.42120222472215163,1.9545658634552465,-0.21549656248347543,False,False
KRAS,raw,100,939,T50I,497,0.8317979795207897,0.8286965552947976,-0.003101424225992133,0.08201197028082308,-0.0378167262092634,False,1.0037425330251177,False,-0.5432149459193076,3.044790314613774,-0.17840799851211214,False,False
KRAS,raw,100,939,T50P,589,0.8800451261206561,0.8304087180503927,-0.04963640807026337,0.11260065571833422,-0.44081810850575104,False,1.0597734669582928,False,-0.13206879701657437,2.615582397814178,-0.050493074554616685,False,False
KRAS,raw,100,939,T50T,771,0.8419055394672874,0.8448086818512621,0.0029031423839747106,0.07511287152418411,0.03865039806180203,False,0.996563550486232,True,-0.04002007156742948,3.0935629678501506,-0.012936562786449808,False,False
KRAS,raw,100,939,T58I,539,0.853562329856782,0.8271706701732207,-0.026391659683561386,0.08593262357461451,-0.30712037624041294,False,1.031905942310593,False,-0.45031903676555096,1.28665598174147,-0.349991795130856,False,False
KRAS,raw,100,939,T74A,558,0.8653496669291592,0.8584171087347059,-0.006932558194453264,0.14283286163108166,-0.04853615698297176,False,1.0080759785935205,False,-0.285926653741273,2.3648634852015094,-0.12090619840447546,False,False
KRAS,raw,100,939,T74T,534,0.8368296576184555,0.8410941183527321,0.004264460734276554,0.14473622276222342,0.02946367296929066,False,0.9949298649922456,True,-0.6446205748380129,2.822868915983424,-0.22835653869299194,False,False
KRAS,raw,100,939,V112I,720,0.8685881740317036,0.8507957262399302,-0.01779244779177347,0.1265107455180624,-0.1406398145779101,False,1.020912714113418,False,-0.6415556525844295,1.0335615614711424,-0.6207232123370158,False,False
KRAS,raw,100,939,V14I,456,0.8528084103445224,0.8542652381944578,0.0014568278499353937,0.11954210306417101,0.012186734318647202,False,0.9982946422436496,True,-0.21550947006890908,3.39752337189329,-0.06343134291635943,False,False
KRAS,raw,100,939,V14L,601,0.8735695841062032,0.8620303040624968,-0.011539280043706412,0.05325380174313277,-0.21668462468399144,False,1.013386165183898,False,-0.19991067242324778,2.5895719909023844,-0.07719834518042698,False,False
KRAS,raw,100,939,V8V,868,0.8737718324915278,0.8713555941269782,-0.0024162383645496277,0.08577341268092886,-0.028170015498134214,False,1.0027729647698773,False,0.9177464497537722,2.083114123576822,0.44056465239549664,False,False
KRAS,raw,100,939,Y166H,680,0.8736393880029887,0.8389596655167502,-0.03467972248623852,0.10259611444064176,-0.3380217922999696,False,1.041336578993792,False,0.868983040167775,4.491683988015782,0.19346486584681827,False,False
GATA1,pca,25,50,C110R,382,2.436978764929485,2.3615919518030335,-0.07538681312645146,1.1546701556891248,-0.06528861316369561,False,1.0319220316909088,False,13.491573106665442,173.33814965737358,0.077833835963597,False,False
GATA1,pca,25,50,C199R,1048,2.5799035762879114,2.845747553260191,0.26584397697227935,3.599653556608357,0.07385265631583757,False,0.9065820238806078,True,6.665728525967252,86.9721320768495,0.0766421193409096,False,False
GATA1,pca,25,50,C204R,964,2.839931921425915,3.051917990877932,0.21198606945201703,1.6541490124415277,0.12815415531344732,False,0.9305400505237574,True,24.679775764984292,183.66052882265527,0.13437713548573832,False,False
GATA1,pca,25,50,"C204R,V205A",229,2.3362612548662725,2.9734294079601415,0.6371681530938691,1.6105314169624665,0.3956260314968561,False,0.7857127021788001,True,2.0042864481050113,78.04602904238082,0.02568082543977525,False,False
GATA1,pca,25,50,C207R,272,2.731154519056073,3.21893652035056,0.48778200129448734,2.9099612106260224,0.16762491524399062,False,0.8484648584367345,True,51.94925478642047,152.9206577512233,0.3397137806648291,False,False
GATA1,pca,25,50,C225R,310,2.5537642208439912,2.77614305738736,0.22237883654336876,1.5715924994821862,0.1414990441966597,False,0.9198964779744995,True,-8.3636113241686,48.89332332005846,-0.17105835227071656,False,False
GATA1,pca,25,50,C228R,645,2.9647113541089816,2.3536752024453627,-0.6110361516636189,2.267662518918087,-0.26945638804981764,False,1.2596093764461553,False,-2.96433271300364,34.82994072603995,-0.08510874986322937,False,False
GATA1,pca,25,50,C258R,265,2.6888478205586726,2.4257385588672786,-0.2631092616913939,3.6925895423873123,-0.07125331929562093,False,1.108465630283857,False,2.1177142807008327,129.5149246103016,0.016351121595235753,False,False
GATA1,pca,25,50,C261R,463,2.796458503521354,2.8584494317797287,0.06199092825837482,1.5559421613526436,0.039841409146265175,False,0.978313092556695,True,-8.159258184446063,75.21406613813046,-0.10848048248663493,False,False
GATA1,pca,25,50,C346R,190,2.485458908787127,2.7669962150558582,0.2815373062687314,1.4128004197680912,0.19927606357516886,False,0.8982516474952793,True,-5.562029111228034,88.90756849374597,-0.0625596808624823,False,False
GATA1,pca,25,50,D115G,238,2.824722076096318,2.9107211993179742,0.08599912322165615,2.873042684798741,0.029933117136294984,False,0.9704543591320918,True,-18.774828107763998,75.80005420202339,-0.24768884805444938,False,False
GATA1,pca,25,50,D123G,329,2.7553543621084593,3.3660125373108176,0.6106581752023583,1.5461690484352575,0.39494916537124586,False,0.8185811346709283,True,-4.6422501291030365,80.02187683573061,-0.058012262554559615,False,False
GATA1,pca,25,50,D125G,269,2.2492251992863643,2.630292519831178,0.3810673205448136,2.582917415171927,0.14753368354189078,False,0.8551235964548642,True,11.763137719264677,112.46954854162873,0.10458953442771887,False,False
GATA1,pca,25,50,D144G,560,2.954528938724117,3.2960131032401474,0.3414841645160305,5.340038176526549,0.0639478882411568,False,0.8963947794441914,True,12.312678635184472,81.50401618591047,0.15106836707407498,False,False
GATA1,pca,25,50,D276G,215,2.3720859909726038,2.384493032746615,0.012407041774011418,4.198330972203809,0.0029552319376808566,False,0.9947967800267715,True,-19.820876208950743,36.67770869176511,-0.5404066097891478,False,False
GATA1,pca,25,50,D65G,329,2.713918873170684,2.4573250094068744,-0.25659386376380944,4.492319130387448,-0.057118351638940454,False,1.1044199944173212,False,9.968960534627765,73.90025705559903,0.13489750823366684,False,False
GATA1,pca,25,50,E114G,167,2.8209214777730445,2.614623268623042,-0.20629820915000252,3.2452698400110345,-0.06356889236344707,False,1.0789016955619182,False,-17.85465617417219,37.87686396900221,-0.47138686531134527,False,False
GATA1,pca,25,50,"E122G,D123G",359,2.7108459232169544,3.613506321667579,0.9026603984506245,2.8549875465085557,0.31616964478689696,False,0.7501981958525922,True,-1.2106953344857505,47.41664754460717,-0.025533128071671237,False,False
GATA1,pca,25,50,E134G,149,3.393517502191667,3.970866195730448,0.5773486935387808,2.125657424438246,0.2716094733333423,False,0.8546038408044176,True,2.1464339048668606,106.5233800559612,0.020149885440541304,False,False
GATA1,pca,25,50,"E134G,T135A",267,2.3245391972970246,2.248064224521391,-0.07647497277563353,2.184090096151464,-0.03501456872607424,False,1.0340181441177085,False,6.628620537708837,82.96399484981231,0.07989755736459493,False,False
GATA1,pca,25,50,E13G,157,2.3721353423836966,3.453333400912589,1.0811980585288925,1.626025134388254,0.664933177023529,False,0.6869117652401672,True,12.14551074428922,158.47078466499843,0.07664195498220315,False,False
GATA1,pca,25,50,E200G,932,2.969336344286372,3.338712292219201,0.3693759479328289,2.1017514673199846,0.17574673013257502,False,0.8893657447532536,True,-4.995518468890232,119.98980574521488,-0.04163285737371444,False,False
GATA1,pca,25,50,E203G,634,2.451996623011997,3.557937082272911,1.105940459260914,2.5313207424855384,0.436902538939011,False,0.6891624461907551,True,1.073900475421107,53.44694749193563,0.020092830850314568,False,False
GATA1,pca,25,50,E2G,853,2.1566207642673554,2.971955323543094,0.8153345592757386,1.6227763038702456,0.5024318862256023,False,0.725657195174887,True,-9.64273628951328,65.98872113064618,-0.14612703692836146,False,False
GATA1,pca,25,50,E328G,804,2.504897916831734,2.3645079587707283,-0.14038995806100552,3.5258008715029137,-0.03981789192795867,False,1.059373857271342,False,-1.3734933766910462,68.17162403712081,-0.020147581872820747,False,False
GATA1,pca,25,50,E348G,347,2.22561618041742,2.4675289750628124,0.24191279464539228,2.0997050776995243,0.1152127492640235,False,0.9019615181462117,True,6.997905443299011,108.60792681900577,0.06443273201375958,False,False
GATA1,pca,25,50,E39G,692,2.7705146114207047,2.7781233240539027,0.007608712633198067,3.9476107189847234,0.0019274222244373006,False,0.9972612041491034,True,-3.4582102105864525,66.25092783695922,-0.05219866835822985,False,False
GATA1,pca,25,50,E85G,473,4.020465596048336,3.5907165352076937,-0.429749060840642,4.222165546832174,-0.10178403856359355,False,1.1196833714460237,False,3.266944918879224,128.66276257595473,0.02539153406527096,False,False
GATA1,pca,25,50,F168P,125,2.2780320916847856,3.0653369492071256,0.78730485752234,3.4026886054122025,0.23137728685195563,False,0.7431587879022622,True,-1.0515716271053748,100.38267300189962,-0.010475628867598246,False,False
GATA1,pca,25,50,F172L,174,1.8121010035743659,2.4637390548018168,0.6516380512274509,1.7581386982386182,0.3706408668896777,False,0.7355084947176483,True,16.167978049370674,134.8071759349218,0.1199341054156922,False,False
GATA1,pca,25,50,F172P,201,2.372355509397785,2.3170734691987676,-0.0552820401990175,1.3236043453267368,-0.041766287935063345,False,1.0238585616441993,False,-4.906928481154332,90.99199810156765,-0.05392703296477884,False,False
GATA1,pca,25,50,F18P,358,2.5971552123399526,2.548243900867435,-0.04891131147251748,1.8317806201924913,-0.02670151159661121,False,1.019194124807232,False,-7.122604556402598,54.91177285163963,-0.12970997268011028,False,False
GATA1,pca,25,50,F382S,296,2.9197567423808657,3.0200655610364056,0.10030881865553987,4.328813304587587,0.02317235962780715,False,0.9667858804293253,True,11.684063500397144,128.9430053342582,0.09061417073464834,False,False
GATA1,pca,25,50,F394P,782,2.189765883857234,2.7317304217444693,0.5419645378872353,1.1800656597454842,0.45926642590728883,False,0.8016039454064653,True,0.05702821777453959,110.35893939339115,0.0005167521370539261,False,False
GATA1,pca,25,50,F3L,176,2.955662035586858,2.9965345867502187,0.040872551163360527,2.560688769370005,0.01596154583573865,False,0.9863600602695904,True,8.4084676552001,94.1909275470115,0.08927046239143746,False,False
GATA1,pca,25,50,F3P,448,3.0343294207006224,2.5877893767352127,-0.4465400439654097,2.8758300338986675,-0.15527344756186795,False,1.1725565642937952,False,-1.0300497666044848,87.08649848246324,-0.011827892779635729,False,False
GATA1,pca,25,50,F75P,555,2.592044311028708,3.165186189782247,0.573141878753539,2.754088898165738,0.20810580193517336,False,0.8189231709010556,True,4.247731712305162,83.34564506184944,0.050965250903667374,False,False
GATA1,pca,25,50,H222R,131,2.370533695618658,2.780631084961799,0.4100973893431412,1.7506728543818753,0.23425129847457293,False,0.8525164335675348,True,-5.705573526736398,76.78355407012381,-0.07430723409241634,False,False
GATA1,pca,25,50,"H222R,Y223C",529,2.444055529338325,2.3972400608525586,-0.04681546848576623,2.3671289881098083,-0.019777320425258767,False,1.0195289029456303,False,4.919936858303328,103.3602324561876,0.04759990125204869,False,False
GATA1,pca,25,50,"H232R,K233E",215,2.484524271873447,3.175252899894634,0.6907286280211871,1.42353244187997,0.48522155709285075,False,0.7824650036398336,True,-16.005925463048627,61.63704536807198,-0.2596802842749452,False,False
GATA1,pca,25,50,H289R,345,2.5215399743401363,2.9881857813926036,0.4666458070524673,2.8102153745513383,0.16605339621948695,False,0.8438364140682735,True,-10.205104280311335,51.43017891221239,-0.19842638108902388,False,False
GATA1,pca,25,50,H362R,785,2.36397915552503,2.404835515736158,0.04085636021112826,1.8439818358021571,0.022156595806896974,False,0.9830107464964724,True,4.535057550687468,92.94926358256984,0.04879067757926699,False,False
GATA1,pca,25,50,H378R,493,2.8451578086913702,3.735711551924478,0.8905537432331077,3.932734447719795,0.2264464471404755,False,0.761610678218897,True,-0.6070526023510272,46.49868282489719,-0.01305526448215836,False,False
GATA1,pca,25,50,I242T,225,2.809979636995422,3.316365373806452,0.5063857368110298,3.0673012688213888,0.1650916204281455,False,0.8473070124267366,True,6.144768137822231,70.81864964132802,0.08676765469185528,False,False
GATA1,pca,25,50,I242V,488,2.4418997761275527,2.445343429380781,0.0034436532532282627,2.3022866624538967,0.0014957534651909238,False,0.9985917506670626,True,-3.384017791219012,61.08308605956815,-0.05540024267796362,False,False
GATA1,pca,25,50,I249T,175,2.2957080756624233,2.3839113765302535,0.08820330086783024,2.284005856232236,0.03861780854333405,False,0.9630005956864853,True,-12.310073377316918,74.34622242088759,-0.16557765783481693,False,False
GATA1,pca,25,50,"I249T,V250A",307,2.4340561224205075,2.269833474530902,-0.1642226478896056,2.1204550712265102,-0.07744688869763046,False,1.0723500863531608,False,2.8828000671095397,57.59304465410178,0.0500546565027662,False,False
GATA1,pca,25,50,I249V,330,2.8378247989836574,3.8633761807792375,1.0255513817955801,2.824290149393718,0.3631182801865213,False,0.7345452956670847,True,32.88444447305125,160.65730549192247,0.2046868915942613,False,False
GATA1,pca,25,50,I302T,307,2.793868004652868,2.8038219718337203,0.009953967180852175,3.7548155272457198,0.002650987008182992,False,0.9964498576297474,True,24.175021197170317,80.03396156861596,0.3020595347694267,False,False
GATA1,pca,25,50,I302V,159,2.272791470583318,3.059928148591977,0.7871366780086593,1.4481217236759445,0.5435569849822941,False,0.7427597512801536,True,-8.993257042233168,31.61457250962081,-0.284465559023339,False,False
GATA1,pca,25,50,I87T,341,2.9386088563807498,2.814902506540829,-0.1237063498399209,3.6770798361209365,-0.03364255206664822,False,1.0439469393886542,False,3.7938436634554,106.931762544076,0.03547910904294337,False,False
GATA1,pca,25,50,"K100G,T101A",117,2.530051616950743,2.7694705439634593,0.23941892701271605,1.6744710399271958,0.14298182608349305,False,0.9135506504900112,True,-10.985731904678143,42.53068986902684,-0.25830128640068334,False,False
GATA1,pca,25,50,K137E,425,2.3040831014664462,3.0943004894049206,0.7902173879384744,2.9867598419436483,0.26457346079229344,False,0.7446216388342928,True,-7.667473594763566,60.34122349426318,-0.12706858016381678,False,False
GATA1,pca,25,50,K137G,342,2.5359806177044106,2.402541478239616,-0.13343913946479447,2.1111763199430715,-0.0632060610969683,False,1.0555408265261532,False,2.559137284730097,101.87021241385426,0.02512154656489218,False,False
GATA1,pca,25,50,"K233R,M234V",289,2.6033989022668305,3.0224834619510528,0.4190845596842223,2.032051709668566,0.206237153164068,False,0.8613443001558402,True,-9.194635766249473,52.72448007938696,-0.1743902595607422,False,False
GATA1,pca,25,50,K245G,112,2.4154084326084604,2.866496960155942,0.45108852754748163,1.8660110032022337,0.24173947890627404,False,0.8426342208564764,True,-16.814548573024194,33.22907634826949,-0.506019138082358,False,False
GATA1,pca,25,50,K252G,205,2.2431026414822455,2.8105340161358843,0.5674313746536388,1.7295482719986042,0.3280806808577452,False,0.798105494757974,True,-9.173403946678453,65.61266503267609,-0.13981148215988423,False,False
GATA1,pca,25,50,K252R,198,3.2855742206788,2.7466220104152494,-0.5389522102635507,3.0950195342260987,-0.17413531782387093,False,1.1962236551734575,False,27.699425931577583,142.0096951505696,0.1950530624138621,False,False
GATA1,pca,25,50,K287G,143,2.715758084765767,3.037660180922206,0.32190209615643894,1.92235499284432,0.16745195208724276,False,0.894029589557739,True,5.90674692678867,93.6660062344457,0.0630617997313145,False,False
GATA1,pca,25,50,K299E,308,3.0697323635163887,3.018975573316176,-0.05075679020021262,2.7960582090674437,-0.018152980519365258,False,1.0168125872394718,False,-4.676822216450323,54.9911374441469,-0.08504683543235403,False,False
GATA1,pca,25,50,"K299R,D300G",229,3.326854613427825,2.778529471165827,-0.5483251422619979,1.357732069755825,-0.4038537164115221,False,1.1973436481247504,False,-14.511249292940704,66.81688426885395,-0.21717937691543907,False,False
GATA1,pca,25,50,K308G,501,1.7925317420969122,3.3490126733933785,1.5564809312964663,3.392835390198197,0.45875521570928385,False,0.5352418509305413,True,-0.8500886009857869,70.80486409484821,-0.01200607630355779,False,False
GATA1,pca,25,50,K312G,198,2.4796014404390263,2.6605831824108854,0.18098174197185912,2.0539865338627696,0.08811242867863457,False,0.9319766646770041,True,19.768553526567135,111.8079725353586,0.17680808513288665,False,False
GATA1,pca,25,50,K312R,173,2.8780660468300816,2.7213407431171532,-0.15672530371292837,1.5201591228010796,-0.10309795952422585,False,1.0575912090793187,False,15.278152582455336,144.64744784059224,0.10562338161190733,False,False
GATA1,pca,25,50,"K314R,K315G",114,2.393250906188399,2.736141038639156,0.3428901324507567,2.5735534153442994,0.13323606590263198,False,0.8746811192813013,True,-19.449126115719892,42.522938338654356,-0.4573796373342379,False,False
GATA1,pca,25,50,K316G,516,2.418393409296053,3.3661641467478045,0.9477707374517514,2.6233894982900816,0.3612771714110718,False,0.718441913069678,True,6.0592361172073845,81.30650852834854,0.07452338351356896,False,False
GATA1,pca,25,50,K316R,248,3.0233379115482357,2.730537571025284,-0.2928003405229518,4.545222350258017,-0.06441936564584799,False,1.1072317567170513,False,-10.28539347322871,69.85099705721935,-0.1472476257540504,False,False
GATA1,pca,25,50,L103P,438,2.7644762970277164,3.0866413196390585,0.32216502261134217,1.7329269551708246,0.18590802206062085,False,0.895626025427206,True,15.251915521893707,102.54746703510096,0.14873029985882666,False,False
GATA1,pca,25,50,"L103P,Y104H",249,2.5873469541651275,2.9155513914197364,0.3282044372546089,3.9591176695458232,0.08289837904521273,False,0.8874297197365508,True,18.507214161767756,124.02246536411275,0.1492246917317209,False,False
GATA1,pca,25,50,L124P,1138,2.200922678780925,2.8587925789133113,0.6578699001323862,2.3723542355353557,0.27730677412259574,False,0.7698784077638621,True,-2.8287546037748363,50.17288069515666,-0.05638015128056829,False,False
GATA1,pca,25,50,L133P,351,2.313686915558435,3.4166802173910717,1.1029933018326368,1.2280817398821544,0.8981432310348324,False,0.6771739724957735,True,-4.887065976069006,82.21955647128823,-0.059439215994501395,False,False
GATA1,pca,25,50,L136P,418,2.6697744505365293,3.1000404503305443,0.43026599979401503,2.0538947199102093,0.20948785525522218,False,0.8612063272438469,True,-12.885265634902991,51.037724272730664,-0.25246552072047534,False,False
GATA1,pca,25,50,L136S,115,3.0245305819440134,2.8565721724778292,-0.16795840946618412,1.3463967291623327,-0.1247465964735968,False,1.0587971874417914,False,20.07568682919382,147.70967046293322,0.13591315156465456,False,False
GATA1,pca,25,50,L141P,166,2.671789673319738,2.6084452370823747,-0.06334443623736341,1.011364303117856,-0.06263265970737131,False,1.0242843650067257,False,-16.455919175806464,67.67974671586356,-0.2431439237633751,False,False
GATA1,pca,25,50,L145P,346,3.4297265941015773,4.129762271064145,0.7000356769625675,2.6154669906291423,0.267652269927588,False,0.8304900788436462,True,23.142750745826824,107.6367925954224,0.21500780716138732,False,False
GATA1,pca,25,50,L146P,402,3.0249299475933036,4.292436584008435,1.2675066364151313,3.589501437962699,0.35311495435269497,False,0.7047116220336825,True,-4.287337863849852,77.01204220571051,-0.0556710060018632,False,False
GATA1,pca,25,50,L148P,1096,2.751245088498358,3.4032012960449514,0.6519562075465934,1.5888182132737612,0.4103403410785663,False,0.8084285498174123,True,20.98132348099553,116.74236143626244,0.17972330885606297,False,False
GATA1,pca,25,50,L152P,416,2.429669863237752,2.858278193554325,0.42860833031657286,3.3085532742210626,0.1295455429586458,False,0.8500466710052494,True,7.65018429096675,49.852127109796086,0.15345752998899553,False,False
GATA1,pca,25,50,L156P,268,2.76740132851652,3.815483874183734,1.0480825456672136,2.3014249484487954,0.45540591987309487,False,0.7253080919149645,True,-12.176795341240112,53.20792716251814,-0.22885302981353406,False,False
GATA1,pca,25,50,L180P,1501,3.2397127997274957,2.683583733958532,-0.5561290657689639,2.733752132570681,-0.20343068383672683,False,1.2072337295578337,False,17.832743672362508,117.61489913724229,0.1516197675904467,False,False
GATA1,pca,25,50,L190P,393,2.6235835160604317,3.4439515827161067,0.820368066655675,2.415482594460236,0.3396290532323188,False,0.7617945412552276,True,-1.0515303321855747,69.32061381910944,-0.015169085705581302,False,False
GATA1,pca,25,50,L194P,600,2.752866970022378,2.5840930328775986,-0.1687739371447794,2.7852065221077353,-0.060596561082679745,False,1.0653126396756838,False,19.697558424963624,159.27210172587246,0.12367237081397738,False,False
GATA1,pca,25,50,L196P,196,2.7678333197607046,3.193543997941834,0.4257106781811295,2.611452732262906,0.16301680398872767,False,0.8666964731171731,True,-23.8556480738969,45.98220912486924,-0.5188016958714299,False,False
GATA1,pca,25,50,"L214P,W215R",327,2.605237937528095,2.7598051287631247,0.1545671912350297,1.4467335206379133,0.10683874330006252,False,0.9439934401077431,True,-7.59258897467017,49.369430880648565,-0.15379130039042543,False,False
GATA1,pca,25,50,L224P,325,3.3839195118645726,2.898504429358848,-0.4854150825057246,2.8212672401895658,-0.17205569029083143,False,1.1674708782877723,False,10.562415233134015,93.51047512794845,0.11295435317467567,False,False
GATA1,pca,25,50,"L230P,Y231H",243,2.925203977221196,3.1728411733259456,0.24763719610474944,1.404678821783496,0.17629453243292217,False,0.9219509636389512,True,-10.633168678531408,35.70893292944806,-0.29777335266612126,False,False
GATA1,pca,25,50,L248P,646,3.0823481898408236,3.893991140837212,0.8116429509963883,3.1331572656712323,0.25904954082236464,False,0.7915652805460969,True,23.473049545612774,116.37486443665,0.20170205704850122,False,False
GATA1,pca,25,50,"L268P,W269R",538,3.549286969928568,3.2424397520579475,-0.3068472178706205,3.859685722809262,-0.07950057074783866,False,1.094634670598233,False,-0.1741364175219573,68.77760989918268,-0.002531876547865131,False,False
GATA1,pca,25,50,L288P,413,2.3642751882257667,3.0399956900043197,0.675720501778553,2.9382698294672247,0.22997224250880885,False,0.7777232040162554,True,8.277379810526906,94.39696086951915,0.08768693117110382,False,False
GATA1,pca,25,50,L295P,319,3.0667285703630327,3.695779989237197,0.6290514188741643,1.1513325921648558,0.5463681156557516,False,0.8297919733571588,True,14.185718957475402,94.65907019833637,0.1498611694341861,False,False
GATA1,pca,25,50,L355P,311,2.763554681997743,2.953748838504527,0.1901941565067844,2.2856216268591654,0.08321331679388407,False,0.935609231892892,True,-7.796431177094846,76.11220118976101,-0.10243339510910979,False,False
GATA1,pca,25,50,L363P,650,2.8421121981543074,2.6704498004473862,-0.17166239770692115,2.396334196867603,-0.07163541626677603,False,1.0642822035741553,False,29.135426194284626,152.0371573157832,0.1916335895031894,False,False
GATA1,pca,25,50,"L363P,Y364H",559,2.2869925808824014,2.721073974026444,0.4340813931440426,1.7789497721169294,0.24400992088016674,False,0.8404742402126903,True,-10.79847825673959,48.2546190905033,-0.22378123504584402,False,False
GATA1,pca,25,50,L367P,1080,2.4301777445653165,2.5695210622196036,0.1393433176542871,2.482935732196321,0.05612038839645226,False,0.9457707042362519,True,17.30303022585902,131.0925069827259,0.13199099341458964,False,False
GATA1,pca,25,50,"L372P,S373P",420,2.5017192513912576,2.111283711149479,-0.3904355402417785,1.2536541388853646,-0.31143800202256605,False,1.1849280313109638,False,1.5273370529075594,65.61551737530789,0.023277070943013237,False,False
GATA1,pca,25,50,L379P,289,2.686437460050282,3.4093722894333105,0.7229348293830284,3.746557157518261,0.19295977586577226,False,0.7879566184005117,True,16.080537651707253,84.6002622986648,0.1900766878823382,False,False
GATA1,pca,25,50,L386P,287,2.7648363341716724,3.007390637062306,0.24255430289063362,2.2448057145217284,0.10805135665930515,False,0.9193472574192867,True,-6.725588372499174,77.95913110623063,-0.08627069436336564,False,False
GATA1,pca,25,50,"L386P,L387P",197,2.46472288114704,3.77445474259903,1.30973186145199,3.2809796530906947,0.39918926660158277,False,0.6530010423306521,True,10.379425686825325,111.68817010732607,0.09293218500089381,False,False
GATA1,pca,25,50,L387P,224,2.4539945654806434,2.7486009887096596,0.2946064232290162,1.7716304289091787,0.1662911284552784,False,0.8928158636196517,True,-1.5991312901931334,110.85668477518789,-0.014425212998531356,False,False
GATA1,pca,25,50,L411P,650,3.160399765472281,3.3383809934538693,0.17798122798158822,2.181659155956961,0.08158067565027989,False,0.9466863643393051,True,8.468503478730769,74.97105115811367,0.11295697936621865,False,False
GATA1,pca,25,50,L41P,904,3.3681489598909913,2.4725304186669046,-0.8956185412240867,3.1354261753679906,-0.28564491432140704,False,1.3622275117274272,False,13.447160718391368,59.80507884731293,0.22484981171453727,False,False
GATA1,pca,25,50,L60P,1069,2.920990060111704,3.2494486660833655,0.32845860597166165,2.237242969211017,0.14681400746003703,False,0.8989186659878643,True,4.975698123674574,126.89838750579817,0.03921009731859065,False,False
GATA1,pca,25,50,L6P,302,3.4959761964545812,3.0429814158573816,-0.45299478059719966,3.9471871345244396,-0.11476394839125784,False,1.1488654443423754,False,11.033627188725834,92.2133875747069,0.11965320306432636,False,False
GATA1,pca,25,50,L80P,149,2.2980603847671333,2.3454817303038737,0.04742134553674049,1.5153537951857572,0.03129391016632352,False,0.9797818312016454,True,52.500293423124134,231.15152704198465,0.2271250123023776,False,False
GATA1,pca,25,50,L81P,267,3.0123750152846718,3.235130581631612,0.22275556634694027,2.189059092036095,0.10175858986965496,False,0.9311447990347903,True,34.81487057631925,119.16670648628875,0.29215266245799143,False,False
GATA1,pca,25,50,L9P,754,2.1950816783845575,3.3338248792228526,1.1387432008382952,3.438304545190447,0.3311932337207263,False,0.6584274093293865,True,0.5849502822740931,66.02188354205347,0.008859945383131966,False,False
GATA1,pca,25,50,M1T,353,2.8428448195360403,2.5356635505922434,-0.30718126894379694,1.361988559055776,-0.2255388027317616,False,1.1211443327613595,False,7.806279605197535,77.28156165290503,0.10101089364961216,False,False
GATA1,pca,25,50,M1V,333,2.532179877872764,2.941194289950076,0.4090144120773118,3.6070757931039332,0.1133922422310261,False,0.8609359424248527,True,12.829353698316556,65.39575755393126,0.19618021379653428,False,False
GATA1,pca,25,50,"M1V,E2G",224,2.547977370498476,3.6816298726052388,1.133652502106763,1.7995561426136661,0.6299622864003853,False,0.6920786332862531,True,2.8372460518318423,62.96524850137857,0.045060507491997324,False,False
GATA1,pca,25,50,M234T,430,3.195797731083262,3.1724415749895503,-0.02335615609371189,4.758439548944966,-0.00490836457066905,False,1.0073622021214965,False,-6.6867757899770925,77.23615034513354,-0.0865757260052049,False,False
GATA1,pca,25,50,"M234V,N235D",284,2.933828254602206,2.578149962531075,-0.355678292071131,1.4659247840273701,-0.24263065605178427,False,1.1379587290267426,False,-1.5443962029575395,51.81181681127612,-0.029807798645297135,False,False
GATA1,pca,25,50,M297T,600,2.4174496269217194,2.4717643284394466,0.054314701517727215,1.7215132203275716,0.03155055730991839,False,0.9780259384388725,True,2.423240509326164,90.50548580317162,0.026774515244259875,False,False
GATA1,pca,25,50,M335T,136,2.6351092606193625,2.1840968786315766,-0.4510123819877858,1.168104139040336,-0.3861063127113976,False,1.2064983409849306,False,-10.662904483355593,52.32069254983185,-0.203798993547341,False,False
GATA1,pca,25,50,"M335T,V336A",363,2.5820313091087606,2.7820248904662996,0.19999358135753909,1.4973034649626928,0.13356917020326414,False,0.9281122242856649,True,16.071885905311802,78.54548244269117,0.20461884510084039,False,False
GATA1,pca,25,50,M335V,1987,2.648255034204878,2.837055465996306,0.18880043179142803,1.7186672095625979,0.10985281544964012,False,0.9334519772157059,True,-11.57305517477187,59.39313657587648,-0.19485509339933496,False,False
GATA1,pca,25,50,M380T,394,2.7927549613640323,3.1286229797123806,0.33586801834834823,2.779128178472278,0.12085373425740267,False,0.892646694559782,True,-11.63135782685265,72.08597952508175,-0.1613539540349259,False,False
GATA1,pca,25,50,M399T,1621,2.5490337766000586,2.6413688140037745,0.09233503740371596,5.427939534472262,0.01701106595187843,False,0.9650427320432564,True,3.644207266702005,70.82111319281465,0.0514565092584811,False,False
GATA1,pca,25,50,M399V,333,2.6810930540857427,3.4843151741031715,0.8032221200174288,2.263493938831079,0.35485940838535285,False,0.7694748953862447,True,-14.488882192059608,101.61725307144786,-0.14258289566115673,False,False
GATA1,pca,25,50,M84T,725,2.6811749859498093,2.7475552745284766,0.06638028857866729,1.6274878833346325,0.04078696330608481,False,0.975840235428909,True,-6.661711419070495,43.01944701527334,-0.15485348792850276,False,False
GATA1,pca,25,50,M84V,780,3.6647167160262537,3.525461825942884,-0.1392548900833699,3.1941605475787216,-0.043596709686033054,False,1.039499758317799,False,1.4531438664741056,112.448883961352,0.012922705991226578,False,False
GATA1,pca,25,50,"M84V,E85G",452,2.7777964918952183,3.21159393196929,0.4337974400740716,3.869685028014162,0.11210148550428327,False,0.8649276810010427,True,-12.057189318181543,78.26732871010206,-0.15405137133069557,False,False
GATA1,pca,25,50,N160D,119,3.0365352850462894,3.6087703024413003,0.5722350173950108,2.0944273820530057,0.273217883942146,False,0.841432130771,True,-10.634271657836669,83.70362073160484,-0.127046734237882,False,False
GATA1,pca,25,50,N160G,540,2.3130096448885453,2.6633876783145265,0.3503780334259812,3.172174495570297,0.11045358126271355,False,0.8684464765385898,True,-15.011671032823392,69.49332112288563,-0.21601602557284788,False,False
GATA1,pca,25,50,N206G,375,2.703071327110422,2.3857332286387667,-0.3173380984716552,1.641305056351671,-0.1933449831544669,False,1.133014913261161,False,4.314790132415695,90.21719746887631,0.047826692177001376,False,False
GATA1,pca,25,50,"N238G,R239G",311,2.6659174512212207,3.026197685898195,0.36028023467697423,1.9444147639422646,0.18528980614532714,False,0.8809462328400265,True,-6.146401035409787,60.21962378716322,-0.1020664137181141,False,False
GATA1,pca,25,50,N272G,294,2.798454134206123,2.3194060549430837,-0.4790480792630394,5.851306887922824,-0.08187027076836476,False,1.2065391173063893,False,9.125496629398688,94.36664548513093,0.09670256458185286,False,False
GATA1,pca,25,50,N292G,234,3.047772992325484,2.398109534256399,-0.6496634580690852,2.3769362246754433,-0.2733196841062881,False,1.2709064989687935,False,7.682146198123618,81.28406342987253,0.09450986914244705,False,False
GATA1,pca,25,50,N292S,376,2.33941063425015,2.4728523890061442,0.13344175475599407,1.2888824692624081,0.10353291160237373,False,0.946037314904338,True,-14.77175617070636,38.84562207954522,-0.3802682356446201,False,False
GATA1,pca,25,50,N306G,815,2.0833557501446975,2.6743347120472336,0.5909789619025361,2.680379421194411,0.22048332308087498,False,0.7790183258511666,True,-6.697811945559077,86.9582986564867,-0.07702326343823253,False,False
GATA1,pca,25,50,N345D,469,2.755276086183013,2.7738277182225417,0.018551632039528698,2.0632828242932484,0.008991318020535224,False,0.9933119018468037,True,10.109279564604934,117.07332920899518,0.08634997939247295,False,False
GATA1,pca,25,50,N345G,499,2.3445740287418015,3.667396501127021,1.3228224723852193,1.8052395204837515,0.7327683985284908,False,0.6393020302062498,True,7.116200123648173,85.66624124757993,0.08306889645224401,False,False
GATA1,pca,25,50,N82D,393,2.2296189618367244,3.0716778072603343,0.84205884542361,1.3485041964924052,0.6244391731326381,False,0.7258635513681521,True,21.027903548041888,137.00682083128754,0.15348070570833838,False,False
GATA1,pca,25,50,Q119R,482,2.159640285496966,3.262163273890266,1.1025229883933,2.2113726824257594,0.49856950714607295,False,0.662027036715886,True,20.272211303238613,161.07447068247222,0.12585614105913429,False,False
GATA1,pca,25,50,Q17R,463,3.022561345202501,3.090158592081968,0.06759724687946722,2.541024009711904,0.026602364488138488,False,0.9781249910432835,True,12.506586649079015,116.67154124822169,0.10719483530667459,False,False
GATA1,pca,25,50,"Q237R,N238G",192,3.0077894164988948,2.909843736554677,-0.09794567994421755,1.7366419970168994,-0.05639946523950407,False,1.0336601167663344,False,-11.53543696496364,70.65176444156789,-0.16327174637660966,False,False
GATA1,pca,25,50,Q257R,380,3.0234409750969213,2.518957324468662,-0.5044836506282593,5.272660821314968,-0.09567913957007465,False,1.2002747905761655,False,19.35131705629024,89.56114473750733,0.21606821923733294,False,False
GATA1,pca,25,50,"Q303R,T304A",291,3.3111398148971425,2.8737135561316975,-0.43742625876544494,5.388138660629281,-0.08118318519931296,False,1.1522163744650542,False,-13.438326409810998,83.9049529357647,-0.16016130084834213,False,False
GATA1,pca,25,50,Q365R,706,2.796416759149892,2.8156650505430054,0.019248291393113348,4.34569891232022,0.004429274043478649,False,0.9931638561236532,True,-14.046974313648477,64.18648533089035,-0.218846292038493,False,False
GATA1,pca,25,50,R202G,311,3.21072016661795,3.2711172850342596,0.06039711841630968,2.874638906207455,0.0210103322145571,False,0.9815362418545389,True,-18.613598260988823,34.82171494148814,-0.5345399642799257,False,False
GATA1,pca,25,50,"R202G,E203G",337,2.923266353782596,3.4648247645280037,0.5415584107454077,1.8898739283075594,0.28655795639785875,False,0.8436981817118877,True,17.461293841364867,82.13438648160866,0.2125941957973322,False,False
GATA1,pca,25,50,R271G,460,3.3495917950319054,3.0245746578091204,-0.325017137222785,3.1133217273423424,-0.10439561525825114,False,1.107458791398528,False,5.389755364402154,69.15339100379947,0.0779391333695556,False,False
GATA1,pca,25,50,S107P,263,2.4354184318586185,2.663059031957765,0.22764060009914644,1.8870718094999182,0.12063165744576097,False,0.9145191310566649,True,-12.763263402938925,62.4245866740511,-0.20445891727857302,False,False
GATA1,pca,25,50,S116P,660,2.843292062813777,3.042215034292161,0.19892297147838356,1.6453980025251589,0.12089656798725933,False,0.9346124553208425,True,22.243211527630976,60.80069645149749,0.3658381042620958,False,False
GATA1,pca,25,50,S129G,530,2.970693474408211,2.8012890512991806,-0.1694044231090306,4.3041522997101005,-0.03935837101313552,False,1.0604737390561192,False,-0.6621327498945719,83.83506841026738,-0.007898040312369802,False,False
GATA1,pca,25,50,"S129G,T130A",254,2.5169038014046112,2.556282820964304,0.03937901955969281,1.8003384132941074,0.021873120780465046,False,0.984595202363079,True,23.41816039974082,192.2241071073363,0.12182738550406855,False,False
GATA1,pca,25,50,S12P,154,2.415131181245421,3.2049303500324946,0.7897991687870736,2.6255541330045182,0.30081237284689966,False,0.7535674468622803,True,8.114149393509859,93.64491146202546,0.08664805451602438,False,False
GATA1,pca,25,50,S131G,339,2.61194977538257,2.8629362724028624,0.25098649702029263,6.938525845755834,0.03617288493258498,False,0.9123324890464154,True,21.493064265878736,114.27486606930677,0.18808216544172862,False,False
GATA1,pca,25,50,S142G,172,2.7513540979592968,3.2530836270915344,0.5017295291322377,1.6041210118015394,0.31277536136052514,False,0.8457680199322708,True,4.89756555218485,64.56622158508517,0.07585337087955275,False,False
GATA1,pca,25,50,S154P,355,2.722975879499147,2.799201086046523,0.07622520654737563,1.6511565536813837,0.04616473609205955,False,0.9727689422073521,True,0.5593128581189344,64.78664352323057,0.008633150719073468,False,False
GATA1,pca,25,50,S155P,360,2.4292381011782176,3.4430733592448473,1.0138352580666297,5.536003183260462,0.18313487628262623,False,0.7055435210683431,True,-0.6068253413751794,85.88314506731254,-0.007065709353093305,False,False
GATA1,pca,25,50,"S155P,L156P",580,2.367242890340414,3.050693993597781,0.6834511032573669,2.7127795218570743,0.25193757832169866,False,0.7759686469073382,True,21.758941565645575,134.56482319883006,0.16169858547278018,False,False
GATA1,pca,25,50,S161G,322,2.7164334186781076,3.0433784287407857,0.32694501006267807,2.0574165775615634,0.158910457720804,False,0.8925716871174797,True,-14.41052964199497,33.42768869308815,-0.43109560383618856,False,False
GATA1,pca,25,50,S178G,480,2.7055392352155927,3.4641235843121265,0.7585843490965338,1.3838275329384215,0.5481783900380668,False,0.7810169497035521,True,-13.360437518199644,50.601718739882095,-0.2640312987564496,False,False
GATA1,pca,25,50,S182P,668,3.070506661311013,3.045529737552952,-0.02497692375806082,1.993012642461145,-0.012532245519133862,False,1.0082011754638553,False,3.967156284109757,110.77320883919744,0.03581331917421143,False,False
GATA1,pca,25,50,S186P,173,2.8914397120837556,3.3084083908528896,0.416968678769134,4.1096963774842346,0.10145972852242259,False,0.8739669866870209,True,0.7913968148995663,61.583838428618144,0.012850722447527767,False,False
GATA1,pca,25,50,S187P,200,3.0180883697054615,2.7374822898205604,-0.28060607988490105,2.950775634496596,-0.09509570182308104,False,1.1025051672218469,False,9.823874320634289,92.0275689484946,0.10674925386904931,False,False
GATA1,pca,25,50,S26P,679,3.4500365279560423,3.002137566317847,-0.4478989616381952,4.237923780187051,-0.10568830042017086,False,1.1491933503192353,False,3.3168285896316387,78.1261537597254,0.042454778969824164,False,False
GATA1,pca,25,50,S274G,500,2.7570145310051117,2.6187957105196595,-0.1382188204854522,1.2316567643811993,-0.11222186609342837,False,1.0527795352383653,False,-10.759305759033388,67.42131385531653,-0.1595831517333292,False,False
GATA1,pca,25,50,S30P,401,2.554505023251174,2.3967043821362743,-0.15780064111489978,1.6269510722535439,-0.09699163288071404,False,1.0658406778454028,False,17.175873029317437,103.26247997678045,0.16633217634497635,False,False
GATA1,pca,25,50,S310P,697,2.696914377802159,3.1224596368973447,0.4255452590951858,3.090799138636049,0.1376813050630577,False,0.8637147285855609,True,-5.692237071313961,44.97781726539493,-0.12655654314495735,False,False
GATA1,pca,25,50,S320G,1255,2.4938021116348708,2.578802013798736,0.08499990216386522,1.620876207910063,0.05244071185020539,False,0.967038996515031,True,28.962569926075226,98.78778881744265,0.29317965583375216,False,False
GATA1,pca,25,50,S341G,797,2.1440145489847406,2.369060595858322,0.22504604687358132,3.889880087314819,0.05785423761711133,False,0.9050062090994991,True,-17.02542471211037,46.56507883641618,-0.3656264552223984,False,False
GATA1,pca,25,50,S343G,1249,2.369050799565226,3.212630066534702,0.8435792669694759,2.2405352338482913,0.3765079228504538,False,0.7374178634020564,True,-15.06722160305455,43.321114060484106,-0.3478031885795454,False,False
GATA1,pca,25,50,S389P,611,2.610432070823453,2.4268263878140353,-0.18360568300941793,3.366819220774256,-0.054533870389154644,False,1.0756567028986366,False,0.8456163547910105,109.30797816016718,0.007736089981940228,False,False
GATA1,pca,25,50,S393P,247,2.462475144350188,2.831510429053491,0.36903528470330293,1.3577254922251272,0.27180404788489637,False,0.8696683999759581,True,-14.267272449909976,47.29107318114241,-0.30169060438237494,False,False
GATA1,pca,25,50,S412G,715,2.605960414110612,3.686694600237727,1.0807341861271151,2.667520157230091,0.4051456493019838,False,0.706855516033949,True,12.23742062569902,126.53672377022764,0.09671042730583418,False,False
GATA1,pca,25,50,S46P,120,2.3239060465900643,3.2671650015225353,0.943258954932471,2.4535269525039425,0.38445021114189504,False,0.7112913016352398,True,-0.8599944889986828,68.29243934408741,-0.012592821361463623,False,False
GATA1,pca,25,50,S51G,373,3.0906908860824984,3.0818730628611775,-0.008817823221320964,1.5432790076985698,-0.005713693491153379,False,1.002861189621202,False,13.711677693358144,97.38328428283529,0.14080114256092055,False,False
GATA1,pca,25,50,"S51G,T52A",270,2.5097679136560878,3.2146362580085963,0.7048683443525086,3.2823077261982965,0.2147477942809817,False,0.7807315391915723,True,-13.662992781269109,67.18773511725817,-0.2033554600020974,False,False
GATA1,pca,25,50,S72P,335,1.9666597797193965,2.885320481163708,0.9186607014443116,2.588893569836573,0.3548468396490718,False,0.6816087823028251,True,-16.39719870721151,59.5007578948502,-0.275579661290847,False,False
GATA1,pca,25,50,T108A,480,3.161552874550722,3.1089296684545626,-0.052623206096159336,5.395128696012046,-0.009753837037299443,False,1.0169264704281065,False,10.388504699002427,154.88233857992924,0.06707352687370026,False,False
GATA1,pca,25,50,T135A,250,2.4401099790003826,3.4315824132510393,0.9914724342506567,2.293463870456809,0.4323034895043612,False,0.7110742756979723,True,0.757982982415542,82.29244553922564,0.00921084526591497,False,False
GATA1,pca,25,50,"T138A,E139G",370,3.201083003053583,2.6556290745618245,-0.5454539284917583,2.15062374892762,-0.25362592074217616,False,1.205395374571186,False,-4.6231767686445835,56.016990713406216,-0.08253168743565059,False,False
GATA1,pca,25,50,T147A,243,2.30547965324525,2.2992528091104507,-0.0062268441347992365,2.216028746431073,-0.0028099112634832036,False,1.0027082033389831,False,-14.036091831165926,66.99206844125834,-0.2095187110616446,False,False
GATA1,pca,25,50,T171A,118,2.620460910779503,2.59405571862429,-0.026405192155213086,1.972584351780423,-0.013386090248247273,False,1.0101791152617248,False,12.601488434759657,70.87729744812083,0.1777930153725657,False,False
GATA1,pca,25,50,T210A,872,2.612810230419896,3.075235041874274,0.46242481145437786,3.3266948597120702,0.13900427630275694,False,0.8496294412759611,True,-4.790671636731546,92.7058678426756,-0.051676034626647875,False,False
GATA1,pca,25,50,T212A,1536,3.501058807766425,3.088876262572972,-0.41218254519345265,3.028780136562922,-0.13608863192730783,False,1.1334409377894965,False,14.13246929172624,81.50429195073173,0.17339539984310437,False,False
GATA1,pca,25,50,T220A,166,2.30334103078439,2.6324400597122537,0.3290990289278639,2.176833257749473,0.15118247011169983,False,0.8749832773157855,True,-1.9537048276265363,56.11613179237714,-0.03481538668515154,False,False
GATA1,pca,25,50,T256A,352,2.6726550506490305,3.386053715428627,0.7133986647795965,1.9159307931041993,0.37235095721998646,False,0.7893126557535163,True,8.241460941804096,110.17568043684297,0.07480290486182589,False,False
GATA1,pca,25,50,T259A,269,3.7271599174303383,3.3144848390989914,-0.41267507833134687,2.6375496952189756,-0.15646153666010285,False,1.1245065518065631,False,-11.725885803704948,71.70267660538619,-0.16353484080152342,False,False
GATA1,pca,25,50,"T263A,T264A",271,2.6390157947900867,2.9788008966029995,0.33978510181291277,1.8507477416942897,0.18359341695149245,False,0.8859322547537833,True,2.1948081102073242,57.135224231280006,0.038414273151757855,False,False
GATA1,pca,25,50,T264A,216,2.50624661235819,3.257515826147767,0.7512692137895769,5.004473184989474,0.15011954026308905,False,0.7693735797814976,True,-10.468074551461303,66.54772917954165,-0.15730175440275485,False,False
GATA1,pca,25,50,"T264A,T265A",246,2.2074959618568712,2.636313508660095,0.4288175468032236,1.6820302058959116,0.25494045546870514,False,0.8373419756813484,True,-5.371157027167078,44.35930184830332,-0.12108299281929562,False,False
GATA1,pca,25,50,T265A,558,2.1451354132989806,2.3866268692513906,0.24149145595240995,2.1268122204924147,0.1135462047968194,False,0.8988147418166971,True,5.353380933023762,96.01956147078965,0.05575302418614281,False,False
GATA1,pca,25,50,"T265A,T266A",397,2.6872139867550153,2.9321022880325476,0.24488830127753225,4.605438875001358,0.05317371653911269,False,0.9164803007463108,True,-2.667454790340172,65.78350227266571,-0.04054899326101326,False,False
GATA1,pca,25,50,T266A,408,3.165995182466329,2.3620080149426474,-0.8039871675236814,4.478312964831066,-0.17952902663068124,False,1.3403829125208127,False,-9.213104650461807,75.48360518625876,-0.12205438025552846,False,False
GATA1,pca,25,50,T267A,223,2.6629511467847227,2.910134027852557,0.24718288106783426,1.9711180010265936,0.12540237618402195,False,0.9150613412639846,True,-6.86621139096466,46.473199359655695,-0.14774561436640304,False,False
GATA1,pca,25,50,T27A,425,2.6285285166186974,2.653552148773283,0.025023632154585584,2.1027717435038524,0.011900308358190443,False,0.9905697605505308,True,-5.039190268477131,35.2681599629336,-0.14288214281020778,False,False
GATA1,pca,25,50,T296A,723,2.629102612570346,2.658540247512917,0.029437634942571123,2.5579089914275444,0.011508476275437095,False,0.9889271433937815,True,0.37938099391414504,87.25252214177786,0.004348080543708335,False,False
GATA1,pca,25,50,T324A,496,2.605230561576894,3.370771908785688,0.765541347208794,3.0557608301979586,0.2505239741420472,False,0.7728884160884745,True,-15.84527844785351,63.02505425125284,-0.2514123730014644,False,False
GATA1,pca,25,50,T354A,428,2.430642298250012,2.1092823753122723,-0.32135992293773974,1.3478007542230988,-0.23843281132675911,False,1.1523550979703054,False,-5.864333771399709,48.115677123561156,-0.12187989698950069,False,False
GATA1,pca,25,50,T360A,254,2.6923512494217174,2.4257682633792506,-0.2665829860424669,2.4938992918940555,-0.10689404616655697,False,1.1098963120537737,False,-12.449684858020902,30.689815759442613,-0.405661765961902,False,False
GATA1,pca,25,50,T391A,262,3.0896003460486945,3.2379966682745174,0.14839632222582289,2.389634195489181,0.0621000161890656,False,0.9541703289321477,True,11.6323701867447,143.85389321449017,0.08086239396663746,False,False
GATA1,pca,25,50,T402A,281,2.4174801672235233,2.921301827737688,0.5038216605141645,2.1978495204729063,0.2292339197115544,False,0.8275352256550862,True,7.407144539417992,83.14375978163041,0.08908840012614523,False,False
GATA1,pca,25,50,"T402A,T403A",581,3.8183116400392443,3.583203962188705,-0.23510767785053943,4.646811074165582,-0.05059548884129257,False,1.0656138138748121,False,10.469250211700833,59.18754724953081,0.17688265012170826,False,False
GATA1,pca,25,50,"T403A,S404G",727,2.5228664682582007,2.920473786149696,0.39760731789149517,4.375350333041569,0.0908743957915467,False,0.8638552005578197,True,12.452770159900611,97.33173853460929,0.12794151576232912,False,False
GATA1,pca,25,50,"T405A,T406A",608,2.6122097510300613,3.0031200739984065,0.39091032296834527,1.754169305534996,0.22284640469702172,False,0.8698319370068076,True,13.847580456137946,133.7848489275569,0.10350634296142357,False,False
GATA1,pca,25,50,T48A,268,2.3933827020144562,2.8156655736268377,0.4222828716123814,1.4209001225166507,0.29719391596958145,False,0.8500237828072593,True,6.270510197617349,96.51327230156332,0.06497044445892007,False,False
GATA1,pca,25,50,T52A,368,2.7576243194953314,3.0240549419080764,0.26643062241274507,2.653576387531596,0.10040435378631915,False,0.9118962361693613,True,5.845681435505435,60.23330894789163,0.09705064419692742,False,False
GATA1,pca,25,50,T54A,721,3.350009388151502,2.5224907852819136,-0.8275186028695884,4.9020802947141915,-0.16880967938486935,False,1.328056145020607,False,-7.561951037520052,78.2698296047233,-0.09661386866062266,False,False
GATA1,pca,25,50,V109A,438,2.5876284434671817,3.3326643079703704,0.7450358645031887,2.104855049759227,0.35396065139421967,False,0.7764443713333601,True,-13.57282858191838,37.74235447614771,-0.3596179615793734,False,False
GATA1,pca,25,50,"V109A,C110R",246,3.098417555400463,3.0447026700666147,-0.05371488533384827,2.785593988233828,-0.019283099245883117,False,1.0176420790975538,False,-15.325271075650225,43.165376211305045,-0.3550361984714157,False,False
GATA1,pca,25,50,V121A,965,2.811170956221801,2.526844436828897,-0.2843265193929039,3.7943180485145698,-0.0749348145720716,False,1.1125223679181944,False,4.53306270465654,60.54441228514331,0.07487169391136175,False,False
GATA1,pca,25,50,V158A,399,3.354226272664107,3.0749353772694086,-0.2792908953946984,2.708440154511089,-0.10311872497146399,False,1.0908282162478202,False,-9.96429562996565,55.2396334339512,-0.18038308747793802,False,False
GATA1,pca,25,50,V19A,1033,2.6461409559906244,2.754288565821419,0.10814760983079452,1.3048515611866511,0.08288115908942432,False,0.9607348296134173,True,9.151579705752331,73.72569208084961,0.12413012950378897,False,False
GATA1,pca,25,50,V250A,170,2.619676673706568,3.064007384186974,0.44433071048040595,1.0666111185602785,0.41658173513151414,False,0.8549837990686475,True,-4.044131412925849,59.13577914377719,-0.06838721788197509,False,False
GATA1,pca,25,50,"V278A,C279R",196,2.4460417852259315,2.7219020474317652,0.2758602622058337,1.4541826945213479,0.18970124128497803,False,0.8986516570402965,True,15.545173709811959,128.70290857686373,0.12078339084720914,False,False
GATA1,pca,25,50,V291A,722,2.7738257444663788,2.2238371889002018,-0.549988555566177,3.63879078972765,-0.15114596780853717,False,1.2473151174516395,False,32.993621059852686,141.0993867256603,0.23383249088107108,False,False
GATA1,pca,25,50,V32A,234,2.993842015048738,3.192409548095089,0.19856753304635077,1.748815156569567,0.11354403711588135,False,0.9378001067673676,True,-9.06256590861852,108.23020273575604,-0.08373416735386488,False,False
GATA1,pca,25,50,"V336A,V337A",189,2.734809214567136,3.2866775528215673,0.5518683382544314,3.099167741267468,0.17806985111065127,False,0.832089297052989,True,7.1129302576939795,131.13409011299717,0.05424165639586797,False,False
GATA1,pca,25,50,V349A,209,2.951856649898918,3.630712342262516,0.678855692363598,4.7553096325389275,0.14275741115119506,False,0.8130241042614348,True,3.260500912240274,73.30613072042365,0.04447787490892455,False,False
GATA1,pca,25,50,V370A,658,2.823519147331023,3.0861012752385033,0.26258212790748026,2.232533699316658,0.11761619902438755,False,0.9149146108670114,True,14.229189105028855,96.3816848930121,0.14763374515421554,False,False
GATA1,pca,25,50,"V371A,L372P",238,2.7821779434931386,2.9024416908895514,0.12026374739641277,1.8033346054828998,0.06668964651970861,False,0.9585646293002518,True,-23.041022321242984,29.35427758933552,-0.784928951193602,False,False
GATA1,pca,25,50,V407A,697,2.8318795877362035,3.102541060133186,0.27066147239698246,3.179026765709292,0.08513972745259146,False,0.9127613568519981,True,-4.891082642079298,92.34727863917884,-0.05296401490280873,False,False
GATA1,pca,25,50,"V407A,V408A",1121,2.65103581450286,2.9316054074009443,0.28056959289808425,1.3635977059463253,0.20575686778775512,False,0.9042948985597529,True,0.04238295482259602,103.80330258896737,0.00040830063943553805,False,False
GATA1,pca,25,50,V408A,664,2.622970215966589,2.502680221136764,-0.12028999482982528,2.697275367659107,-0.044596853651698805,False,1.0480644685700946,False,23.883273631946885,157.32330974012933,0.15181013971418403,False,False
GATA1,pca,25,50,V74A,952,2.1575701731385983,3.576404837899757,1.4188346647611585,3.07564967876425,0.46131218212446906,False,0.6032790668087875,True,5.504650503586031,71.35101141049157,0.07714887840786261,False,False
GATA1,pca,25,50,"V74A,F75P",369,2.7892949997894956,3.8972329787552535,1.107937978965758,1.7101089756275032,0.6478756586604161,False,0.7157116382301515,True,6.608919893997196,115.9628008755895,0.05699172358804583,False,False
GATA1,pca,25,50,V77A,550,2.5392895337108357,2.530617219886649,-0.008672313824186872,2.334308700712665,-0.003715152936515729,False,1.0034269559837166,False,-5.708355071017138,73.68748337275113,-0.07746709223520624,False,False
GATA1,pca,25,50,"V77A,Y78H",406,2.5577336883508934,3.022581699168663,0.4648480108177697,1.4410794878253543,0.3225693063741013,False,0.846208289110722,True,-15.248277660593509,38.95833951895051,-0.39139957834127626,False,False
GATA1,pca,25,50,W215R,382,2.569402290701092,2.6919044319649093,0.12250214126381742,1.8258388865233515,0.06709362045469322,False,0.9544923884335674,True,5.632963084894351,122.75890439430181,0.04588639099287873,False,False
GATA1,pca,25,50,W269R,576,2.2517443191386555,2.078868872388451,-0.17287544675020428,4.208869201324327,-0.04107408391208944,False,1.0831584180447054,False,6.131452875725003,136.28536036722073,0.044989812986543906,False,False
GATA1,pca,25,50,W96R,972,2.5371875114103553,2.5487229592106218,0.011535447800266496,2.375489587702948,0.004856029620159711,False,0.9954740283722955,True,21.818996490532285,125.60180937699978,0.17371562240032334,False,False
GATA1,pca,25,50,Y104C,1038,2.3260282056469546,2.591690442362676,0.26566223671572153,2.3046062918956007,0.11527445605349242,False,0.8974946110950139,True,-5.512729866649449,67.10314775053257,-0.0821530740576279,False,False
GATA1,pca,25,50,Y163H,427,2.886534898799752,2.9661743008529484,0.0796394020531963,2.1079554140959766,0.03778040157806216,False,0.9731508016807052,True,-4.084404769936745,64.52062673022272,-0.06330386074851208,False,False
GATA1,pca,25,50,Y185C,255,2.1429381792572197,2.755621787227561,0.6126836079703413,1.4933105566537443,0.4102854595384776,False,0.7776604863518792,True,-1.7194560585236092,72.00902356629535,-0.02387834153785721,False,False
GATA1,pca,25,50,Y185H,1166,2.498941448756362,2.7686407327756353,0.2696992840192731,4.186100836236525,0.06442732618494297,False,0.9025878363969266,True,-4.190636188271254,69.04752624611356,-0.06069205395330336,False,False
GATA1,pca,25,50,"Y185H,S186P",436,2.1443833967193413,3.3414753514289846,1.1970919547096432,2.5219140053360354,0.4746759612646409,False,0.6417474831296583,True,-7.231633861456264,61.76892495769488,-0.11707559855395187,False,False
GATA1,pca,25,50,Y223C,490,2.1685254996984433,3.0582450961163463,0.889719596417903,4.839442854109796,0.18384752609741575,False,0.7090751171161022,True,-8.429513973755702,49.59000178055403,-0.16998414339765577,False,False
GATA1,pca,25,50,Y231C,476,2.7605363792382462,2.910275995015061,0.14973961577681472,2.1094671713881192,0.0709845679552717,False,0.9485479672603905,True,-7.650655615798418,50.83757933778725,-0.15049213033854533,False,False
GATA1,pca,25,50,Y285C,140,2.628548479709446,2.887618523963212,0.25907004425376634,1.0835080023054746,0.23910302803719066,False,0.9102824552121945,True,18.21426486838321,111.75384999117279,0.16298556935463002,False,False
GATA1,pca,25,50,"Y285C,Y286C",108,2.684941972845408,3.8940017193200696,1.2090597464746615,2.189751408924219,0.5521447510193169,False,0.6895071359429766,True,59.179953451084984,67.46615902632854,0.8771798232650256,False,False
GATA1,pca,25,50,"Y286C,K287E",253,2.6433264561598993,3.0979261159662705,0.4545996598063713,4.165943191072593,0.10912286580876944,False,0.8532567779898206,True,-2.039458502021234,50.34980366117337,-0.04050578857756177,False,False
GATA1,pca,25,50,Y286H,145,2.8725678102425096,3.7065555709133733,0.8339877606708637,2.379165003544453,0.3505380078424145,False,0.7749965582020529,True,20.404733081314923,133.74545655566163,0.15256393455745515,False,False
GATA1,pca,25,50,"Y364C,Q365R",403,2.4933702222864937,2.9353420636069423,0.44197184132044853,2.0029253385728847,0.2206631634284283,False,0.8494308902529218,True,16.438663877471512,43.792073237122715,0.3753798955454886,False,False
GATA1,pca,25,50,Y62C,602,2.7161588193154955,2.6926664134466893,-0.023492405868806188,1.7173224228562818,-0.013679671071745043,False,1.0087245882934066,False,11.956000970620169,98.3238650271357,0.1215981589751432,False,False
GATA1,pca,25,50,"Y62C,Y63C",295,2.8814812701728147,2.506184728423115,-0.37529654174969984,3.1029117199009173,-0.12094979671599676,False,1.149748156029119,False,-6.374542366729047,51.158555713462576,-0.12460364210500104,False,False
GATA1,pca,25,50,Y62H,382,2.6449952947931195,3.748150554154778,1.1031552593616585,2.771632311481479,0.3980164521794038,False,0.705680109850757,True,-3.621951491194226,65.06837045706212,-0.0556637805089081,False,False
GATA1,pca,25,50,"Y62H,Y63H",234,3.0308651933841624,3.01799930853449,-0.012865884849672327,2.2152351592932593,-0.005807909284798916,False,1.004263050960048,False,-16.6680340728077,72.58196690977209,-0.2296442874512897,False,False
GATA1,pca,25,50,Y63H,325,3.3764769703815016,2.8846680177117783,-0.49180895266972335,3.6070419026486844,-0.13634689198054048,False,1.170490659462382,False,-12.37159180815425,49.90177968385716,-0.2479188495186348,False,False
GATA1,pca,25,50,Y69C,419,2.7941103993361374,2.6123939937713967,-0.18171640556474067,2.154914138320949,-0.08432651785668323,False,1.0695593413543278,False,-2.3171449724754156,68.43551690357545,-0.0338588072000718,False,False
GATA1,pca,25,50,Y69H,185,2.2777823577354823,2.592004857762735,0.3142225000272525,2.7961503740365066,0.11237682456027667,False,0.8787724108285543,True,13.254609731299354,101.96080377799093,0.12999710908674172,False,False
GATA1,pca,25,50,Y78C,228,2.466658669476363,2.5556666566099366,0.08900798713357361,1.783397670433935,0.04990922025367245,False,0.9651723017540786,True,13.631861626442772,95.65474133778669,0.14251109182663954,False,False
GATA1,pca,25,50,Y78H,304,2.7347281202521465,2.535768954941018,-0.19895916531112867,3.599427035849903,-0.055275232232662855,False,1.0784610778215622,False,4.799197118388229,83.30988808957392,0.05760657262230605,False,False
GATA1,pca,25,50,Y93C,769,2.6632847511210436,3.397455957400732,0.7341712062796883,3.380275022686578,0.21719274359403545,False,0.783905600106329,True,-2.919907378591356,80.12984074099954,-0.03643970026134527,False,False
GATA1,pca,25,50,Y93H,824,2.8707935020164506,2.9768925205457144,0.10609901852926384,1.9014412391458246,0.05579926234108933,False,0.9643591369869766,True,-2.753181442717608,63.05439977389309,-0.0436635897350581,False,False
GATA1,pca,25,50,Y98H,508,2.5384581869162446,2.41164051232289,-0.12681767459335447,3.595731445192368,-0.03526895056718282,False,1.0525856461381153,False,-11.312071778521684,34.39604238141149,-0.32887713223178894,False,False
GATA1,pca,50,50,C110R,382,1.0700554211818734,1.29697729117402,0.2269218699921467,3.1559971284165624,0.07190179862615993,False,0.8250379004039942,True,3.1406293381484742,34.031698818948854,0.09228541175263844,False,False
GATA1,pca,50,50,C199R,1048,1.1522243709649267,1.1243385851673402,-0.027885785797586493,1.2179351817532207,-0.02289595227674172,False,1.0248019468205265,False,-2.1651030994499303,29.871502169080866,-0.07248055645795297,False,False
GATA1,pca,50,50,C204R,964,1.8570734221683232,1.486799245131472,-0.37027417703685117,2.0003032358165282,-0.1851090226756067,False,1.2490411387074045,False,7.625441460394848,61.878552902497276,0.1232323818627488,False,False
GATA1,pca,50,50,"C204R,V205A",229,1.2977773755679571,1.2793095927698133,-0.018467782798143872,1.0604609985240299,-0.01741486280386331,False,1.014435741670755,False,2.8789484241031733,50.548400735329324,0.056954292959282816,False,False
GATA1,pca,50,50,C207R,272,1.3863026867100103,1.6297017171353225,0.2433990304253122,1.7699387421969957,0.13751833587369527,False,0.8506481107149122,True,41.328639221515694,78.16806427860732,0.5287151422121927,False,False
GATA1,pca,50,50,C225R,310,1.0719816002114069,1.4494505842225571,0.37746898401115025,1.0839514771823304,0.3482342078562033,False,0.739577886876624,True,-4.38148496863784,49.20206209471624,-0.08905084019046354,False,False
GATA1,pca,50,50,C228R,645,1.06840280182929,1.5853922780266707,0.5169894761973808,1.5929569222303384,0.3245470539614662,False,0.6739043810400825,True,-9.633860637928027,18.8954335753159,-0.5098512611276222,False,False
GATA1,pca,50,50,C258R,265,1.4289027520915347,1.0869095331655636,-0.3419932189259711,0.9151465062919032,-0.3737032448626165,False,1.314647363456216,False,5.481223795700316,65.16640721652453,0.08411118595948033,False,False
GATA1,pca,50,50,C261R,463,1.3579428955354444,1.4363788264747086,0.07843593093926415,1.4403169640433875,0.054457409651742034,False,0.9453932837956344,True,-8.029223122532542,19.637977044864133,-0.40886202810958083,False,False
GATA1,pca,50,50,D115G,238,1.5672712710867494,1.6073471361275828,0.04007586504083349,1.9468566111523091,0.020584908416605634,False,0.9750670753441698,True,17.369589432362773,54.06820982031414,0.32125327415291616,False,False
GATA1,pca,50,50,D123G,329,1.288744782524633,1.6422158604690864,0.3534710779444534,1.2188120016961674,0.2900127972587595,False,0.7847596735282492,True,9.260938395168782,78.02343207084343,0.11869432232563251,False,False
GATA1,pca,50,50,D125G,269,1.2438109429197972,1.2570318456628407,0.013220902743043439,1.6587565326385172,0.007970369661190411,False,0.9894824440696075,True,-0.04148963589610011,24.51699004017771,-0.0016922809785421512,False,False
GATA1,pca,50,50,D144G,560,1.8184784776192657,2.1180853938708104,0.2996069162515447,2.2262764958276176,0.1345775858538029,False,0.8585482355345402,True,10.273461225554964,48.93232782960866,0.2099524318836627,False,False
GATA1,pca,50,50,D276G,215,1.390204859282722,1.6487891955086749,0.2585843362259528,1.0132260756978129,0.25520892368256975,False,0.8431671332330778,True,-3.367133535070603,33.553747622205336,-0.10035044588707247,False,False
GATA1,pca,50,50,D65G,329,1.367648449896631,1.4622911294778689,0.09464267958123784,3.1319344512650193,0.03021860165145242,False,0.9352778132388512,True,-0.7072466331042175,42.32245095639597,-0.016710909153935357,False,False
GATA1,pca,50,50,"E122G,D123G",359,1.4518101809600488,1.4046118857748375,-0.047198295185211236,1.0946717242186605,-0.043116392011403944,False,1.0336023749074108,False,3.1795793409070594,59.894277699066755,0.053086529515934074,False,False
GATA1,pca,50,50,"E134G,T135A",267,1.364287040908831,1.5217947856648664,0.15750774475603535,2.0533572667151763,0.07670742315973378,False,0.8964986959873037,True,-3.0277248372811885,61.887624239019814,-0.04892294500735131,False,False
GATA1,pca,50,50,E200G,932,1.4894837032295491,1.59605731143591,0.10657360820636086,1.3893255769635275,0.0767088794545086,False,0.9332269540430971,True,-4.133386310892507,47.79001840248202,-0.0864905779295083,False,False
GATA1,pca,50,50,E203G,634,1.305987942915813,1.6817629682259572,0.3757750253101442,2.38812674077821,0.1573513745705522,False,0.7765588656607546,True,-1.6609574799829474,34.3738449928131,-0.048320386629142634,False,False
GATA1,pca,50,50,E2G,853,1.5017695819907502,1.5871174371969552,0.08534785520620503,1.2033179124138689,0.07092710440501654,False,0.946224612491852,True,-7.476910206872223,40.0934701565228,-0.18648698098924235,False,False
GATA1,pca,50,50,E328G,804,1.2895863905598866,1.3986193945701153,0.10903300401022875,1.4905881319376908,0.07314763996442883,False,0.9220424052222288,True,-1.736423059249523,51.15307959666272,-0.03394562112273704,False,False
GATA1,pca,50,50,E348G,347,1.2661092741829467,1.4628917187849844,0.19678244460203764,1.239300923259538,0.1587850383298931,False,0.8654839301671099,True,5.79736798277625,53.858239628222464,0.10764124529124693,False,False
GATA1,pca,50,50,E39G,692,1.174205209794044,1.2891918778420504,0.11498666804800628,1.3016609397905716,0.08833841788823044,False,0.9108071730637336,True,-0.7907709966478893,31.01332318412022,-0.02549778338661845,False,False
GATA1,pca,50,50,E85G,473,1.2002999617829495,1.3921571966919046,0.19185723490895512,0.7903020738765925,0.2427644330576742,False,0.8621870896728808,True,1.7340235304650142,27.05170139522227,0.06410035010852472,False,False
GATA1,pca,50,50,F172P,201,1.1965523323050977,1.9281017305642045,0.7315493982591068,1.7969888029789394,0.4070973603432523,False,0.6205856845297061,True,-6.482627736731253,23.270971122105102,-0.2785714314506369,False,False
GATA1,pca,50,50,F18P,358,1.3003474367325403,1.2190268967546523,-0.08132053997788802,0.7772534073944475,-0.10462551750077918,False,1.0667093894272417,False,-0.2510768806019268,55.37612251370595,-0.004534027830131726,False,False
GATA1,pca,50,50,F382S,296,0.9912455866328322,1.8057850141480287,0.8145394275151965,0.3792636216498352,2.1476866775987307,True,0.5489277953170427,True,-4.663318874360535,22.178111736077128,-0.2102667228777063,False,False
GATA1,pca,50,50,F394P,782,1.2948760298262307,1.5777451207255737,0.282869090899343,1.1318999395986593,0.2499064457938222,False,0.8207130624690145,True,1.744744944594295,59.46097929042736,0.02934268768215834,False,False
GATA1,pca,50,50,F3P,448,1.6626394134732543,1.511110465030054,-0.1515289484432003,1.0499578805706447,-0.14431907340973088,False,1.100276552872782,False,-2.1676887474414985,41.682410583965556,-0.052004879685998005,False,False
GATA1,pca,50,50,F75P,555,1.2661576767435108,1.520957374144107,0.25479969740059616,1.0721396356699961,0.2376553285816805,False,0.832474136532603,True,-4.768188465213784,26.454097655430196,-0.18024385209884583,False,False
GATA1,pca,50,50,"H222R,Y223C",529,1.2280337745448655,1.6730620098268325,0.445028235281967,0.7306011202603714,0.6091261331810824,False,0.7340037412432616,True,-6.49485575735558,17.999332505042908,-0.360838700853818,False,False
GATA1,pca,50,50,"H232R,K233E",215,1.4462023155229495,1.0766607883797477,-0.3695415271432019,2.2212972365550696,-0.16636293471301059,False,1.3432292985233725,False,-3.166693155727041,49.01124199056753,-0.06461156720608076,False,False
GATA1,pca,50,50,H289R,345,1.7936181679950884,1.861359307885479,0.06774113989039066,1.2056517559253157,0.05618632375183709,False,0.9636066289816203,True,6.970438972744497,63.5144600355391,0.1097457015118169,False,False
GATA1,pca,50,50,H362R,785,1.4017160188355007,1.2312295418591113,-0.1704864769763894,1.273781308252161,-0.1338428157737101,False,1.1384684749514384,False,6.788446748226459,41.659741148077146,0.16294980624333014,False,False
GATA1,pca,50,50,H378R,493,1.2438815442965243,1.2673343517666424,0.02345280747011813,0.9836839877504153,0.02384181074630716,False,0.9814943803603009,True,2.1504943956645297,69.9550260495054,0.030741099204833103,False,False
GATA1,pca,50,50,I242T,225,1.0698270666321115,1.5492854289030582,0.47945836227094674,1.2153992163510092,0.3944863184217147,False,0.6905293541614097,True,18.480683951721748,39.35471759563886,0.4695925947584415,False,False
GATA1,pca,50,50,I242V,488,1.7078893676476525,1.4263947032407103,-0.28149466440694226,1.8272709469664137,-0.15405195648421607,False,1.1973469641799692,False,12.075084023379787,36.14579197909569,0.33406610734558556,False,False
GATA1,pca,50,50,"I249T,V250A",307,1.638804389192714,1.2834640458573787,-0.35534034333533526,1.417734367171287,-0.2506395778810968,False,1.2768603799087812,False,-9.952697713572402,24.595429215390062,-0.4046563947477166,False,False
GATA1,pca,50,50,I249V,330,1.3689712641774818,1.6350103759420342,0.2660391117645524,1.048161748024558,0.2538149405527812,False,0.8372859795392612,True,-1.7761945514034343,36.32440555819768,-0.04889810374343712,False,False
GATA1,pca,50,50,I302T,307,1.1485437226420032,1.2833320165963968,0.13478829395439362,0.720157604866652,0.18716499422282945,False,0.8949700527912692,True,6.224736523566188,26.449439318888494,0.23534474392887716,False,False
GATA1,pca,50,50,I87T,341,1.5881530814947453,1.8467363556520446,0.2585832741572993,1.303546664847561,0.19836901979074026,False,0.8599782403341495,True,-6.766470534826512,28.208503322317597,-0.23987343311026052,False,False
GATA1,pca,50,50,K137E,425,1.3482599435920477,1.7762104418458122,0.4279504982537645,0.6239517511436623,0.6858711390253486,False,0.7590654304401878,True,-0.22193216822968864,34.913739133935756,-0.0063565855085963305,False,False
GATA1,pca,50,50,K137G,342,1.2574689582871414,1.5901273682570007,0.3326584099698593,1.3649490764472703,0.24371488703132604,False,0.7907976325604037,True,-2.806037597701751,42.38902603457654,-0.06619726519342244,False,False
GATA1,pca,50,50,"K233R,M234V",289,1.2698611290853457,1.133322913742962,-0.13653821534238375,0.8401120473052515,-0.16252381546050262,False,1.120476003517344,False,-2.5928699730577853,33.93576711841345,-0.07640522649776499,False,False
GATA1,pca,50,50,K252G,205,1.0246163623838918,1.1180755351161444,0.09345917273225268,0.4508730110325949,0.20728491270349347,False,0.9164106808557042,True,-1.7622943564091211,20.987603864330495,-0.08396834473344669,False,False
GATA1,pca,50,50,K299E,308,1.5312586475752497,1.2227369179517886,-0.308521729623461,1.4124343854074135,-0.21843261025854213,False,1.2523206137754204,False,-11.55189518911755,21.1220465409637,-0.5469117382500801,False,False
GATA1,pca,50,50,"K299R,D300G",229,1.137113553270682,1.2747568982640232,0.1376433449933412,0.85626504521162,0.16074852729661945,False,0.8920238476992866,True,0.5336901040063244,41.91473333401275,0.01273275675532566,False,False
GATA1,pca,50,50,K308G,501,1.4895068650754162,1.2721289729631664,-0.21737789211224978,1.1557847209422512,-0.18807818460779868,False,1.1708772433709391,False,-1.6023248665548815,42.410028471525564,-0.037781744655764504,False,False
GATA1,pca,50,50,K316G,516,1.365584446565876,1.5806173752050192,0.21503292863914325,1.090523160751157,0.1971832753107487,False,0.8639563679279106,True,0.03644117102203115,39.36779045811896,0.0009256595454804285,False,False
GATA1,pca,50,50,K316R,248,1.2292932730571273,1.3102261096309178,0.08093283657379047,1.3416398738605257,0.060323815765037474,False,0.9382298704178711,True,-2.3660926970215073,27.32364163554469,-0.08659507135181836,False,False
GATA1,pca,50,50,L103P,438,1.3461884935704909,1.2931016143534926,-0.053086879216998284,0.8322384267486941,-0.06378806542782793,False,1.0410539114851696,False,-0.0997791984490699,34.976526573956164,-0.002852747491609598,False,False
GATA1,pca,50,50,"L103P,Y104H",249,1.4158133851954027,1.151578813959702,-0.2642345712357006,0.9703553823367104,-0.2723070083863481,False,1.229454178934684,False,-5.384553750696022,27.002023209898784,-0.19941297394048887,False,False
GATA1,pca,50,50,L124P,1138,1.3041166500454402,1.5174230942218152,0.213306444176375,0.8119713358475387,0.26270193879901554,False,0.8594284975702405,True,-10.91515520548652,17.41069949858112,-0.626922267331996,False,False
GATA1,pca,50,50,L133P,351,1.5245681454041957,1.6860382158929674,0.1614700704887717,1.4605667139707084,0.11055302640014154,False,0.9042310731947122,True,-0.4445769514809035,37.94043240928521,-0.01171776185060299,False,False
GATA1,pca,50,50,L136P,418,1.3206191710691435,1.4946940202248058,0.1740748491556623,1.1955424024178045,0.14560324151081727,False,0.8835381377056148,True,-4.608934259504155,18.759823769531668,-0.24568110639662022,False,False
GATA1,pca,50,50,L145P,346,1.407503940560911,1.661027574122926,0.2535236335620148,4.111285926863682,0.061665288688742874,False,0.8473694010191956,True,27.00632860834662,104.5366227624124,0.2583432283796442,False,False
GATA1,pca,50,50,L146P,402,1.2944708626950217,1.5973393217002823,0.3028684590052606,0.7963434670729195,0.38032390736939087,False,0.8103919092889585,True,-1.7095004202195772,44.04314839896721,-0.03881421929090937,False,False
GATA1,pca,50,50,L148P,1096,1.418320582128331,1.8455851949858584,0.4272646128575275,0.7352461798822219,0.5811177596678849,False,0.7684936929390564,True,-4.6145930932967625,38.25596149751055,-0.12062415667155695,False,False
GATA1,pca,50,50,L152P,416,1.4506993294895132,1.6262408451139088,0.17554151562439557,0.9911002846896872,0.1771178137430941,False,0.8920568769676303,True,1.3290353058799065,45.324899922725514,0.029322410157458276,False,False
GATA1,pca,50,50,L156P,268,1.5493555148002258,1.8686789224724514,0.31932340767222556,1.6334708125613162,0.19548767276197596,False,0.8291180984426536,True,1.3509534711554658,49.2893475559476,0.027408629615598357,False,False
GATA1,pca,50,50,L180P,1501,1.1648765588137877,1.7049634425404392,0.5400868837266515,1.1727725588830566,0.4605214196357287,False,0.683226707241354,True,1.9582742315009751,45.20045346200918,0.04332421649590081,False,False
GATA1,pca,50,50,L190P,393,1.4867151802211325,1.598803004338425,0.11208782411729246,0.9992338232486633,0.11217376905124934,False,0.9298926610638477,True,-0.07920579642777525,25.41971855374142,-0.0031159194882634644,False,False
GATA1,pca,50,50,L194P,600,1.5103660552394231,1.2669126145174552,-0.24345344072196795,1.3995623482078279,-0.1739496929405937,False,1.1921627726587087,False,-2.1240297563906214,42.52060757480952,-0.049952949347058725,False,False
GATA1,pca,50,50,"L214P,W215R",327,1.27461417887808,1.243246580734553,-0.031367598143527076,1.9856408776870422,-0.015797216151223363,False,1.025230391645231,False,3.355930211835204,45.96285646307482,0.07301396105638598,False,False
GATA1,pca,50,50,L224P,325,1.5156809322623488,1.4716060069554686,-0.044074925306880175,1.324036570133926,-0.03328829905538183,False,1.029950221117991,False,20.653732936891707,123.72336193894849,0.16693478590634586,False,False
GATA1,pca,50,50,"L230P,Y231H",243,1.263132074712967,1.5885098649966416,0.32537779028367453,1.496497727150436,0.21742618406995134,False,0.7951679133674361,True,3.5784744043216135,77.38808364129306,0.04624063855759048,False,False
GATA1,pca,50,50,L248P,646,1.3179200980495231,1.3670272932995289,0.04910719525000573,0.5671733610911013,0.08658233728667304,False,0.9640773849280814,True,2.2217444590466893,41.526531414570435,0.05350180675738173,False,False
GATA1,pca,50,50,"L268P,W269R",538,1.0994552528964725,1.3284504627687497,0.22899520987227717,0.5219513624189394,0.4387290202884389,False,0.8276223191679978,True,11.51335582678379,78.68582732735797,0.14632057916712984,False,False
GATA1,pca,50,50,L288P,413,1.4625590622789133,1.4547343288624006,-0.007824733416512686,1.400074987547163,-0.005588795947437852,False,1.0053788057800435,False,1.279816115643504,59.88474192536982,0.021371322218244667,False,False
GATA1,pca,50,50,L295P,319,1.3049116628221142,1.2113838738696074,-0.0935277889525068,1.3756015753396256,-0.0679904636845269,False,1.077207391455315,False,6.007155697404039,34.072421930841,0.17630550917681026,False,False
GATA1,pca,50,50,L355P,311,1.4202747561731197,1.2756687354435527,-0.14460602072956696,2.663581271173513,-0.054290072653145234,False,1.1133570312666534,False,-3.494433478928239,32.85056617337462,-0.10637361500820883,False,False
GATA1,pca,50,50,L363P,650,1.2852811530191204,1.3784230372818627,0.09314188426274228,1.521548102782025,0.061215208439641206,False,0.9324286654070941,True,2.39731040583249,34.922492758370375,0.06864660041365152,False,False
GATA1,pca,50,50,"L363P,Y364H",559,1.7700759081521724,1.2536020000705648,-0.5164739080816076,1.8467056651795821,-0.2796731053680844,False,1.4119919304951136,False,-1.5049047888300917,37.03503621173421,-0.040634624473602554,False,False
GATA1,pca,50,50,L367P,1080,1.3595669604693654,1.7891009581092092,0.4295339976398438,1.8071718521729203,0.23768298356538567,False,0.7599162888528147,True,-6.9609773323287785,27.51803141956409,-0.2529605852321193,False,False
GATA1,pca,50,50,"L372P,S373P",420,1.3659849326336264,1.0571650498787335,-0.3088198827548929,2.0722499984235987,-0.14902636409208264,False,1.2921207835903366,False,12.726282775119639,109.30472401175942,0.11642939397340683,False,False
GATA1,pca,50,50,L379P,289,1.4118662630114294,1.2889672227386342,-0.12289904027279519,0.9879808866662592,-0.12439414763122902,False,1.0953469088311454,False,7.270291363334831,44.97870239834546,0.16163853058602837,False,False
GATA1,pca,50,50,L386P,287,1.299726109736845,1.895181209663658,0.5954550999268129,2.274190011509028,0.2618317277419144,False,0.6858057177379415,True,27.19420863100128,65.10961366591609,0.4176680999911545,False,False
GATA1,pca,50,50,L387P,224,1.0625383514198248,1.526382190823636,0.46384383940381113,0.5191906853578375,0.8933978449249718,False,0.6961155324057332,True,-4.456997020975581,18.842882736297078,-0.23653477460696923,False,False
GATA1,pca,50,50,L411P,650,1.301857402986597,1.5307254604637777,0.22886805747718064,0.9140474894219244,0.25038967901101594,False,0.8504839284453801,True,0.33092168166209435,43.2445278271145,0.00765233656811036,False,False
GATA1,pca,50,50,L41P,904,1.4839134369048743,1.4638525124349684,-0.020060924469905927,1.1903045451815835,-0.016853606542219488,False,1.0137041978611196,False,1.9035507937944134,41.62697285963111,0.04572878263844243,False,False
GATA1,pca,50,50,L60P,1069,1.1543099540914348,1.2993553043983397,0.1450453503069049,1.0139303883458997,0.14305257241922517,False,0.8883712947367637,True,1.259297422608605,44.01755289199555,0.028608983004995817,False,False
GATA1,pca,50,50,L6P,302,1.2136531423070984,1.2366565708350237,0.02300342852792525,1.0405735702405818,0.022106489330309276,False,0.9813986929997932,True,13.182318554106203,103.53361108808583,0.12732404883367546,False,False
GATA1,pca,50,50,L81P,267,1.4939355952269295,1.8838076037224383,0.38987200849550874,1.2426138435379535,0.3137515411750688,False,0.7930404316634488,True,44.85009202429744,57.94862519457614,0.7739630038452631,False,False
GATA1,pca,50,50,L9P,754,1.482633966780206,1.6153858664888503,0.13275189970864432,1.463720104494115,0.09069486666272544,False,0.9178203162089132,True,3.504279512362591,42.1660967682162,0.08310656619761006,False,False
GATA1,pca,50,50,M1T,353,1.8580088601982698,1.3836341405129033,-0.4743747196853665,1.6196906773587691,-0.2928798234851421,False,1.3428469317109502,False,5.080434293773144,54.41084110677809,0.0933717286928737,False,False
GATA1,pca,50,50,M1V,333,1.3292906779506808,1.1226418560465135,-0.20664882190416733,0.7460778099293932,-0.2769802548124626,False,1.184073683687423,False,-5.70485623330515,47.90319919854798,-0.11909134105343996,False,False
GATA1,pca,50,50,"M1V,E2G",224,1.3514875409198694,1.3887301715109253,0.037242630591055814,1.5473392632063399,0.024068820249466816,False,0.9731822413345163,True,-3.49912418538139,22.78447235023259,-0.1535749492722253,False,False
GATA1,pca,50,50,M234T,430,1.5648474446680982,1.6615508626027342,0.096703417934636,1.9500198493867833,0.04959099158146827,False,0.9417993032225598,True,-4.05006950720683,14.622563111190079,-0.2769739803076979,False,False
GATA1,pca,50,50,"M234V,N235D",284,1.4940657239243826,1.520791644638166,0.026725920713783324,1.2521356183062473,0.02134427000003022,False,0.9824263101339289,True,-5.554638817430401,25.365764864441143,-0.21898171993296134,False,False
GATA1,pca,50,50,M297T,600,1.4708473450081705,1.9948719738356289,0.5240246288274584,0.8432118819435994,0.6214625766652909,False,0.7373141556448393,True,6.567926383172706,51.19646542029915,0.12828866854875795,False,False
GATA1,pca,50,50,"M335T,V336A",363,1.099121605294723,1.2430854832082083,0.1439638779134853,0.5137331013184493,0.28023087775347766,False,0.884188271958629,True,-6.420899464407701,38.22151310934958,-0.16799176542377775,False,False
GATA1,pca,50,50,M335V,1987,1.2429315932350136,1.3200106290750284,0.07707903584001485,1.328068067707054,0.05803846784231017,False,0.9416072612278686,True,-0.5225170662374472,40.525912948788545,-0.012893406421164091,False,False
GATA1,pca,50,50,M380T,394,1.269204753701242,1.5868340501744136,0.3176292964731715,0.5345362954218675,0.5942146477116051,False,0.7998345848211034,True,-2.0158267945823907,30.6795700732657,-0.06570583583043721,False,False
GATA1,pca,50,50,M399T,1621,1.1490718796037065,1.507329482931926,0.35825760332821943,0.4678626283672511,0.7657324642031536,False,0.7623229642988419,True,5.960586302962102,75.95076912861575,0.07847960424032559,False,False
GATA1,pca,50,50,M399V,333,1.2249638818124087,1.3159744102856727,0.09101052847326407,0.9009587635273466,0.10101519865010077,False,0.9308417186824268,True,-1.1004121231446233,44.64430892061448,-0.024648429995889325,False,False
GATA1,pca,50,50,M84T,725,1.2054381128654228,1.1726720169169553,-0.032766095948467466,1.6506084149678986,-0.019850920213020186,False,1.0279413983413812,False,10.010562718164202,91.4344771639698,0.10948345775753955,False,False
GATA1,pca,50,50,M84V,780,1.2542254155421126,1.0785342209717008,-0.17569119457041182,0.41371597099571733,-0.42466621278256267,False,1.162898117791871,False,7.803777956817703,54.766220976750475,0.14249254043163917,False,False
GATA1,pca,50,50,"M84V,E85G",452,1.2421586635614403,1.1967086312289084,-0.045450032332531975,0.7315036170682254,-0.06213234121068327,False,1.0379791965617053,False,4.266704359269861,55.900823713778685,0.07632632358185062,False,False
GATA1,pca,50,50,N160G,540,1.4207896841879482,1.3832764501729784,-0.037513234014969754,2.6125834742421596,-0.014358673850928854,False,1.0271191156404627,False,-2.6226082150820726,24.16909669735638,-0.10851080815812757,False,False
GATA1,pca,50,50,N206G,375,1.4110669852070643,1.4215685007093342,0.010501515502269854,2.6822200613801224,0.00391523262892395,False,0.9926127263673683,True,2.465193083393819,36.42373277274857,0.0676809567754742,False,False
GATA1,pca,50,50,"N238G,R239G",311,1.0529408818478956,1.2068899508796171,0.15394906903172156,0.8556687990703329,0.1799166560694794,False,0.8724415022931304,True,-0.9662854413070523,36.26813280917932,-0.026642822953998044,False,False
GATA1,pca,50,50,N272G,294,1.3177922824459394,1.2944275993785936,-0.023364683067345737,2.0238049088630055,-0.011544928547718693,False,1.0180502046453292,False,-2.462251235478714,38.648574302856424,-0.0637087209526571,False,False
GATA1,pca,50,50,N292G,234,1.0810522899740338,1.120529123412453,0.039476833438419234,1.210968850073314,0.03259937977432635,False,0.9647694713028103,True,3.813596951710608,45.48925601588793,0.08383511373276013,False,False
GATA1,pca,50,50,N292S,376,1.3955771729370738,1.2866635970943499,-0.10891357584272399,2.0076110365859394,-0.054250337270479405,False,1.0846480588155922,False,-0.16373816822586962,41.180856047604635,-0.003976074903265489,False,False
GATA1,pca,50,50,N306G,815,1.201541592850047,1.4159178299848278,0.21437623713478082,2.1416547099867556,0.10009841275305606,False,0.8485955663563627,True,-1.3751401426188967,41.76319918812308,-0.032927078608718484,False,False
GATA1,pca,50,50,N345D,469,1.4799010314105843,1.3793340159779426,-0.10056701543264168,1.7966400404913077,-0.05597504962938526,False,1.0729098349404078,False,-1.7022042137584386,35.39242823131002,-0.04809515195265914,False,False
GATA1,pca,50,50,N345G,499,1.2330928111719963,1.560428574302911,0.3273357631309146,1.0507286944604062,0.3115321441744916,False,0.7902270129364011,True,-0.3586349886614504,18.92025500841534,-0.018955082185834016,False,False
GATA1,pca,50,50,N82D,393,1.4703380642415524,1.4442058869229548,-0.026132177318597627,1.2664833134288558,-0.02063365307818214,False,1.0180944957746123,False,-6.875606636751025,24.148746887325853,-0.28471898226568415,False,False
GATA1,pca,50,50,Q119R,482,1.1885475281605444,1.3824177786347889,0.19387025047424444,0.4425293703441616,0.43809578180871633,False,0.859760013600446,True,3.154579129400566,51.53527996209671,0.0612120305103747,False,False
GATA1,pca,50,50,Q17R,463,1.1233551409691422,1.6191308928015395,0.4957757518323973,1.1755434842094483,0.42174173775103346,False,0.6938013140033604,True,1.8376399226994686,38.26390369954841,0.048025416777357104,False,False
GATA1,pca,50,50,Q257R,380,1.1412262110594682,1.2544862435475927,0.11326003248812455,1.7340992149353154,0.06531346736833009,False,0.9097160028093783,True,7.621404042217774,130.3041266901489,0.05848935283792481,False,False
GATA1,pca,50,50,"Q303R,T304A",291,1.6200439326633411,1.3151706750978605,-0.30487325756548067,1.1367415513407266,-0.2681992729181921,False,1.2318126942290555,False,-3.2810647679630587,19.587417290530837,-0.16750880012901073,False,False
GATA1,pca,50,50,Q365R,706,1.310579778814759,1.4237832089366762,0.11320343012191714,0.6852193609817785,0.16520757667985314,False,0.9204911046770521,True,-6.291030199148299,26.084883859605437,-0.24117531950719054,False,False
GATA1,pca,50,50,R202G,311,1.357423595593275,1.5319964466152847,0.1745728510220097,0.8839717732300856,0.19748690660575063,False,0.8860487885545021,True,9.536040093251756,40.15745870494637,0.23746622422790814,False,False
GATA1,pca,50,50,"R202G,E203G",337,1.4233290910154217,1.4962361379027307,0.07290704688730898,1.3050840742535073,0.0558638698652506,False,0.9512730343557251,True,41.933185231200156,103.71334212554177,0.4043181366235536,False,False
GATA1,pca,50,50,R271G,460,1.3670183264684361,1.6619291150053783,0.2949107885369422,1.1889058756294566,0.2480522592932801,False,0.8225491172431937,True,3.8017890782540738,83.9853633709167,0.04526728141263952,False,False
GATA1,pca,50,50,S107P,263,1.102374736289196,1.2219696290465585,0.11959489275736246,0.8072156815981193,0.1481572961028079,False,0.9021294065625213,True,-1.9029038680578458,30.724485346145503,-0.06193444240381953,False,False
GATA1,pca,50,50,S116P,660,1.1302789346202538,1.610796717011464,0.48051778239121035,2.4470857415131375,0.19636327989639044,False,0.7016893706595564,True,2.4166721617689886,49.83990231113857,0.04848870181731664,False,False
GATA1,pca,50,50,S129G,530,1.5271587191394786,1.611126120405551,0.08396740126607227,1.2080344080160499,0.06950745832146586,False,0.9478827881923135,True,5.6826282634772936,52.1886464997654,0.10888629318069858,False,False
GATA1,pca,50,50,"S129G,T130A",254,1.3393546777890748,1.7452111068642964,0.40585642907522157,0.9183614365520476,0.44193540029184347,False,0.7674456531482641,True,-0.09486163900332567,36.675232230131854,-0.0025865313792175167,False,False
GATA1,pca,50,50,S131G,339,1.0698148281645992,1.2925414423846995,0.22272661422010032,0.8409557647819774,0.26484938155795085,False,0.8276831930362121,True,-7.914857159204889,23.70787738864402,-0.33384925311770314,False,False
GATA1,pca,50,50,S154P,355,1.4601485659737818,2.071496893516642,0.61134832754286,3.199286401148329,0.1910889651277944,False,0.7048760587301607,True,3.1369975631444347,60.23271702890232,0.05208128933714155,False,False
GATA1,pca,50,50,S155P,360,1.2629170844811064,1.465256226411455,0.20233914193034863,0.7981000298135383,0.2535260423152991,False,0.8619086967295164,True,4.861292320303162,51.09408007625478,0.09514394452445336,False,False
GATA1,pca,50,50,"S155P,L156P",580,1.406395517538197,1.3372578173957592,-0.06913770014243781,0.5923729028318123,-0.11671313764003739,False,1.0517010999996095,False,7.8034820777763665,30.391857883796312,0.25676225874749375,False,False
GATA1,pca,50,50,S161G,322,1.4755513055595806,1.534652306591937,0.05910100103235649,1.3364950516186056,0.044220890276234326,False,0.9614889960556574,True,7.728743358227526,27.508341859276708,0.28095998652936405,False,False
GATA1,pca,50,50,S178G,480,1.526168154672451,1.6342532357234703,0.10808508105101922,1.8104352680399771,0.0597011574835453,False,0.9338627094697654,True,3.0350169457524445,45.174374685137494,0.06718448162052754,False,False
GATA1,pca,50,50,S182P,668,1.271582028667975,1.9184062822141676,0.6468242535461926,1.231003254585013,0.5254447956469825,False,0.6628324982340825,True,1.545270598261268,30.133150291568725,0.05128141542816503,False,False
GATA1,pca,50,50,S187P,200,1.1830506857284746,1.3565310604047802,0.17348037467630562,0.6574642484913478,0.26386282611470185,False,0.872114705118112,True,-0.6443265924033739,51.83350683998593,-0.012430696506652737,False,False
GATA1,pca,50,50,S26P,679,1.190442434001504,1.481020608371992,0.29057817437048783,0.8936773512540561,0.32514886268823184,False,0.803798696164056,True,4.700709482393149,58.08381719281707,0.08092976167162894,False,False
GATA1,pca,50,50,S274G,500,1.4644108156906057,1.528845124555609,0.06443430886500323,0.6968567960035781,0.09246420388597658,False,0.957854260166652,True,-5.889419183314775,25.728440700200327,-0.22890696144165934,False,False
GATA1,pca,50,50,S30P,401,1.2110450593768967,1.4993067273140888,0.2882616679371921,1.118552813234317,0.25770948365296936,False,0.8077366941095541,True,7.595939647191775,64.93535560393276,0.1169769469427797,False,False
GATA1,pca,50,50,S310P,697,1.449716930969597,1.343745828079708,-0.10597110288988887,1.4748492106499649,-0.07185216096985772,False,1.0788624609471926,False,-6.0466626988871965,29.662467339331798,-0.20384894586531752,False,False
GATA1,pca,50,50,S320G,1255,1.1645913094306302,1.2535868380301771,0.08899552859954696,1.0198866807830593,0.08726021260638195,False,0.929007288606037,True,25.16783585949743,87.3045417072663,0.2882763641768562,False,False
GATA1,pca,50,50,S341G,797,1.4875066742654504,1.514199752743572,0.026693078478121635,1.2294682919015902,0.02171107514845793,False,0.9823714946262826,True,-9.301633069641545,25.993919778096608,-0.357838800344357,False,False
GATA1,pca,50,50,S343G,1249,1.4315542834948225,1.531804813299484,0.10025052980466143,2.2043921048236355,0.04547763058363978,False,0.9345539791138773,True,9.740135041702233,69.57231166760455,0.14000016397669307,False,False
GATA1,pca,50,50,S389P,611,1.812282155335506,1.3298266743788822,-0.4824554809566237,1.8886305803561916,-0.2554525411028946,False,1.362795761471669,False,-3.5274152252462736,26.89219223062251,-0.13116874946437268,False,False
GATA1,pca,50,50,S393P,247,1.4326165163057354,1.596868252581114,0.1642517362753786,2.726762984563114,0.060236895250980256,False,0.8971413352291971,True,2.2093604341032975,62.99319094951038,0.03507300393583999,False,False
GATA1,pca,50,50,S412G,715,1.4635391757413778,1.4111497361531917,-0.05238943958818609,0.9070149666028574,-0.05776028127121872,False,1.0371253583131441,False,8.531429451847597,49.490885538863296,0.17238385126789038,False,False
GATA1,pca,50,50,S51G,373,1.349370797019013,1.8521148268839198,0.5027440298649068,1.102223728014497,0.4561179523602984,False,0.7285567705806093,True,12.186053378200697,46.47654619061525,0.2621979122162343,False,False
GATA1,pca,50,50,"S51G,T52A",270,1.5158321791028087,1.1192968128662315,-0.39653536623657715,1.232443485721814,-0.3217473018686414,False,1.3542718621892187,False,2.5276038744015854,46.81009285982192,0.053996984837666934,False,False
GATA1,pca,50,50,S72P,335,1.2739247537012073,1.4535857245922408,0.1796609708910335,1.5385351968625138,0.11677404017627314,False,0.8764015304694658,True,-8.208150584993,23.509477150900718,-0.34914220049672695,False,False
GATA1,pca,50,50,T108A,480,1.7104080262073573,1.515404227148153,-0.1950037990592044,1.0387299454161187,-0.18773291356405944,False,1.128681044678213,False,6.336008211452736,67.04981074422,0.09449703349086529,False,False
GATA1,pca,50,50,T135A,250,1.6544018137038599,1.2371591120589969,-0.417242701644863,1.9104193561125793,-0.21840372393100652,False,1.3372587224859447,False,-2.3207699343376227,28.457369080190077,-0.08155251203292618,False,False
GATA1,pca,50,50,"T138A,E139G",370,1.3572313882025178,1.3192655216626186,-0.037965866539899196,0.5099732890063089,-0.07444677468083925,False,1.028778032864872,False,4.64337442533288,40.46083323315355,0.11476220468757191,False,False
GATA1,pca,50,50,T147A,243,1.2416365955127429,1.4907501293248018,0.24911353381205892,0.7699202340284841,0.3235575879187021,False,0.8328938371953127,True,-0.9952211013004835,32.96225494534634,-0.030192749341652378,False,False
GATA1,pca,50,50,T210A,872,1.051412540701655,1.6303202975533928,0.5789077568517378,1.1023892353023996,0.5251391598475976,False,0.6449116423806417,True,3.563201943378698,37.28177728058954,0.09557489484906749,False,False
GATA1,pca,50,50,T212A,1536,1.19205056888039,1.335447250224565,0.14339668134417494,1.270345099668858,0.11288009957416634,False,0.8926227289621048,True,-6.783563031479104,30.507111850789318,-0.22236005376902274,False,False
GATA1,pca,50,50,T256A,352,1.2616329052492823,1.526791175927162,0.26515827067787967,1.2754303855427787,0.2078970939405976,False,0.8263297071278531,True,-3.4270926480314263,27.103534155184544,-0.1264444934896385,False,False
GATA1,pca,50,50,T259A,269,1.528564961373359,1.340113982615648,-0.18845097875771089,4.2455180541481035,-0.04438821749293563,False,1.1406230971412523,False,-4.099021154222315,33.22415692998558,-0.12337472288191766,False,False
GATA1,pca,50,50,"T263A,T264A",271,1.7061744156248295,1.4346342465899689,-0.27154016903486067,1.6645801991771703,-0.1631283185809176,False,1.1892748410825225,False,10.678832871883326,42.354542879049234,0.2521295744444366,False,False
GATA1,pca,50,50,T264A,216,1.3305129068397292,1.6517808467848454,0.32126793994511615,2.1164563706383452,0.15179521033463042,False,0.8055020794250902,True,3.8057408701229383,76.41489581069143,0.04980365188943261,False,False
GATA1,pca,50,50,"T264A,T265A",246,1.815442310134312,1.600733301719103,-0.214709008415209,2.0229700622802778,-0.10613553429119485,False,1.1341316559008443,False,-1.9529975094369068,34.16742149573784,-0.05715963991255618,False,False
GATA1,pca,50,50,T265A,558,1.2188790970658623,2.0207882090251097,0.8019091119592474,0.6028371667623451,1.3302250693434465,True,0.6031701351097486,True,7.083927192989323,86.70476177568283,0.0817017087402468,False,False
GATA1,pca,50,50,"T265A,T266A",397,1.447615773599905,1.3106678153021534,-0.13694795829775153,0.9242049624569542,-0.14817920684355773,False,1.104487160437506,False,-1.1140344500226074,35.355798594007766,-0.031509243018807614,False,False
GATA1,pca,50,50,T266A,408,1.2207973361714792,1.3252224388190506,0.10442510264757132,1.0383637821427085,0.10056697319708668,False,0.9212018302824483,True,12.237828937390251,78.6019883335778,0.15569363061726013,False,False
GATA1,pca,50,50,T267A,223,1.2475876559225068,1.431578817774227,0.18399116185172026,1.1287082846770364,0.1630103759753714,False,0.8714767503072001,True,-5.486923551340249,25.947623979883467,-0.21146150243252027,False,False
GATA1,pca,50,50,T27A,425,1.4797309846560651,1.624394842547666,0.14466385789160086,0.8892991150476044,0.16267176638746228,False,0.9109429221871247,True,-6.525566026219126,26.59793101929308,-0.24534111399438327,False,False
GATA1,pca,50,50,T296A,723,1.5280184965973227,1.4602743095497175,-0.06774418704760521,2.9863023490487626,-0.022684972628168078,False,1.0463914119453999,False,7.9621031964190285,71.4147218084567,0.11149106227388793,False,False
GATA1,pca,50,50,T324A,496,1.258253928390019,1.3262434160140053,0.06798948762398638,0.56724058727422,0.11986005435665054,False,0.9487352873514522,True,0.7461390522629388,45.0547724727219,0.016560710693072158,False,False
GATA1,pca,50,50,T354A,428,1.3198009516716773,1.8553490772525976,0.5355481255809202,1.6713917857797191,0.3204204604434395,False,0.7113491298500224,True,1.8710070929599878,44.64007666702997,0.04191316934591795,False,False
GATA1,pca,50,50,T360A,254,0.9972116169895173,1.3436662881150667,0.3464546711255494,1.6305980045372,0.21247092794270955,False,0.7421572051111248,True,-2.2367059239582234,33.52801613109073,-0.06671154998294435,False,False
GATA1,pca,50,50,T391A,262,1.2455960876927463,1.460421316944359,0.21482522925161263,2.6235217012873626,0.08188429664835548,False,0.8529018806017624,True,2.7906520286766168,27.977485825247097,0.09974634769212576,False,False
GATA1,pca,50,50,T402A,281,1.1282490626477095,1.2453534794874699,0.11710441683976036,1.9667135193507015,0.05954320021068532,False,0.9059669252396073,True,-3.6336996422271213,37.93119277311621,-0.09579713625041898,False,False
GATA1,pca,50,50,"T402A,T403A",581,1.6350475114213054,1.2811694713856632,-0.35387804003564227,2.074123688387273,-0.17061568797316942,False,1.2762148552079542,False,6.599478221870877,61.26520360146854,0.10771984477192997,False,False
GATA1,pca,50,50,"T403A,S404G",727,1.239663688623473,1.4719761879053799,0.23231249928190678,1.1922660338778417,0.1948495492455749,False,0.8421764555767121,True,0.5089205567891448,37.46229368597644,0.013584874462175633,False,False
GATA1,pca,50,50,"T405A,T406A",608,1.585888450951586,1.2809800032936423,-0.3049084476579438,1.6965472751546857,-0.17972293028506572,False,1.238027484327598,False,-4.8151420533505,24.533123687268695,-0.19627105438062445,False,False
GATA1,pca,50,50,T48A,268,1.4525185642685372,1.1380888174004866,-0.3144297468680506,0.892794470423268,-0.35218603753110334,False,1.2762787420987414,False,8.145566071738333,55.104031483252015,0.14782159948159232,False,False
GATA1,pca,50,50,T52A,368,1.019560362136339,1.3457214164950848,0.32616105435874587,0.9751117254274876,0.3344858295245679,False,0.7576310740389134,True,2.358771478804827,40.92703542010925,0.05763357777059657,False,False
GATA1,pca,50,50,T54A,721,1.30720464726301,1.2667992505114718,-0.04040539675153809,1.5673614844102164,-0.025779245664405405,False,1.0318956588703572,False,-3.1923129997870534,29.520148432235768,-0.10814014052521068,False,False
GATA1,pca,50,50,V109A,438,1.5215863273767525,1.7109254505616498,0.18933912318489732,1.4289755479052648,0.13249990418831836,False,0.8893352582237043,True,0.475507402739892,40.47195525044663,0.011749059312735937,False,False
GATA1,pca,50,50,"V109A,C110R",246,1.3476081497273356,1.7963193634620929,0.4487112137347573,1.0479548973192938,0.42817798254731826,False,0.7502052124684864,True,-3.868626723802853,40.71766458215887,-0.09501101704880091,False,False
GATA1,pca,50,50,V121A,965,1.4484331403766753,1.4250049519450378,-0.02342818843163741,1.844097577536356,-0.012704419070349074,False,1.0164407768546064,False,5.112535454352824,79.55800313805034,0.06426173675427059,False,False
GATA1,pca,50,50,V158A,399,1.1940124063140303,1.2505675520600121,0.05655514574598186,1.1334392628025884,0.04989693546184494,False,0.9547764167934625,True,1.5471300586857173,55.49277878210252,0.027879844776933324,False,False
GATA1,pca,50,50,V19A,1033,1.4404037295852525,1.4493232605242028,0.00891953093895026,1.1831782379324978,0.007538619840182637,False,0.9938457270493788,True,1.1258049381531428,44.37786686676898,0.02536861317676735,False,False
GATA1,pca,50,50,V291A,722,1.5438827993405617,1.3043092599188437,-0.239573539421718,1.5172106143103739,-0.15790394369908406,False,1.183678477784191,False,-1.1403163350008843,52.29602513756804,-0.021805028814354612,False,False
GATA1,pca,50,50,V32A,234,1.7205708406781106,1.1296742791500982,-0.5908965615280124,2.4155983861471313,-0.24461705427386454,False,1.5230680846983335,False,-3.047046394265471,42.76833342454834,-0.07124538531858048,False,False
GATA1,pca,50,50,V349A,209,1.4242629954789834,1.4786545339244235,0.05439153844544009,1.094620526297641,0.04968985793589107,False,0.9632155197867063,True,14.388594592058965,114.7684745046375,0.1253706181437269,False,False
GATA1,pca,50,50,V370A,658,1.2328828911245964,1.7122525302641627,0.4793696391395663,1.5407936706748624,0.3111186450614144,False,0.720035666079226,True,1.739139245377603,48.199478827671136,0.036082117227773214,False,False
GATA1,pca,50,50,"V371A,L372P",238,1.2260116311563003,1.625403980337925,0.3993923491816247,1.7194944511823544,0.23227312475884732,False,0.7542811793172857,True,1.8597352433641827,24.688600313834115,0.07532769050184229,False,False
GATA1,pca,50,50,V407A,697,1.6038896011199277,2.3067411118194343,0.7028515106995066,1.131855355289383,0.6209729073727867,False,0.6953054215324862,True,11.632287038249164,67.71268466162677,0.17178889149614915,False,False
GATA1,pca,50,50,"V407A,V408A",1121,1.1418722525694385,1.4532298452515384,0.31135759268209995,2.4705612158433574,0.12602707056413257,False,0.7857478679649554,True,2.747082301652587,67.32258154456837,0.04080476771132113,False,False
GATA1,pca,50,50,V408A,664,1.2153375218363713,1.6728538487999849,0.45751632696361355,3.1137981768908483,0.14693191432864386,False,0.7265054999922371,True,20.72207595238714,115.29715428944861,0.17972755771894636,False,False
GATA1,pca,50,50,V74A,952,1.0648216760248772,1.643856832533686,0.5790351565088088,0.7080545910639382,0.8177832102447609,False,0.6477581593183279,True,-7.246784847973474,26.272897004524964,-0.27582739911496496,False,False
GATA1,pca,50,50,"V74A,F75P",369,1.334995275785488,1.368526025824906,0.03353075003941797,1.3427488495095032,0.02497172129521207,False,0.9754986391148779,True,2.761131169556,36.5138148239733,0.07561880846651958,False,False
GATA1,pca,50,50,V77A,550,1.6063808016441268,1.5471648029240974,-0.05921599872002936,1.057463416772459,-0.055998153487678747,False,1.0382738791679547,False,-1.3242941987057675,22.686373525365507,-0.058373992530145094,False,False
GATA1,pca,50,50,"V77A,Y78H",406,1.2036011750780773,1.4090222731972801,0.20542109811920284,0.8779340356771884,0.23398238338117588,False,0.8542101838794415,True,2.9666854639937243,39.28905146297778,0.07550921576178145,False,False
GATA1,pca,50,50,W215R,382,1.4385840802932854,1.4140808184248392,-0.024503261868446202,1.1961352770696145,-0.020485360091106252,False,1.0173280491108991,False,-1.0013317122535748,45.88767640377446,-0.021821364486679713,False,False
GATA1,pca,50,50,W269R,576,1.263186881917722,1.6736141140131089,0.4104272320953868,1.9845412731457084,0.2068121422563392,False,0.7547659112940702,True,0.1318250225482518,28.38493927649523,0.004644188992766751,False,False
GATA1,pca,50,50,W96R,972,1.2659175560169906,1.4972384461183204,0.23132089010132972,1.203844212718102,0.19215184793640483,False,0.8455016362283223,True,-4.238198482090638,22.939919082589384,-0.1847521112359671,False,False
GATA1,pca,50,50,Y104C,1038,1.5165789087638935,1.4995261506174131,-0.01705275814648033,2.0815143743784565,-0.008192476764217548,False,1.0113720978720238,False,8.472212049689016,51.226534277006756,0.1653871800867037,False,False
GATA1,pca,50,50,Y163H,427,1.3852214726201737,1.5010574843799773,0.11583601175980363,1.4491257941534093,0.07993509757893444,False,0.9228303959274081,True,2.1666331025881505,35.138137015898536,0.06166044322747787,False,False
GATA1,pca,50,50,Y185C,255,1.639239181140983,1.8041192457694777,0.1648800646284947,0.9967366287564683,0.16541989114436337,False,0.9086091093949993,True,-0.5098077435750805,36.39199221503567,-0.014008789091915913,False,False
GATA1,pca,50,50,Y185H,1166,1.5053564250743285,1.7617135454904087,0.25635712041608016,1.2333346739763689,0.20785689871960258,False,0.8544842201660441,True,-5.703666430501206,28.532589577775518,-0.19990006217114908,False,False
GATA1,pca,50,50,"Y185H,S186P",436,1.8228606983077515,1.8439950195025574,0.02113432119480585,1.5484772162619864,0.01364845473530696,False,0.98853884041373,True,5.264165550256769,76.19079069860763,0.06909188764138881,False,False
GATA1,pca,50,50,Y223C,490,1.4544937974005148,1.1905074579344017,-0.26398633946611305,1.2155337907860286,-0.21717729401451313,False,1.2217427011537958,False,6.452870984358478,53.10236917528376,0.1215175722773954,False,False
GATA1,pca,50,50,Y231C,476,1.2407450492487246,1.4951451995196692,0.25440015027094454,2.162203421362759,0.11765782430896594,False,0.8298492010323324,True,-2.2832027008889506,46.97260873968807,-0.04860710874164901,False,False
GATA1,pca,50,50,"Y286C,K287E",253,1.5829010733680526,1.8569206314723363,0.2740195581042837,3.155674858471692,0.08683390095422969,False,0.8524333493526776,True,-2.519281316752057,55.790808968259995,-0.04515584848725358,False,False
GATA1,pca,50,50,"Y364C,Q365R",403,1.5838399505158947,1.3093136459972605,-0.27452630451863413,1.0809300858795012,-0.2539723041340506,False,1.2096719188392302,False,6.41984656672454,48.53662391909877,0.13226809053355648,False,False
GATA1,pca,50,50,Y62C,602,1.6413485976493973,1.3772199715775102,-0.26412862607188714,3.1253208514022166,-0.08451248323940319,False,1.1917839063641709,False,0.1074827525428046,23.859533105479933,0.004504813739130482,False,False
GATA1,pca,50,50,"Y62C,Y63C",295,1.1201525215743153,1.6308597982419109,0.5107072766675955,0.7089538214173399,0.7203674784439273,False,0.68684783497751,True,6.5476137591243795,42.685886273333836,0.1533906012211516,False,False
GATA1,pca,50,50,Y62H,382,1.3355844649593536,1.2991375165614407,-0.03644694839791285,1.8047014941524608,-0.020195555063265116,False,1.02805472702719,False,2.3520127242903883,47.721726440544344,0.04928599402665617,False,False
GATA1,pca,50,50,"Y62H,Y63H",234,1.7827314923763886,1.2523261488660147,-0.5304053435103739,1.1981243095099678,-0.44269642081405514,False,1.4235361083777238,False,-1.8605766065511986,41.050266467259085,-0.045324349064461235,False,False
GATA1,pca,50,50,Y63H,325,1.18015128867669,1.5678881083144383,0.3877368196377482,1.069025737720401,0.3627011080804857,False,0.7527012179111521,True,17.768862898061837,109.60697949700263,0.1621143377876566,False,False
GATA1,pca,50,50,Y69C,419,1.1657631496264056,1.6064246254052215,0.44066147577881587,1.3454371874070916,0.3275228898853708,False,0.7256880473507067,True,0.49294770111836606,26.207950957574223,0.018809089726867862,False,False
GATA1,pca,50,50,Y78C,228,1.3494606634492357,1.79492716999696,0.44546650654772435,1.9355311990915363,0.2301520671724688,False,0.7518191746195034,True,-7.3122474768138686,18.318890215659327,-0.3991643265902224,False,False
GATA1,pca,50,50,Y78H,304,1.2158046803431137,1.1512938113216293,-0.0645108690214844,0.6397804079609458,-0.10083282985655656,False,1.0560333673186595,False,0.5125337637901612,14.870285332687931,0.03446697573875782,False,False
GATA1,pca,50,50,Y93C,769,1.3448808763383049,1.47474432531423,0.12986344897592517,1.4375948419860254,0.09033383063375484,False,0.9119417198311615,True,4.104990880937256,52.17096934377511,0.0786834312755021,False,False
GATA1,pca,50,50,Y93H,824,1.2283408455375522,1.3801445666667256,0.1518037211291734,0.9843720410702999,0.15421376755491595,False,0.8900088260349391,True,-1.2791686238728683,54.4831729063417,-0.023478232922884278,False,False
GATA1,pca,50,50,Y98H,508,1.4829897574742716,1.584051997378804,0.10106223990453245,1.489777925390238,0.06783711731938828,False,0.9362001752014679,True,8.548857587205633,130.74289978114538,0.0653867827737937,False,False
GATA1,pca,100,50,C199R,1048,0.7528406537882617,0.5876866241514378,-0.1651540296368239,0.627223735015998,-0.2633095981812797,False,1.2810239723854362,False,-2.2162340482924447,10.904418988568256,-0.20324182797963405,False,False
GATA1,pca,100,50,C204R,964,0.8060005736814624,0.9474506506769522,0.14145007699548984,1.2611847914615746,0.11215650391055282,False,0.8507045439312074,True,12.116358670902244,43.20412401605059,0.2804444933636646,False,False
GATA1,pca,100,50,C228R,645,0.5653563974446563,0.5904610528676315,0.02510465542297524,0.3949962128161917,0.06355669904778934,False,0.957482961321408,True,-1.186363173582694,16.968499893421452,-0.06991561900192705,False,False
GATA1,pca,100,50,C261R,463,0.5392621089520873,0.5781865925064054,0.0389244835543181,0.7464452205145713,0.052146470343108396,False,0.9326783359233863,True,1.992622501621867,19.48071755452972,0.10228691505044361,False,False
GATA1,pca,100,50,D144G,560,0.6021992828750342,0.8461621024191359,0.2439628195441017,0.7136952327877807,0.34183052980633366,False,0.711683117399581,True,-0.5914043584511175,19.636663628350107,-0.030117354436793798,False,False
GATA1,pca,100,50,E200G,932,0.5541463860597702,0.7200630204068936,0.16591663434712345,0.2624559044061874,0.632169562816709,False,0.7695803983193482,True,1.7090227256153043,25.817989818458866,0.06619503445591333,False,False
GATA1,pca,100,50,E203G,634,0.6712331718011022,0.563646426047459,-0.10758674575364324,0.20913198018862122,-0.5144442550422377,False,1.19087630255742,False,-0.1426959107445458,19.65921243652403,-0.0072584754453050735,False,False
GATA1,pca,100,50,E2G,853,0.7362339469813932,0.6409720585876038,-0.09526188839378946,0.7648576038809421,-0.12454852760883049,False,1.1486209689135298,False,-0.7309885950669135,16.274422061605954,-0.04491640884694985,False,False
GATA1,pca,100,50,E328G,804,0.5737339852835213,0.5754660284166775,0.0017320431331562247,1.2084548335931928,0.0014332708885827416,False,0.9969901904758449,True,2.2811366057765503,28.24347819467883,0.080766844297751,False,False
GATA1,pca,100,50,E39G,692,0.9107685820442093,0.7840384986410811,-0.1267300834031282,0.36766672950849266,-0.3446873846119951,False,1.1616375772653773,False,2.436056318468825,21.918379328303754,0.11114217351476731,False,False
GATA1,pca,100,50,E85G,473,0.6092200187953374,0.6053331532903385,-0.0038868655049988377,1.2500244624817378,-0.0031094315524690165,False,1.0064210352330307,False,7.108329013512208,24.89710477125887,0.2855082580412337,False,False
GATA1,pca,100,50,F394P,782,0.5213090677353946,0.6751925870916224,0.1538835193562278,0.6002577314835573,0.2563624111527884,False,0.7720894418893464,True,-1.5232902736542528,16.701640147511185,-0.09120602888101668,False,False
GATA1,pca,100,50,F3P,448,0.798493670701589,0.7006551757207689,-0.0978384949808202,0.9525533433820962,-0.10271182780529531,False,1.1396385816748917,False,7.949170047503734,20.673569934530054,0.3845088232307002,False,False
GATA1,pca,100,50,F75P,555,0.8621753232481879,0.6775158580794596,-0.18465946516872833,0.8160989581758,-0.22627092378783542,False,1.2725537165907508,False,0.7204226536766929,26.818458697042303,0.026862940253764296,False,False
GATA1,pca,100,50,"H222R,Y223C",529,0.6430612905429296,0.668517608650248,0.02545631810731841,0.41109912136617105,0.061922579699809556,False,0.9619212451879685,True,0.4248991112573739,20.51709088223477,0.020709520355309402,False,False
GATA1,pca,100,50,H362R,785,0.7048102395793769,0.664799522254544,-0.04001071732483297,0.8462593096458,-0.047279500347924525,False,1.0601846360977276,False,4.358813248403273,28.025085508067782,0.15553255839838454,False,False
GATA1,pca,100,50,H378R,493,0.9025244462231115,0.6935423209516323,-0.2089821252714792,0.8848476715081375,-0.23617864633727217,False,1.3013256999006606,False,2.1401851622709067,16.20987355707726,0.13202972587879924,False,False
GATA1,pca,100,50,I242V,488,0.7149486184186031,0.7593850595578928,0.044436441139289684,1.6705902690415133,0.026599245765261584,False,0.9414836510410671,True,5.527063889529503,22.158988533150005,0.24942762532960272,False,False
GATA1,pca,100,50,K137E,425,0.6284163005464762,0.5734470283546891,-0.054969272191787155,0.37041496583702055,-0.148399166506607,False,1.0958576284709378,False,-1.3124670620199432,13.102053714116476,-0.10017262107587445,False,False
GATA1,pca,100,50,K308G,501,0.6313293774119835,0.7610570083577883,0.12972763094580486,0.6020711007828596,0.21546895504056401,False,0.8295428206807639,True,2.2269095750567,12.783398845715835,0.17420324609546353,False,False
GATA1,pca,100,50,K316G,516,0.739121396696035,0.7100308707885681,-0.02909052590746697,0.5416238466511342,-0.05370983217842787,False,1.0409707902913554,False,-0.25514029985235687,16.387935797096013,-0.015568788101889466,False,False
GATA1,pca,100,50,L103P,438,0.7274511032826645,0.8416405731679326,0.11418946988526812,0.694433197737548,0.1644354997101169,False,0.8643251364944785,True,-2.431023074947262,12.1524274401518,-0.20004423699870247,False,False
GATA1,pca,100,50,L124P,1138,0.6884203984917612,0.6889963402579973,0.0005759417662360988,0.4173227666247925,0.0013800870987561477,False,0.9991640858846645,True,0.881579715723503,23.70807149245167,0.03718479236087111,False,False
GATA1,pca,100,50,L136P,418,0.8130649310030513,0.7387958959984466,-0.07426903500460469,0.653198342234003,-0.11370058709977315,False,1.1005271353114836,False,4.153009935937771,25.354583399243232,0.16379720662504466,False,False
GATA1,pca,100,50,L146P,402,0.5696727692077204,0.7655226016669339,0.1958498324592135,0.5365504685287288,0.3650166087754092,False,0.7441619201931486,True,0.30900310512998397,9.6841390425869,0.0319081648633001,False,False
GATA1,pca,100,50,L148P,1096,0.5913056387049984,0.6517730670719466,0.060467428366948184,0.9785484802096027,0.061792981737599964,False,0.9072262549316518,True,0.05929560710356907,16.28081165951354,0.0036420547294348338,False,False
GATA1,pca,100,50,L152P,416,0.5606167018103392,0.6691280190091824,0.10851131719884322,1.043077924900709,0.10402992394760195,False,0.8378317539900326,True,1.0689853780709253,25.961965267732502,0.04117505616570335,False,False
GATA1,pca,100,50,L180P,1501,0.6323254506462916,0.8191120718536347,0.18678662120734302,0.44348910073708825,0.4211752236907282,False,0.7719645117857333,True,1.7421655350119105,21.039824261668095,0.08280323606057473,False,False
GATA1,pca,100,50,L194P,600,0.5896825539824988,0.8215398055040453,0.23185725152154646,0.6066281131598225,0.3822065718547753,False,0.7177772154578762,True,4.303190828522387,23.43975450771417,0.18358514920052513,False,False
GATA1,pca,100,50,L248P,646,0.6468441437709167,0.6872973626638448,0.04045321889292808,0.7590673667250505,0.053293318440840114,False,0.9411416061075246,True,0.6123988174257651,15.279266737923336,0.040080380029349404,False,False
GATA1,pca,100,50,"L268P,W269R",538,0.8366173436557602,0.5462381927204127,-0.2903791509353475,0.6400783629266433,-0.4536618760359919,False,1.531598036909835,False,5.0142289033782275,28.22745267241819,0.17763660651808538,False,False
GATA1,pca,100,50,L288P,413,0.6633324742839832,0.8725760882220719,0.20924361393808866,0.9657785652089665,0.21665796019485523,False,0.760200151296335,True,-0.7374915253397161,14.288646435418237,-0.051613813013921726,False,False
GATA1,pca,100,50,L363P,650,0.694426643178307,0.5476399801161236,-0.14678666306218346,0.7459863372916891,-0.19676856763234288,False,1.2680349652906244,False,5.70042381315462,23.802041049788237,0.2394930670538162,False,False
GATA1,pca,100,50,"L363P,Y364H",559,0.6743483345052432,0.5853587790641548,-0.08898955544108844,0.8212486736563263,-0.10835884220657936,False,1.1520256612250028,False,2.5897992717342833,26.934725725445027,0.0961509427693084,False,False
GATA1,pca,100,50,L367P,1080,0.7130077670824697,0.7237457936227791,0.01073802654030942,0.2575321335999302,0.04169587068692048,False,0.985163262246321,True,2.6873291262271906,27.702243971690486,0.09700763335177574,False,False
GATA1,pca,100,50,"L372P,S373P",420,0.6251341203454004,0.6150880440317401,-0.01004607631366028,0.7575137333402746,-0.013261906512720066,False,1.0163327452242623,False,1.8525788811424373,24.578364500537262,0.07537437574831074,False,False
GATA1,pca,100,50,L411P,650,0.5559445324067127,0.6657015768884236,0.10975704448171086,0.37762170961259633,0.2906534282531348,False,0.8351257556054926,True,-4.48259552286779,15.924948478267604,-0.28148257615935657,False,False
GATA1,pca,100,50,L41P,904,0.6568008915498886,0.6562574659179177,-0.0005434256319709618,0.6808550190667906,-0.0007981517602907659,False,1.0008280677328536,False,-5.04709631253835,14.674582693421293,-0.343934571631873,False,False
GATA1,pca,100,50,L60P,1069,0.5851579888632514,0.494196781837104,-0.0909612070261474,0.3286851432686758,-0.27674267878847614,False,1.184058679394901,False,-2.771100978503323,9.173959538086809,-0.30206160894854184,False,False
GATA1,pca,100,50,L9P,754,0.635189967898171,0.5896837554037013,-0.04550621249446962,0.5379742489503561,-0.08458808685221829,False,1.0771705377288472,False,-1.6495621897623591,12.048175155225078,-0.13691386193426758,False,False
GATA1,pca,100,50,M234T,430,0.6219713921699714,0.7452779445311251,0.12330655236115362,0.2968466231365926,0.41538809186458114,False,0.8345495754087703,True,7.214253001519966,27.496243620694692,0.2623723116887956,False,False
GATA1,pca,100,50,M297T,600,0.5204947227759895,0.6205594633754501,0.10006474059946058,0.6462946846919574,0.15482835147739812,False,0.8387507620056718,True,-2.831861364522008,14.98033793631197,-0.1890385501689949,False,False
GATA1,pca,100,50,M335V,1987,0.5689095106022002,0.5628433208428731,-0.006066189759327045,0.6881416215368573,-0.008815321685933127,False,1.0107777591643847,False,-0.7192578160048984,24.53383084168896,-0.029316979506629023,False,False
GATA1,pca,100,50,M399T,1621,0.623150368431677,0.640719535948417,0.01756916751673998,0.8692854752469377,0.020211044607353082,False,0.9725790044926078,True,-1.6050756765049385,10.527918553631444,-0.1524589754687352,False,False
GATA1,pca,100,50,M84T,725,0.6533787027775588,0.6676616399459654,0.014282937168406562,0.5814558206125144,0.02456409698222764,False,0.9786075216638738,True,-4.458832717200413,7.828761035525996,-0.5695451294230026,False,False
GATA1,pca,100,50,M84V,780,0.530156968265306,0.6750409214405231,0.14488395317521707,0.21062979880317412,0.6878606635835315,False,0.7853701182055189,True,-1.2227493210694413,20.336688495206502,-0.06012529135988152,False,False
GATA1,pca,100,50,"M84V,E85G",452,0.5150118674698092,0.6060233908015142,0.09101152333170504,0.36605190546126676,0.24863010402041272,False,0.8498217647814963,True,1.562249221063814,30.508924877397174,0.05120630200316305,False,False
GATA1,pca,100,50,N160G,540,0.5868667652695834,0.5904875746468008,0.0036208093772174266,0.4198537305257196,0.00862397809990549,False,0.9938681023400311,True,-0.08066877491232072,22.965883298923938,-0.0035125483249364257,False,False
GATA1,pca,100,50,N306G,815,0.6021722232291573,0.6918724615867831,0.08970023835762575,0.39984330472350044,0.22433847784360236,False,0.8703514833472318,True,4.4560758096170225,35.360588887600386,0.12601814477076198,False,False
GATA1,pca,100,50,N345D,469,0.6589864513236137,0.6707166420642672,0.011730190740653512,0.7251147929329095,0.01617701204688957,False,0.9825109591666736,True,-1.1389662468990722,10.339458271502473,-0.11015724586251113,False,False
GATA1,pca,100,50,N345G,499,0.6369513837020122,0.8803430788954962,0.24339169519348403,0.5219929617156088,0.46627390222569365,False,0.723526314878456,True,6.3713786520756805,39.11965970206998,0.16286896922415062,False,False
GATA1,pca,100,50,Q119R,482,0.5961088097703922,0.7333415333537694,0.13723272358337724,0.2836611548584744,0.4837910345949415,False,0.8128665603381622,True,-3.871819290037269,11.939863712607739,-0.32427667377382824,False,False
GATA1,pca,100,50,Q17R,463,0.5499460600136814,0.6222553659941212,0.07230930598043983,0.48349845052114904,0.14955436962103957,False,0.8837948052646878,True,0.45657128035331396,12.678816953716652,0.036010558557632244,False,False
GATA1,pca,100,50,Q365R,706,0.8131088147573706,0.8297947747522336,0.016685959994862998,0.8751982038317533,0.019065349907951456,False,0.9798914617173322,True,-2.030653006693234,17.688034449342304,-0.11480376819193384,False,False
GATA1,pca,100,50,R271G,460,0.8797617471780228,0.6074562208650676,-0.27230552631295524,0.7928494445403614,-0.3434517463410962,False,1.4482718539373418,False,1.6612848596972332,12.774364366162118,0.13004833838134394,False,False
GATA1,pca,100,50,S116P,660,0.7168988677901922,0.6273463122463028,-0.08955255554388941,0.5848802382851286,-0.15311263688179635,False,1.1427481979183614,False,7.277557438067898,21.497376960912696,0.33853234519263514,False,False
GATA1,pca,100,50,S129G,530,0.5677166488179743,0.8685808850917489,0.30086423627377457,0.47064698481545475,0.639256695528914,False,0.6536140255469771,True,0.5775723851136183,32.075360917036114,0.018006730668051613,False,False
GATA1,pca,100,50,"S155P,L156P",580,0.697055644904033,0.7132273256820767,0.01617168077804365,0.7450774740149573,0.02170469695037245,False,0.9773260499202294,True,3.8746366370626903,25.263292976902097,0.15337021347950247,False,False
GATA1,pca,100,50,S178G,480,0.642462561684777,0.8764748060095116,0.23401224432473455,0.6889979362461964,0.33964142998697755,False,0.7330074490216493,True,-1.7390977819091529,19.52808626064416,-0.08905623206991028,False,False
GATA1,pca,100,50,S182P,668,0.6932739452850996,0.6118398939149792,-0.08143405137012039,0.493081756135598,-0.16515324356824496,False,1.1330969951126404,False,4.008440874287929,24.31718003604469,0.16483987322322438,False,False
GATA1,pca,100,50,S26P,679,0.72429757766621,0.5828872481933729,-0.14141032947283705,0.7908775747979249,-0.17880179433456367,False,1.2426032305752623,False,0.6839051129571694,19.88419826889865,0.03439440221368551,False,False
GATA1,pca,100,50,S274G,500,0.607614175920073,0.6253011735965295,0.01768699767645643,0.33103591136632227,0.053429241569154434,False,0.9717144339027439,True,1.2279214413138975,23.257480524435742,0.052796838420385545,False,False
GATA1,pca,100,50,S30P,401,0.7035675129693644,0.8834502428236242,0.1798827298542598,1.410199126172512,0.12755838981583262,False,0.7963861221212293,True,1.7152672331578434,16.72882873638402,0.10253361189760156,False,False
GATA1,pca,100,50,S310P,697,0.5605472225199151,0.807070736876657,0.2465235143567419,0.5091573999325689,0.484179380265102,False,0.6945453439300977,True,0.41745910606762626,23.744077761069267,0.017581609623604385,False,False
GATA1,pca,100,50,S320G,1255,0.48770680343813666,0.7828289504432817,0.29512214700514505,0.4619359505549704,0.6388810973698518,False,0.623005578884084,True,3.744345489989258,24.53314473561594,0.15262395140698828,False,False
GATA1,pca,100,50,S341G,797,0.668768779849497,0.7210276408711707,0.05225886102167365,0.5536306042858332,0.09439301335063659,False,0.9275216953423135,True,-1.6193608068009309,30.24043791761385,-0.053549515758094156,False,False
GATA1,pca,100,50,S343G,1249,0.699022011011543,0.6375352690322593,-0.06148674197928372,0.338620925049928,-0.18157986536188747,False,1.0964444556496724,False,7.409785956187174,19.926726274729152,0.3718516455753287,False,False
GATA1,pca,100,50,S389P,611,0.8065271822728768,0.8391868630435404,0.03265968077066361,0.5782899985887457,0.056476302288412446,False,0.9610817540062361,True,2.0102225479504314,12.89261465437431,0.15592047089287564,False,False
GATA1,pca,100,50,S412G,715,0.6172929013358832,0.6614101549509002,0.04411725361501695,0.7604686794820655,0.058013242103624844,False,0.933298191319285,True,-2.782950871837622,8.411572799914259,-0.3308478613970968,False,False
GATA1,pca,100,50,T108A,480,0.7391257124126902,0.7142466756962804,-0.024879036716409786,0.48284276603480836,-0.05152616641794369,False,1.0348325551423205,False,5.931019256841099,46.75250506821595,0.12685992436527685,False,False
GATA1,pca,100,50,T210A,872,0.644719470867809,0.7145235850634499,0.06980411419564092,0.9173638120955847,0.07609207304153795,False,0.9023067738352649,True,4.262640741639936,27.668150957808482,0.1540630867649989,False,False
GATA1,pca,100,50,T212A,1536,0.809723247300834,0.5401309447019287,-0.2695923025989053,0.6764672380665043,-0.39852972535589576,False,1.4991239721465688,False,4.97287691653217,15.82884555715722,0.3141654834255186,False,False
GATA1,pca,100,50,T265A,558,0.5702120841902207,1.0121885108233641,0.4419764266331434,0.49596668282976736,0.8911413648018062,False,0.5633457385585043,True,13.791586271952056,33.63478630257677,0.41003936067509605,False,False
GATA1,pca,100,50,T266A,408,0.6449454763695002,0.7314381025142929,0.0864926261447927,0.8752940369619557,0.09881550940869949,False,0.8817499035838066,True,-4.848726843507601,12.146824026261736,-0.3991765117387502,False,False
GATA1,pca,100,50,T27A,425,0.6875365858854501,0.5474765564217954,-0.1400600294636547,0.4678852092785059,-0.2993469908562226,False,1.2558283598097075,False,2.417402786974613,19.428750982572602,0.1244239935517728,False,False
GATA1,pca,100,50,T296A,723,0.7144089585673292,0.5628207067871571,-0.1515882517801721,1.146392450639098,-0.13223067867872276,False,1.2693366643269195,False,-3.9883787679467178,17.857947888138277,-0.22333914248881334,False,False
GATA1,pca,100,50,T324A,496,0.7150627899221362,0.5963237776964263,-0.11873901222570993,0.6322598968373838,-0.18780095467014793,False,1.1991183592986914,False,4.127661024450006,31.40037164459576,0.13145261690431004,False,False
GATA1,pca,100,50,T354A,428,0.888360877814879,0.7333781581091152,-0.15498271970576383,1.0737051947573821,-0.14434382963079936,False,1.2113271550183047,False,-0.18507300119746994,20.30585663105338,-0.009114267108260833,False,False
GATA1,pca,100,50,"T402A,T403A",581,0.6783399830374606,0.6162577210472406,-0.062082261990219934,1.2038152050550883,-0.051571255895026646,False,1.10074074509723,False,4.802900566351203,21.294274432715856,0.2255489183971527,False,False
GATA1,pca,100,50,"T403A,S404G",727,0.6263482062329793,0.6881391527333527,0.06179094650037342,0.8977504742205477,0.06882864256242478,False,0.9102057392680913,True,0.6334811126822932,12.188023774364488,0.051975703724398456,False,False
GATA1,pca,100,50,"T405A,T406A",608,0.7359487040352235,0.6543011359351816,-0.08164756810004192,1.330056166186405,-0.061386556579896466,False,1.1247859183116722,False,2.0570933953742574,21.396659575477017,0.09614086666742683,False,False
GATA1,pca,100,50,T54A,721,0.8464997175295252,0.7222527552841314,-0.12424696224539389,1.6509861921181466,-0.0752562091909383,False,1.1720269827098349,False,0.3341334167812984,16.199984099103425,0.020625539799127995,False,False
GATA1,pca,100,50,V109A,438,0.5571989131697173,0.8822015288674692,0.3250026156977519,0.38984977301654994,0.8336611643581869,False,0.6316004846251222,True,1.7445326229359632,22.307067980734587,0.07820537528475827,False,False
GATA1,pca,100,50,V121A,965,0.5683512918202531,0.660933387237673,0.09258209541741991,1.2743237068735596,0.07265194464957564,False,0.8599221991124392,True,-0.5346160179544484,11.091656576741334,-0.04819983509726691,False,False
GATA1,pca,100,50,V19A,1033,0.6443697433482249,0.5845265055689204,-0.05984323777930456,0.873903488596558,-0.06847808546388753,False,1.1023789977172362,False,-0.48895140154827454,13.028878162490985,-0.03752828105768334,False,False
GATA1,pca,100,50,V291A,722,0.6851195240551782,0.5418749472677646,-0.14324457678741354,0.48382286841591804,-0.2960682227700602,False,1.2643498790812893,False,0.6860701886153668,38.60650634389299,0.017770843663088762,False,False
GATA1,pca,100,50,V370A,658,0.6214850021845244,0.7448797217679761,0.12339471958345172,0.9024694775676063,0.13673007525532396,False,0.8343427590019854,True,-2.178535978161035,16.256987330594512,-0.13400613126278216,False,False
GATA1,pca,100,50,V407A,697,0.7631950760020239,0.7623386597788304,-0.0008564162231934347,0.5826045839044229,-0.0014699785186275344,False,1.0011234065230823,False,1.544990373952285,11.637681236724665,0.1327575779509072,False,False
GATA1,pca,100,50,"V407A,V408A",1121,0.9122365891618323,0.6241171641112082,-0.28811942505062405,1.555333471827765,-0.18524607762220777,False,1.4616431683319089,False,1.53833476496745,13.671489134439398,0.11252137567752452,False,False
GATA1,pca,100,50,V408A,664,0.5424948488591177,0.6283718983293838,0.08587704947026609,1.1519591136515714,0.07454869574150613,False,0.8633340388095291,True,-3.588214372987087,8.34170097572221,-0.4301537999779985,False,False
GATA1,pca,100,50,V74A,952,0.6504657477733176,0.8536061803322674,0.20314043255894987,0.8145543852026508,0.24938842175456596,False,0.7620208976464098,True,0.1222586763986806,14.524782451363183,0.008417246647794464,False,False
GATA1,pca,100,50,V77A,550,0.6651685856777547,0.691823097205809,0.026654511528054314,1.4532910132334353,0.018340794297454947,False,0.9614720704820225,True,-1.1122290616682955,17.70485843827012,-0.06282055660293479,False,False
GATA1,pca,100,50,"V77A,Y78H",406,0.71794919519877,0.7010407126091636,-0.01690848258960642,0.5619934440300035,-0.030086618926294304,False,1.0241191164585517,False,2.2187482387293103,14.661068091294776,0.15133605716262408,False,False
GATA1,pca,100,50,W269R,576,0.6840580450543179,0.8687496904462364,0.1846916453919185,1.0937862422896385,0.1688553377717577,False,0.787405224516338,True,6.208954337349159,29.348834572815594,0.2115571002298065,False,False
GATA1,pca,100,50,W96R,972,0.6301088150591383,0.5638937432219038,-0.06621507183723452,0.619020451510262,-0.10696750273062153,False,1.1174247322889297,False,0.07346488263458006,15.344040946818545,0.004787844537772325,False,False
GATA1,pca,100,50,Y104C,1038,0.6086168657695801,0.6755221717800168,0.06690530601043676,0.40920362023287643,0.1635012563485171,False,0.9009576460915566,True,-0.8822924383007502,15.435943516697822,-0.05715830958738161,False,False
GATA1,pca,100,50,Y163H,427,0.6624961670768066,0.7018687378476436,0.039372570770837,0.5801045927196187,0.06787150328573058,False,0.943903227700984,True,-1.6838731229764197,12.008375357118018,-0.1402248907866039,False,False
GATA1,pca,100,50,Y185H,1166,0.7384036505735061,0.7723605845834385,0.03395693400993238,0.7944847911063357,0.04274082322286709,False,0.9560348693502445,True,0.23140942334426629,17.68853004643976,0.013082456413094823,False,False
GATA1,pca,100,50,"Y185H,S186P",436,0.6379713480813258,1.19217557044092,0.5542042223595942,1.752223391559923,0.3162862823479442,False,0.5351320425441828,True,-2.1182034038220885,17.824994337975273,-0.11883332828383347,False,False
GATA1,pca,100,50,Y223C,490,0.6912329379120123,0.5683445820083328,-0.12288835590367952,0.5576061826791994,-0.22038556910044046,False,1.2162215666232528,False,-1.0209134219112492,14.728878257475138,-0.0693137253268503,False,False
GATA1,pca,100,50,Y231C,476,0.5802862584534623,0.7510057932568301,0.17071953480336788,1.074400904133429,0.15889742287685785,False,0.772678804429695,True,0.3412247243966946,17.025085203214125,0.020042467942085578,False,False
GATA1,pca,100,50,"Y364C,Q365R",403,0.5717433720726675,0.7447719957375654,0.1730286236648979,1.8584831820501684,0.09310206588688255,False,0.7676757119559208,True,0.48246104554341973,17.55572063917878,0.02748169986635127,False,False
GATA1,pca,100,50,Y62C,602,0.5614104498738541,0.6995366673722963,0.13812621749844212,0.45218859291210856,0.30546152570745977,False,0.8025461366917443,True,0.276628342887383,19.73259265920627,0.01401885437280953,False,False
GATA1,pca,100,50,Y69C,419,0.7151812781987026,0.6281961897133748,-0.08698508848532782,0.607854569272981,-0.1431018090221244,False,1.1384680294304494,False,0.6260084357418247,18.514573192263377,0.0338116590234666,False,False
GATA1,pca,100,50,Y93C,769,0.6505514816425837,0.7657188458135629,0.11516736417097917,0.8256544241017575,0.13948615886879256,False,0.8495957559349139,True,2.493922099937076,28.823227033281995,0.08652473566049215,False,False
GATA1,pca,100,50,Y93H,824,0.7357746160426046,0.6302977341067724,-0.10547688193583227,0.35054592383685146,-0.3008931919143426,False,1.1673445361267387,False,-1.7210438630986566,18.620361373855776,-0.09242805918445367,False,False
GATA1,pca,100,50,Y98H,508,0.5675823946257772,0.7841139308339713,0.2165315362081941,0.33468779719064357,0.6469657335156866,False,0.7238519458799889,True,2.568746725930111,21.96843770135123,0.1169289669502585,False,False
GATA1,raw,25,2477,C110R,382,4.91392476387707,4.655173661779024,-0.25875110209804575,1.3012919895334125,-0.19884169285543885,False,1.0555835551791555,False,-15.365419435952756,88.57033635790339,-0.17348268131062206,False,False
GATA1,raw,25,2477,C199R,1048,4.985901042137144,5.050767079338236,0.0648660372010923,2.6696488775523637,0.02429759124749168,False,0.9871571909410657,True,16.766273849461193,131.4305070426738,0.1275675961899576,False,False
GATA1,raw,25,2477,C204R,964,5.163100735642622,5.450318780942617,0.2872180452999942,1.3687180739428362,0.20984456241789184,False,0.9473025236057255,True,21.727365601420168,108.2690832821036,0.20067931622555454,False,False
GATA1,raw,25,2477,"C204R,V205A",229,4.66134211417236,5.041434793207397,0.3800926790350374,0.7440832848280934,0.5108200745604046,False,0.9246062490886211,True,-14.612623969037227,83.9385729280047,-0.17408711465193338,False,False
GATA1,raw,25,2477,C207R,272,5.511497082118069,5.739203938487812,0.22770685636974264,2.1974652758732933,0.10362250492411071,False,0.9603243134744329,True,54.4842481800246,135.94273206183527,0.40078823894198146,False,False
GATA1,raw,25,2477,C225R,310,4.519052709562253,4.825140348964922,0.30608763940266925,1.2287757857995256,0.24909966727860583,False,0.9365639924922949,True,-10.018331837823155,79.29396275382359,-0.12634419431055696,False,False
GATA1,raw,25,2477,C228R,645,5.306483209133184,5.196162187916698,-0.11032102121648535,1.8201726279541992,-0.06061019681439872,False,1.0212312505319847,False,0.46898185146856974,67.13169247749234,0.006985997733124459,False,False
GATA1,raw,25,2477,C258R,265,4.791921390635547,4.872566375456682,0.08064498482113436,3.7193148658122137,0.02168275280009759,False,0.9834491767567608,True,13.503608209017298,53.13904322775316,0.2541183918412123,False,False
GATA1,raw,25,2477,C261R,463,4.993211072055338,5.101187309463022,0.10797623740768358,1.0889947360819567,0.09915221243049001,False,0.9788331165163489,True,-29.034132944174186,123.41845283016565,-0.23524952937246457,False,False
GATA1,raw,25,2477,C346R,190,4.809569245713089,5.292985033299512,0.48341578758642356,1.266075177416372,0.3818223405761026,False,0.9086685897380907,True,13.59356455527669,107.27431294987723,0.1267177964740556,False,False
GATA1,raw,25,2477,D115G,238,5.504919372674806,5.655008742382435,0.15008936970762932,2.755412675734516,0.05447074081838565,False,0.9734590384303461,True,14.02574766191513,83.62281564786448,0.16772632628130493,False,False
GATA1,raw,25,2477,D123G,329,4.664970217902749,5.281577457671993,0.6166072397692446,1.044682050285795,0.5902343584830988,False,0.8832532051814247,True,-8.569003743779572,81.32284785142672,-0.10537018771692264,False,False
GATA1,raw,25,2477,D125G,269,4.576501097352608,4.757520133243933,0.18101903589132462,2.084530901395559,0.08683921920760942,False,0.9619509679787953,True,8.84166616541944,107.70754167297261,0.08208957356268495,False,False
GATA1,raw,25,2477,D144G,560,5.056610505715881,5.840185665255689,0.7835751595398079,3.6962208439369206,0.21199359903647044,False,0.8658304368298705,True,6.116371829187436,92.84964743301163,0.06587393703998956,False,False
GATA1,raw,25,2477,D276G,215,4.618595093692086,4.781153337451212,0.16255824375912553,3.2439897656402,0.0501105908165665,False,0.9660002028201455,True,-6.504358326123835,85.00453743381371,-0.07651777802082933,False,False
GATA1,raw,25,2477,D65G,329,4.895257545245684,4.5887790492940965,-0.3064784959515876,3.295521922482399,-0.09299846979040222,False,1.0667886800953588,False,9.854174648561123,84.58760631236265,0.1164966722450085,False,False
GATA1,raw,25,2477,E114G,167,5.252213987122104,4.853691290197908,-0.3985226969241964,2.4376248576958446,-0.1634881165844766,False,1.082107137248102,False,-18.139916347292008,66.49012321810366,-0.27282121718723096,False,False
GATA1,raw,25,2477,"E122G,D123G",359,5.199873951311645,5.8261675672185405,0.6262936159068957,2.2919819662910266,0.27325416391490553,False,0.8925033293874358,True,11.57676434652753,128.92515239114948,0.08979445927978796,False,False
GATA1,raw,25,2477,E134G,149,5.361789491254616,6.040950984051399,0.6791614927967835,2.362869384567703,0.28743082340162407,False,0.8875737454930813,True,5.580231511520857,90.06492562426224,0.061957876197008925,False,False
GATA1,raw,25,2477,"E134G,T135A",267,4.667808130540074,4.699313314093004,0.031505183552930305,1.7136456983775288,0.018384887601188074,False,0.9932957899490447,True,11.171774066105996,116.30874720588577,0.09605274181425155,False,False
GATA1,raw,25,2477,E13G,157,4.545682517272411,5.667223930347728,1.1215414130753167,0.8499248024019153,1.3195772260155298,True,0.8021003886806884,True,12.134920562057822,178.9715999729791,0.06780360997996294,False,False
GATA1,raw,25,2477,E200G,932,5.01484274530468,5.543145874094563,0.528303128789883,2.2283155521399722,0.2370863176368916,False,0.9046925444883448,True,15.898005461656542,122.00952418448792,0.13030134793098216,False,False
GATA1,raw,25,2477,E203G,634,4.911744032444506,5.6693871281715715,0.7576430957270652,2.489360155266281,0.3043525438150278,False,0.8663624341399646,True,4.753889073864695,61.25737644964708,0.07760516935902963,False,False
GATA1,raw,25,2477,E2G,853,4.489519228369879,5.1236567591962014,0.6341375308263224,1.5875224898368598,0.39945105337782577,False,0.8762334089440827,True,0.42407041109278865,81.69279312084515,0.0051910382163757925,False,False
GATA1,raw,25,2477,E328G,804,4.903282184015048,4.457113283969228,-0.4461689000458193,2.7892858790955453,-0.15995811092353654,False,1.1001026609869986,False,0.6939091247173437,77.17857229203219,0.008990955703244876,False,False
GATA1,raw,25,2477,E348G,347,4.526859995852572,4.66901764464491,0.14215764879233816,1.5398055172769092,0.09232182064377771,False,0.9695529853147193,True,-32.25478243871833,84.74623980778446,-0.38060429007677965,False,False
GATA1,raw,25,2477,E39G,692,5.386601194340731,5.437811967179556,0.051210772838825136,3.095727986665638,0.01654240070813957,False,0.9905824671489355,True,8.809875241585022,93.1736000167387,0.09455334171913848,False,False
GATA1,raw,25,2477,E85G,473,5.773539691769244,5.826983988842258,0.05344429707301401,3.06427645672305,0.017441082039369112,False,0.9908281373047616,True,-11.891991884090654,62.64091452058545,-0.1898438420815621,False,False
GATA1,raw,25,2477,F168P,125,4.531502210778331,5.022576197219937,0.4910739864416058,2.545604259491954,0.19291057697224834,False,0.9022266726956931,True,-9.118163003122525,74.14591769756292,-0.12297592755295046,False,False
GATA1,raw,25,2477,F172L,174,4.193349192450498,4.660144644041267,0.4667954515907695,1.447141269208902,0.32256384467975896,False,0.8998324113849896,True,2.251188521393537,164.4974898384852,0.013685245432036117,False,False
GATA1,raw,25,2477,F172P,201,4.537219690482825,4.543154753655099,0.005935063172273658,1.437348119448957,0.004129175870455803,False,0.9986936251362561,True,-9.331884648375695,76.91503785871267,-0.12132718007001035,False,False
GATA1,raw,25,2477,F18P,358,4.856823661910536,5.097196786474722,0.24037312456418647,1.7063455377875236,0.14087013400337325,False,0.9528420944621934,True,-0.7355718732445133,77.85729691932936,-0.009447693438505383,False,False
GATA1,raw,25,2477,F382S,296,5.0020582315426765,4.9413223783262055,-0.060735853216471014,3.867971051278487,-0.01570225123489378,False,1.0122914168650223,False,17.226439772197054,155.25043462121985,0.11095904378126951,False,False
GATA1,raw,25,2477,F394P,782,4.580662390845479,4.940621785825215,0.35995939497973595,1.0507018348576573,0.3425894797533127,False,0.927142896059668,True,4.586244831939119,141.65433954723883,0.032376310154689614,False,False
GATA1,raw,25,2477,F3L,176,5.381214470724082,5.445911644823539,0.0646971740994573,1.771194097740759,0.03652743320564447,False,0.9881200470520022,True,12.555704429792662,68.6829535568468,0.18280670500578702,False,False
GATA1,raw,25,2477,F3P,448,5.17845750589948,5.006096257640522,-0.1723612482589587,2.317617628262777,-0.07437001089267516,False,1.0344302704918815,False,7.559340470629959,120.50186984385066,0.06273214250057316,False,False
GATA1,raw,25,2477,F75P,555,4.786412784605968,5.352716142137879,0.5663033575319112,2.035449145819663,0.2782203420286702,False,0.8942026174199984,True,0.06377870319737156,117.83859061065141,0.0005412378310608088,False,False
GATA1,raw,25,2477,H222R,131,4.400966336493987,4.822472254538585,0.42150591804459836,1.0099521568492813,0.41735236187777275,False,0.9125954705809026,True,-14.644467885177129,78.4899349811619,-0.18657765341112714,False,False
GATA1,raw,25,2477,"H222R,Y223C",529,4.6315659648938095,4.593357870687047,-0.03820809420676241,1.751181933107091,-0.021818460711829333,False,1.008318118309612,False,5.7014277488370375,59.8759452147448,0.09522067214786994,False,False
GATA1,raw,25,2477,"H232R,K233E",215,5.050165426329709,5.642149295331471,0.591983869001762,1.655049440217339,0.35768349549970146,False,0.8950783047354681,True,0.6491503158367493,75.06055664494151,0.00864835467324631,False,False
GATA1,raw,25,2477,H289R,345,4.946910094194216,5.27100280586718,0.3240927116729644,2.409175225875229,0.13452434185447212,False,0.9385140316540498,True,23.373505342637355,66.4253153179186,0.3518764680418795,False,False
GATA1,raw,25,2477,H362R,785,4.851303682067233,5.004615112678714,0.15331143061148111,1.5276491421627636,0.10035774994409451,False,0.9693659897595159,True,20.315567622908663,113.06567515255618,0.17967935534367496,False,False
GATA1,raw,25,2477,H378R,493,5.123569983519683,6.278986718944978,1.1554167354252947,2.639539001061028,0.43773429184446466,False,0.8159867527766593,True,16.150736461885547,106.29540279227598,0.15194200348859443,False,False
GATA1,raw,25,2477,I242T,225,5.420257672017769,5.384478867473447,-0.035778804544321474,2.1166899060663127,-0.016903186641454404,False,1.0066448035965847,False,34.78102131656631,159.13921360478406,0.21855720239351942,False,False
GATA1,raw,25,2477,I242V,488,5.033393543651428,4.953247295691561,-0.08014624795986691,1.4849027171882812,-0.0539740732050291,False,1.0161805464527442,False,12.31929634604439,48.52638194242877,0.25386801679671656,False,False
GATA1,raw,25,2477,I249T,175,4.394025595042901,4.671661793848468,0.2776361988055669,1.9212947620415521,0.1445047393511618,False,0.9405701416204505,True,-31.515657538223845,49.320907886175085,-0.6389918371121034,False,False
GATA1,raw,25,2477,"I249T,V250A",307,5.088677979185384,4.763450620117382,-0.32522735906800193,1.5875248297439541,-0.2048644235192571,False,1.068275581087054,False,-10.049430490953373,76.23607834590968,-0.13181987726802527,False,False
GATA1,raw,25,2477,I249V,330,5.441311623198686,6.0368409871760775,0.5955293639773913,2.8894389164262293,0.20610553855001207,False,0.9013508281496132,True,35.97054087451444,127.73578622979149,0.28160112319506847,False,False
GATA1,raw,25,2477,I302T,307,5.205991341841045,5.194710344793442,-0.011280997047602881,2.7309608126455833,-0.004130779539335301,False,1.0021716315826752,False,20.863097843118016,169.19093133590567,0.1233109699106577,False,False
GATA1,raw,25,2477,I302V,159,4.591598778923974,5.347890962270931,0.7562921833469574,1.2151614583494972,0.6223799958025309,False,0.8585812260043153,True,3.9871572767878156,78.43483952309957,0.050834008216636584,False,False
GATA1,raw,25,2477,I87T,341,5.520557485834338,5.351568777883902,-0.16898870795043663,3.061152959548542,-0.0552042678636219,False,1.0315774149533135,False,12.483946727401953,99.07152571088726,0.12600943245623253,False,False
GATA1,raw,25,2477,"K100G,T101A",117,5.026956316803638,5.146243576840348,0.11928726003671031,1.3123225624642432,0.09089781997858512,False,0.9768205180622349,True,-8.267369054765286,62.71516469763441,-0.1318240826540814,False,False
GATA1,raw,25,2477,K137E,425,4.59066316731041,5.448020788219509,0.8573576209090987,2.264168941484371,0.3786632725149131,False,0.8426295246958307,True,-7.355222600099122,46.009876935734226,-0.15986181859109871,False,False
GATA1,raw,25,2477,K137G,342,5.148689641569916,4.744793284219906,-0.4038963573500105,1.9645540729328026,-0.20559187599608808,False,1.0851241209376343,False,32.220345119403476,112.86833615451405,0.285468415830057,False,False
GATA1,raw,25,2477,"K233R,M234V",289,4.519104051819976,5.065119475264879,0.5460154234449028,2.1995759926061993,0.24823667164958851,False,0.8922008797400877,True,-8.245796372745023,73.20345819527523,-0.11264216986510114,False,False
GATA1,raw,25,2477,K245G,112,4.577308387313732,5.392263873045181,0.8149554857314492,1.7822479628861778,0.45726268325295644,False,0.8488658001687854,True,-7.663804542299239,44.83237264025535,-0.17094354126191946,False,False
GATA1,raw,25,2477,K252G,205,4.2559778813050855,4.668687209116634,0.4127093278115481,1.2915718919685104,0.3195403448913166,False,0.911600561501391,True,-8.789971219239874,83.76921125861273,-0.1049308103439512,False,False
GATA1,raw,25,2477,K252R,198,5.092836288746437,4.914453157463292,-0.17838313128314454,2.3864089598922185,-0.07474960674435331,False,1.0362976562330735,False,6.570191970086583,130.58078042033705,0.05031515318668842,False,False
GATA1,raw,25,2477,K287G,143,5.164485948180747,5.356470845770978,0.19198489759023118,1.623869915099129,0.11822677161828661,False,0.9641583230604519,True,28.72804288006102,120.79072939758714,0.23783317662981907,False,False
GATA1,raw,25,2477,K299E,308,4.951381604400542,5.446578259516286,0.49519665511574473,1.6645741071290217,0.2974915042802368,False,0.9090811457173988,True,-22.82039815591425,44.65448114590279,-0.5110438542853409,False,False
GATA1,raw,25,2477,"K299R,D300G",229,5.063490741466055,4.956312756644493,-0.10717798482156127,0.8014393444211567,-0.13373187324484434,False,1.0216245402750013,False,-6.365067541086976,84.22213680211328,-0.0755747572166474,False,False
GATA1,raw,25,2477,K308G,501,4.821434509227899,5.512676218058861,0.6912417088309617,2.186169968456091,0.316188456892548,False,0.8746086870535699,True,-4.369829838047897,124.95629233541312,-0.03497086666366676,False,False
GATA1,raw,25,2477,K312G,198,5.09832821724617,5.3674789527319575,0.2691507354857876,1.6505040193385714,0.16307184492264853,False,0.9498552788271681,True,18.78311533103264,83.88270743506727,0.22392118596758995,False,False
GATA1,raw,25,2477,K312R,173,5.227975766270891,5.251617423695514,0.023641657424622764,1.005599152883927,0.02351002122149922,False,0.9954982140705927,True,32.28258379816732,141.00023159758325,0.22895411895706877,False,False
GATA1,raw,25,2477,"K314R,K315G",114,4.912063721137393,5.048421736583034,0.13635801544564075,2.0004624232980612,0.06816324758594275,False,0.9729899714087807,True,5.464138744430226,104.05034337861409,0.05251437493625123,False,False
GATA1,raw,25,2477,K316G,516,4.994051046935912,5.1579366975731915,0.16388565063727967,1.9375387222733407,0.08458445178581535,False,0.9682265098921459,True,5.059069932343576,90.15269736288043,0.05611667848361687,False,False
GATA1,raw,25,2477,K316R,248,5.472512703009173,5.051677779000958,-0.420834924008215,3.645768615559624,-0.11543105676321616,False,1.083305971286918,False,-30.070401368343553,112.66693358456496,-0.26689642126253016,False,False
GATA1,raw,25,2477,L103P,438,4.965493635383876,5.382993242984931,0.4174996076010551,1.1034949959253453,0.3783430003241267,False,0.9224409935596452,True,4.096651132740167,91.2437641540883,0.04489787516681063,False,False
GATA1,raw,25,2477,"L103P,Y104H",249,5.049039137179616,5.289111264391668,0.24007212721205207,2.6078766208045456,0.09205655102578755,False,0.9546101196947189,True,11.56626362959419,76.81481952312546,0.15057333599686595,False,False
GATA1,raw,25,2477,L124P,1138,4.341393207692459,4.831094648930097,0.4897014412376386,2.24697545863908,0.2179380461655041,False,0.898635510826498,True,4.570550376242856,86.02481567090896,0.053130603542676125,False,False
GATA1,raw,25,2477,L133P,351,4.572217328321468,5.653854459816081,1.0816371314946132,1.4815283864962048,0.73008194871829,False,0.8086903122140504,True,-7.735794415698898,88.88960926576696,-0.08702698188907548,False,False
GATA1,raw,25,2477,L136P,418,5.136338009765144,5.45239253845925,0.31605452869410655,1.757822418604376,0.17979889512675473,False,0.9420337904021455,True,-6.745105159318307,77.58902285292005,-0.08693375572089004,False,False
GATA1,raw,25,2477,L136S,115,5.105303114088457,5.345848785238839,0.2405456711503824,1.6386462869760905,0.1467953597199297,False,0.95500327809223,True,23.412651125877122,96.50678430942455,0.24260109062188198,False,False
GATA1,raw,25,2477,L141P,166,4.90007839341968,5.023918122600044,0.12383972918036434,1.3396476323772246,0.09244201698069582,False,0.9753499706487507,True,-30.087733900400735,41.69454079827084,-0.7216228629540041,False,False
GATA1,raw,25,2477,L145P,346,5.591561309183653,6.3076351498666305,0.7160738406829772,1.8032598697903284,0.3970996375393402,False,0.8864750697100612,True,23.241388381158096,87.95211587644286,0.26425047481300085,False,False
GATA1,raw,25,2477,L146P,402,4.95462482039061,5.903342851749095,0.9487180313584851,3.4039241479098203,0.2787130353480542,False,0.839291388763336,True,7.879044387178528,97.49381752694791,0.08081583619392799,False,False
GATA1,raw,25,2477,L148P,1096,5.150245319335262,5.591543822059581,0.4412985027243188,1.1477603852843528,0.38448661269572304,False,0.9210775204902585,True,1.1579947982102112,87.32190545835637,0.013261217699405982,False,False
GATA1,raw,25,2477,L152P,416,4.478136301992912,4.761129428872902,0.28299312687999034,2.505088024668249,0.11296733850997806,False,0.9405617656256442,True,9.949555602501786,101.22169210142093,0.09829469746991235,False,False
GATA1,raw,25,2477,L156P,268,5.2869953218847066,6.06801627034082,0.7810209484561135,2.5764239326760734,0.3031414739440355,False,0.871288916565109,True,-8.436951233932994,57.21231852572455,-0.14746738904034212,False,False
GATA1,raw,25,2477,L180P,1501,5.540109875463962,5.531151802349989,-0.008958073113973342,2.5876798198029682,-0.003461816661172335,False,1.001619567394655,False,16.15297738056321,95.19024945278426,0.16969151224438508,False,False
GATA1,raw,25,2477,L190P,393,5.0663472130302765,5.7427266038256946,0.6763793907954181,2.146691340722394,0.31507994557233654,False,0.8822198169167887,True,0.38569505133635573,112.56336348887012,0.0034264705618404154,False,False
GATA1,raw,25,2477,L194P,600,4.813285967028406,4.523192356561186,-0.2900936104672205,2.8868294269484958,-0.10048865643366468,False,1.064134705667872,False,-3.6730486960701114,102.01171073405702,-0.0360061474279722,False,False
GATA1,raw,25,2477,L196P,196,4.783373662761367,5.4011394663266685,0.6177658035653018,1.5314264467174894,0.4033924090115079,False,0.8856230602048412,True,0.9589330865195826,134.8023373306136,0.007113623587755174,False,False
GATA1,raw,25,2477,"L214P,W215R",327,4.893289454737626,5.005605066192544,0.11231561145491753,0.9061371394185231,0.12394990401451984,False,0.9775620309693451,True,-15.839975157797095,74.25122767570741,-0.2133294714934312,False,False
GATA1,raw,25,2477,L224P,325,5.728002317645526,5.450667831167856,-0.27733448647767034,2.125229845989163,-0.13049623173750802,False,1.0508808269129564,False,20.532619814675915,129.77070097937894,0.1582223079610137,False,False
GATA1,raw,25,2477,"L230P,Y231H",243,5.150073153930883,5.540163342375195,0.39009018844431154,1.8498673259868932,0.21087468434321405,False,0.9295886846041852,True,-8.887850833633664,78.3553959606217,-0.11342997791881931,False,False
GATA1,raw,25,2477,L248P,646,5.187895720952081,5.794947776651856,0.6070520556997749,2.5814004448508543,0.23516384562134396,False,0.8952446028684471,True,20.093343155458964,131.4741507904593,0.1528311309459097,False,False
GATA1,raw,25,2477,"L268P,W269R",538,4.880807344213135,5.673363239418546,0.7925558952054104,2.110806318309101,0.37547542298447417,False,0.86030228248057,True,-2.9010109966603146,114.84236164545399,-0.025260809296280703,False,False
GATA1,raw,25,2477,L288P,413,4.731582020174773,4.986805868961255,0.25522384878648197,2.3673154287488223,0.10781150905664198,False,0.948820175580718,True,-14.960297931937848,104.44915447915439,-0.1432304359622516,False,False
GATA1,raw,25,2477,L295P,319,4.9579200807236425,6.0522878961701,1.0943678154464571,1.192034620711338,0.9180671403599009,False,0.8191811370805782,True,-17.514686122293256,79.62033943926453,-0.21997753646420581,False,False
GATA1,raw,25,2477,L355P,311,4.911793777074006,5.285447367990855,0.3736535909168488,2.233871179039692,0.1672672956358553,False,0.9293052101550138,True,9.374016381860582,150.44665605752118,0.06230790784925493,False,False
GATA1,raw,25,2477,L363P,650,5.13364541971405,4.841466253164565,-0.2921791665494844,2.797689001093631,-0.10443589921369746,False,1.0603493138795514,False,25.64044977058344,119.1137118232958,0.21526027002349515,False,False
GATA1,raw,25,2477,"L363P,Y364H",559,4.836039699941143,5.131669929378042,0.2956302294368989,0.8247348872413642,0.35845486108359653,False,0.9423910279684085,True,1.2407585322190222,70.34900874496107,0.017637185716677134,False,False
GATA1,raw,25,2477,L367P,1080,4.6549463269244455,5.230106283006187,0.5751599560817411,2.007660168706757,0.28648272503818856,False,0.8900290118480828,True,3.3815898304749297,86.8411682714198,0.038939939406455924,False,False
GATA1,raw,25,2477,"L372P,S373P",420,4.986632415795121,4.653604485926699,-0.3330279298684218,1.2112024915867687,-0.2749564438495577,False,1.0715634366598097,False,9.677845821138863,82.32582242257091,0.1175554101538563,False,False
GATA1,raw,25,2477,L379P,289,4.721742026894354,5.497518998481802,0.7757769715874474,2.2031536625983517,0.3521211365132439,False,0.8588859862418509,True,-4.8880942970250665,106.04405586728817,-0.04609493909910811,False,False
GATA1,raw,25,2477,L386P,287,4.900345013128131,4.646425280948886,-0.253919732179245,0.8164381887367718,-0.3110091317165364,False,1.0546484053494538,False,6.711513974067113,122.2681886446961,0.05489174288473647,False,False
GATA1,raw,25,2477,"L386P,L387P",197,4.864427724123654,5.838831597510534,0.9744038733868798,2.1793152897689234,0.447114686874976,False,0.8331166335055236,True,5.079919510036117,67.63789306551158,0.07510463853621066,False,False
GATA1,raw,25,2477,L387P,224,4.496026783047643,4.790275110822201,0.29424832777455734,1.4562498211112493,0.2020589623489323,False,0.9385738144538315,True,-26.870596040756936,98.37377803567414,-0.27314795240468065,False,False
GATA1,raw,25,2477,L411P,650,5.059995398382075,5.291490887219318,0.23149548883724336,1.8620357460567796,0.12432386936044583,False,0.9562513677579261,True,4.75697934023334,140.869168574297,0.03376877558359707,False,False
GATA1,raw,25,2477,L41P,904,4.871463418291725,5.353133022058337,0.48166960376661194,2.6855755550094433,0.17935432978906388,False,0.9100209911127138,True,-5.678636961135069,43.94847820428299,-0.12921123081303093,False,False
GATA1,raw,25,2477,L60P,1069,5.169533529754485,5.236224022440489,0.06669049268600347,1.870892713214583,0.035646347978669134,False,0.9872636288286764,True,12.357628943024032,148.7375647327892,0.08308344274175004,False,False
GATA1,raw,25,2477,L6P,302,5.609301160983357,4.829956729807638,-0.7793444311757192,2.8294114924586777,-0.27544400425775156,False,1.1613564002273697,False,-1.3004119104945708,81.41011426629392,-0.01597359151518816,False,False
GATA1,raw,25,2477,L80P,149,4.09544211748819,4.5586278429040945,0.4631857254159044,1.0979341057747245,0.4218702406453356,False,0.8983936084765302,True,44.211911335961254,218.4412228336085,0.2023972891309002,False,False
GATA1,raw,25,2477,L81P,267,5.180517243184923,5.347771184951519,0.16725394176659591,1.366477610187184,0.12239786478732351,False,0.9687245515968889,True,37.348431251513745,122.43071120310205,0.30505770067410537,False,False
GATA1,raw,25,2477,L9P,754,4.637297502941269,5.6708154794081835,1.0335179764669142,3.9061846080594878,0.2645850312180572,False,0.8177479094109452,True,-18.813318883749325,48.150672728112525,-0.3907176747037485,False,False
GATA1,raw,25,2477,M1T,353,5.169682627220791,5.170327497171726,0.0006448699509356004,1.3797661453506818,0.00046737626742660807,False,0.9998752748348556,True,2.1274750489387806,70.35759705247294,0.030238028842174674,False,False
GATA1,raw,25,2477,M1V,333,5.093392096859198,5.392812709190437,0.2994206123312395,3.212986726988436,0.0931907405082527,False,0.9444778395843477,True,-4.769691813219321,68.09698301377915,-0.07004263040925313,False,False
GATA1,raw,25,2477,"M1V,E2G",224,5.340763700612598,6.057254617505144,0.7164909168925462,1.0389083369840177,0.6896574908355639,False,0.8817135877329764,True,35.4973867863784,131.50464683657452,0.26993256618902794,False,False
GATA1,raw,25,2477,M234T,430,5.618348459358334,5.63983967203777,0.02149121267943599,4.097024315606963,0.005245566299806576,False,0.9961893929740611,True,3.223484616321212,86.01716392944817,0.03747489999746021,False,False
GATA1,raw,25,2477,"M234V,N235D",284,4.8095491161429145,5.0453409509003535,0.23579183475743903,1.1672324299822652,0.20200932453617798,False,0.9532654310081142,True,-8.400369301659225,95.43337576090852,-0.08802339050339023,False,False
GATA1,raw,25,2477,M297T,600,4.901783386380952,4.771637168609253,-0.1301462177716992,1.2608498345076624,-0.1032210293484464,False,1.0272749610192242,False,-5.874947401372719,86.244961073151,-0.06811931187944677,False,False
GATA1,raw,25,2477,M335T,136,4.967848178748948,4.8638489120367865,-0.10399926671216164,1.2389383404765288,-0.08394224580390396,False,1.0213820923702606,False,-1.7014820902083763,103.2616651298722,-0.016477383819720727,False,False
GATA1,raw,25,2477,"M335T,V336A",363,5.006331618960054,5.212425045272944,0.20609342631288996,1.3510705899068283,0.15254082788309561,False,0.960461124232416,True,8.231900504601782,125.33921729373583,0.06567697391399933,False,False
GATA1,raw,25,2477,M335V,1987,4.759863722591739,5.055354060355739,0.2954903377640008,1.388347337590159,0.21283603156318345,False,0.9415490321278887,True,-23.926493960889612,61.21658771950382,-0.3908498472754068,False,False
GATA1,raw,25,2477,M380T,394,4.787610108191288,5.062547494893465,0.2749373867021774,2.576207527593427,0.10672175426760401,False,0.9456918899073039,True,-15.617184301726862,126.28843138569934,-0.12366282588489988,False,False
GATA1,raw,25,2477,M399T,1621,5.100523846215545,5.1428739076570835,0.042350061441538855,4.127659772429089,0.01026006593964411,False,0.9917652926744938,True,-8.702477872338676,107.51497814150916,-0.08094200475848715,False,False
GATA1,raw,25,2477,M399V,333,5.060966422427736,5.328684899306612,0.2677184768788763,1.762441551377072,0.15190204558539616,False,0.949758996462014,True,-25.45834931519357,67.34551191217886,-0.37802592321804956,False,False
GATA1,raw,25,2477,M84T,725,4.761682521292844,5.248945028088237,0.4872625067953926,1.5584832935777286,0.3126517356992705,False,0.9071694399183177,True,2.776381122038945,80.59952630697094,0.03444661835188502,False,False
GATA1,raw,25,2477,M84V,780,5.901099407350262,5.686150163085916,-0.21494924426434636,2.2218748828143786,-0.09674228100192435,False,1.0378022454735336,False,24.433361881881975,156.82832952407546,0.15579686371734958,False,False
GATA1,raw,25,2477,"M84V,E85G",452,4.797046313429039,5.420469076806334,0.6234227633772953,2.884432238652236,0.21613361375706727,False,0.8849873037658564,True,-3.3085015142531056,175.1515405737171,-0.018889365765302167,False,False
GATA1,raw,25,2477,N160D,119,5.3051578946136715,5.422599023084491,0.11744112847081922,1.535737890928739,0.076472117517265,False,0.9783422805243644,True,13.370711771371173,112.280331262184,0.11908329465246623,False,False
GATA1,raw,25,2477,N160G,540,4.73303279889365,4.692923827663002,-0.04010897123064794,2.261225760366293,-0.017737711967402467,False,1.0085466912959935,False,-3.6724160597350313,126.07856335071187,-0.02912799735447093,False,False
GATA1,raw,25,2477,N206G,375,4.897465499536484,4.569610565178127,-0.32785493435835633,1.4011092889602876,-0.2339966888676083,False,1.071746799794432,False,-23.34281896132507,64.20553265662663,-0.3635639795430599,False,False
GATA1,raw,25,2477,"N238G,R239G",311,4.798364274848293,5.241565923835154,0.4432016489868609,1.4626400382223235,0.3030148480862887,False,0.9154448011477878,True,-1.4143058659036427,108.67526241573925,-0.013014055217950052,False,False
GATA1,raw,25,2477,N272G,294,4.7332111061726465,4.606248289269708,-0.12696281690293887,4.923507493658859,-0.025787066855581776,False,1.0275631726580392,False,-12.230950829419445,109.01578643901257,-0.11219430899819163,False,False
GATA1,raw,25,2477,N292G,234,5.008419716430968,4.788983880600313,-0.21943583583065518,1.2904217822233237,-0.1700496991399042,False,1.0458209593729408,False,-6.004499702784365,84.51887484087919,-0.07104329907477865,False,False
GATA1,raw,25,2477,N292S,376,4.894625225110886,4.628817252976198,-0.265807972134688,1.1605718792852624,-0.22903189098325016,False,1.0574245984681683,False,-3.9630086126826924,61.15044011453932,-0.0648075239566499,False,False
GATA1,raw,25,2477,N306G,815,4.263303366668342,4.994854176984738,0.7315508103163957,2.2360672876423378,0.3271595691056898,False,0.8535391055684405,True,0.5711313586798816,128.7558039747027,0.004435771755905425,False,False
GATA1,raw,25,2477,N345D,469,5.012742434491596,5.519408708480029,0.5066662739884329,2.4786395623361894,0.20441305048438962,False,0.9082027983885321,True,-7.409175809141036,68.9150082674207,-0.10751178872953418,False,False
GATA1,raw,25,2477,N345G,499,4.95298664133751,5.690530152762214,0.737543511424704,1.1638526462304322,0.6337086690600496,False,0.8703910722506766,True,14.947474210773624,108.05892701184837,0.13832706490908125,False,False
GATA1,raw,25,2477,N82D,393,4.82121251729216,5.062756350412506,0.2415438331203461,1.2433254534443012,0.1942724106960196,False,0.9522900537963543,True,45.40227603203986,142.90218547650886,0.317715756974923,False,False
GATA1,raw,25,2477,Q119R,482,4.858960216745942,5.3938592768234415,0.5348990600774997,1.8781485227679409,0.284801256978967,False,0.9008318473609654,True,11.53211323217019,167.65393725271485,0.06878522163656164,False,False
GATA1,raw,25,2477,Q17R,463,5.527586169404831,5.424341981997458,-0.10324418740737329,2.103551841538577,-0.04908088565664185,False,1.0190334952608122,False,26.24496857217749,194.20597820647362,0.1351398593109975,False,False
GATA1,raw,25,2477,"Q237R,N238G",192,4.905750744708811,5.026250415706855,0.12049967099804348,1.767499811530472,0.06817521009730872,False,0.9760259316524529,True,22.64796769254511,206.8681166105485,0.10948022374652516,False,False
GATA1,raw,25,2477,Q257R,380,5.433509609040524,5.130241450615145,-0.3032681584253787,4.279590210427239,-0.07086383123469733,False,1.0591138178085195,False,25.838184525159075,132.70646669029523,0.194701774296042,False,False
GATA1,raw,25,2477,"Q303R,T304A",291,5.11281410350707,4.811822495934347,-0.3009916075727226,3.491029568493386,-0.08621857869356882,False,1.0625525168118815,False,8.520022011819673,141.15712738657155,0.06035842588725133,False,False
GATA1,raw,25,2477,Q365R,706,5.199534904074017,4.995306865492722,-0.20422803858129512,3.590325513912397,-0.056882875324233965,False,1.0408839825220928,False,-9.897536298509355,109.6012099231224,-0.09030499120814256,False,False
GATA1,raw,25,2477,R202G,311,5.494604431718734,5.498728894647126,0.004124462928391637,2.326736685976412,0.001772638456792463,False,0.99924992429934,True,-9.241940978356961,104.16689197753868,-0.0887224414869725,False,False
GATA1,raw,25,2477,"R202G,E203G",337,5.242372520446523,6.039232297145212,0.7968597766986889,1.5918615498535873,0.5005835945795541,False,0.8680528024935603,True,7.262522512758075,82.86912276609186,0.08763846255809205,False,False
GATA1,raw,25,2477,R271G,460,5.349002390264147,5.141502358622734,-0.20750003164141262,1.4847117466321809,-0.13975778942417044,False,1.040357859856549,False,3.9479107151784447,130.81960684061156,0.030178279927018232,False,False
GATA1,raw,25,2477,S107P,263,4.740944159330194,5.176118876191403,0.43517471686120857,1.3981660006254684,0.31124681666306686,False,0.9159264446450637,True,7.87252104699909,140.5628246122013,0.056007134665361086,False,False
GATA1,raw,25,2477,S116P,660,5.192986532854398,5.566569569466424,0.3735830366120254,1.7932647902145016,0.2083256408370898,False,0.9328881042534362,True,14.72967082734273,71.11014651940718,0.20713880575851085,False,False
GATA1,raw,25,2477,S129G,530,4.976090720729797,5.363300842432146,0.38721012170234914,3.45591036643133,0.11204287167383718,False,0.9278037661734527,True,-13.74136759814865,127.71500507477643,-0.10759399484894633,False,False
GATA1,raw,25,2477,"S129G,T130A",254,4.6887922554447385,4.740270415732326,0.051478160287587116,1.2048709390174377,0.04272504101523698,False,0.9891402481772479,True,-8.569543132840757,145.99660402418442,-0.05869686620533452,False,False
GATA1,raw,25,2477,S12P,154,4.732458968485346,5.105826608091984,0.3733676396066379,1.8659912388503965,0.20009077847367757,False,0.9268742030888975,True,5.731481814551177,99.38253590486146,0.057670915341080695,False,False
GATA1,raw,25,2477,S131G,339,5.3928948204874985,5.361741029450581,-0.03115379103691751,5.718586984240133,-0.005447812741639554,False,1.0058103871234731,False,14.869071519608902,104.14224663500559,0.14277655802569295,False,False
GATA1,raw,25,2477,S142G,172,4.847177275276284,5.2509433747457805,0.4037660994694967,1.0454579598645086,0.38620979032176944,False,0.9231059886474124,True,7.966785940963902,114.04115400565478,0.06985886814657159,False,False
GATA1,raw,25,2477,S154P,355,5.000429151666804,5.246325093316578,0.24589594164977413,1.2484727925327368,0.19695738915618088,False,0.9531298695227585,True,-1.3162237824303524,86.089565398086,-0.015289004844478116,False,False
GATA1,raw,25,2477,S155P,360,4.880887874528611,5.826903213580231,0.9460153390516197,5.020530544972078,0.18842935633546296,False,0.8376469791283253,True,5.566935800951413,96.8113025173402,0.05750295323166735,False,False
GATA1,raw,25,2477,"S155P,L156P",580,4.505036887742225,5.105023757216195,0.5999868694739696,1.7571072184032062,0.3414628675984926,False,0.8824712874987389,True,11.155214369837143,124.35761457643582,0.08970270463800706,False,False
GATA1,raw,25,2477,S161G,322,5.172793386002063,5.367314800221028,0.19452141421896485,1.4768749436703645,0.13171150005127424,False,0.9637581506844066,True,1.0186336387581783,75.43577802076587,0.013503322501396752,False,False
GATA1,raw,25,2477,S178G,480,5.181451154748807,5.833116560122704,0.6516654053738975,1.2729445078180976,0.5119354389539655,False,0.888281778932909,True,-12.0125972788625,107.92483598903816,-0.1113052169019058,False,False
GATA1,raw,25,2477,S182P,668,4.9374468040822705,5.0513202596452444,0.1138734555629739,1.5671260580403574,0.07266387727951454,False,0.9774566945452452,True,-1.1466950101093651,89.48908793068736,-0.012813797040791422,False,False
GATA1,raw,25,2477,S186P,173,5.3787281461979966,5.541171740396351,0.1624435941983542,3.390663260959662,0.04790909084624867,False,0.9706842520302872,True,33.02587735638103,101.22763926224901,0.32625355680597623,False,False
GATA1,raw,25,2477,S187P,200,4.904824491786258,4.792335397981255,-0.11248909380500294,2.5715887735969547,-0.04374303347407339,False,1.023472708911899,False,19.307298861538136,122.16785209856351,0.15803911200764376,False,False
GATA1,raw,25,2477,S26P,679,5.555089256523715,5.153003333912249,-0.4020859226114659,3.670336957149212,-0.10955013866731465,False,1.0780294318781656,False,-2.9847523469064967,67.81269915909564,-0.04401465188554075,False,False
GATA1,raw,25,2477,S274G,500,4.616493961703057,4.857797392697048,0.24130343099399099,0.9304778037224661,0.2593328180732881,False,0.9503265757117096,True,7.218712247665046,65.5614271252003,0.11010608774393717,False,False
GATA1,raw,25,2477,S30P,401,4.930398896437971,4.954981644134456,0.02458274769648483,1.2539778591380992,0.019603813191232396,False,0.9950387812787187,True,6.503802784146107,98.18418110270677,0.06624084156023793,False,False
GATA1,raw,25,2477,S310P,697,4.8317289202220195,5.346426977203571,0.5146980569815511,2.361713139433456,0.2179341971671549,False,0.9037304616379962,True,-2.5894721058885786,76.06164647016016,-0.03404438670551863,False,False
GATA1,raw,25,2477,S320G,1255,4.781742706763925,5.025451537168635,0.24370883040471014,1.658374043008914,0.14695649116801823,False,0.9515050879304635,True,11.458994285553022,205.13888747220227,0.05585968816909858,False,False
GATA1,raw,25,2477,S341G,797,4.365845435654979,4.891855739888744,0.5260103042337647,2.713607312557304,0.1938417182912337,False,0.8924722370807836,True,-2.2904456153624757,124.59271047959601,-0.01838346406098591,False,False
GATA1,raw,25,2477,S343G,1249,4.81964693037062,5.823256518730467,1.003609588359847,1.2671953994469725,0.7919927651235483,False,0.8276549238159536,True,-8.231061722517428,93.6376524036632,-0.08790333280712856,False,False
GATA1,raw,25,2477,S389P,611,4.496129326476243,4.435189746692366,-0.06093957978387721,3.2942886976051815,-0.01849855473449485,False,1.0137400163835886,False,15.079579615383107,185.88515222671953,0.08112309904661409,False,False
GATA1,raw,25,2477,S393P,247,4.917068758671984,5.218910872277618,0.30184211360563395,1.4257952667104918,0.21170088066151724,False,0.9421637730567518,True,-6.49432148659924,73.71500024339709,-0.08810040650011339,False,False
GATA1,raw,25,2477,S412G,715,4.9542300406832,5.558383408481276,0.6041533677980766,1.7143039009434942,0.35241905910939786,False,0.891307719637291,True,27.88557833093229,91.31833827823866,0.3053666859986816,False,False
GATA1,raw,25,2477,S46P,120,5.111499794428056,5.77007802586715,0.658578231439094,1.5203924994601872,0.43316329939336135,False,0.8858632017649154,True,9.73254106791346,152.36803904801278,0.06387521378316507,False,False
GATA1,raw,25,2477,S51G,373,5.208699225077016,5.330414871379567,0.12171564630255105,1.135132124747316,0.10722597277356179,False,0.9771658211903776,True,28.53445578794612,191.36405555503035,0.14911084375372938,False,False
GATA1,raw,25,2477,"S51G,T52A",270,4.924886495548055,5.415138014751776,0.4902515192037207,2.6115624633504115,0.18772345141412772,False,0.90946647751762,True,-1.1122078689373396,75.0660544990064,-0.014816389063742002,False,False
GATA1,raw,25,2477,S72P,335,4.574354540280531,5.139133147552432,0.5647786072719008,2.3421388079516534,0.24113797412623675,False,0.890102359472651,True,-22.291826814054453,68.55165176327307,-0.325182927627098,False,False
GATA1,raw,25,2477,T108A,480,5.054422712554299,5.547878325459109,0.49345561290481044,3.514440014022224,0.14040803397866447,False,0.9110550765613673,True,22.151794741667967,212.67510130779897,0.10415791319929016,False,False
GATA1,raw,25,2477,T135A,250,4.875658795418818,5.7365980183902,0.8609392229713819,2.0774552112662654,0.41442011279107965,False,0.849921639931644,True,-4.746274066993511,74.43842603246165,-0.06376107502493028,False,False
GATA1,raw,25,2477,"T138A,E139G",370,5.280306085530448,5.396231362906448,0.11592527737600022,2.48000398713358,0.04674398830704628,False,0.9785173634005266,True,7.78484311362887,97.58865828426718,0.07977200681407369,False,False
GATA1,raw,25,2477,T147A,243,4.5582110963331,4.713619308062881,0.1554082117297817,1.5307167993242539,0.10152642983887535,False,0.9670299611460034,True,-7.5214707106290355,140.68528433687504,-0.05346309492198668,False,False
GATA1,raw,25,2477,T171A,118,5.031436724435103,5.323723962752567,0.2922872383174635,1.1742300083068509,0.24891821555379867,False,0.9450972213506089,True,24.534836188462748,209.2956875106642,0.11722571296273188,False,False
GATA1,raw,25,2477,T210A,872,4.933898344856637,5.374745394443373,0.44084704958673626,2.70898267716158,0.1627352781925676,False,0.9179780590086181,True,7.896164359681368,97.49433043170495,0.08099101070510611,False,False
GATA1,raw,25,2477,T212A,1536,5.293587568689357,5.203955905577175,-0.08963166311218274,2.6339758112653895,-0.03402903805298149,False,1.0172237553004864,False,28.584070695278644,119.65579980612806,0.23888579359790246,False,False
GATA1,raw,25,2477,T220A,166,4.6716062104699425,5.136695772962213,0.4650895624922704,1.6665995140183556,0.27906498146689607,False,0.9094574444255895,True,7.820198928519556,110.98499298440501,0.07046176891337377,False,False
GATA1,raw,25,2477,T256A,352,4.791970302818733,5.2049305493792595,0.41296024656052666,1.593055082091717,0.2592253407950594,False,0.9206597969669785,True,-18.866009135544562,53.240729347883494,-0.3543529430686613,False,False
GATA1,raw,25,2477,T259A,269,5.453629984589178,5.524014294630753,0.0703843100415753,1.7459113284246763,0.040313794232083124,False,0.987258485172642,True,-8.390595357343923,63.72279589701664,-0.1316733711889241,False,False
GATA1,raw,25,2477,"T263A,T264A",271,4.980884218581572,4.858016236519745,-0.12286798206182681,1.5990197578858334,-0.07683956464945652,False,1.025291801443185,False,10.873680210866588,94.39308307654785,0.11519573104788412,False,False
GATA1,raw,25,2477,T264A,216,5.083708083069201,5.7459232756185905,0.6622151925493895,3.836898310553665,0.17259128049547703,False,0.8847504289938335,True,-7.304661703158452,76.86949886960889,-0.09502678969651018,False,False
GATA1,raw,25,2477,"T264A,T265A",246,4.552447145316602,5.179001283053182,0.62655413773658,1.3841235741486368,0.4526721092240397,False,0.8790202775606947,True,-11.375654557350657,72.97749027448263,-0.1558789499962878,False,False
GATA1,raw,25,2477,T265A,558,4.28609338628868,4.5442164796074245,0.25812309331874417,1.426373913033058,0.18096453598893172,False,0.9431974479039248,True,-9.627037123605227,96.6387476068204,-0.09961881090153725,False,False
GATA1,raw,25,2477,"T265A,T266A",397,5.060069535680114,4.962017597529318,-0.09805193815079605,3.0101739956230773,-0.0325735117947892,False,1.0197604978667585,False,-9.416807459237578,49.91524525493443,-0.18865593890489135,False,False
GATA1,raw,25,2477,T266A,408,5.488968746715109,4.753997993039601,-0.7349707536755083,3.65597802534871,-0.20103259608772028,False,1.1546005603602674,False,-17.489274270790602,86.25751528469588,-0.20275652751028886,False,False
GATA1,raw,25,2477,T267A,223,4.577230204771162,4.790708701493681,0.2134784967225194,1.3358006106019857,0.1598131450369035,False,0.9554390571365862,True,17.394208005505572,133.75510393663453,0.1300451907520923,False,False
GATA1,raw,25,2477,T27A,425,4.827971138178462,5.072972326085996,0.24500118790753334,2.045399712160746,0.11978156956359194,False,0.9517046078395303,True,7.899412236835634,82.62382708083328,0.09560695160135115,False,False
GATA1,raw,25,2477,T296A,723,4.854509810982531,4.818964279163573,-0.0355455318189577,1.570438669982468,-0.022634141974709858,False,1.0073761766553553,False,5.513516015296354,59.32854821644081,0.0929319220012277,False,False
GATA1,raw,25,2477,T324A,496,4.945756385561072,5.37866192323996,0.43290553767888795,2.1159765532279726,0.20458900502393576,False,0.9195142688168589,True,-5.968560002429495,98.39898984347715,-0.060656720276535944,False,False
GATA1,raw,25,2477,T354A,428,4.650085332657341,4.771058543313007,0.12097321065566646,1.1097337035668167,0.10901102693992633,False,0.974644366746407,True,25.727921436365452,107.0997124804725,0.2402240009846565,False,False
GATA1,raw,25,2477,T360A,254,5.052393508288844,5.299189539603578,0.2467960313147337,1.7026191308797376,0.14495081538712362,False,0.9534275893567686,True,-0.49109335046801306,119.72691529941181,-0.004101779029718522,False,False
GATA1,raw,25,2477,T391A,262,5.41880802778822,5.357994939020635,-0.060813088767584844,2.176776537350656,-0.027937221724008546,False,1.0113499712970428,False,41.62433318470771,217.58651089322663,0.19130015465496145,False,False
GATA1,raw,25,2477,T402A,281,4.7159615065914124,4.838053791323034,0.1220922847316217,1.6658445346312467,0.07329152402486838,False,0.9747641737777716,True,1.6472614209584933,66.39936278043993,0.024808392008300224,False,False
GATA1,raw,25,2477,"T402A,T403A",581,5.94170973423406,5.853988702330241,-0.08772103190381841,3.321225170553485,-0.026412250720477235,False,1.0149848310894245,False,7.61697462743664,111.70830965893218,0.0681862848940494,False,False
GATA1,raw,25,2477,"T403A,S404G",727,4.714841348156359,4.928811340279843,0.21396999212348433,3.0714455171867576,0.06966426424502128,False,0.9565879119018307,True,-16.883533996401617,64.81837876781259,-0.26047448759680514,False,False
GATA1,raw,25,2477,"T405A,T406A",608,4.643226927300127,5.099164913822214,0.4559379865220876,1.3668266069766934,0.33357412285862975,False,0.9105857538974304,True,11.0806704946812,103.8458542593537,0.1067030607404641,False,False
GATA1,raw,25,2477,T48A,268,5.040856894791801,5.437562845103937,0.3967059503121355,1.1842970349261988,0.3349716655643378,False,0.9270434270623032,True,-2.9648865621874663,66.54608480259475,-0.04455388428910036,False,False
GATA1,raw,25,2477,T52A,368,5.230492148604515,5.625673213722543,0.3951810651180274,2.542379813810191,0.1554374617716072,False,0.9297539956366335,True,7.331337028439357,126.83927313049865,0.05780021319498187,False,False
GATA1,raw,25,2477,T54A,721,5.404485978288406,4.842392601634927,-0.562093376653479,3.455482282475767,-0.16266712739466083,False,1.1160776134639931,False,-3.3516433031308956,47.8765173780489,-0.07000599639830118,False,False
GATA1,raw,25,2477,V109A,438,4.425140256137485,4.945209683693275,0.5200694275557893,1.3693092001562492,0.3798042308460684,False,0.8948336954708498,True,-18.71365138244886,50.59132435740678,-0.36989842863659095,False,False
GATA1,raw,25,2477,"V109A,C110R",246,5.261403564670488,5.339688881283685,0.07828531661319715,2.609862197299714,0.029995957906971033,False,0.9853389741699001,True,7.889338351440113,89.25169219549613,0.08839427194455175,False,False
GATA1,raw,25,2477,V121A,965,5.104095100233849,4.609022605480337,-0.49507249475351145,3.4977053576228885,-0.14154208091729395,False,1.1074137701483278,False,-11.716011265134629,106.68384361932098,-0.10981992087706147,False,False
GATA1,raw,25,2477,V158A,399,5.593820382109165,5.482769569394755,-0.11105081271441009,2.2671694007957583,-0.048982141641216635,False,1.0202545102997405,False,17.271451906404863,81.17202381835008,0.2127759182776518,False,False
GATA1,raw,25,2477,V19A,1033,4.95114261402815,4.963240123562194,0.012097509534044093,1.0224461843606152,0.01183192789907984,False,0.9975625782285622,True,-0.9051932875651723,50.75630076880664,-0.01783410677796042,False,False
GATA1,raw,25,2477,V250A,170,4.508254544420883,4.837842589594075,0.3295880451731925,0.7121227704169382,0.46282475278837554,False,0.9318729290857628,True,-37.87758392778359,38.66477555935715,-0.9796405999986968,False,False
GATA1,raw,25,2477,"V278A,C279R",196,4.859712342915781,5.253607244418923,0.3938949015031419,1.433928222045341,0.27469638678377784,False,0.9250239153447207,True,-7.101214634194122,118.82912255135659,-0.05975988446035237,False,False
GATA1,raw,25,2477,V291A,722,5.40492551241185,5.2036251361743595,-0.20130037623749075,3.3885608294121123,-0.05940586177182917,False,1.0386846421426668,False,-1.0728342078693878,160.55771816520956,-0.006681922364924682,False,False
GATA1,raw,25,2477,V32A,234,5.220815174977179,5.384741402349263,0.16392622737208384,1.150190754539829,0.14252090509775295,False,0.9695572702338935,True,2.736264479323779,99.20258768847836,0.02758259177589554,False,False
GATA1,raw,25,2477,"V336A,V337A",189,4.873674855807963,5.0208042220326305,0.147129366224668,2.184528549546826,0.06735062641098902,False,0.9706960559069352,True,-12.017394232754437,122.26576523318191,-0.09828911805226256,False,False
GATA1,raw,25,2477,V349A,209,5.32957223340965,5.427990820615456,0.09841858720580632,3.438377271522161,0.028623556821685436,False,0.9818683209942041,True,13.128908426587454,107.14556379041495,0.12253338320444716,False,False
GATA1,raw,25,2477,V370A,658,5.072228518443282,5.30427500621019,0.23204648776690817,1.7910994022848952,0.12955533761604063,False,0.9562529304202307,True,15.536261179451568,161.2874166057719,0.09632655483239713,False,False
GATA1,raw,25,2477,"V371A,L372P",238,4.9479823645805325,4.877270838090453,-0.07071152649007928,1.6822683608900943,-0.04203344016567342,False,1.0144981750732063,False,-8.890553786774209,141.43713535125357,-0.06285869524078572,False,False
GATA1,raw,25,2477,V407A,697,5.002499479261267,5.1679668646230965,0.16546738536182914,1.508045542599592,0.10972306915651495,False,0.9679821117866442,True,5.167698312394776,147.39673400235156,0.03505978845034878,False,False
GATA1,raw,25,2477,"V407A,V408A",1121,4.826800106156444,5.419241818791107,0.5924417126346633,1.1468857900804075,0.5165655706599412,False,0.8906781183706577,True,21.91502111343642,143.97205436757878,0.15221718693743588,False,False
GATA1,raw,25,2477,V408A,664,4.810571621180312,5.052517083562989,0.24194546238267733,1.631506923728777,0.14829570065796335,False,0.9521138754444232,True,44.148459198828526,177.69459011254736,0.24845134098267135,False,False
GATA1,raw,25,2477,V74A,952,4.957254227611692,5.6312706852792545,0.6740164576675625,3.0715148337010056,0.2194410556876295,False,0.8803082829192506,True,22.705805906066555,109.40687917598805,0.20753545002908633,False,False
GATA1,raw,25,2477,"V74A,F75P",369,5.505750473553356,5.59095220287044,0.08520172931708458,1.148427771078433,0.07418988939728945,False,0.9847607838118628,True,7.829071269478476,100.07930648536393,0.07822867228424925,False,False
GATA1,raw,25,2477,V77A,550,4.944591656836298,4.845403616020569,-0.0991880408157293,2.752971078670795,-0.03602945253737276,False,1.020470542533914,False,-9.82325728528036,91.50834949706199,-0.10734820745068459,False,False
GATA1,raw,25,2477,"V77A,Y78H",406,4.7433423336332154,4.94973540658285,0.20639307294963416,0.9403888726363485,0.21947630278846042,False,0.9583022008256958,True,-20.013655478310692,51.72327524626442,-0.3869371261394768,False,False
GATA1,raw,25,2477,W215R,382,4.714649366012033,4.668154746343387,-0.04649461966864621,1.309435524587915,-0.03550737611405362,False,1.009959956812714,False,-11.648946290566894,69.47709863835826,-0.16766598661815044,False,False
GATA1,raw,25,2477,W269R,576,4.88844503687756,4.659657660977647,-0.2287873758999126,3.2560402887267603,-0.07026552364601651,False,1.0490996104318768,False,-13.432200710344368,65.84378950157392,-0.20400102746248053,False,False
GATA1,raw,25,2477,W96R,972,4.80921204613767,5.048562235984299,0.23935018984662904,1.967812736556784,0.12163260527799834,False,0.9525904250242517,True,16.091574970886438,89.01528769720231,0.18077316141047742,False,False
GATA1,raw,25,2477,Y104C,1038,4.625300273533348,4.916350103158834,0.29104982962548576,1.710072768185647,0.1701973360667475,False,0.9407996128187694,True,13.674636214701952,103.03170126515045,0.1327226091269763,False,False
GATA1,raw,25,2477,Y163H,427,5.335049461742752,5.206447018181315,-0.12860244356143724,1.7127334814075592,-0.07508608020890041,False,1.0247006150475262,False,3.9137885703281974,95.27411164532707,0.04107924495688707,False,False
GATA1,raw,25,2477,Y185C,255,4.650681346787305,5.054793135003241,0.4041117882159355,1.4954631272540397,0.2702251769710719,False,0.9200537435612236,True,-10.772622246152121,108.63964708653637,-0.09915921613378624,False,False
GATA1,raw,25,2477,Y185H,1166,4.429152179857809,4.923183116085937,0.4940309362281283,2.959991448498842,0.16690282550602498,False,0.8996521306278576,True,13.242872682764034,132.90393973854037,0.09964243880818363,False,False
GATA1,raw,25,2477,"Y185H,S186P",436,4.6015964947683585,5.38386351444516,0.7822670196768016,1.868649529549883,0.41862693207389867,False,0.8547015507399208,True,-19.58058527624775,78.13939578346275,-0.2505853171748193,False,False
GATA1,raw,25,2477,Y223C,490,4.395280300867988,5.083495252862843,0.6882149519948548,3.8781747658209578,0.177458467849416,False,0.8646177643999418,True,-1.313054072983352,58.9138909369763,-0.02228768210858801,False,False
GATA1,raw,25,2477,Y231C,476,4.734589641596642,5.231213234836737,0.49662359324009486,2.4293369347574147,0.2044276304923862,False,0.905065312586977,True,-4.425531297458434,67.75037066276096,-0.06532113779107235,False,False
GATA1,raw,25,2477,Y285C,140,4.877032104977722,5.303544641373307,0.4265125363955846,1.3061979460826443,0.3265297864498394,False,0.9195797216321454,True,24.401067096399323,122.41356816645745,0.19933302706460493,False,False
GATA1,raw,25,2477,"Y285C,Y286C",108,4.954354011982648,5.6894949696748185,0.7351409576921704,2.2226021986845845,0.3307568750392009,False,0.8707897692834787,True,58.52706528378553,98.5150988297412,0.5940923369009148,False,False
GATA1,raw,25,2477,"Y286C,K287E",253,5.180064075685252,5.3969652378300665,0.21690116214481492,2.762691468813844,0.078510816207045,False,0.9598105319218206,True,11.858689646464313,81.92322343683347,0.14475369924387682,False,False
GATA1,raw,25,2477,Y286H,145,5.47836670301092,5.966926841858218,0.48856013884729776,2.1585719051735346,0.2263348919145785,False,0.9181219827566797,True,8.322545331252556,96.22974366546386,0.08648620493249277,False,False
GATA1,raw,25,2477,"Y364C,Q365R",403,4.563365509021867,5.272755035402177,0.7093895263803098,1.5027828820904414,0.47205057685612956,False,0.8654613154570339,True,3.697341481231124,132.38752449508843,0.02792817144464617,False,False
GATA1,raw,25,2477,Y62C,602,4.958249415228384,5.048243828123468,0.08999441289508425,1.0706712557541236,0.08405419722573668,False,0.9821731247619755,True,-18.83920769436532,121.32155072952625,-0.15528327474452885,False,False
GATA1,raw,25,2477,"Y62C,Y63C",295,5.230272784228426,5.248495827994482,0.018223043766056435,1.9221231084190569,0.009480685022846876,False,0.99652794927094,True,-14.774105904521114,60.3500068470173,-0.2448070294668293,False,False
GATA1,raw,25,2477,Y62H,382,5.037592141797308,5.71278223655812,0.6751900947608114,1.9828654606341987,0.3405123081547141,False,0.8818106367786906,True,-6.070120915435588,56.54196588425094,-0.10735602875679892,False,False
GATA1,raw,25,2477,"Y62H,Y63H",234,5.282908677257545,5.407341491792913,0.1244328145353677,2.107261734753414,0.05904952976803733,False,0.9769881715951864,True,-13.580521064927396,62.34501961188931,-0.21782848332503477,False,False
GATA1,raw,25,2477,Y63H,325,5.205865542979804,5.313671625492184,0.10780608251237922,2.3905181090344216,0.045097371195369974,False,0.979711564787861,True,3.327472445257044,96.79774994821149,0.03437551437959354,False,False
GATA1,raw,25,2477,Y69C,419,4.77715338403997,4.897810982428215,0.12065759838824519,1.5281976246261983,0.07895418527283629,False,0.9753649949291375,True,-10.996634411782416,70.17097193029443,-0.15671201508661042,False,False
GATA1,raw,25,2477,Y69H,185,4.53523270385201,5.075873848852957,0.5406411450009472,2.036400328029343,0.26548863578515247,False,0.8934880650898916,True,-23.746585489511446,65.79374317128232,-0.3609246767993034,False,False
GATA1,raw,25,2477,Y78C,228,5.022609927333761,4.8514261464067125,-0.17118378092704845,1.238611181352887,-0.1382062292866362,False,1.0352852492774394,False,-5.294567789835913,96.28722283441626,-0.05498723126474324,False,False
GATA1,raw,25,2477,Y78H,304,5.191573743318223,5.177094608246456,-0.014479135071766791,3.0655429455272545,-0.004723187810137323,False,1.0027967684903234,False,-5.347433481586783,116.14391713371785,-0.04604144249268105,False,False
GATA1,raw,25,2477,Y93C,769,5.140738846327672,5.626038789892213,0.48529994356454154,3.022975354582859,0.1605371816309459,False,0.9137403843648509,True,3.344509978332045,89.50945210598873,0.03736488046392898,False,False
GATA1,raw,25,2477,Y93H,824,4.7945473701818955,4.905055412079445,0.1105080418975497,1.2166416192482679,0.09083039750508438,False,0.9774705823658165,True,28.336373446275623,120.44516252578562,0.2352636905629913,False,False
GATA1,raw,25,2477,Y98H,508,5.003000593299902,4.994489561420771,-0.008511031879130826,3.011566097595379,-0.0028261149193858177,False,1.0017040844263392,False,-15.092884410697884,65.13945112195587,-0.23170112966473375,False,False
GATA1,raw,50,2477,C110R,382,2.2745305874955335,2.4449129578468387,0.1703823703513052,2.1518119474714,0.07918088313968236,False,0.9303114780407742,True,-3.5583085665326912,21.440139146047436,-0.16596480751799028,False,False
GATA1,raw,50,2477,C199R,1048,2.4161451354053227,2.3045580384420035,-0.11158709696331925,0.651457795066487,-0.17128829804228654,False,1.0484201721553335,False,5.62660258226521,57.96423720040404,0.09707024286047174,False,False
GATA1,raw,50,2477,C204R,964,2.874531725933437,2.6856143294184456,-0.1889173965149915,1.3491609803802818,-0.14002583773342026,False,1.07034420186308,False,9.153763322592928,84.98711471572972,0.10770766078141393,False,False
GATA1,raw,50,2477,"C204R,V205A",229,2.370301727632306,2.461545095870367,0.0912433682380609,0.6326192085907438,0.14423110616783116,False,0.9629324815575647,True,-8.40374914048113,27.873052278943653,-0.3015008566833435,False,False
GATA1,raw,50,2477,C207R,272,2.7702861309304154,2.794872696516066,0.024586565585650533,0.972567937122129,0.025280049492895328,False,0.9912029747843976,True,32.066993035818406,72.90565413181065,0.439842333460756,False,False
GATA1,raw,50,2477,C225R,310,2.12671930073774,2.441510411281552,0.3147911105438119,0.7607681918246869,0.4137805890501178,False,0.8710670619755507,True,-0.4673594508709158,54.44488374787357,-0.008584083915674983,False,False
GATA1,raw,50,2477,C228R,645,2.4715901473406845,2.63720200143835,0.16561185409766566,1.2322325802758525,0.13439983388573537,False,0.9372016804145683,True,-7.744078622058549,29.934138409938647,-0.25870390909555563,False,False
GATA1,raw,50,2477,C258R,265,2.6292214712542368,2.391045895932649,-0.23817557532158773,0.7690905625944104,-0.3096846937220742,False,1.0996114611295176,False,-7.144251384778366,28.043125707688176,-0.25475945368029107,False,False
GATA1,raw,50,2477,C261R,463,2.5402662199178145,2.5308846998190937,-0.009381520098720841,1.2025216459447923,-0.007801539481935901,False,1.0037068144982628,False,-4.0816427382358995,38.071535983660176,-0.10720982573405205,False,False
GATA1,raw,50,2477,D115G,238,2.7564008877150314,2.741268919079417,-0.015131968635614612,1.7428789765019053,-0.008682168320135263,False,1.005520059900105,False,10.360577828176035,50.43638101904632,0.20541873978356148,False,False
GATA1,raw,50,2477,D123G,329,2.3169264989418927,2.6641250565539103,0.34719855761201757,0.9324968237203919,0.372332161118572,False,0.8696763289103535,True,-2.476532909769819,40.38085228683882,-0.06132938681378418,False,False
GATA1,raw,50,2477,D125G,269,2.5646949614524246,2.4177530011470587,-0.14694196030536588,1.193927957293477,-0.1230743944035531,False,1.0607762497805409,False,1.1666084321624481,47.41897966882554,0.024602141174484327,False,False
GATA1,raw,50,2477,D144G,560,2.7307643876864205,2.7999510876643363,0.06918669997791582,1.8036295250813654,0.03835970692196041,False,0.9752900326428094,True,9.571759388344518,67.90374324438359,0.1409607030630997,False,False
GATA1,raw,50,2477,D276G,215,2.4645721885097913,2.6275944974346466,0.16302230892485525,0.6613189247926656,0.24651087820595097,False,0.9379575847475644,True,8.629163334457983,51.68863962789068,0.1669450656194436,False,False
GATA1,raw,50,2477,D65G,329,2.4949109137496954,2.523249521046253,0.028338607296557683,2.6230782798739667,0.01080356904099686,False,0.9887690031999661,True,3.364444181357623,55.67653143320307,0.06042840842903541,False,False
GATA1,raw,50,2477,"E122G,D123G",359,2.5780938333780696,2.6607702124175105,0.08267637903944092,0.6253055178759115,0.13221757473096152,False,0.9689276516049377,True,11.076767492863638,106.20463326568316,0.10429646195523151,False,False
GATA1,raw,50,2477,"E134G,T135A",267,2.451534414442925,2.4852739930764614,0.03373957863353638,1.5330407611140666,0.02200827237562666,False,0.9864242016262477,True,-9.281658617220767,63.0757498301986,-0.14715098341608637,False,False
GATA1,raw,50,2477,E200G,932,2.5624654941691745,2.579167952961331,0.016702458792156705,1.146423561275968,0.014569186604614868,False,0.9935240902892813,True,2.9390646226647306,35.10477678714939,0.08372264095240217,False,False
GATA1,raw,50,2477,E203G,634,2.4380740836911308,2.6347431695329284,0.19666908584179765,1.7712959652836253,0.11103118264615162,False,0.9253555002567244,True,11.300540442351572,85.40367076696532,0.13231914203297562,False,False
GATA1,raw,50,2477,E2G,853,2.3889416007125917,2.457976734509291,0.06903513379669945,0.8936107264915847,0.07725414629672037,False,0.9719138375772781,True,-8.865416590020558,29.754446013048327,-0.2979526685233116,False,False
GATA1,raw,50,2477,E328G,804,2.488291664859446,2.5492732076988354,0.06098154283938939,1.0488883789660446,0.058139211056473655,False,0.9760788515506206,True,0.47419695909362325,41.780694066040375,0.011349666866330344,False,False
GATA1,raw,50,2477,E348G,347,2.3131624409221274,2.450525291648038,0.1373628507259106,0.8138819785987472,0.16877490144505583,False,0.9439455486568226,True,-6.741146865087833,51.8862624735428,-0.12992161207458708,False,False
GATA1,raw,50,2477,E39G,692,2.341970354165639,2.402962208707276,0.060991854541637025,0.7079454648610763,0.08615332334052844,False,0.9746180550319812,True,-10.641394766938296,19.708349909430417,-0.5399434663906796,False,False
GATA1,raw,50,2477,E85G,473,2.418017873290708,2.55904681564218,0.1410289423514719,0.6390907479279782,0.22067123144671943,False,0.9448900498852025,True,-4.02226723077594,27.33685350684859,-0.14713716886869432,False,False
GATA1,raw,50,2477,F172P,201,2.360779457354951,2.7739509491805556,0.4131714918256044,1.3788880009811884,0.299641081459553,False,0.8510530649622128,True,-8.482254368926863,35.5029202656667,-0.2389170892268734,False,False
GATA1,raw,50,2477,F18P,358,2.320323127560055,2.3675573446781293,0.047234217118074184,0.5877687598630241,0.08036190478902251,False,0.9800493883604345,True,-0.24438675494372042,38.60067797619841,-0.006331151880140859,False,False
GATA1,raw,50,2477,F382S,296,2.064518669582693,2.7379204206665513,0.6734017510838584,0.42504036415550805,1.5843242380563254,True,0.7540462659174303,True,1.9639325138425043,53.64371332467241,0.036610674245386936,False,False
GATA1,raw,50,2477,F394P,782,2.40401345180522,2.5660681647888133,0.16205471298359342,0.7113097893297371,0.22782578760274985,False,0.9368470739759439,True,-2.4890477456342914,55.05289034336501,-0.04521193583316143,False,False
GATA1,raw,50,2477,F3P,448,2.8992616503272792,2.617550686086112,-0.28171096424116726,0.9435390494411187,-0.2985684211035374,False,1.1076238812637456,False,-2.4027294876344936,63.4560132666616,-0.037864488547956654,False,False
GATA1,raw,50,2477,F75P,555,2.4017928672754856,2.520656983150694,0.1188641158752084,0.7034653305640166,0.16896940149119624,False,0.9528439939786515,True,6.4357218332649495,67.94281051689276,0.09472263193564567,False,False
GATA1,raw,50,2477,"H222R,Y223C",529,2.378685398450255,2.7274666003288814,0.3487812018786265,0.509813082231918,0.6841354489211855,False,0.8721226497011659,True,-3.247891714091743,23.360404395357193,-0.13903405348313455,False,False
GATA1,raw,50,2477,"H232R,K233E",215,2.623563648085984,2.326159833770742,-0.297403814315242,1.821453029606583,-0.16327833300180047,False,1.1278518397564907,False,5.382046010593196,38.631896562425155,0.13931612189674317,False,False
GATA1,raw,50,2477,H289R,345,2.6500706148129787,2.795197763255562,0.14512714844258312,1.1115141184645947,0.13056707605572884,False,0.94807982807143,True,9.257129735910851,65.0249217689232,0.14236279697202237,False,False
GATA1,raw,50,2477,H362R,785,2.595587285175,2.4675308061352332,-0.1280564790397669,0.7232914522350615,-0.1770468580045517,False,1.0518966080266836,False,-0.8112440416083082,30.795581602689943,-0.026342871262332236,False,False
GATA1,raw,50,2477,H378R,493,2.4280135825818476,2.4219191772976068,-0.006094405284240878,0.7590774619138605,-0.008028700086648688,False,1.0025163537005561,False,16.9860819758034,117.73301715900114,0.14427628192746736,False,False
GATA1,raw,50,2477,I242T,225,2.3752648874042492,2.5052951618103414,0.13003027440609216,0.851356746708102,0.15273300518128696,False,0.9480978224090244,True,24.364213504016554,81.12596445506246,0.30032571776095746,False,False
GATA1,raw,50,2477,I242V,488,2.7409045583574354,2.4460617178323005,-0.2948428405251349,1.500599457341695,-0.1964833714170786,False,1.1205377764492486,False,9.677178063177701,66.80659535331586,0.14485363326777267,False,False
GATA1,raw,50,2477,"I249T,V250A",307,2.5831839958525578,2.4705265880990908,-0.112657407753467,1.2420039298755836,-0.09070616045856822,False,1.0456005647930102,False,-7.534999843548681,32.868723589221005,-0.22924528307572353,False,False
GATA1,raw,50,2477,I249V,330,2.502798008927787,2.7287280267005904,0.22593001777280364,0.7305129835077318,0.3092758415982519,False,0.917203174679895,True,-2.94163175271197,27.695735798065463,-0.10621244274425243,False,False
GATA1,raw,50,2477,I302T,307,2.4578124487237787,2.5225654988389437,0.06475305011516497,0.5930781790277755,0.10918130594741103,False,0.9743304781798654,True,31.383731867508292,73.59672256537463,0.42642838938419697,False,False
GATA1,raw,50,2477,I87T,341,2.6698003205161385,2.641454452765462,-0.02834586775067649,1.230606757140683,-0.023034058269384258,False,1.010731159010143,False,-4.809291708228445,37.149426692360635,-0.12945803304193176,False,False
GATA1,raw,50,2477,K137E,425,2.4564819113013776,2.748559010835475,0.29207709953409733,0.90002326776442,0.32452172071016744,False,0.8937344629012294,True,6.195383053914455,37.66641396118676,0.1644802996191373,False,False
GATA1,raw,50,2477,K137G,342,2.4565346368885734,2.650506215352081,0.19397157846350765,1.1353296221448872,0.17085045142841662,False,0.9268171576659587,True,-4.610990978836345,27.50195183487825,-0.16766049939003383,False,False
GATA1,raw,50,2477,"K233R,M234V",289,2.4364132712035804,2.3457509625954778,-0.09066230860810265,0.5661576018031265,-0.1601361675960137,False,1.0386495881505633,False,-6.714893586591378,29.696771719687494,-0.2261152710461028,False,False
GATA1,raw,50,2477,K252G,205,2.161795907143162,2.2654935500689675,0.10369764292580541,0.2818048988925561,0.3679767219566409,False,0.9542273501848423,True,-7.045760280781774,22.922666514131198,-0.3073708844666154,False,False
GATA1,raw,50,2477,K299E,308,2.6404572418790906,2.3376323477161307,-0.3028248941629599,0.909518678068753,-0.3329507149935282,False,1.129543422197601,False,-6.787635575335445,36.42242198558009,-0.18635870997328846,False,False
GATA1,raw,50,2477,"K299R,D300G",229,2.305232416419603,2.444559141232279,0.13932672481267616,0.5187835859650471,0.2685642502615016,False,0.9430053777539442,True,-16.673254589286284,14.257756462466658,-1.1694164248897356,False,False
GATA1,raw,50,2477,K308G,501,2.5516269690218394,2.551866669937617,0.00023970091577751873,0.8538668442741706,0.00028072399974878574,False,0.999906068401378,True,2.8384381834231913,55.85885884359495,0.050814467788732144,False,False
GATA1,raw,50,2477,K316G,516,2.480552146203653,2.7323421723188055,0.25179002611515244,0.8710624093472972,0.2890608335444337,False,0.9078482817174137,True,-5.032653593433427,34.88830951751003,-0.14425042838225216,False,False
GATA1,raw,50,2477,K316R,248,2.421839712849838,2.519452479004201,0.09761276615436287,1.0345940562456355,0.09434885650569352,False,0.9612563574952032,True,0.49683132767258265,56.80822044984063,0.008745764675224506,False,False
GATA1,raw,50,2477,L103P,438,2.4116352603443723,2.384108572942271,-0.027526687402101402,0.6873328362169113,-0.04004855573845219,False,1.0115459034519263,False,-7.9694363655757545,32.21093407171002,-0.24741401003254643,False,False
GATA1,raw,50,2477,"L103P,Y104H",249,2.621382900397087,2.4763022465112527,-0.14508065388583447,1.0104228342053698,-0.14358410061064258,False,1.0585876195404789,False,3.536402597094968,30.836938884117565,0.11468072788886244,False,False
GATA1,raw,50,2477,L124P,1138,2.459209980237155,2.5270280475436913,0.06781806730653628,0.5649452284882974,0.12004361464916966,False,0.9731629146845219,True,-9.531397459243442,25.311691020383815,-0.37656107020142154,False,False
GATA1,raw,50,2477,L133P,351,2.5754629550989527,2.675401239141074,0.09993828404212124,0.9503184897302854,0.10516293760682822,False,0.9626454968398661,True,0.8103807507995864,58.5226538545163,0.013847300103890415,False,False
GATA1,raw,50,2477,L136P,418,2.5190623208040748,2.558570901480678,0.039508580676603344,0.6723776670130261,0.0587595076619907,False,0.9845583404963532,True,-0.617223693320252,30.82244695286871,-0.020025136040109418,False,False
GATA1,raw,50,2477,L145P,346,2.5841622563592637,2.694535930397098,0.11037367403783449,2.6877320771840028,0.04106572785836431,False,0.9590379653903637,True,36.48658638171086,128.20593702657484,0.2845935783313048,False,False
GATA1,raw,50,2477,L146P,402,2.409303723062102,2.58200591459417,0.17270219153206767,0.4888404924432397,0.353289455766843,False,0.9331131696655264,True,-4.01448926466321,37.37647598794165,-0.10740684236679666,False,False
GATA1,raw,50,2477,L148P,1096,2.5726615178122785,2.8031740186586838,0.2305125008464053,0.5875076226026388,0.39235661288145124,False,0.9177673240005608,True,-8.390336007954694,44.96782961786767,-0.18658530063058346,False,False
GATA1,raw,50,2477,L152P,416,2.5265824219579933,2.700349156330919,0.17376673437292567,1.0866502067817194,0.1599104599515629,False,0.9356502717563272,True,6.092463695543458,62.58759608784807,0.09734298928803822,False,False
GATA1,raw,50,2477,L156P,268,2.5459005761109346,2.7986388102975717,0.2527382341866371,1.3669151172619678,0.18489680229222316,False,0.9096924428916341,True,5.3569348333581654,56.08715262676073,0.09551090726617176,False,False
GATA1,raw,50,2477,L180P,1501,2.398491947184908,2.8262882275386545,0.4277962803537463,0.7910531312193623,0.5407933594729892,False,0.8486367115054279,True,12.068214333437862,60.15611627670883,0.2006149179898174,False,False
GATA1,raw,50,2477,L190P,393,2.7382047876248095,2.703145400637041,-0.03505938698776845,0.8661530900331695,-0.04047712510778648,False,1.0129698487471321,False,1.3970347905426994,63.152090523054966,0.0221217505069398,False,False
GATA1,raw,50,2477,L194P,600,2.5670880472461057,2.424484675495272,-0.14260337175083393,1.0606100396534788,-0.13445410322291984,False,1.0588180132430423,False,-14.49386494445926,35.828750735818836,-0.4045316860565112,False,False
GATA1,raw,50,2477,"L214P,W215R",327,2.3010059179607723,2.2911790349603613,-0.009826883000410902,1.3631784155568565,-0.007208801788720102,False,1.0042890070354458,False,-2.5658189105284883,48.290618024433094,-0.05313286546116035,False,False
GATA1,raw,50,2477,L224P,325,2.619693931935487,2.7320079231192587,0.11231399118377183,0.8175567207845993,0.13737761347736882,False,0.9588895807243715,True,15.094361414373159,115.2482444071306,0.13097259304922867,False,False
GATA1,raw,50,2477,"L230P,Y231H",243,2.3870871913517995,2.6271835806025052,0.24009638925070576,0.8632182813893898,0.2781409921766943,False,0.9086107301281005,True,1.2684821377643,65.18592109805994,0.019459449470018344,False,False
GATA1,raw,50,2477,L248P,646,2.352366678968693,2.522499776121908,0.17013309715321512,0.5716674931427499,0.29760848604125817,False,0.9325537711583952,True,5.107723396708014,39.18369860898295,0.1303532738876533,False,False
GATA1,raw,50,2477,"L268P,W269R",538,2.2690147758768866,2.472887817461551,0.20387304158466435,0.4330146218195581,0.47082253418597136,False,0.9175566962055147,True,-1.8879725276321935,48.80545217592906,-0.038683639705388184,False,False
GATA1,raw,50,2477,L288P,413,2.4632507646025132,2.3934817149132392,-0.069769049689274,1.1138547141461688,-0.06263747758409932,False,1.0291496063055585,False,3.8156249835757254,50.18843253005519,0.07602598430008249,False,False
GATA1,raw,50,2477,L295P,319,2.4100574632792053,2.4236643928037402,0.013606929524534905,0.95743486780861,0.01421185918962679,False,0.9943858029333863,True,-0.3269323905818471,64.58097046495575,-0.005062364164367177,False,False
GATA1,raw,50,2477,L355P,311,2.545011249377005,2.4644035251286383,-0.08060772424836671,1.7777546910792348,-0.045342433718699164,False,1.032708817134223,False,-3.8312231100092564,44.874128003970455,-0.08537710436780567,False,False
GATA1,raw,50,2477,L363P,650,2.446197790314045,2.495197509302635,0.04899971898858979,1.1433611858257295,0.04285585307253757,False,0.9803623886261876,True,-0.22864641848437195,37.98695554562839,-0.006019077212169086,False,False
GATA1,raw,50,2477,"L363P,Y364H",559,2.7679173325496613,2.428603775096118,-0.3393135574535435,1.280477565795744,-0.26498984950406335,False,1.1397154862942245,False,-1.3920290351001743,35.20293398971384,-0.039542983420271724,False,False
GATA1,raw,50,2477,L367P,1080,2.397306561640356,2.7617280606854386,0.3644214990450827,1.6516792485063057,0.22063696651431983,False,0.8680458426617731,True,-7.883835719177039,29.865735814532318,-0.2639759411298635,False,False
GATA1,raw,50,2477,"L372P,S373P",420,2.499538938629353,2.2455934393834234,-0.2539454992459298,1.3558920992340076,-0.1872903451457478,False,1.1130861423052858,False,9.053129466077422,63.17424405729736,0.143304120233975,False,False
GATA1,raw,50,2477,L379P,289,2.614943374646259,2.4748687676230077,-0.14007460702325147,0.7226015121774543,-0.1938476527694456,False,1.056598801866083,False,3.37977543671749,88.40321413371632,0.038231363755681244,False,False
GATA1,raw,50,2477,L386P,287,2.3997458484996947,2.7893387216262724,0.38959287312657764,1.5460418838459917,0.25199373781350076,False,0.8603278726581357,True,5.951334874712757,47.46222702063058,0.12539097400814903,False,False
GATA1,raw,50,2477,L387P,224,2.1186158013802725,2.5197921247606487,0.40117632338037623,0.42489631359453917,0.9441746387171579,False,0.8407899130097951,True,-11.704362941533267,45.930948369178125,-0.25482519645484736,False,False
GATA1,raw,50,2477,L411P,650,2.309777739627606,2.3977783793115925,0.08800063968398675,0.6932457247259274,0.12694003950587296,False,0.9632990936763506,True,-3.353436377127057,32.666509610557696,-0.1026567091833784,False,False
GATA1,raw,50,2477,L41P,904,2.4692752655723247,2.6318518091627077,0.16257654359038298,0.9745430136954907,0.16682336367472259,False,0.9382273184894461,True,8.56369598094597,96.80220155074497,0.088465921681097,False,False
GATA1,raw,50,2477,L60P,1069,2.2629393755936427,2.353458120941159,0.09051874534751647,0.9265833365254919,0.09769088411080674,False,0.9615379833862021,True,4.257585957292362,55.867049752457085,0.07620924992741555,False,False
GATA1,raw,50,2477,L6P,302,2.3571760925905245,2.3900820571256567,0.03290596453513217,0.7342057489002936,0.044818451209922165,False,0.9862322866961709,True,7.552304864117387,139.84023745746418,0.05400666504456276,False,False
GATA1,raw,50,2477,L81P,267,2.69666823446763,2.8436482100219607,0.14697997555433062,1.1090046781656464,0.13253323313066942,False,0.9483128837679976,True,62.3548546232205,110.27971799486141,0.5654245019571593,False,False
GATA1,raw,50,2477,L9P,754,2.728620655846747,2.725891260616816,-0.0027293952299309865,1.2442378536550773,-0.0021936281892671133,False,1.0010012854398724,False,-0.8177585519803259,44.99671868993252,-0.01817373745884474,False,False
GATA1,raw,50,2477,M1T,353,2.927427928882846,2.591298347658064,-0.33612958122478176,1.3723914421855983,-0.24492252785362717,False,1.1297147360621618,False,6.047647109391708,30.68827107797315,0.19706705190480653,False,False
GATA1,raw,50,2477,M1V,333,2.425064588320108,2.304719883550632,-0.1203447047694759,0.5239603889586162,-0.2296828296670744,False,1.0522166297207771,False,-1.1329928752479805,38.36310451866538,-0.02953339906828261,False,False
GATA1,raw,50,2477,"M1V,E2G",224,2.5783283376345523,2.6220755130458144,0.04374717541126216,1.57308981081861,0.027809712522705143,False,0.9833158216864452,True,5.4681701937663085,42.11566678395405,0.12983696119111823,False,False
GATA1,raw,50,2477,M234T,430,2.5883954599741443,2.6779070787385955,0.08951161876445113,1.319528867299062,0.0678360443509448,False,0.9665740385560299,True,-1.60952243364666,57.09441166800353,-0.0281905424125538,False,False
GATA1,raw,50,2477,"M234V,N235D",284,2.502901303091601,2.5741478927600703,0.07124658966846908,0.595724339543843,0.11959657334636335,False,0.9723222624974835,True,-1.1522371894520482,31.139152707681436,-0.03700284334222791,False,False
GATA1,raw,50,2477,M297T,600,2.5438722638790416,3.0478974627893543,0.5040251989103126,0.5917237081670583,0.851791455967848,False,0.8346318388122407,True,2.305649828848262,37.802179199004584,0.06099251095315095,False,False
GATA1,raw,50,2477,"M335T,V336A",363,2.2761447191939155,2.4414895572093727,0.16534483801545719,0.2608792115838776,0.6337984426263711,False,0.9322770652337147,True,-5.389257905810558,37.57802953964215,-0.14341512771778717,False,False
GATA1,raw,50,2477,M335V,1987,2.3335055276959977,2.422972979377647,0.08946745168164938,1.1225870610888857,0.07969756180413111,False,0.9630753407309439,True,1.4793103497199347,68.83283749373439,0.021491346333856878,False,False
GATA1,raw,50,2477,M380T,394,2.479015613221314,2.5721572285983036,0.0931416153769895,0.5518128846548183,0.1687920270931213,False,0.9637885218129737,True,4.762424136112545,45.05021205168329,0.10571368966363384,False,False
GATA1,raw,50,2477,M399T,1621,2.2795872841368876,2.5417678941004134,0.26218060996352577,0.4548719396203036,0.5763833446890051,False,0.896851081260385,True,4.9541214415072545,57.045062448900254,0.0868457536696546,False,False
GATA1,raw,50,2477,M399V,333,2.4721971921878705,2.404779771099914,-0.06741742108795634,0.7245579409269167,-0.09304628005554695,False,1.0280347588989909,False,-8.90504747574246,57.97497922557852,-0.15360156389350735,False,False
GATA1,raw,50,2477,M84T,725,2.4235727464109402,2.444848001512355,0.021275255101414814,1.157743965308431,0.01837647678495732,False,0.9912979231885769,True,-6.535260812312366,48.31224656539797,-0.13527130855870875,False,False
GATA1,raw,50,2477,M84V,780,2.421795457081963,2.3651141159821307,-0.05668134109983214,0.4422748393684546,-0.12815863814629413,False,1.0239655840353796,False,7.121084639633002,56.19300470302155,0.12672546480238484,False,False
GATA1,raw,50,2477,"M84V,E85G",452,2.1986665555967058,2.491213145839911,0.2925465902432052,0.6628940241019432,0.4413172839196026,False,0.8825686229491322,True,-0.17524572759710288,63.689416599371796,-0.0027515674809750327,False,False
GATA1,raw,50,2477,N160G,540,2.446876189149137,2.4168146721007986,-0.03006151704833826,2.162605268955044,-0.01390060288850761,False,1.0124384866557465,False,-0.2633308036779525,62.19798228315372,-0.004233751546459336,False,False
GATA1,raw,50,2477,N206G,375,2.526920396614983,2.6457043012372523,0.11878390462226918,1.9378168396050883,0.06129779770438799,False,0.9551031063574563,True,0.8491402193753235,45.86315937986013,0.018514647286776455,False,False
GATA1,raw,50,2477,"N238G,R239G",311,2.2810062052143394,2.355434678304423,0.07442847309008371,0.5514729322083545,0.13496305755576696,False,0.968401385198395,True,-2.831164756169315,71.35153170316309,-0.039679102726869794,False,False
GATA1,raw,50,2477,N272G,294,2.422558494574009,2.437412991254863,0.014854496680854368,1.4507678962729815,0.010239058031967433,False,0.9939056299715516,True,-5.802188398270086,28.12848770599131,-0.20627445239561287,False,False
GATA1,raw,50,2477,N292G,234,2.348039783814258,2.483316865230236,0.13527708141597827,0.8772542020860823,0.15420511078122365,False,0.9455256462394958,True,-8.125391716731883,34.41495448089597,-0.23610060914775743,False,False
GATA1,raw,50,2477,N292S,376,2.5227209550551315,2.6481162438868324,0.12539528883170092,1.5860961050716864,0.07905907367828349,False,0.9526473623953724,True,5.0420300570877625,62.23111121980638,0.08102105134004145,False,False
GATA1,raw,50,2477,N306G,815,2.3636755141936376,2.5062191890980436,0.142543674904406,1.957870564153811,0.07280546401493768,False,0.9431240190305519,True,-7.246676799143529,34.43443728716123,-0.21044853263350494,False,False
GATA1,raw,50,2477,N345D,469,2.6748131939415387,2.5910458393312155,-0.08376735461032325,1.2109980477430349,-0.06917216321400552,False,1.0323295533173371,False,-7.158277777587525,45.0127841857782,-0.1590276608539399,False,False
GATA1,raw,50,2477,N345G,499,2.3308022753128483,2.5026450991442495,0.17184282383140115,0.9061214177290151,0.18964657546897595,False,0.9313355202101326,True,5.594039285613592,26.577811151914347,0.210477802466087,False,False
GATA1,raw,50,2477,N82D,393,2.5036902826459198,2.4996563069333853,-0.004033975712534499,0.7542388247208454,-0.005348406340693919,False,1.001613812147432,False,-0.1350433282356871,47.083107148983885,-0.0028681906614271,False,False
GATA1,raw,50,2477,Q119R,482,2.4180539652527315,2.4424739632722385,0.024419998019507005,0.5980196307591985,0.04083477659170704,False,0.990001941315767,True,7.3161627468982005,33.588354533693014,0.2178184328606881,False,False
GATA1,raw,50,2477,Q17R,463,2.427230663389615,2.6634583856086174,0.23622772221900235,1.1250471701670186,0.2099713936295962,False,0.9113078982215738,True,11.265469646159872,50.008211199130834,0.2252723977928583,False,False
GATA1,raw,50,2477,Q257R,380,2.362105449591649,2.4501256372668507,0.08802018767520181,1.1873701266037417,0.07413037072691706,False,0.9640752350261558,True,10.314582475835158,126.4917848194191,0.08154349699911624,False,False
GATA1,raw,50,2477,"Q303R,T304A",291,2.52175268069049,2.423562547077097,-0.09819013361339302,0.8236788793154362,-0.11920924049309041,False,1.040514792461954,False,2.107598517316406,37.607399160310045,0.05604212374092371,False,False
GATA1,raw,50,2477,Q365R,706,2.328427648661556,2.4835313028296717,0.15510365416811567,0.5110628321090123,0.3034923387561694,False,0.9375471313804684,True,5.9803617803529985,51.22369867369506,0.11674990161192904,False,False
GATA1,raw,50,2477,R202G,311,2.5437214023761427,2.586522258745102,0.04280085636895947,0.40217772816198893,0.10642274141973412,False,0.9834523533581632,True,3.9219740124120133,48.1582925927724,0.08143922471621479,False,False
GATA1,raw,50,2477,"R202G,E203G",337,2.7239967215761425,2.73551169947919,0.011514977903047452,1.1602995932791247,0.009924141980007899,False,0.9957905579766887,True,58.58422603180806,98.87045108795016,0.5925352356256015,False,False
GATA1,raw,50,2477,R271G,460,2.4939889112669604,2.6059402077285334,0.11195129646157298,0.9496172124789253,0.11789097226800478,False,0.9570399596546556,True,-1.1132154802960628,45.63260524290632,-0.024395176965468442,False,False
GATA1,raw,50,2477,S107P,263,2.2998112502771164,2.407671651709702,0.10786040143258546,0.7264076338186118,0.14848467501033838,False,0.9552013658689742,True,-6.428127608327207,25.39338377730022,-0.25314182878114383,False,False
GATA1,raw,50,2477,S116P,660,2.3938630029086063,2.6056198899686542,0.21175688706004792,1.6083754554921907,0.1316588650597423,False,0.918730706702352,True,3.651600485637889,46.41605170072522,0.07867107071454842,False,False
GATA1,raw,50,2477,S129G,530,2.4397712131433167,2.618076006113988,0.17830479297067114,0.6881232926155847,0.2591175082780985,False,0.9318947224777752,True,5.3041916486009555,51.02659390669905,0.10394955340933686,False,False
GATA1,raw,50,2477,"S129G,T130A",254,2.383218954263633,2.7696765183870546,0.3864575641234218,0.5596293202675486,0.6905598940717821,False,0.8604683393321041,True,-8.813991068072871,28.47030610136402,-0.30958539879030633,False,False
GATA1,raw,50,2477,S131G,339,2.3091976098470397,2.4327062650050983,0.12350865515805864,0.4938436951912051,0.25009665276831955,False,0.9492299350173294,True,-0.39231814773106777,34.719273821708875,-0.011299722158525203,False,False
GATA1,raw,50,2477,S154P,355,2.7022642018986396,2.9434327451970823,0.24116854329844273,2.276504664929723,0.10593808438599785,False,0.9180655499290863,True,9.140860574613006,78.89673500504561,0.11585854058508795,False,False
GATA1,raw,50,2477,S155P,360,2.4454933244761072,2.581838007578636,0.13634468310252856,0.49316397205245943,0.2764692695110849,False,0.9471908451644498,True,-1.0199951870659163,58.940088593477796,-0.017305626974893743,False,False
GATA1,raw,50,2477,"S155P,L156P",580,2.6002472628767457,2.4376302134600074,-0.16261704941673827,0.284051755570383,-0.5724909148693667,False,1.0667111231715156,False,8.200645001073521,26.03914110875893,0.31493531091603577,False,False
GATA1,raw,50,2477,S161G,322,2.7501025798753886,2.572065155179157,-0.17803742469623174,0.991226315010636,-0.17961329516793687,False,1.0692196402325704,False,4.3200001597787026,30.376457408977984,0.14221540391019707,False,False
GATA1,raw,50,2477,S178G,480,2.516810335369879,2.5866311162706275,0.0698207809007485,1.4852630485303875,0.04700903383399565,False,0.9730070590809967,True,6.673372843616072,52.13788581867584,0.1279946959649381,False,False
GATA1,raw,50,2477,S182P,668,2.384723527320567,2.8256708919470874,0.4409473646265205,1.0024287330896084,0.4398790159051672,False,0.8439494967785592,True,-1.2835292361650943,45.14930548770094,-0.02842854884035234,False,False
GATA1,raw,50,2477,S187P,200,2.376798321637402,2.569940798327206,0.193142476689804,0.4029345034030456,0.47933963226923826,False,0.9248455541016657,True,-7.900877024458518,52.87570499595613,-0.14942357789958108,False,False
GATA1,raw,50,2477,S26P,679,2.359325721431798,2.5264704506259825,0.16714472919418455,0.7807185601917155,0.2140908871862096,False,0.9338425948529218,True,2.4781121181408885,56.99038214514447,0.0434829882668548,False,False
GATA1,raw,50,2477,S274G,500,2.4686924770135867,2.437526746468702,-0.031165730544884696,0.5779505660468129,-0.05392456098461599,False,1.0127858004389225,False,-1.6380789930452924,21.109863500652764,-0.07759780128349192,False,False
GATA1,raw,50,2477,S30P,401,2.363679474192171,2.686257559898216,0.32257808570604496,0.7299506924045209,0.44191763781118526,False,0.8799154293610373,True,8.007779376627207,61.438384276302685,0.1303383783762015,False,False
GATA1,raw,50,2477,S310P,697,2.5210165395015984,2.387484307134006,-0.13353223236759248,0.8962582555549745,-0.14898856611915684,False,1.0559300984591131,False,-5.507162332842176,57.63261752061836,-0.09555634586390183,False,False
GATA1,raw,50,2477,S320G,1255,2.384427388817503,2.374289331724679,-0.010138057092824226,0.7364318687511595,-0.013766456237175524,False,1.004269933304826,False,20.191666928702467,58.90168934633917,0.34280284916747317,False,False
GATA1,raw,50,2477,S341G,797,2.5700565974172775,2.57458696814901,0.004530370731732347,1.0393986782889773,0.0043586458462599635,False,0.9982403504764924,True,0.3847682262348773,55.79961596173334,0.006895535383231784,False,False
GATA1,raw,50,2477,S343G,1249,2.4754748761701606,2.50588002811444,0.030405151944279396,1.8058860121404665,0.01683669497403162,False,0.9878664774038852,True,1.2148056307929576,57.474622004387165,0.0211363831274998,False,False
GATA1,raw,50,2477,S389P,611,2.770228206810799,2.365666742470424,-0.4045614643403752,1.453076333450079,-0.2784172138980571,False,1.1710137176455797,False,-5.704642385455779,38.524851775514676,-0.14807694572575852,False,False
GATA1,raw,50,2477,S393P,247,2.614880801874019,2.6711584330002474,0.0562776311262283,2.164337696743573,0.02600224133733969,False,0.9789313765776831,True,-0.05945308232393742,51.37742103684904,-0.001157183080117944,False,False
GATA1,raw,50,2477,S412G,715,2.6149158358900237,2.5194366176136356,-0.09547921827638817,0.6712796994077226,-0.14223462792131286,False,1.0378970511140797,False,15.307039828093153,45.52399909215085,0.3362411065229188,False,False
GATA1,raw,50,2477,S51G,373,2.502122195682361,2.665375285794976,0.16325309011261524,0.504763856148021,0.3234246828971478,False,0.9387504300116134,True,7.216829777519832,52.041743015629415,0.13867386754037891,False,False
GATA1,raw,50,2477,"S51G,T52A",270,2.479700634277094,2.2623664569109394,-0.2173341773661548,0.9266900418535196,-0.23452736896951404,False,1.0960649751070415,False,0.6019318633003241,43.930249842815186,0.013701990438344169,False,False
GATA1,raw,50,2477,S72P,335,2.4534462443889886,2.5767869233152716,0.12334067892628298,0.8575051796958415,0.14383665760483466,False,0.9521339239149841,True,-4.888271169740333,21.773009039228754,-0.22451059295171663,False,False
GATA1,raw,50,2477,T108A,480,2.7705000549345087,2.575063124970381,-0.19543692996412787,0.6697512903750025,-0.2918052309458041,False,1.0758959763234448,False,10.230104263133626,75.17176768553462,0.13608971264223996,False,False
GATA1,raw,50,2477,T135A,250,2.726703711445232,2.477618743744827,-0.249084967700405,1.330882496516364,-0.18715774559541842,False,1.100534018129005,False,-2.499822758415789,32.48776335971925,-0.07694659465278103,False,False
GATA1,raw,50,2477,"T138A,E139G",370,2.3707010997001916,2.4863028996383,0.11560179993810848,0.5920002653999443,0.19527322316318568,False,0.9535045388255285,True,16.6554006851527,110.84921301422703,0.15025276438376742,False,False
GATA1,raw,50,2477,T147A,243,2.4057371303642263,2.5078806578256874,0.10214352746146105,0.5733677129833681,0.17814663286494467,False,0.9592709776110245,True,9.946227437347025,53.503999113851094,0.18589689746709326,False,False
GATA1,raw,50,2477,T210A,872,2.207507656474892,2.6877538499746585,0.4802461934997666,0.8788694921595561,0.5464363000241443,False,0.8213206192582351,True,6.767230606854129,29.765478975094112,0.22735164492116938,False,False
GATA1,raw,50,2477,T212A,1536,2.3338134728829516,2.4928754445108936,0.159061971627942,0.8558074973231715,0.18586185809947017,False,0.9361933738092758,True,-0.8227062791269404,43.80694922175958,-0.018780268741432685,False,False
GATA1,raw,50,2477,T256A,352,2.3353574878714447,2.5024574907302366,0.1671000028587919,0.6538121373197385,0.2555780067708865,False,0.933225637806926,True,1.6404151417949695,55.123693714151706,0.029758802998606598,False,False
GATA1,raw,50,2477,T259A,269,2.503136426201287,2.5175284970869747,0.014392070885687502,3.0627706547496456,0.004699036430745719,False,0.9942832540317456,True,0.7270303664005962,54.790147138042975,0.01326936327746764,False,False
GATA1,raw,50,2477,"T263A,T264A",271,2.791592484728181,2.4831851822490982,-0.30840730247908255,1.3195042965266812,-0.23372966900592912,False,1.1241982694982693,False,22.354299828582853,70.37175722485269,0.317660105561328,False,False
GATA1,raw,50,2477,T264A,216,2.6807731076459014,2.6871755112222147,0.006402403576313276,1.4188480870963365,0.0045123953963357374,False,0.9976174226247688,True,4.629381461396571,58.3411918877829,0.07935013515495215,False,False
GATA1,raw,50,2477,"T264A,T265A",246,2.660551068467626,2.683345985055574,0.022794916587947966,1.4626490463135298,0.015584679486443057,False,0.9915050400824567,True,-8.204692814321046,26.233911072417364,-0.3127514152073022,False,False
GATA1,raw,50,2477,T265A,558,2.206926173131407,2.9607622825861597,0.7538361094547525,0.7259890927266603,1.03835734862559,True,0.7453912075655417,True,10.155089632161593,116.2684706769748,0.08734173222571383,False,False
GATA1,raw,50,2477,"T265A,T266A",397,2.4329285504719067,2.440309676486226,0.007381126014319506,0.6379542524542288,0.011569992653742955,False,0.9969753322353139,True,-12.187628205610151,36.658625762427945,-0.3324627683698242,False,False
GATA1,raw,50,2477,T266A,408,2.399714613196103,2.5319313454403662,0.1322167322442631,0.6868662005401767,0.19249270402340812,False,0.9477802854005636,True,-10.157517318923935,38.94066826862287,-0.2608459939324804,False,False
GATA1,raw,50,2477,T267A,223,2.347804667252209,2.528473764255608,0.18066909700339906,0.7240261487391875,0.249533939234121,False,0.9285461848339215,True,-11.584067496476075,34.2998835401222,-0.3377290620513519,False,False
GATA1,raw,50,2477,T27A,425,2.5889495574853143,2.7242972607578366,0.13534770327252232,0.7065989997334121,0.19154811048924034,False,0.9503183058537189,True,-8.035866296667587,46.665400970124566,-0.1722018053977976,False,False
GATA1,raw,50,2477,T296A,723,2.6725669556300886,2.6194561894767254,-0.05311076615336319,2.3027535705482443,-0.023064025101356578,False,1.0202754931984461,False,4.724538564254567,62.45708967486619,0.07564455194517018,False,False
GATA1,raw,50,2477,T324A,496,2.4581372550470952,2.4418941448672093,-0.01624311017988589,0.4624191341426318,-0.03512637990208197,False,1.006651848612696,False,-1.5809937151624052,42.143439482940416,-0.037514586720013406,False,False
GATA1,raw,50,2477,T354A,428,2.4448603702483354,2.7383874295793547,0.2935270593310193,1.4152444565991837,0.20740378664782866,False,0.8928102516976175,True,-5.356220366496954,31.826102239747705,-0.16829646075250634,False,False
GATA1,raw,50,2477,T360A,254,2.2304394481531666,2.3112160085985707,0.08077656044540404,0.9800611810848123,0.08241991623012138,False,0.9650501899671491,True,-6.815864434136261,29.319127797710895,-0.23247159605711096,False,False
GATA1,raw,50,2477,T391A,262,2.419961947256837,2.518668305613744,0.09870635835690678,2.0263029328091116,0.04871253787313421,False,0.9608101002673101,True,5.367132581101275,30.77155646849831,0.17441862541453684,False,False
GATA1,raw,50,2477,T402A,281,2.342532599000709,2.467744221178865,0.1252116221781563,1.5492687876443343,0.08081981846967999,False,0.9492606968325342,True,-8.276393199203792,38.702136514042024,-0.21384848343452373,False,False
GATA1,raw,50,2477,"T402A,T403A",581,2.6894791969103338,2.5175149430571686,-0.17196425385316516,1.262921373120398,-0.13616386381068182,False,1.068307143251487,False,12.290618103542075,72.80644267047825,0.16881223216974597,False,False
GATA1,raw,50,2477,"T403A,S404G",727,2.2920470648875266,2.547145306458514,0.2550982415709875,0.6929650710965345,0.36812568513348726,False,0.8998493564838397,True,-9.764451092428668,58.74307742456911,-0.1662230090850623,False,False
GATA1,raw,50,2477,"T405A,T406A",608,2.5949772999490577,2.39024621514967,-0.20473108479938773,1.4335683537192896,-0.14281222396422724,False,1.0856527179090494,False,12.769205499845329,76.13506603777664,0.16771779633722936,False,False
GATA1,raw,50,2477,T48A,268,2.6642279701082607,2.3571403493908534,-0.30708762071740736,0.8839780237030936,-0.3473928225398401,False,1.1302797352719225,False,4.040323050680772,41.324847232936484,0.09776982423931571,False,False
GATA1,raw,50,2477,T52A,368,2.2919203978538043,2.450427030292115,0.15850663243831065,0.6808042676656183,0.23282261872682952,False,0.9353146898565614,True,22.17936477382976,64.17856547086666,0.3455883535430206,False,False
GATA1,raw,50,2477,T54A,721,2.5059300771441393,2.4979863018486235,-0.00794377529551582,1.2037430456989582,-0.00659922840169202,False,1.003180071599927,False,-5.438598078505832,42.05674803234527,-0.12931570634807715,False,False
GATA1,raw,50,2477,V109A,438,2.538202321520224,2.697311622943051,0.1591093014228271,1.2800909971053918,0.12429530539829849,False,0.9410118949292102,True,-3.0314691209160394,46.92556201263876,-0.06460165826249571,False,False
GATA1,raw,50,2477,"V109A,C110R",246,2.435467018705836,2.7522386974893855,0.3167716787835495,0.732909573877214,0.43221113500779423,False,0.8849039950377446,True,-0.2819546209324617,77.86382484012248,-0.003621124720130281,False,False
GATA1,raw,50,2477,V121A,965,2.5395922996067384,2.488127021704269,-0.05146527790246935,1.449306320818338,-0.03551028320459538,False,1.0206843450730332,False,-3.801358579037032,46.06192170930823,-0.08252713820814928,False,False
GATA1,raw,50,2477,V158A,399,2.3949792542029265,2.4915412640093315,0.09656200980640506,0.7938149799653775,0.12164296749680466,False,0.9612440655905414,True,12.692369367925078,61.05566342155332,0.20788193357742688,False,False
GATA1,raw,50,2477,V19A,1033,2.4881909705466967,2.53922008557943,0.05102911503273333,1.0633005340494188,0.04799124367820703,False,0.9799036265810378,True,4.297932017490638,49.87232154644598,0.08617870362196761,False,False
GATA1,raw,50,2477,V291A,722,2.473656029181601,2.4802704541511496,0.006614424969548338,1.072607452560986,0.006166678176396744,False,0.9973331839846424,True,1.557579122462215,76.47387747459258,0.020367466302198416,False,False
GATA1,raw,50,2477,V32A,234,2.677408692826692,2.3618465364956585,-0.31556215633103335,1.7716190227805044,-0.17812077668694692,False,1.1336082389159976,False,4.414792462933429,63.157226461725486,0.0699016202937423,False,False
GATA1,raw,50,2477,V349A,209,2.6072950525956315,2.390801716208692,-0.21649333638693946,0.6767819749235069,-0.31988638056060603,False,1.0905526104148244,False,9.971344342157776,70.08123736436654,0.14228265249248864,False,False
GATA1,raw,50,2477,V370A,658,2.50387531645406,2.696140206526831,0.1922648900727708,0.6816468658258334,0.2820593766536823,False,0.9286888383596169,True,7.2617695492749075,76.95704616516228,0.0943613341615266,False,False
GATA1,raw,50,2477,"V371A,L372P",238,2.464376744290675,2.6540881229555637,0.18971137866488874,1.3993372021222945,0.1355723112178854,False,0.9285210701845016,True,-8.36675162134949,17.815469175759446,-0.4696340881515307,False,False
GATA1,raw,50,2477,V407A,697,2.6029175375710807,2.948101193546769,0.34518365597568845,0.7871726497269282,0.43851073344003166,False,0.882913226747007,True,9.602104753412311,76.38511778760432,0.1257064861785227,False,False
GATA1,raw,50,2477,"V407A,V408A",1121,2.4456565560910484,2.472842215712152,0.027185659621103753,1.7960028308636984,0.015136757667597974,False,0.989006310451848,True,-0.8710952436311388,28.854508079419833,-0.030189225241113643,False,False
GATA1,raw,50,2477,V408A,664,2.4421729817253137,2.6166410680470484,0.17446808632173472,2.3879513078224255,0.07306182741256659,False,0.9333236459320917,True,26.502494580443155,136.98497166202955,0.19347008842568753,False,False
GATA1,raw,50,2477,V74A,952,2.2920091737667043,2.6606849180208094,0.3686757442541051,0.9309634370375628,0.39601527792248803,False,0.8614357747672167,True,-10.412208765719432,22.90415257394259,-0.45459917070082345,False,False
GATA1,raw,50,2477,"V74A,F75P",369,2.537629702812282,2.4802140719115293,-0.057415630900752745,1.0723537719626548,-0.05354168782907239,False,1.023149465826755,False,12.786027906590087,66.49031190275753,0.19229911156515145,False,False
GATA1,raw,50,2477,V77A,550,2.5426706364728204,2.5592482759596216,0.016577639486801132,0.9858770563556787,0.016815118457143962,False,0.9935224574956155,True,-12.400230308652405,27.37362602267164,-0.45299918609183054,False,False
GATA1,raw,50,2477,"V77A,Y78H",406,2.5341820970549733,2.5133476824787486,-0.020834414576224702,0.538398569574809,-0.038697009527121,False,1.0082895075446454,False,4.602833397741019,45.01995921716072,0.10223983934633397,False,False
GATA1,raw,50,2477,W215R,382,2.5558439496963636,2.5428483291704858,-0.012995620525877882,0.6953144229763226,-0.018690278953584168,False,1.0051106549992768,False,-11.236683865084286,31.227042162341526,-0.3598382391347729,False,False
GATA1,raw,50,2477,W269R,576,2.5913827621600944,2.7913872796624517,0.20000451750235726,1.6204488701680422,0.12342537995760186,False,0.9283494200322705,True,-1.3648483853843487,61.70507085875286,-0.022118901516353175,False,False
GATA1,raw,50,2477,W96R,972,2.4578699025011694,2.7432293028625274,0.285359400361358,0.8866978976049134,0.32182257466962644,False,0.8959768328285248,True,-5.7613400061546916,46.20876753093148,-0.12468066806365553,False,False
GATA1,raw,50,2477,Y104C,1038,2.5279464159225,2.5575140708116493,0.029567654889149253,1.4929590252360896,0.019804733009650792,False,0.988438908224749,True,20.593487973011012,93.50950496907174,0.22022882037309796,False,False
GATA1,raw,50,2477,Y163H,427,2.515676463671454,2.720587595127842,0.20491113145638806,1.3179986263234622,0.15547143021535967,False,0.9246812961202379,True,-2.8720746197340823,44.74986811900826,-0.06418062757405357,False,False
GATA1,raw,50,2477,Y185C,255,2.59036238908611,2.6860828035544237,0.09572041446831392,0.5101817300907174,0.18762023181679496,False,0.9643643098635494,True,1.4633127024992287,49.71940206739479,0.02943142197317064,False,False
GATA1,raw,50,2477,Y185H,1166,2.5920187211766645,2.6920908875251257,0.10007216634846117,0.8674586658711072,0.11536246081300958,False,0.9628273447927834,True,2.02651382008761,47.21552142068092,0.042920500697890725,False,False
GATA1,raw,50,2477,"Y185H,S186P",436,2.8362673839462538,2.69785613505141,-0.1384112488948439,0.9831936708093258,-0.14077719680692136,False,1.051304162255563,False,9.02388524068864,56.71966595022201,0.1590962338989819,False,False
GATA1,raw,50,2477,Y223C,490,2.5203809469160987,2.4128224499055406,-0.10755849701055809,0.6980245247579844,-0.15408985385986293,False,1.044577874768518,False,4.577231312475412,75.28861224037136,0.060795798677519025,False,False
GATA1,raw,50,2477,Y231C,476,2.4841758741393036,2.5252622292027738,0.04108635506347014,1.7275778979267393,0.02378263527958869,False,0.9837298659171562,True,-3.5254790192387357,45.88514497402451,-0.0768326878172555,False,False
GATA1,raw,50,2477,"Y286C,K287E",253,2.604409515341125,2.649138797997278,0.04472928265615295,2.0306253887570795,0.022027343351365847,False,0.9831155382685242,True,6.166685789734419,38.89367591254259,0.1585524033161844,False,False
GATA1,raw,50,2477,"Y364C,Q365R",403,2.50165471631594,2.4263742062795224,-0.07528051003641778,0.9302801982845037,-0.08092240399746213,False,1.0310259274276778,False,-2.0336065306985454,39.89043169184576,-0.05097980754904306,False,False
GATA1,raw,50,2477,Y62C,602,2.6530669345096847,2.4224449265697032,-0.23062200793998144,1.7825477942632295,-0.12937774161354432,False,1.0952021676160677,False,3.7324618754522323,48.88391806594011,0.07635357440902076,False,False
GATA1,raw,50,2477,"Y62C,Y63C",295,2.283417243990968,2.602581366855887,0.3191641228649189,0.6733437663167141,0.47399877867852247,False,0.8773663229401765,True,4.928858168777682,50.711347922359906,0.0971943829283312,False,False
GATA1,raw,50,2477,Y62H,382,2.3592322952488836,2.400500365674148,0.04126807042526437,1.3226899948907893,0.031200107799009814,False,0.9828085548265789,True,-11.887398740137169,31.288615317799213,-0.3799272872703562,False,False
GATA1,raw,50,2477,"Y62H,Y63H",234,2.6938990473504703,2.415316723329802,-0.2785823240206682,0.9030138901446936,-0.3085028115968734,False,1.115339872957369,False,1.7865963727984937,27.956481391971742,0.06390633884676025,False,False
GATA1,raw,50,2477,Y63H,325,2.2889524324210804,2.554927814880987,0.2659753824599065,0.6413421472253482,0.41471683033869094,False,0.8958971048376582,True,6.981857768784131,96.85602936810523,0.07208490596129334,False,False
GATA1,raw,50,2477,Y69C,419,2.211360508586065,2.56815490760156,0.35679439901549515,0.7293109155083912,0.4892212517713099,False,0.8610697516884949,True,-9.088695919679683,47.10642075639632,-0.19293964121537677,False,False
GATA1,raw,50,2477,Y78C,228,2.5781040196785554,2.7709928869979095,0.19288886731935406,1.2967541060551375,0.14874745059118594,False,0.9303899810698072,True,4.7107743480137785,28.257256254876296,0.1667102533070899,False,False
GATA1,raw,50,2477,Y78H,304,2.581205231039995,2.388891842895468,-0.1923133881445267,0.6145329130045782,-0.31294237310133133,False,1.0805031792110908,False,-3.6569302044910987,28.92799620130011,-0.1264149158152456,False,False
GATA1,raw,50,2477,Y93C,769,2.7451110708262405,2.664292022998172,-0.08081904782806859,1.0925206083482122,-0.07397484972870154,False,1.030334155239155,False,11.950274630038871,74.18363094625528,0.16109045186392443,False,False
GATA1,raw,50,2477,Y93H,824,2.3936257324706496,2.529750921772031,0.1361251893013815,0.6636661433208593,0.20511094421697773,False,0.9461902797900636,True,1.7511265644621758,32.68365410131222,0.053578053391278226,False,False
GATA1,raw,50,2477,Y98H,508,2.6083936633466323,2.6941951883319994,0.0858015249853672,1.095211799614022,0.07834240373926361,False,0.9681531889905542,True,-0.39678518386387296,95.04415476953321,-0.004174745778170296,False,False
GATA1,raw,100,2477,C199R,1048,1.2819794086172145,1.1926290288218553,-0.0893503797953592,0.40821347177862943,-0.2188815067911652,False,1.0749188369862375,False,-1.308640238403437,6.434793650981037,-0.20336941779072032,False,False
GATA1,raw,100,2477,C204R,964,1.3121160184501193,1.5157658428584213,0.20364982440830204,0.8752769822955644,0.23266900481513333,False,0.8656455907303858,True,7.195046212195847,20.59436151308091,0.3493697149885309,False,False
GATA1,raw,100,2477,C228R,645,1.2109104734196805,1.1855880225101814,-0.02532245090949914,0.2472856590972532,-0.10240161520866949,False,1.0213585583092222,False,1.011828349910811,21.446248091960356,0.047179737246913565,False,False
GATA1,raw,100,2477,C261R,463,1.1586805991257734,1.2101814776788373,0.051500878553063956,0.5416721504130149,0.09507758247086452,False,0.957443673115999,True,-2.781421046797795,17.596059235439334,-0.15807067989381823,False,False
GATA1,raw,100,2477,D144G,560,1.1991213810929722,1.3539564890246467,0.15483510793167454,0.48580020985510886,0.31872178066340173,False,0.8856424787747695,True,-2.0176469062519207,18.85192315576474,-0.10702605190892385,False,False
GATA1,raw,100,2477,E200G,932,1.1850427377696313,1.2765951052018245,0.0915523674321932,0.2736875048452272,0.33451423909164907,False,0.9282839429203991,True,2.837119000496971,23.758961105421903,0.11941258659872662,False,False
GATA1,raw,100,2477,E203G,634,1.2108678130626274,1.1743538408126568,-0.03651397224997055,0.13503062276595723,-0.270412529410152,False,1.0310928197115639,False,0.87598786051438,17.596966959476283,0.049780616314827185,False,False
GATA1,raw,100,2477,E2G,853,1.2485205608419143,1.1717224224542448,-0.07679813838766947,0.5528813895526137,-0.13890526944633422,False,1.0655429450831972,False,-2.2336991086513436,19.57953866333314,-0.1140833370519818,False,False
GATA1,raw,100,2477,E328G,804,1.2024905104712857,1.187996894721305,-0.014493615749980648,0.9942098190934374,-0.014578025152876222,False,1.012200045146903,False,2.254784651518155,29.886773136773414,0.07544423217586554,False,False
GATA1,raw,100,2477,E39G,692,1.3521439099367711,1.3371454597088217,-0.014998450227949434,0.5306590844122976,-0.028263815071704928,False,1.0112167678684827,False,1.3911396702073189,24.31083219225931,0.05722303782962497,False,False
GATA1,raw,100,2477,E85G,473,1.2137135624550304,1.2016287437659088,-0.01208481868912159,0.7346778173587478,-0.0164491405669058,False,1.0100570319675009,False,7.379636740530732,22.751793906925826,0.3243540606388981,False,False
GATA1,raw,100,2477,F394P,782,1.1260065864436726,1.2623461869980943,0.13633960055442174,0.5463635010883261,0.24954009607677075,False,0.8919950787203292,True,-3.2920110550822796,14.390433900031383,-0.22876384950943698,False,False
GATA1,raw,100,2477,F3P,448,1.3106274391224133,1.2907619546298292,-0.019865484492584073,0.686323091874133,-0.028944799800248115,False,1.0153905097848048,False,4.770483524206577,22.902851532231004,0.20829212107030048,False,False
GATA1,raw,100,2477,F75P,555,1.4293139915359276,1.2411896049049673,-0.18812438663096032,0.8052187549691072,-0.23363140198861593,False,1.1515678071162738,False,-3.089016309812516,28.67116445502067,-0.1077394786200109,False,False
GATA1,raw,100,2477,"H222R,Y223C",529,1.188563525386364,1.2326424417113202,0.0440789163249562,0.28748402887911473,0.1533264873767687,False,0.964240306163919,True,-4.250900223783421,16.44483128143004,-0.25849460849036837,False,False
GATA1,raw,100,2477,H362R,785,1.2667398957014058,1.2465219929997247,-0.020217902701681112,0.531385077201578,-0.038047554530801324,False,1.0162194512533447,False,0.27765924430852973,19.64100305447478,0.014136714074043742,False,False
GATA1,raw,100,2477,H378R,493,1.380985137563485,1.2904933861273236,-0.0904917514361614,0.6058609349403075,-0.1493605978161921,False,1.0701218250391198,False,0.9141953374091445,15.318567272863099,0.05967890607032454,False,False
GATA1,raw,100,2477,I242V,488,1.2756244313373166,1.3500733401707876,0.074448908833471,1.3413077779788058,0.05550471715422153,False,0.944855655897884,True,3.6163599547680016,20.491844996022433,0.17647800651771253,False,False
GATA1,raw,100,2477,K137E,425,1.1760074636933169,1.2069297068096887,0.030922243116371817,0.2581427986766627,0.11978735519600352,False,0.9743794166786155,True,-1.8299355347857151,20.088576650852858,-0.09109333959248056,False,False
GATA1,raw,100,2477,K308G,501,1.1981566453746275,1.3254532328767787,0.12729658750215123,0.48881853593303637,0.260416858495705,False,0.903959955474351,True,2.5001275446612645,18.38869442380853,0.13596003539132478,False,False
GATA1,raw,100,2477,K316G,516,1.2848165329503978,1.2184218364515544,-0.06639469649884333,0.2695958529412392,-0.24627491771290205,False,1.0544923724382735,False,-1.981808046981481,16.339164745567732,-0.12129188228664375,False,False
GATA1,raw,100,2477,L103P,438,1.1935550083893425,1.3507749195912133,0.15721991120187084,0.4163424374018283,0.3776216332473737,False,0.8836076174338131,True,-2.3634983587245886,18.136916171068503,-0.1303142351451552,False,False
GATA1,raw,100,2477,L124P,1138,1.212448438749469,1.2558158505047992,0.04336741175533021,0.3107563040672381,0.13955440706344235,False,0.9654667428047689,True,-1.0507897742150938,18.577547455872573,-0.05656235176957803,False,False
GATA1,raw,100,2477,L136P,418,1.3567114357523984,1.2883829615856115,-0.06832847416678689,0.4787633774739586,-0.1427186735278295,False,1.053034288875332,False,3.715322017938364,37.03012370918557,0.10033242251947308,False,False
GATA1,raw,100,2477,L146P,402,1.1717157798723612,1.2962623984538553,0.12454661858149407,0.4966990538219538,0.2507486527770575,False,0.9039186674472316,True,0.5538661857229874,13.786811700663957,0.04017362373175183,False,False
GATA1,raw,100,2477,L148P,1096,1.2247499111248281,1.2419650299051952,0.017215118780367078,0.7054804060518349,0.02440198003047331,False,0.9861388055493953,True,1.393694256010563,20.199883589387667,0.06899516276137169,False,False
GATA1,raw,100,2477,L152P,416,1.1893070432176316,1.2357077664482503,0.04640072323061872,0.8480343829667558,0.05471561550168621,False,0.962450083676348,True,2.1877111026920932,27.383005799097365,0.07989302265583303,False,False
GATA1,raw,100,2477,L180P,1501,1.2585282525933081,1.4104598746873407,0.15193162209403255,0.2864850627643245,0.5303299956654924,False,0.8922822089301111,True,3.1542584271233203,25.7286877401637,0.12259694155327532,False,False
GATA1,raw,100,2477,L194P,600,1.1648405910835749,1.344929500297738,0.1800889092141631,0.3128391721199828,0.5756597167604505,False,0.8660978815809339,True,-6.300830066684578,14.876232419086946,-0.42355012271792014,False,False
GATA1,raw,100,2477,L248P,646,1.1879381477794801,1.2691942795854914,0.08125613180601121,0.5262685266500018,0.15440051549966832,False,0.9359781767748364,True,-2.381545815425807,16.890092139892868,-0.14100253543323257,False,False
GATA1,raw,100,2477,"L268P,W269R",538,1.3014391088276192,1.164290624168089,-0.1371484846595301,0.4739786881370225,-0.28935580457972376,False,1.117795747739123,False,0.5050744664979243,29.3498684859293,0.017208747178545737,False,False
GATA1,raw,100,2477,L288P,413,1.226567455390967,1.3885675349985078,0.16200007960754093,0.671383842906841,0.24129278849806862,False,0.8833329488668227,True,-0.8239125414618895,20.266105511040003,-0.040654705020313917,False,False
GATA1,raw,100,2477,L363P,650,1.2706402931720078,1.177102207466671,-0.09353808570533673,0.4433513019813089,-0.21097961207584356,False,1.0794647101262744,False,0.5955621889108782,23.275692033432485,0.025587303185461943,False,False
GATA1,raw,100,2477,"L363P,Y364H",559,1.289271671042659,1.1913307453229791,-0.09794092571967994,0.4502076736391878,-0.21754610472982128,False,1.0822113641439912,False,4.579768414850017,27.627330192642688,0.16576948923098023,False,False
GATA1,raw,100,2477,L367P,1080,1.2118990402028373,1.2785618684521154,0.06666282824927805,0.18186105540150965,0.36655911900489646,False,0.9478610852598137,True,-0.23000595049304895,29.45532932636507,-0.007808636187515775,False,False
GATA1,raw,100,2477,"L372P,S373P",420,1.2364071670959405,1.228556599651533,-0.007850567444407375,0.5616047383053282,-0.013978812693242002,False,1.006390073885594,False,2.4463410217342076,22.665023256781456,0.10793463540798502,False,False
GATA1,raw,100,2477,L411P,650,1.1529010630659755,1.248332864782732,0.09543180171675658,0.32633894049284606,0.2924315485385619,False,0.9235526001044873,True,2.0387865387465327,18.53941437917792,0.10997038509675607,False,False
GATA1,raw,100,2477,L41P,904,1.2431032607410621,1.2435764242895857,0.0004731635485235586,0.6632713562102026,0.000713378535185235,False,0.9996195138961452,True,-1.19217723268856,21.38406835612587,-0.055750721183372876,False,False
GATA1,raw,100,2477,L60P,1069,1.1864518847213894,1.1717399599301004,-0.014711924791289022,0.2604417532447949,-0.05648834953687691,False,1.0125556226589445,False,-3.6327216600357675,12.689267506818425,-0.28628300712265453,False,False
GATA1,raw,100,2477,L9P,754,1.1680560867161809,1.1840238155862437,0.015967728870062814,0.30566670950665087,0.052239018425771284,False,0.9865140137724707,True,-1.963582101633838,17.2355979140865,-0.11392596366088464,False,False
GATA1,raw,100,2477,M234T,430,1.1906946951742299,1.3017081438784999,0.11101344870426999,0.24188233314151164,0.45895641596661096,False,0.9147170975104294,True,5.140503434179764,28.72216661739271,0.17897338674537638,False,False
GATA1,raw,100,2477,M297T,600,1.1265895821261545,1.1941094057904493,0.06751982366429488,0.3937995179549647,0.17145735478532634,False,0.9434559150636623,True,-2.2889671558651203,24.55936342033887,-0.09320140415241826,False,False
GATA1,raw,100,2477,M335V,1987,1.156652535208213,1.1978014183357288,0.041148883127515745,0.425750273274732,0.09665028001276893,False,0.9656463229233027,True,-1.7047167014184605,27.72086150731907,-0.06149580527893653,False,False
GATA1,raw,100,2477,M399T,1621,1.155109217375756,1.214632849463257,0.059523632087501,0.5254351227888945,0.11328445607435339,False,0.9509945477649445,True,-0.9656167954484296,17.903418421252546,-0.05393477227243811,False,False
GATA1,raw,100,2477,M84T,725,1.237407008642581,1.255706382065462,0.018299373422880905,0.30129429185348067,0.060735878234891634,False,0.9854270284166423,True,-0.1081509968128449,15.790888187718242,-0.0068489495668117035,False,False
GATA1,raw,100,2477,M84V,780,1.1687337092455898,1.2638216757533698,0.09508796650777995,0.09557096394679854,0.9949461905680113,False,0.9247615638091524,True,-0.5609885611243355,22.52418888590879,-0.02490604940164091,False,False
GATA1,raw,100,2477,"M84V,E85G",452,1.0573539196977002,1.240093777129239,0.18273985743153887,0.2466081305075145,0.741013108754622,False,0.852640291563616,True,0.39122144603241793,23.345680615111853,0.016757765707596337,False,False
GATA1,raw,100,2477,N160G,540,1.1666177019427906,1.2061061753756661,0.03948847343287554,0.12570194440035576,0.31414369619539295,False,0.9672595379751073,True,-4.7614143118731205,13.965176260868702,-0.34094910246245164,False,False
GATA1,raw,100,2477,N306G,815,1.17865476811253,1.292283885232834,0.1136291171203041,0.2861454434021582,0.39710266139239553,False,0.9120710871513876,True,3.942821213257722,38.030125080148046,0.10367626204090237,False,False
GATA1,raw,100,2477,N345D,469,1.234301298765601,1.2403077108460678,0.006006412080466816,0.4218711513695297,0.014237551112390756,False,0.9951573210196608,True,1.6083892110582614,15.260078647592227,0.10539848766192546,False,False
GATA1,raw,100,2477,N345G,499,1.2580889504146455,1.3401510672677617,0.08206211685311615,0.3307283045076044,0.24812547258479145,False,0.9387665175535617,True,6.071209076179944,42.90787871480368,0.141494039277344,False,False
GATA1,raw,100,2477,Q119R,482,1.2321331796503614,1.3002993360474875,0.06816615639712609,0.17992262918467006,0.37886371884417774,False,0.9475765660203055,True,-1.1339520861845545,7.3057236919103605,-0.15521420382215953,False,False
GATA1,raw,100,2477,Q17R,463,1.174797082476097,1.2366341375911318,0.0618370551150349,0.36819972462754613,0.16794432743692683,False,0.9499956751675247,True,4.034351489085554,17.163238139252435,0.2350577120909933,False,False
GATA1,raw,100,2477,Q365R,706,1.281580040235177,1.360764676138274,0.07918463590309699,0.7842927228308638,0.10096311440616733,False,0.9418087217491449,True,-1.0090164682937255,20.820334865711835,-0.048463027842815046,False,False
GATA1,raw,100,2477,R271G,460,1.3442188188278763,1.1967343044160117,-0.1474845144118646,0.545536085890024,-0.27034786190403615,False,1.1232391466239742,False,-0.251806938809052,21.013664426336693,-0.01198300942188166,False,False
GATA1,raw,100,2477,S116P,660,1.2595670762724467,1.2228360371102056,-0.036731039162241075,0.4740668575267739,-0.07748071517563662,False,1.0300375831653141,False,9.255255125955042,21.46430089814061,0.4311929454341929,False,False
GATA1,raw,100,2477,S129G,530,1.1451932910908909,1.334732143942837,0.18953885285194616,0.3167323611367754,0.5984195999792301,False,0.8579948391052882,True,-3.1505995652395953,28.435960013749455,-0.11079631437504506,False,False
GATA1,raw,100,2477,"S155P,L156P",580,1.2362396282647445,1.2616801984482677,0.025440570183523192,0.6466567194098731,0.03934169308058808,False,0.9798359598455992,True,4.889807422977277,10.084343135157027,0.4848910194189992,False,False
GATA1,raw,100,2477,S178G,480,1.2032476009361872,1.350778227123719,0.14753062618753177,0.4465249633929935,0.3303972639435341,False,0.8907810155471071,True,-1.9457456774659336,17.560959095492382,-0.11079951082884622,False,False
GATA1,raw,100,2477,S182P,668,1.2453261242632685,1.2497044455214166,0.004378321258148077,0.38285229210888816,0.011436058627286017,False,0.9964965146168451,True,3.3136267397007115,34.70887161966287,0.0954691577418931,False,False
GATA1,raw,100,2477,S26P,679,1.217115913209927,1.1990088212664958,-0.018107091943431186,0.7030861076518222,-0.025753733072476043,False,1.0151017170368313,False,0.042942681946446015,26.229017729250064,0.0016372203637102741,False,False
GATA1,raw,100,2477,S274G,500,1.2015441290921522,1.2160548073004023,0.014510678208250027,0.2238338843197878,0.06482788900503939,False,0.9880674142965125,True,1.290631696327246,23.591582462425492,0.05470729648521228,False,False
GATA1,raw,100,2477,S30P,401,1.2389970509381811,1.4035270755804916,0.16453002464231048,1.0348397812868722,0.15899081927224484,False,0.8827738862292616,True,1.467385507079097,36.503478829505,0.04019851132361226,False,False
GATA1,raw,100,2477,S310P,697,1.1394685493875727,1.306693497435468,0.16722494804789534,0.3975769328659804,0.4206102875295971,False,0.8720243512529197,True,0.1965757688596783,26.391356517520045,0.007448490521098468,False,False
GATA1,raw,100,2477,S320G,1255,1.1515825452986697,1.317122550122832,0.16554000482416242,0.3277684608486491,0.5050516587091717,False,0.8743169306388957,True,3.8542695763231007,52.579391142448486,0.07330380768162728,False,False
GATA1,raw,100,2477,S341G,797,1.195093479313254,1.2429988397396983,0.04790536042644433,0.3106428628827125,0.1542136200455108,False,0.9614598510514488,True,-1.4227568499574028,31.465125362582782,-0.04521694522308483,False,False
GATA1,raw,100,2477,S343G,1249,1.2414859222905221,1.2120925233273212,-0.029393398963200923,0.18989403178124653,-0.15478842956508201,False,1.0242501281028555,False,2.6524172750895927,25.36337775324538,0.10457665776594766,False,False
GATA1,raw,100,2477,S389P,611,1.3988824895970566,1.2776518064251192,-0.12123068317193741,0.34243007967227523,-0.3540304732807409,False,1.0948855412423686,False,4.35447606887306,19.27608392108291,0.22590045191235245,False,False
GATA1,raw,100,2477,S412G,715,1.2720526291094885,1.2321274265408348,-0.03992520256865362,0.5825277710023857,-0.0685378527103562,False,1.0324034687554537,False,-4.31783626648146,9.81309021054031,-0.4400078032344634,False,False
GATA1,raw,100,2477,T108A,480,1.2992606303292789,1.2832589588839056,-0.016001671445373233,0.27231728287142576,-0.058761130680524604,False,1.0124695575546891,False,7.403522001049342,48.81785504458665,0.15165602819475593,False,False
GATA1,raw,100,2477,T210A,872,1.205516568930765,1.2628683943797867,0.05735182544902173,0.5256097811059578,0.10911483672991269,False,0.954586063200047,True,-1.5501983475506345,15.839225341396363,-0.09787084368950402,False,False
GATA1,raw,100,2477,T212A,1536,1.3214248600704153,1.1633631694887754,-0.15806169058163988,0.4297950940697044,-0.367760574195864,False,1.1358661634879657,False,2.1903169772204834,27.162495058107222,0.08063754719641401,False,False
GATA1,raw,100,2477,T265A,558,1.0693363699273597,1.4628542846888521,0.39351791476149245,0.2790388308716023,1.4102621973160676,True,0.7309930873633164,True,7.937501880021213,33.92267027223447,0.23398812110961728,False,False
GATA1,raw,100,2477,T266A,408,1.1888981860317251,1.307011920247902,0.11811373421617688,0.6480916787797173,0.182248496753687,False,0.9096307138547182,True,-2.6775167732955447,18.14060297935034,-0.14759800301805806,False,False
GATA1,raw,100,2477,T27A,425,1.2527005068018227,1.1848997029977042,-0.06780080380411846,0.2177206273326433,-0.3114119439887952,False,1.0572207112826408,False,2.3113119370112587,11.930644170331028,0.19372901446168342,False,False
GATA1,raw,100,2477,T296A,723,1.2641769421490707,1.2037342339980341,-0.060442708151036584,0.6856144087051836,-0.08815845668294164,False,1.050212668580742,False,-1.7003414551206077,16.59688478540044,-0.10244943416226666,False,False
GATA1,raw,100,2477,T324A,496,1.2853774483634908,1.1927729970169167,-0.09260445134657402,0.49404909768158967,-0.1874397742676514,False,1.0776379508742857,False,2.281521589580115,30.782565389917266,0.0741173310502386,False,False
GATA1,raw,100,2477,T354A,428,1.3674721623871378,1.277945164422384,-0.08952699796475372,0.7686950420493077,-0.11646620970271723,False,1.0700554299645704,False,-0.38132509848400087,25.964957798326736,-0.014686143588054461,False,False
GATA1,raw,100,2477,"T402A,T403A",581,1.3255712054811895,1.2635629860243398,-0.062008219456849645,0.7094031168224177,-0.08740900340923077,False,1.0490741024726844,False,4.213543656524084,19.883200062248502,0.2119147643906769,False,False
GATA1,raw,100,2477,"T403A,S404G",727,1.1422525073206842,1.240778578561038,0.09852607124035373,0.6164853352994184,0.15981900233279836,False,0.9205933492544521,True,0.581269054852303,13.330244055920513,0.0436052822749436,False,False
GATA1,raw,100,2477,"T405A,T406A",608,1.2090299560575062,1.257645359451324,0.04861540339381776,1.0417002560585917,0.04666928236896135,False,0.9613441078373419,True,4.928694714707968,24.838071074066644,0.1984330707489602,False,False
GATA1,raw,100,2477,T54A,721,1.3048315349488604,1.2887208904624572,-0.016110644486403203,1.292278692956468,-0.012466849894077692,False,1.0125012674238731,False,-0.6113068096196974,14.716563338961494,-0.04153869320844003,False,False
GATA1,raw,100,2477,V109A,438,1.1341641466088639,1.356864494643368,0.222700348034504,0.26460457293403006,0.8416345400426114,False,0.8358713424120973,True,-0.31162756002514413,29.57780242307521,-0.010535859140840936,False,False
GATA1,raw,100,2477,V121A,965,1.151541180626257,1.262783988614224,0.11124280798796704,1.0353893752461476,0.10744055390902654,False,0.9119067005988534,True,0.8634423213940501,23.900606919729785,0.036126376384245054,False,False
GATA1,raw,100,2477,V19A,1033,1.3176417266960883,1.2043436872498106,-0.1132980394462777,0.6321772406513584,-0.179218788910436,False,1.0940745076723077,False,-0.9282643659261316,16.353589146470576,-0.05676211855465803,False,False
GATA1,raw,100,2477,V291A,722,1.2470209297001773,1.1935010903845011,-0.053519839315676165,0.29378686839151724,-0.18217233332686794,False,1.0448427234351618,False,-4.051502809258198,17.328084930877964,-0.23381134299720452,False,False
GATA1,raw,100,2477,V370A,658,1.234614466476991,1.3002943579911062,0.06567989151411524,0.652209804467319,0.10070362491370112,False,0.9494884438200689,True,-1.2547487169982086,12.06342402031386,-0.10401265137371529,False,False
GATA1,raw,100,2477,V407A,697,1.3368629082180732,1.2520575584249656,-0.08480534979310761,0.437766214240108,-0.19372292112655637,False,1.0677327884987884,False,1.8736012585108126,22.420496433115332,0.0835664484102806,False,False
GATA1,raw,100,2477,"V407A,V408A",1121,1.4617597067622086,1.2249992894663606,-0.23676041729584796,1.0349732834245648,-0.22875993137952774,False,1.193273922141609,False,5.1531482827405135,23.985137345715927,0.21484756199075658,False,False
GATA1,raw,100,2477,V408A,664,1.1987725887925613,1.2251488452189605,0.02637625642639918,0.7800831098027035,0.03381211065199219,False,0.9784709780127286,True,-2.563503945665847,10.853867354737115,-0.23618345994868073,False,False
GATA1,raw,100,2477,V74A,952,1.251025029234981,1.3682310432227567,0.11720601398777575,0.6788698179104253,0.17264873307895492,False,0.9143375568268745,True,1.5659302807932018,17.252412347215326,0.09076587373857635,False,False
GATA1,raw,100,2477,V77A,550,1.2149189692178162,1.246803059637017,0.03188409041920082,1.0466734118691332,0.03046231045676674,False,0.974427324209099,True,5.434283530550672,29.28720063249846,0.18555148369218102,False,False
GATA1,raw,100,2477,"V77A,Y78H",406,1.291245949385928,1.29184658025099,0.0006006308650619019,0.37126071583491216,0.001617814219075587,False,0.9995350602198094,True,8.253747122247269,42.98466986473838,0.19201606405771343,False,False
GATA1,raw,100,2477,W269R,576,1.216543012672112,1.3258879782221982,0.10934496555008621,0.6670967502880016,0.16391170471581426,False,0.9175307662893963,True,2.046003823422816,25.724228523312807,0.07953606156035378,False,False
GATA1,raw,100,2477,W96R,972,1.165954954575092,1.172320996147377,0.006366041572285042,0.4349254635947377,0.014637086363416285,False,0.9945697112026434,True,-1.7525398495824298,18.367424603186876,-0.09541565502211737,False,False
GATA1,raw,100,2477,Y104C,1038,1.190826940005664,1.2753413235307391,0.08451438352507523,0.2517966399909781,0.3356453983186725,False,0.9337319492705686,True,2.6938713175459936,21.95621364483104,0.12269289054673543,False,False
GATA1,raw,100,2477,Y163H,427,1.2385504685130613,1.2630122690875965,0.024461800574535175,0.43153368701188155,0.05668572653949415,False,0.9806321750205907,True,0.21456606523960442,17.7061220502774,0.01211818514694147,False,False
GATA1,raw,100,2477,Y185H,1166,1.252720571244673,1.2858752212833373,0.03315465003866436,0.3637395202100717,0.09114943028328745,False,0.9742162773728736,True,-0.32197902717428306,16.6448804879088,-0.019344027577018384,False,False
GATA1,raw,100,2477,"Y185H,S186P",436,1.2006912448504572,1.5533230642861753,0.3526318194357181,1.2649175808575754,0.2787784949566789,False,0.7729823064220263,True,1.2890245295927594,19.606468364797536,0.06574486060463293,False,False
GATA1,raw,100,2477,Y223C,490,1.2472030592098804,1.1818365049517396,-0.06536655425814075,0.47709217373464896,-0.13701032600567575,False,1.0553093037693992,False,-1.4404761854455828,8.962317255099869,-0.16072586413138878,False,False
GATA1,raw,100,2477,Y231C,476,1.1474278686278652,1.275230828066654,0.12780295943878883,0.7703010961448518,0.16591299178776717,False,0.8997805286494307,True,1.520317279596763,18.447903511823533,0.08241138504558902,False,False
GATA1,raw,100,2477,"Y364C,Q365R",403,1.1789296854928288,1.2451399638956389,0.06621027840281002,1.5631173188039986,0.042357843270184006,False,0.9468250314642062,True,-0.6458497451912049,16.56056025522317,-0.038999269060810006,False,False
GATA1,raw,100,2477,Y62C,602,1.1802829253273863,1.25794427158813,0.07766134626074361,0.2549692145995841,0.30459107144643605,False,0.9382632855725018,True,0.17968892604565578,27.348706233431905,0.006570289815976687,False,False
GATA1,raw,100,2477,Y69C,419,1.2442953416755032,1.2471493102693856,0.0028539685938824277,0.3500355725657782,0.008153367307678747,False,0.9977116063246141,True,-3.822947123591094,16.253447417394174,-0.23520838536074742,False,False
GATA1,raw,100,2477,Y93C,769,1.2053172610923646,1.2902345337351449,0.08491727264278026,0.6017979018000772,0.14110596329561576,False,0.9341846227003782,True,2.2188780943016466,17.85840179786472,0.12424841368318591,False,False
GATA1,raw,100,2477,Y93H,824,1.227668077998139,1.1676635602824028,-0.06000451771573623,0.1504067396153832,-0.398948330833967,False,1.0513885332699977,False,-6.007562939222483,21.54420339370762,-0.27884822796358777,False,False
GATA1,raw,100,2477,Y98H,508,1.2108448651675374,1.3059257648583653,0.09508089969082789,0.23745708028854495,0.40041299074043507,False,0.9271927223970959,True,8.198095245716956,23.699620187338702,0.3459167354123553,False,False
JAK1,pca,25,50,E1051K,407,1.6107688097235542,9.233590916375176,7.622822106651622,0.28587564528844656,26.664818190301755,True,0.1744466290863027,True,3.429567485294786,18.273653919177516,0.1876782552883736,False,False
JAK1,pca,25,50,E447K,567,1.4429277820187316,9.19836626133452,7.755438479315789,0.8171391224749491,9.490964593429494,True,0.15686783294160633,True,2.9251976366421957,10.864141494939226,0.26925253486479556,False,False
JAK1,pca,25,50,"E706K,D707N",314,1.6302901886589982,9.85883011748438,8.228539928825382,0.284585662207715,28.914105738817895,True,0.1653634527861192,True,2.4880982173902098,14.995018217388408,0.16592832241477243,False,False
JAK1,pca,25,50,"G1068E,G1068R",239,1.5193201676197532,9.900906258562202,8.381586090942449,0.7305091025052008,11.473623069443924,True,0.15345263634890602,True,5.352049933368157,7.823684106413517,0.6840830816495745,False,False
JAK1,pca,25,50,"G887R,G887E",250,1.6920754656971475,5.087560297268668,3.3954848315715207,0.47545927238986985,7.141484094955817,True,0.3325907442523213,True,8.12058428834145,21.35960164844885,0.3801842572720064,False,False
JAK1,pca,25,50,L321F,100,1.4308151182542463,1.51056722080485,0.07975210255060361,0.813067278621054,0.0980879499736622,False,0.9472038705380416,True,3.6513592681479343,22.108484766186596,0.16515646851259733,False,False
JAK1,pca,25,50,"P1118L,P1118S,P1121S",422,1.4978453333944586,3.542018460234713,2.0441731268402545,1.060500667506121,1.9275547762240857,True,0.4228790307589767,True,49.12861910244534,16.80868822162718,2.92281101622393,True,True
JAK1,pca,25,50,"P1121L,P1121S",122,1.527205574938197,1.7811781303816634,0.2539725554434664,0.7897922584950599,0.3215688083945115,False,0.8574131631691176,True,2.233619470233445,14.918619780165427,0.14972024913478138,False,False
JAK1,pca,25,50,P761S,118,1.7492699071448534,10.336299271113642,8.587029363968789,0.6894722230764099,12.454496463474124,True,0.16923560950227648,True,2.8286460512751432,7.068273488235374,0.4001891064321745,False,False
JAK1,pca,25,50,Q572*,452,1.6884009976896746,9.363249686585192,7.674848688895517,0.5774470239779577,13.291000507759968,True,0.18032211616749483,True,-0.1045140436104397,8.47255926005037,-0.012335593107414673,False,False
JAK1,pca,25,50,R108Q,108,1.461428821176698,5.212405587222493,3.7509767660457953,0.34458857986165925,10.88537747696597,True,0.2803751160038645,True,8.184981588294374,29.311413885488655,0.2792421280075661,False,False
JAK1,pca,25,50,S1062F,203,1.5289605399296384,9.49764454941249,7.9686840094828515,0.6455413369253793,12.34418859594112,True,0.16098312923536579,True,3.0915954192952313,5.140940204420642,0.6013677063656178,False,False
JAK1,pca,25,50,T558I,777,1.4287608472572515,2.270460138177951,0.8416992909206993,0.5520040150069994,1.5248064652392548,True,0.6292825067626314,True,16.70180929136367,12.979273447841251,1.2868061805217272,True,True
JAK1,pca,25,50,syn_N357,130,1.4773466564871551,2.073889716168864,0.596543059681709,0.5254438562803805,1.1353126552942117,True,0.7123554569797885,True,14.625421766502422,20.07185829754527,0.7286530997626198,False,False
JAK1,pca,50,50,E1051K,407,0.7640603462992885,8.484857383828459,7.72079703752917,0.39759767908341304,19.41861696810711,True,0.09004987494021217,True,4.073379122648377,6.886513323112864,0.5915009427161196,False,False
JAK1,pca,50,50,E447K,567,0.8038568919871114,8.80340775873877,7.999550866751658,0.24278391849344216,32.94926169901049,True,0.09131201394018773,True,4.73389150197561,9.075466737999317,0.5216141096253077,False,False
JAK1,pca,50,50,"E706K,D707N",314,0.7910213225726377,8.975233477147807,8.18421215457517,0.26672121375648283,30.684519012602337,True,0.08813378778242238,True,3.483740001009907,7.406821525261785,0.4703421014166773,False,False
JAK1,pca,50,50,"G1068E,G1068R",239,0.839737933279542,8.832642330730419,7.992904397450877,0.24648429772155445,32.42764131969254,True,0.09507210887029087,True,5.586651380894513,4.633679599603257,1.2056619929813126,True,True
JAK1,pca,50,50,"G887R,G887E",250,0.8475241331208245,4.062565865014946,3.2150417318941216,0.39509697008051314,8.137348487483866,True,0.20861794276846918,True,33.503599070493976,19.249914626519498,1.7404544238517297,True,True
JAK1,pca,50,50,"P1118L,P1118S,P1121S",422,0.6972564190031907,3.0690898976156156,2.371833478612425,0.1914595375282282,12.388170938012054,True,0.22718670428809892,True,59.856263435285214,13.660857433182713,4.381589056766832,True,True
JAK1,pca,50,50,Q572*,452,0.8512781935741902,9.071777847389113,8.220499653814922,0.3856023996696054,21.318590498551018,True,0.09383807759569321,True,2.729948303021599,4.827822356181605,0.5654616308585046,False,False
JAK1,pca,50,50,S1062F,203,0.7703983056568049,9.324175809317744,8.553777503660939,0.251484560243604,34.0131318414745,True,0.08262374298937371,True,3.9871001343810644,6.667701125825242,0.5979722334791352,False,False
JAK1,pca,50,50,T558I,777,0.7113328450848861,1.5296576939218927,0.8183248488370065,0.26671019412584684,3.0682173642409825,True,0.4650274685057794,True,59.856263435285214,13.660857433182713,4.381589056766832,True,True
JAK1,pca,100,50,E1051K,407,0.487238457760391,8.492695257446837,8.005456799686446,0.23990571078430073,33.369179806162066,True,0.057371475484553035,True,2.755198984948075,3.5289884359244095,0.7807333560236952,False,False
JAK1,pca,100,50,E447K,567,0.38451013563626013,8.675617786981913,8.291107651345653,0.21091831161448787,39.309567708374075,True,0.04432077865546726,True,3.8504634983833297,2.895692685103959,1.3297210433244209,True,True
JAK1,pca,100,50,"P1118L,P1118S,P1121S",422,0.3972007021718369,2.6370431314892304,2.2398424293173935,0.16191652415958424,13.83331590733639,True,0.1506235136728779,True,60.39628250456349,7.694429961896482,7.849351128498327,True,True
JAK1,pca,100,50,Q572*,452,0.37204683975252273,8.505027973224285,8.132981133471763,0.1790367640864151,45.42631886234406,True,0.043744340515258585,True,2.664012118106454,3.0563526038321234,0.8716311445107008,False,False
JAK1,pca,100,50,T558I,777,0.35161140658895107,1.1871719637667724,0.8355605571778213,0.12316128928475584,6.784279070398153,True,0.2961756319390536,True,60.39628250456349,7.694429961896482,7.849351128498327,True,True
JAK1,raw,25,2000,E1051K,407,5.127569650616923,7.88160884124898,2.7540391906320565,0.3922254979447004,7.021571022443693,True,0.6505739822790253,True,17.286983730988833,45.78780524635731,0.3775455852923659,False,False
JAK1,raw,25,2000,E447K,567,5.079897165604997,7.753206524612775,2.673309359007778,0.4205197221337116,6.357155724928765,True,0.6551995164166876,True,13.846021225771644,26.626065629613272,0.5200175428987234,False,False
JAK1,raw,25,2000,"E706K,D707N",314,5.114968618114023,7.780563984371565,2.6655953662575413,0.3811687024229844,6.993216781212849,True,0.657403322996663,True,10.229391858388336,18.37293392198425,0.5567642000904545,False,False
JAK1,raw,25,2000,"G1068E,G1068R",239,5.045559735085597,7.96673010641376,2.921170371328163,0.42980037839996577,6.796574684747638,True,0.6333288146693432,True,19.833183917906776,19.860093615762224,0.998645036706469,False,False
JAK1,raw,25,2000,"G887R,G887E",250,4.9780632620975425,6.144779662397706,1.1667164003001638,0.4073165465423152,2.8643972610598483,True,0.8101288468584553,True,11.431259303132649,33.43659312624287,0.341878709352143,False,False
JAK1,raw,25,2000,L321F,100,4.797542628998979,4.767736647269338,-0.029805981729641218,0.4915010172753522,-0.06064276711952988,False,1.0062515998543486,False,-3.4862727124720045,31.24414056811512,-0.11158164856132327,False,False
JAK1,raw,25,2000,"P1118L,P1118S,P1121S",422,4.845283578890058,5.370220858856602,0.5249372799665437,0.3877224830192585,1.3538995104920692,True,0.9022503368551753,True,41.164223817974204,17.3919717742504,2.366852036806988,True,True
JAK1,raw,25,2000,"P1121L,P1121S",122,4.871783961755998,4.853782343471259,-0.018001618284738896,0.5236249238401225,-0.034378841543141095,False,1.0037087815255978,False,-2.9062355018804915,37.209005984812634,-0.07810570115919548,False,False
JAK1,raw,25,2000,P761S,118,5.079195885436697,7.949618425194988,2.870422539758291,0.3453548570826168,8.311516345842561,True,0.6389232304960744,True,13.624061791065603,25.476451004020475,0.5347707884789593,False,False
JAK1,raw,25,2000,Q572*,452,5.248409959887848,7.7387596891425865,2.4903497292547385,0.31625059751266527,7.874608771782651,True,0.678197821189786,True,13.768478476604106,13.358670584019327,1.0306772960682946,True,True
JAK1,raw,25,2000,R108Q,108,4.988918499107601,6.177364298889433,1.1884457997818316,0.3793244831105538,3.133058509791629,True,0.8076128034094588,True,9.270572686719465,29.498480342519613,0.31427289063961383,False,False
JAK1,raw,25,2000,S1062F,203,5.242150758636043,7.9246016535798525,2.682450894943809,0.44253969069700005,6.0614922261977195,True,0.6615033774307076,True,20.34389638882548,16.057518493472106,1.2669389978965881,True,True
JAK1,raw,25,2000,T558I,777,4.783736613241583,5.042722434979503,0.2589858217379195,0.2935507452251622,0.8822523054379222,False,0.9486416662671278,True,9.14442320825307,18.489473385143963,0.49457456238859066,False,False
JAK1,raw,25,2000,syn_N357,130,4.715658539510095,4.950971817305163,0.2353132777950684,0.25015683290125335,0.9406630035484808,False,0.9524712952369115,True,7.79488590599588,25.945454685410986,0.3004335827029815,False,False
JAK1,raw,50,2000,E1051K,407,2.5707800357596398,5.334248735038152,2.763468699278512,0.24221959817718464,11.408939326441386,True,0.48193853782509316,True,8.526118958021073,9.727722560772033,0.8764763699576978,False,False
JAK1,raw,50,2000,E447K,567,2.538908087625373,5.288475850126186,2.7495677625008135,0.1922909347103925,14.298998372658133,True,0.48008313918362566,True,10.003902436023079,5.6153966477359045,1.781513054835867,True,True
JAK1,raw,50,2000,"E706K,D707N",314,2.560436521478696,5.42285116843081,2.8624146469521143,0.22076035600605337,12.9661624883121,True,0.47215688610159656,True,7.5408188548805555,11.579381031423415,0.651228147205515,False,False
JAK1,raw,50,2000,"G1068E,G1068R",239,2.5742262819148287,5.388582181312469,2.81435589939764,0.19772032338877743,14.234024359062838,True,0.4777186642605566,True,10.576124275281568,8.628502259105865,1.2257195927740914,True,True
JAK1,raw,50,2000,"G887R,G887E",250,2.5031198104337022,3.604299818928599,1.1011800084948966,0.2329058527622827,4.72800488023298,True,0.6944815737270632,True,40.112780632693266,20.10880744637166,1.9947866495648916,True,True
JAK1,raw,50,2000,"P1118L,P1118S,P1121S",422,2.3710914210098686,3.0859207688021684,0.7148293477922998,0.051593086404305044,13.855138306528078,True,0.7683578415171793,True,51.59238658103013,10.69882197638072,4.822249280801959,True,True
JAK1,raw,50,2000,Q572*,452,2.6054237528909425,5.524959480512706,2.9195357276217635,0.18598663011548044,15.697557000785501,True,0.4715733684709601,True,7.155302347690991,11.1946432954524,0.6391719824246379,False,False
JAK1,raw,50,2000,S1062F,203,2.5813879851425376,5.5871739117886925,3.005785926646155,0.10888576491791913,27.60494844217693,True,0.4620203390655018,True,13.000264245221242,8.066272524461255,1.611681753349826,True,True
JAK1,raw,50,2000,T558I,777,2.394241461705853,2.6713538970651136,0.27711243535926045,0.21311464213165765,1.3002974952235629,True,0.8962651726288642,True,51.59238658103013,10.69882197638072,4.822249280801959,True,True
JAK1,raw,100,2000,E1051K,407,1.3100312477191771,4.242748534081848,2.9327172863626707,0.060658842578954486,48.34772906432233,True,0.30876947742618793,True,7.6949245183634005,3.212426328633512,2.3953621752429832,True,True
JAK1,raw,100,2000,E447K,567,1.26982018979459,4.183912715229166,2.914092525434576,0.08601917338032217,33.87724400175655,True,0.30350064072143007,True,7.489269116514883,2.669142828006236,2.8058704981738,True,True
JAK1,raw,100,2000,"P1118L,P1118S,P1121S",422,1.2009673248674027,1.9206327426258163,0.7196654177584136,0.08981118458727178,8.013093481236702,True,0.6252977460050408,True,57.51560152866936,9.320814288756722,6.1706627497178905,True,True
JAK1,raw,100,2000,Q572*,452,1.2798147718736175,4.190874269746292,2.9110594978726745,0.07183063045227578,40.52671512895575,True,0.30538133322503497,True,7.852475440699461,1.6477129608193426,4.765681661443469,True,True
JAK1,raw,100,2000,T558I,777,1.201379702997972,1.479011276482101,0.27763157348412904,0.0685960922102824,4.047338041255252,True,0.812285695248728,True,57.51560152866936,9.320814288756722,6.1706627497178905,True,True
