source,gene,depth_m,n_var,eta2,rho2,rho2_nn_median,rho2_nn_median_lo,rho2_nn_median_hi,rho2_nn_geomean,frac_above_noise,nn_nonpositive,ceiling_pds,p_correct,p_winner,eff_rank,rho2_target,rank,hetero
real,TP53,25,98,37.833,-0.00272,-0.0026,-0.00583,0.00137,,0.448,56,0.492,0.028,0.094,,,,
real,TP53,50,98,18.893,-0.00184,0.00048,-0.00791,0.00487,,0.4673,48,0.498,0.17,0.274,,,,
real,TP53,100,68,9.408,-0.00276,0.00186,-0.00333,0.01277,,0.4765,31,0.4969,0.148,0.346,,,,
real,KRAS,25,92,37.577,-0.00173,0.00038,-0.00564,0.0053,,0.4772,45,0.4974,0.066,0.106,,,,
real,KRAS,50,92,18.776,-0.00084,0.00095,-0.00634,0.00528,,0.4652,45,0.499,0.04,0.072,,,,
real,KRAS,100,84,9.436,-0.00548,-0.00727,-0.01333,-0.00179,,0.4321,54,0.4938,0.044,0.102,,,,
real,GATA1,25,247,97.746,0.01332,0.01571,0.00271,0.02793,,0.483,106,0.5106,0.706,0.77,,,,
real,GATA1,50,209,49.326,0.02142,0.00099,-0.01082,0.01815,,0.4402,102,0.5198,0.584,0.644,,,,
real,GATA1,100,107,24.679,0.01323,0.0051,-0.01408,0.02007,,0.4411,51,0.5167,0.27,0.41,,,,
real,JAK1,25,14,78.162,0.61404,0.07495,0.04861,0.10526,,0.7857,2,0.7714,0.986,0.988,,,,
real,JAK1,50,9,39.961,1.0411,0.12725,0.09096,0.67533,0.191277,1.0,0,0.8194,0.0,0.0,,,,
real,JAK1,100,5,19.853,3.25771,0.16704,0.14195,1.48296,0.382301,1.0,0,0.97,0.0,0.702,,,,
dialled,TP53,25,20,37.666,-0.00102,0.00211,-0.00865,0.00656,,0.45,9,0.4953,0.0,0.0,,0.0,-1.0,0.0
dialled,TP53,25,20,37.666,0.04903,0.05736,0.03929,0.0719,,0.775,1,0.6526,0.96,0.998,17.95,0.05,-1.0,0.0
dialled,TP53,25,20,37.666,0.19862,0.19243,0.18517,0.20943,0.195716,0.995,0,0.9221,0.996,0.996,17.95,0.2,-1.0,0.0
dialled,TP53,25,20,37.666,0.59719,0.57062,0.55401,0.59095,0.572477,1.0,0,0.9992,0.0,0.0,17.95,0.6,-1.0,0.0
dialled,TP53,25,20,37.666,1.99153,1.85346,1.82538,1.90176,1.858983,1.0,0,1.0,0.0,0.0,17.95,2.0,-1.0,0.0
dialled,TP53,25,20,37.666,5.97436,5.44985,5.39341,5.51787,5.460085,1.0,0,1.0,0.0,0.0,17.95,6.0,-1.0,0.0
dialled,TP53,25,20,37.666,-0.00102,0.00211,-0.00865,0.00656,,0.45,9,0.4953,0.0,0.0,,0.0,-1.0,1.0
dialled,TP53,25,20,37.666,0.04885,0.0193,0.0092,0.04746,,0.62,4,0.6258,0.938,0.994,5.65,0.05,-1.0,1.0
dialled,TP53,25,20,37.666,0.19826,0.04483,0.03159,0.08496,,0.745,4,0.7345,0.99,0.99,5.65,0.2,-1.0,1.0
dialled,TP53,25,20,37.666,0.59655,0.13318,0.04524,0.187,,0.855,1,0.8276,0.688,0.688,5.65,0.6,-1.0,1.0
dialled,TP53,25,20,37.666,1.99037,0.38783,0.14026,0.57228,0.349863,0.93,0,0.9029,0.804,0.924,5.65,2.0,-1.0,1.0
dialled,TP53,25,20,37.666,5.97235,1.08021,0.39496,1.75836,0.932305,0.97,0,0.9397,0.95,0.956,5.65,6.0,-1.0,1.0
dialled,TP53,25,20,37.666,-0.00102,0.00211,-0.00865,0.00656,,0.45,9,0.4953,0.0,0.0,,0.0,-1.0,2.0
dialled,TP53,25,20,37.666,0.04953,0.00156,-0.00216,0.02866,,0.555,8,0.5868,0.326,0.36,2.49,0.05,-1.0,2.0
dialled,TP53,25,20,37.666,0.19961,0.0121,-0.00041,0.03803,,0.615,6,0.6453,0.818,0.928,2.49,0.2,-1.0,2.0
dialled,TP53,25,20,37.666,0.59889,0.02167,0.01582,0.04578,,0.66,5,0.6755,0.8,0.916,2.49,0.6,-1.0,2.0
dialled,TP53,25,20,37.666,1.99464,0.05062,0.026,0.10745,,0.73,4,0.7426,1.0,1.0,2.49,2.0,-1.0,2.0
dialled,TP53,25,20,37.666,5.97975,0.11665,0.02594,0.30474,,0.795,4,0.8024,1.0,1.0,2.49,6.0,-1.0,2.0
dialled,TP53,25,20,37.666,-0.00102,0.00211,-0.00865,0.00656,,0.45,9,0.4953,0.0,0.0,,0.0,5.0,0.0
dialled,TP53,25,20,37.666,0.04985,0.03416,0.0224,0.0468,,0.685,1,0.6339,0.806,0.99,4.89,0.05,5.0,0.0
dialled,TP53,25,20,37.666,0.20025,0.09226,0.06927,0.11323,0.078025,0.8,0,0.8739,1.0,1.0,4.89,0.2,5.0,0.0
dialled,TP53,25,20,37.666,0.6,0.19438,0.15882,0.22896,0.189964,0.945,0,0.9726,0.618,1.0,4.89,0.6,5.0,0.0
dialled,TP53,25,20,37.666,1.99666,0.55386,0.49355,0.63056,0.561223,0.99,0,0.9939,0.0,0.48,4.89,2.0,5.0,0.0
dialled,TP53,25,20,37.666,5.98326,1.60776,1.47505,1.8909,1.634058,1.0,0,0.9989,0.0,0.658,4.89,6.0,5.0,0.0
dialled,TP53,25,20,37.666,-0.00102,0.00211,-0.00865,0.00656,,0.45,9,0.4953,0.0,0.0,,0.0,5.0,1.0
dialled,TP53,25,20,37.666,0.0495,0.01949,0.00455,0.0244,,0.565,5,0.6158,0.596,0.69,3.19,0.05,5.0,1.0
dialled,TP53,25,20,37.666,0.19955,0.04377,0.02206,0.06451,,0.73,3,0.7153,0.698,0.9,3.19,0.2,5.0,1.0
dialled,TP53,25,20,37.666,0.59879,0.09098,0.04352,0.13511,,0.825,1,0.8011,0.99,1.0,3.19,0.6,5.0,1.0
dialled,TP53,25,20,37.666,1.99446,0.2509,0.09754,0.37471,0.254664,0.9,0,0.8647,0.614,0.638,3.19,2.0,5.0,1.0
dialled,TP53,25,20,37.666,5.97943,0.66631,0.24211,1.16738,0.643846,0.96,0,0.9071,0.704,0.99,3.19,6.0,5.0,1.0
dialled,TP53,25,20,37.666,-0.00102,0.00211,-0.00865,0.00656,,0.45,9,0.4953,0.0,0.0,,0.0,5.0,2.0
dialled,TP53,25,20,37.666,0.05003,0.00396,-0.00474,0.02104,,0.54,9,0.5837,0.36,0.548,1.95,0.05,5.0,2.0
dialled,TP53,25,20,37.666,0.20062,0.01397,0.00135,0.04031,,0.6,5,0.6371,0.294,0.332,1.95,0.2,5.0,2.0
dialled,TP53,25,20,37.666,0.60066,0.02437,0.00801,0.04053,,0.645,5,0.6721,0.746,0.984,1.95,0.6,5.0,2.0
dialled,TP53,25,20,37.666,1.99786,0.04765,0.02018,0.0923,,0.725,4,0.7242,0.774,0.774,1.95,2.0,5.0,2.0
dialled,TP53,25,20,37.666,5.98532,0.08208,0.01593,0.24389,,0.805,4,0.7779,0.834,0.842,1.95,6.0,5.0,2.0
dialled,TP53,25,20,37.666,-0.00102,0.00211,-0.00865,0.00656,,0.45,9,0.4953,0.0,0.0,,0.0,3.0,0.0
dialled,TP53,25,20,37.666,0.04936,0.02474,0.00831,0.04254,,0.635,4,0.6308,0.866,0.96,2.96,0.05,3.0,0.0
dialled,TP53,25,20,37.666,0.19927,0.05012,0.03427,0.07984,,0.705,1,0.8242,0.994,0.996,2.96,0.2,3.0,0.0
dialled,TP53,25,20,37.666,0.59831,0.11302,0.08753,0.1251,0.10134,0.81,0,0.9147,0.84,0.942,2.96,0.6,3.0,0.0
dialled,TP53,25,20,37.666,1.99359,0.29806,0.25299,0.32167,0.291069,0.965,0,0.9566,0.0,0.0,2.96,2.0,3.0,0.0
dialled,TP53,25,20,37.666,5.97792,0.84687,0.75705,0.93671,0.833713,0.99,0,0.9763,0.0,0.0,2.96,6.0,3.0,0.0
dialled,TP53,25,20,37.666,-0.00102,0.00211,-0.00865,0.00656,,0.45,9,0.4953,0.0,0.0,,0.0,3.0,1.0
dialled,TP53,25,20,37.666,0.04935,0.0171,0.00482,0.03522,,0.565,5,0.6108,0.28,0.3,2.35,0.05,3.0,1.0
dialled,TP53,25,20,37.666,0.19925,0.04426,0.01545,0.08139,,0.705,3,0.7124,0.04,0.314,2.35,0.2,3.0,1.0
dialled,TP53,25,20,37.666,0.59828,0.0755,0.03941,0.13763,,0.785,2,0.7795,0.612,0.97,2.35,0.6,3.0,1.0
dialled,TP53,25,20,37.666,1.99353,0.16407,0.08456,0.35077,0.16671,0.855,0,0.8408,0.082,0.192,2.35,2.0,3.0,1.0
dialled,TP53,25,20,37.666,5.97782,0.40251,0.16526,1.01622,0.482172,0.945,0,0.8805,0.796,0.824,2.35,6.0,3.0,1.0
dialled,TP53,25,20,37.666,-0.00102,0.00211,-0.00865,0.00656,,0.45,9,0.4953,0.0,0.0,,0.0,3.0,2.0
dialled,TP53,25,20,37.666,0.04963,0.00931,-0.00118,0.03304,,0.53,6,0.5787,0.358,0.57,1.75,0.05,3.0,2.0
dialled,TP53,25,20,37.666,0.19982,0.01755,0.00117,0.04892,,0.61,5,0.6421,0.052,0.052,1.75,0.2,3.0,2.0
dialled,TP53,25,20,37.666,0.59927,0.03116,0.00815,0.07305,,0.65,5,0.6808,0.738,0.75,1.75,0.6,3.0,2.0
dialled,TP53,25,20,37.666,1.99533,0.04951,0.01295,0.12726,,0.725,5,0.7147,0.124,0.616,1.75,2.0,3.0,2.0
dialled,TP53,25,20,37.666,5.98094,0.08476,0.0243,0.26056,,0.785,3,0.7611,0.46,0.538,1.75,6.0,3.0,2.0
dialled,TP53,25,20,37.666,-0.00102,0.00211,-0.00865,0.00656,,0.45,9,0.4953,0.0,0.0,,0.0,2.0,0.0
dialled,TP53,25,20,37.666,0.04719,0.01981,0.00485,0.03139,,0.59,4,0.6255,0.83,0.994,1.99,0.05,2.0,0.0
dialled,TP53,25,20,37.666,0.19493,0.03556,0.02792,0.0584,0.031069,0.69,0,0.7845,0.898,0.998,1.99,0.2,2.0,0.0
dialled,TP53,25,20,37.666,0.59079,0.08263,0.05013,0.09252,,0.725,1,0.8626,0.71,0.714,1.99,0.6,2.0,0.0
dialled,TP53,25,20,37.666,1.97985,0.16197,0.13599,0.19345,0.153883,0.905,0,0.9039,0.174,0.486,1.99,2.0,2.0,0.0
dialled,TP53,25,20,37.666,5.95414,0.41976,0.33676,0.51887,0.42474,0.95,0,0.93,0.0,0.0,1.99,6.0,2.0,0.0
dialled,TP53,25,20,37.666,-0.00102,0.00211,-0.00865,0.00656,,0.45,9,0.4953,0.0,0.0,,0.0,2.0,1.0
dialled,TP53,25,20,37.666,0.04795,0.01867,0.00815,0.0407,,0.6,5,0.6071,0.506,0.59,1.77,0.05,2.0,1.0
dialled,TP53,25,20,37.666,0.19646,0.04926,0.0282,0.05829,,0.715,1,0.6984,0.598,0.648,1.77,0.2,2.0,1.0
dialled,TP53,25,20,37.666,0.59344,0.08378,0.04215,0.11831,0.071562,0.795,0,0.7639,0.65,0.898,1.77,0.6,2.0,1.0
dialled,TP53,25,20,37.666,1.98468,0.10281,0.07568,0.18048,0.15126,0.81,0,0.8216,0.73,0.942,1.77,2.0,2.0,1.0
dialled,TP53,25,20,37.666,5.9625,0.27062,0.1468,0.56592,0.334751,0.89,0,0.8463,0.048,0.062,1.77,6.0,2.0,1.0
dialled,TP53,25,20,37.666,-0.00102,0.00211,-0.00865,0.00656,,0.45,9,0.4953,0.0,0.0,,0.0,2.0,2.0
dialled,TP53,25,20,37.666,0.04884,0.01449,0.00141,0.03126,,0.55,6,0.5758,0.07,0.136,1.48,0.05,2.0,2.0
dialled,TP53,25,20,37.666,0.19823,0.01938,0.00375,0.05113,,0.605,5,0.6305,0.234,0.658,1.48,0.2,2.0,2.0
dialled,TP53,25,20,37.666,0.5965,0.03937,0.02233,0.06603,,0.65,5,0.6668,0.808,0.96,1.48,0.6,2.0,2.0
dialled,TP53,25,20,37.666,1.99028,0.05711,0.01016,0.0912,,0.72,4,0.7118,0.71,0.966,1.48,2.0,2.0,2.0
dialled,TP53,25,20,37.666,5.9722,0.08303,0.02429,0.16325,,0.765,1,0.7484,0.78,0.858,1.48,6.0,2.0,2.0
dialled,TP53,25,20,37.666,-0.00102,0.00211,-0.00865,0.00656,,0.45,9,0.4953,0.0,0.0,,0.0,1.0,0.0
dialled,TP53,25,20,37.666,0.0479,0.01195,0.00631,0.02591,,0.56,4,0.6092,0.798,1.0,1.0,0.05,1.0,0.0
dialled,TP53,25,20,37.666,0.19635,0.02179,0.0053,0.03504,,0.585,4,0.7168,0.876,0.958,1.0,0.2,1.0,0.0
dialled,TP53,25,20,37.666,0.59326,0.03303,0.01078,0.05183,,0.585,4,0.7555,0.252,0.482,1.0,0.6,1.0,0.0
dialled,TP53,25,20,37.666,1.98435,0.02495,0.01644,0.05369,,0.62,3,0.7605,0.0,0.004,1.0,2.0,1.0,0.0
dialled,TP53,25,20,37.666,5.96192,0.06373,0.03582,0.08671,,0.655,1,0.7566,0.0,0.0,1.0,6.0,1.0,0.0
dialled,TP53,25,20,37.666,-0.00102,0.00211,-0.00865,0.00656,,0.45,9,0.4953,0.0,0.0,,0.0,1.0,1.0
dialled,TP53,25,20,37.666,0.04834,0.01205,0.00425,0.02504,,0.57,5,0.5882,0.454,0.722,1.0,0.05,1.0,1.0
dialled,TP53,25,20,37.666,0.19723,0.02615,0.00695,0.04183,,0.61,5,0.6508,0.808,0.958,1.0,0.2,1.0,1.0
dialled,TP53,25,20,37.666,0.59478,0.03252,0.02061,0.04828,,0.645,3,0.705,0.638,0.69,1.0,0.6,1.0,1.0
dialled,TP53,25,20,37.666,1.98713,0.04906,0.02635,0.07445,,0.635,1,0.7387,0.13,0.396,1.0,2.0,1.0,1.0
dialled,TP53,25,20,37.666,5.96675,0.06042,0.02335,0.14094,0.072972,0.645,0,0.7474,0.012,0.112,1.0,6.0,1.0,1.0
dialled,TP53,25,20,37.666,-0.00102,0.00211,-0.00865,0.00656,,0.45,9,0.4953,0.0,0.0,,0.0,1.0,2.0
dialled,TP53,25,20,37.666,0.04997,0.01397,0.00246,0.02457,,0.535,5,0.5703,0.374,0.492,1.0,0.05,1.0,2.0
dialled,TP53,25,20,37.666,0.20049,0.01884,4e-05,0.03036,,0.57,6,0.6111,0.02,0.364,1.0,0.2,1.0,2.0
dialled,TP53,25,20,37.666,0.60042,0.02839,0.00402,0.05219,,0.62,5,0.6355,0.148,0.168,1.0,0.6,1.0,2.0
dialled,TP53,25,20,37.666,1.99743,0.03312,0.01138,0.09783,,0.62,5,0.6734,0.49,0.708,1.0,2.0,1.0,2.0
dialled,TP53,25,20,37.666,5.98458,0.03258,0.01394,0.19562,,0.64,4,0.7016,0.434,0.62,1.0,6.0,1.0,2.0
dialled,TP53,25,45,37.625,-0.00064,-0.00375,-0.00974,0.004,,0.4756,24,0.4974,0.0,0.006,,0.0,-1.0,0.0
dialled,TP53,25,45,37.625,0.04898,0.04868,0.04132,0.05434,,0.7533,1,0.6532,1.0,1.0,38.46,0.05,-1.0,0.0
dialled,TP53,25,45,37.625,0.19919,0.20045,0.19061,0.20724,0.196642,0.9956,0,0.9211,1.0,1.0,38.46,0.2,-1.0,0.0
dialled,TP53,25,45,37.625,0.60057,0.58365,0.5711,0.58988,0.578437,1.0,0,0.999,0.61,0.65,38.46,0.6,-1.0,0.0
dialled,TP53,25,45,37.625,2.00691,1.8418,1.81872,1.86573,1.845292,1.0,0,1.0,0.0,0.0,38.46,2.0,-1.0,0.0
dialled,TP53,25,45,37.625,6.02742,5.40175,5.3744,5.43367,5.410938,1.0,0,1.0,0.0,0.0,38.46,6.0,-1.0,0.0
dialled,TP53,25,45,37.625,-0.00064,-0.00375,-0.00974,0.004,,0.4756,24,0.4974,0.0,0.006,,0.0,-1.0,1.0
dialled,TP53,25,45,37.625,0.0495,0.01376,0.00536,0.03014,,0.5867,13,0.5958,0.992,0.998,6.91,0.05,-1.0,1.0
dialled,TP53,25,45,37.625,0.20024,0.04311,0.02722,0.06316,,0.7444,6,0.7025,0.996,0.996,6.91,0.2,-1.0,1.0
dialled,TP53,25,45,37.625,0.60238,0.09134,0.0656,0.14606,,0.8111,6,0.8064,1.0,1.0,6.91,0.6,-1.0,1.0
dialled,TP53,25,45,37.625,2.01021,0.26134,0.14379,0.40489,,0.8844,5,0.8912,1.0,1.0,6.91,2.0,-1.0,1.0
dialled,TP53,25,45,37.625,6.03314,0.73617,0.37125,1.16457,0.62002,0.9356,0,0.9279,1.0,1.0,6.91,6.0,-1.0,1.0
dialled,TP53,25,45,37.625,-0.00064,-0.00375,-0.00974,0.004,,0.4756,24,0.4974,0.0,0.006,,0.0,-1.0,2.0
dialled,TP53,25,45,37.625,0.04975,0.00785,-0.00204,0.01507,,0.5444,19,0.5466,0.462,0.632,2.7,0.05,-1.0,2.0
dialled,TP53,25,45,37.625,0.20074,0.0095,0.00173,0.02056,,0.5733,16,0.5834,0.838,0.952,2.7,0.2,-1.0,2.0
dialled,TP53,25,45,37.625,0.60325,0.01066,0.0002,0.02967,,0.6,16,0.6251,0.93,0.988,2.7,0.6,-1.0,2.0
dialled,TP53,25,45,37.625,2.0118,0.03201,0.01313,0.04799,,0.6622,13,0.6807,0.982,0.984,2.7,2.0,-1.0,2.0
dialled,TP53,25,45,37.625,6.03588,0.03967,0.02088,0.08022,,0.7222,6,0.7354,0.998,0.998,2.7,6.0,-1.0,2.0
dialled,TP53,25,45,37.625,-0.00064,-0.00375,-0.00974,0.004,,0.4756,24,0.4974,0.0,0.006,,0.0,5.0,0.0
dialled,TP53,25,45,37.625,0.04941,0.04175,0.03103,0.0533,,0.6867,3,0.6285,0.996,0.996,4.76,0.05,5.0,0.0
dialled,TP53,25,45,37.625,0.20005,0.08605,0.07073,0.09534,0.079605,0.8,0,0.836,1.0,1.0,4.76,0.2,5.0,0.0
dialled,TP53,25,45,37.625,0.60205,0.14899,0.12861,0.17064,0.145865,0.8822,0,0.9499,1.0,1.0,4.76,0.6,5.0,0.0
dialled,TP53,25,45,37.625,2.00961,0.37992,0.35823,0.41625,0.383153,0.9911,0,0.9863,0.848,0.942,4.76,2.0,5.0,0.0
dialled,TP53,25,45,37.625,6.03209,1.07287,1.03888,1.1418,1.080851,1.0,0,0.9969,0.0,0.0,4.76,6.0,5.0,0.0
dialled,TP53,25,45,37.625,-0.00064,-0.00375,-0.00974,0.004,,0.4756,24,0.4974,0.0,0.006,,0.0,5.0,1.0
dialled,TP53,25,45,37.625,0.05009,0.0197,0.00653,0.02945,,0.6022,12,0.589,0.634,0.76,3.35,0.05,5.0,1.0
dialled,TP53,25,45,37.625,0.20142,0.03882,0.02601,0.06293,,0.6978,7,0.6847,0.802,0.818,3.35,0.2,5.0,1.0
dialled,TP53,25,45,37.625,0.60443,0.07459,0.04957,0.12941,,0.8,2,0.7677,0.982,1.0,3.35,0.6,5.0,1.0
dialled,TP53,25,45,37.625,2.01395,0.15789,0.10359,0.29377,,0.8444,3,0.8465,0.986,0.986,3.35,2.0,5.0,1.0
dialled,TP53,25,45,37.625,6.03961,0.36622,0.23185,0.7515,0.39385,0.9311,0,0.8924,0.954,0.958,3.35,6.0,5.0,1.0
dialled,TP53,25,45,37.625,-0.00064,-0.00375,-0.00974,0.004,,0.4756,24,0.4974,0.0,0.006,,0.0,5.0,2.0
dialled,TP53,25,45,37.625,0.0503,0.00898,-0.00453,0.02001,,0.5556,17,0.5478,0.346,0.61,2.13,0.05,5.0,2.0
dialled,TP53,25,45,37.625,0.20184,0.0108,-0.00043,0.02233,,0.5711,16,0.5821,0.458,0.808,2.13,0.2,5.0,2.0
dialled,TP53,25,45,37.625,0.60516,0.01092,0.00175,0.02985,,0.6111,16,0.6219,0.42,0.768,2.13,0.6,5.0,2.0
dialled,TP53,25,45,37.625,2.01529,0.03113,0.00973,0.04538,,0.6489,10,0.6724,0.784,0.908,2.13,2.0,5.0,2.0
dialled,TP53,25,45,37.625,6.04192,0.03632,0.02323,0.09347,,0.7022,8,0.7168,0.764,0.764,2.13,6.0,5.0,2.0
dialled,TP53,25,45,37.625,-0.00064,-0.00375,-0.00974,0.004,,0.4756,24,0.4974,0.0,0.006,,0.0,3.0,0.0
dialled,TP53,25,45,37.625,0.04924,0.02929,0.02333,0.04071,,0.6378,8,0.6215,0.994,0.994,2.91,0.05,3.0,0.0
dialled,TP53,25,45,37.625,0.19971,0.0642,0.04773,0.07133,,0.7244,2,0.7932,1.0,1.0,2.91,0.2,3.0,0.0
dialled,TP53,25,45,37.625,0.60147,0.0919,0.08713,0.10831,,0.7533,1,0.8974,1.0,1.0,2.91,0.6,3.0,0.0
dialled,TP53,25,45,37.625,2.00855,0.20321,0.183,0.21852,0.197816,0.8978,0,0.9439,0.856,0.956,2.91,2.0,3.0,0.0
dialled,TP53,25,45,37.625,6.03026,0.51547,0.46837,0.58366,0.518543,0.9578,0,0.9698,0.516,0.768,2.91,6.0,3.0,0.0
dialled,TP53,25,45,37.625,-0.00064,-0.00375,-0.00974,0.004,,0.4756,24,0.4974,0.0,0.006,,0.0,3.0,1.0
dialled,TP53,25,45,37.625,0.0504,0.01699,0.00577,0.02839,,0.5844,11,0.5821,0.498,0.572,2.32,0.05,3.0,1.0
dialled,TP53,25,45,37.625,0.20202,0.03838,0.02206,0.05624,,0.68,6,0.6653,0.874,0.89,2.32,0.2,3.0,1.0
dialled,TP53,25,45,37.625,0.60547,0.05214,0.03207,0.07336,,0.7311,5,0.7456,0.994,0.994,2.32,0.6,3.0,1.0
dialled,TP53,25,45,37.625,2.01586,0.11297,0.0693,0.14945,,0.8,2,0.8198,0.984,1.0,2.32,2.0,3.0,1.0
dialled,TP53,25,45,37.625,6.04292,0.20822,0.16496,0.25014,,0.8867,1,0.8621,0.872,0.968,2.32,6.0,3.0,1.0
dialled,TP53,25,45,37.625,-0.00064,-0.00375,-0.00974,0.004,,0.4756,24,0.4974,0.0,0.006,,0.0,3.0,2.0
dialled,TP53,25,45,37.625,0.05086,0.00858,0.00052,0.01596,,0.5511,16,0.5457,0.04,0.258,1.69,0.05,3.0,2.0
dialled,TP53,25,45,37.625,0.20295,0.006,-0.0011,0.02031,,0.5622,17,0.5759,0.12,0.686,1.69,0.2,3.0,2.0
dialled,TP53,25,45,37.625,0.60707,0.01546,0.00501,0.03194,,0.6022,10,0.6144,0.542,0.71,1.69,0.6,3.0,2.0
dialled,TP53,25,45,37.625,2.01878,0.03139,0.00585,0.05442,,0.6267,12,0.6583,0.91,0.956,1.69,2.0,3.0,2.0
dialled,TP53,25,45,37.625,6.04798,0.04693,0.02468,0.07246,,0.7111,6,0.7035,0.76,0.82,1.69,6.0,3.0,2.0
dialled,TP53,25,45,37.625,-0.00064,-0.00375,-0.00974,0.004,,0.4756,24,0.4974,0.0,0.006,,0.0,2.0,0.0
dialled,TP53,25,45,37.625,0.0499,0.0281,0.01429,0.03604,,0.5822,12,0.6103,0.922,0.992,1.97,0.05,2.0,0.0
dialled,TP53,25,45,37.625,0.20103,0.03786,0.02621,0.05174,,0.6556,3,0.7532,1.0,1.0,1.97,0.2,2.0,0.0
dialled,TP53,25,45,37.625,0.60376,0.06888,0.05575,0.07695,0.05786,0.7089,0,0.8389,0.99,0.99,1.97,0.6,2.0,0.0
dialled,TP53,25,45,37.625,2.01273,0.10984,0.0953,0.12619,0.102276,0.7556,0,0.8787,0.566,0.834,1.97,2.0,2.0,0.0
dialled,TP53,25,45,37.625,6.03749,0.24358,0.22266,0.27307,0.231581,0.8689,0,0.909,0.47,0.53,1.97,6.0,2.0,0.0
dialled,TP53,25,45,37.625,-0.00064,-0.00375,-0.00974,0.004,,0.4756,24,0.4974,0.0,0.006,,0.0,2.0,1.0
dialled,TP53,25,45,37.625,0.05041,0.01673,0.01106,0.02727,,0.5622,11,0.5727,0.312,0.49,1.66,0.05,2.0,1.0
dialled,TP53,25,45,37.625,0.20206,0.03244,0.01811,0.04516,,0.6489,6,0.6471,0.594,0.966,1.66,0.2,2.0,1.0
dialled,TP53,25,45,37.625,0.60554,0.049,0.03684,0.0804,,0.7222,3,0.723,0.99,0.99,1.66,0.6,2.0,1.0
dialled,TP53,25,45,37.625,2.01598,0.06648,0.04505,0.1061,,0.72,3,0.7825,0.86,0.908,1.66,2.0,2.0,1.0
dialled,TP53,25,45,37.625,6.04313,0.11982,0.06775,0.16458,0.143881,0.7911,0,0.8235,0.446,0.586,1.66,6.0,2.0,1.0
dialled,TP53,25,45,37.625,-0.00064,-0.00375,-0.00974,0.004,,0.4756,24,0.4974,0.0,0.006,,0.0,2.0,2.0
dialled,TP53,25,45,37.625,0.05109,0.00882,-0.00114,0.01818,,0.5489,17,0.5421,0.156,0.24,1.32,0.05,2.0,2.0
dialled,TP53,25,45,37.625,0.20342,0.00975,0.00226,0.02089,,0.5822,15,0.5749,0.406,0.672,1.32,0.2,2.0,2.0
dialled,TP53,25,45,37.625,0.60789,0.01625,0.00736,0.02641,,0.58,12,0.6037,0.452,0.676,1.32,0.6,2.0,2.0
dialled,TP53,25,45,37.625,2.02027,0.02728,0.01503,0.04265,,0.62,11,0.6469,0.712,0.846,1.32,2.0,2.0,2.0
dialled,TP53,25,45,37.625,6.05055,0.03199,0.02351,0.05483,,0.6911,7,0.6861,0.272,0.494,1.32,6.0,2.0,2.0
dialled,TP53,25,45,37.625,-0.00064,-0.00375,-0.00974,0.004,,0.4756,24,0.4974,0.0,0.006,,0.0,1.0,0.0
dialled,TP53,25,45,37.625,0.0501,0.01322,0.00202,0.02019,,0.5311,15,0.5988,0.924,0.944,1.0,0.05,1.0,0.0
dialled,TP53,25,45,37.625,0.20144,0.01681,0.00317,0.02848,,0.5378,13,0.6922,0.976,0.976,1.0,0.2,1.0,0.0
dialled,TP53,25,45,37.625,0.60446,0.03023,0.01937,0.04281,,0.5889,9,0.7342,0.294,0.53,1.0,0.6,1.0,0.0
dialled,TP53,25,45,37.625,2.01402,0.0448,0.02589,0.05452,,0.64,8,0.7498,0.102,0.328,1.0,2.0,1.0,0.0
dialled,TP53,25,45,37.625,6.03972,0.05642,0.04551,0.0636,,0.6378,6,0.7553,0.026,0.146,1.0,6.0,1.0,0.0
dialled,TP53,25,45,37.625,-0.00064,-0.00375,-0.00974,0.004,,0.4756,24,0.4974,0.0,0.006,,0.0,1.0,1.0
dialled,TP53,25,45,37.625,0.05005,0.00934,-6e-05,0.02078,,0.5244,17,0.5642,0.62,0.766,1.0,0.05,1.0,1.0
dialled,TP53,25,45,37.625,0.20134,0.02396,0.00948,0.04107,,0.5889,13,0.6251,0.872,0.932,1.0,0.2,1.0,1.0
dialled,TP53,25,45,37.625,0.60429,0.03228,0.0085,0.04109,,0.6,10,0.6708,0.446,0.448,1.0,0.6,1.0,1.0
dialled,TP53,25,45,37.625,2.0137,0.03195,0.01707,0.04281,,0.62,9,0.7098,0.432,0.726,1.0,2.0,1.0,1.0
dialled,TP53,25,45,37.625,6.03917,0.05168,0.02768,0.06393,,0.6089,5,0.7344,0.192,0.524,1.0,6.0,1.0,1.0
dialled,TP53,25,45,37.625,-0.00064,-0.00375,-0.00974,0.004,,0.4756,24,0.4974,0.0,0.006,,0.0,1.0,2.0
dialled,TP53,25,45,37.625,0.0508,0.004,-0.00604,0.01396,,0.5111,19,0.5339,0.082,0.176,1.0,0.05,1.0,2.0
dialled,TP53,25,45,37.625,0.20282,0.0071,-0.00091,0.01484,,0.54,17,0.5633,0.672,0.822,1.0,0.2,1.0,2.0
dialled,TP53,25,45,37.625,0.60686,0.01299,0.00798,0.02252,,0.5511,16,0.5903,0.524,0.602,1.0,0.6,1.0,2.0
dialled,TP53,25,45,37.625,2.01839,0.03111,0.01417,0.04429,,0.6089,13,0.6295,0.78,0.906,1.0,2.0,1.0,2.0
dialled,TP53,25,45,37.625,6.04731,0.02634,0.00945,0.0433,,0.5711,12,0.6551,0.872,0.92,1.0,6.0,1.0,2.0
dialled,TP53,25,90,37.632,-0.00051,0.0021,-0.00336,0.00822,,0.4656,42,0.4989,0.064,0.144,,0.0,-1.0,0.0
dialled,TP53,25,90,37.632,0.04858,0.04923,0.04273,0.05368,,0.76,1,0.6593,1.0,1.0,68.53,0.05,-1.0,0.0
dialled,TP53,25,90,37.632,0.19737,0.19738,0.19161,0.20281,0.195297,0.9956,0,0.9227,1.0,1.0,68.53,0.2,-1.0,0.0
dialled,TP53,25,90,37.632,0.59508,0.57377,0.56783,0.58133,0.572215,1.0,0,0.9989,0.99,0.99,68.53,0.6,-1.0,0.0
dialled,TP53,25,90,37.632,1.98878,1.81566,1.80406,1.83179,1.814544,1.0,0,1.0,0.0,0.0,68.53,2.0,-1.0,0.0
dialled,TP53,25,90,37.632,5.9735,5.26868,5.2538,5.30193,5.27604,1.0,0,1.0,0.0,0.0,68.53,6.0,-1.0,0.0
dialled,TP53,25,90,37.632,-0.00051,0.0021,-0.00336,0.00822,,0.4656,42,0.4989,0.064,0.144,,0.0,-1.0,1.0
dialled,TP53,25,90,37.632,0.04905,0.01409,0.00656,0.02427,,0.5967,28,0.6009,0.99,1.0,10.99,0.05,-1.0,1.0
dialled,TP53,25,90,37.632,0.19831,0.03624,0.02082,0.05491,,0.7233,12,0.7142,1.0,1.0,10.99,0.2,-1.0,1.0
dialled,TP53,25,90,37.632,0.5967,0.08629,0.06,0.10716,,0.7978,10,0.8153,1.0,1.0,10.99,0.6,-1.0,1.0
dialled,TP53,25,90,37.632,1.99173,0.2842,0.19068,0.36122,,0.9033,5,0.8936,1.0,1.0,10.99,2.0,-1.0,1.0
dialled,TP53,25,90,37.632,5.97861,0.84966,0.53909,1.11209,0.681124,0.9578,0,0.941,0.998,1.0,10.99,6.0,-1.0,1.0
dialled,TP53,25,90,37.632,-0.00051,0.0021,-0.00336,0.00822,,0.4656,42,0.4989,0.064,0.144,,0.0,-1.0,2.0
dialled,TP53,25,90,37.632,0.04933,0.00433,-0.00268,0.01177,,0.5022,40,0.5401,0.696,0.826,3.01,0.05,-1.0,2.0
dialled,TP53,25,90,37.632,0.19887,0.01054,0.00096,0.0156,,0.5389,33,0.5767,0.83,0.832,3.01,0.2,-1.0,2.0
dialled,TP53,25,90,37.632,0.59767,0.01306,0.00604,0.0236,,0.5867,31,0.6215,0.994,0.994,3.01,0.6,-1.0,2.0
dialled,TP53,25,90,37.632,1.99352,0.01849,0.01123,0.03648,,0.6333,26,0.677,0.988,0.998,3.01,2.0,-1.0,2.0
dialled,TP53,25,90,37.632,5.9817,0.03521,0.01852,0.05191,,0.7044,19,0.7336,1.0,1.0,3.01,6.0,-1.0,2.0
dialled,TP53,25,90,37.632,-0.00051,0.0021,-0.00336,0.00822,,0.4656,42,0.4989,0.064,0.144,,0.0,5.0,0.0
dialled,TP53,25,90,37.632,0.04803,0.04108,0.03389,0.04863,,0.6878,3,0.6288,1.0,1.0,4.55,0.05,5.0,0.0
dialled,TP53,25,90,37.632,0.19627,0.0795,0.0728,0.08914,0.074331,0.8067,0,0.8177,1.0,1.0,4.55,0.2,5.0,0.0
dialled,TP53,25,90,37.632,0.59317,0.13372,0.1263,0.14584,0.132283,0.88,0,0.9298,1.0,1.0,4.55,0.6,5.0,0.0
dialled,TP53,25,90,37.632,1.98529,0.31082,0.29198,0.32389,0.306624,0.9722,0,0.9773,1.0,1.0,4.55,2.0,5.0,0.0
dialled,TP53,25,90,37.632,5.96745,0.80624,0.76197,0.85589,0.815716,0.9933,0,0.9935,0.994,1.0,4.55,6.0,5.0,0.0
dialled,TP53,25,90,37.632,-0.00051,0.0021,-0.00336,0.00822,,0.4656,42,0.4989,0.064,0.144,,0.0,5.0,1.0
dialled,TP53,25,90,37.632,0.04947,0.01909,0.01139,0.02701,,0.5667,22,0.5886,0.878,0.986,3.48,0.05,5.0,1.0
dialled,TP53,25,90,37.632,0.19916,0.03752,0.0295,0.05603,,0.67,16,0.6789,1.0,1.0,3.48,0.2,5.0,1.0
dialled,TP53,25,90,37.632,0.59818,0.06701,0.05467,0.10327,,0.7622,9,0.7636,1.0,1.0,3.48,0.6,5.0,1.0
dialled,TP53,25,90,37.632,1.99444,0.14058,0.11574,0.18648,,0.85,3,0.835,1.0,1.0,3.48,2.0,5.0,1.0
dialled,TP53,25,90,37.632,5.98329,0.34335,0.23816,0.41869,,0.9189,1,0.8873,1.0,1.0,3.48,6.0,5.0,1.0
dialled,TP53,25,90,37.632,-0.00051,0.0021,-0.00336,0.00822,,0.4656,42,0.4989,0.064,0.144,,0.0,5.0,2.0
dialled,TP53,25,90,37.632,0.05033,0.00719,0.0007,0.0149,,0.5156,36,0.5378,0.674,0.838,2.1,0.05,5.0,2.0
dialled,TP53,25,90,37.632,0.20088,0.01075,0.00336,0.02204,,0.55,34,0.57,0.924,0.952,2.1,0.2,5.0,2.0
dialled,TP53,25,90,37.632,0.60115,0.01732,0.00744,0.02407,,0.5678,27,0.6089,0.966,0.99,2.1,0.6,5.0,2.0
dialled,TP53,25,90,37.632,1.99986,0.02488,0.01609,0.03498,,0.6411,22,0.6589,0.854,0.854,2.1,2.0,5.0,2.0
dialled,TP53,25,90,37.632,5.99268,0.04192,0.02613,0.0512,,0.6822,19,0.7074,1.0,1.0,2.1,6.0,5.0,2.0
dialled,TP53,25,90,37.632,-0.00051,0.0021,-0.00336,0.00822,,0.4656,42,0.4989,0.064,0.144,,0.0,3.0,0.0
dialled,TP53,25,90,37.632,0.04719,0.03077,0.02128,0.03779,,0.6522,11,0.6143,1.0,1.0,2.85,0.05,3.0,0.0
dialled,TP53,25,90,37.632,0.19459,0.05961,0.05032,0.06667,,0.7389,1,0.7684,1.0,1.0,2.85,0.2,3.0,0.0
dialled,TP53,25,90,37.632,0.59026,0.08518,0.07854,0.09596,,0.8022,1,0.8728,1.0,1.0,2.85,0.6,3.0,0.0
dialled,TP53,25,90,37.632,1.97998,0.16352,0.14461,0.17302,0.148863,0.8522,0,0.9283,1.0,1.0,2.85,2.0,3.0,0.0
dialled,TP53,25,90,37.632,5.95825,0.3513,0.32967,0.39907,0.36171,0.9433,0,0.9586,0.9,0.986,2.85,6.0,3.0,0.0
dialled,TP53,25,90,37.632,-0.00051,0.0021,-0.00336,0.00822,,0.4656,42,0.4989,0.064,0.144,,0.0,3.0,1.0
dialled,TP53,25,90,37.632,0.04854,0.02022,0.01079,0.02804,,0.5689,23,0.5814,0.946,0.984,2.38,0.05,3.0,1.0
dialled,TP53,25,90,37.632,0.1973,0.03393,0.02432,0.04501,,0.6567,17,0.6608,1.0,1.0,2.38,0.2,3.0,1.0
dialled,TP53,25,90,37.632,0.59495,0.05485,0.03785,0.07369,,0.7111,8,0.7397,0.998,0.998,2.38,0.6,3.0,1.0
dialled,TP53,25,90,37.632,1.98854,0.08786,0.07671,0.11415,,0.81,2,0.8097,1.0,1.0,2.38,2.0,3.0,1.0
dialled,TP53,25,90,37.632,5.97308,0.17611,0.14026,0.23181,,0.8578,1,0.8579,0.996,0.998,2.38,6.0,3.0,1.0
dialled,TP53,25,90,37.632,-0.00051,0.0021,-0.00336,0.00822,,0.4656,42,0.4989,0.064,0.144,,0.0,3.0,2.0
dialled,TP53,25,90,37.632,0.04995,0.00826,0.00117,0.0152,,0.5211,33,0.537,0.674,0.914,1.64,0.05,3.0,2.0
dialled,TP53,25,90,37.632,0.20012,0.01192,0.00262,0.01928,,0.5611,30,0.5661,0.732,0.78,1.64,0.2,3.0,2.0
dialled,TP53,25,90,37.632,0.59983,0.01816,0.01033,0.02346,,0.5644,29,0.6002,0.73,0.738,1.64,0.6,3.0,2.0
dialled,TP53,25,90,37.632,1.99746,0.02463,0.01803,0.03476,,0.6211,24,0.6503,0.99,0.996,1.64,2.0,3.0,2.0
dialled,TP53,25,90,37.632,5.98852,0.03606,0.01859,0.04824,,0.6811,17,0.6987,0.998,0.998,1.64,6.0,3.0,2.0
dialled,TP53,25,90,37.632,-0.00051,0.0021,-0.00336,0.00822,,0.4656,42,0.4989,0.064,0.144,,0.0,2.0,0.0
dialled,TP53,25,90,37.632,0.0473,0.02793,0.02242,0.03382,,0.6278,10,0.6067,1.0,1.0,1.95,0.05,2.0,0.0
dialled,TP53,25,90,37.632,0.19482,0.04481,0.03975,0.05335,,0.6822,4,0.7415,1.0,1.0,1.95,0.2,2.0,0.0
dialled,TP53,25,90,37.632,0.59066,0.05608,0.04625,0.06671,,0.7144,1,0.8263,1.0,1.0,1.95,0.6,2.0,0.0
dialled,TP53,25,90,37.632,1.9807,0.08617,0.07925,0.09414,,0.7411,2,0.8723,0.992,1.0,1.95,2.0,2.0,0.0
dialled,TP53,25,90,37.632,5.9595,0.15107,0.13516,0.17667,0.149817,0.7844,0,0.9033,0.792,0.99,1.95,6.0,2.0,0.0
dialled,TP53,25,90,37.632,-0.00051,0.0021,-0.00336,0.00822,,0.4656,42,0.4989,0.064,0.144,,0.0,2.0,1.0
dialled,TP53,25,90,37.632,0.04889,0.01978,0.01289,0.02416,,0.5644,22,0.5739,0.96,0.966,1.76,0.05,2.0,1.0
dialled,TP53,25,90,37.632,0.19799,0.03554,0.02254,0.04004,,0.6522,15,0.6468,1.0,1.0,1.76,0.2,2.0,1.0
dialled,TP53,25,90,37.632,0.59614,0.0462,0.03841,0.05522,,0.6811,10,0.7156,1.0,1.0,1.76,0.6,2.0,1.0
dialled,TP53,25,90,37.632,1.99072,0.06575,0.04689,0.08865,,0.73,5,0.7789,0.998,0.998,1.76,2.0,2.0,1.0
dialled,TP53,25,90,37.632,5.97686,0.09512,0.07522,0.11604,,0.7833,1,0.8229,0.79,0.798,1.76,6.0,2.0,1.0
dialled,TP53,25,90,37.632,-0.00051,0.0021,-0.00336,0.00822,,0.4656,42,0.4989,0.064,0.144,,0.0,2.0,2.0
dialled,TP53,25,90,37.632,0.05023,0.0079,0.00432,0.0169,,0.5156,30,0.5344,0.544,0.786,1.35,0.05,2.0,2.0
dialled,TP53,25,90,37.632,0.20068,0.01556,0.00461,0.02173,,0.5433,31,0.5604,0.58,0.772,1.35,0.2,2.0,2.0
dialled,TP53,25,90,37.632,0.6008,0.02117,0.01002,0.02567,,0.5667,28,0.5924,0.366,0.796,1.35,0.6,2.0,2.0
dialled,TP53,25,90,37.632,1.99923,0.02406,0.01526,0.03049,,0.6167,20,0.6361,0.88,0.982,1.35,2.0,2.0,2.0
dialled,TP53,25,90,37.632,5.99159,0.03109,0.02005,0.04304,,0.6733,16,0.6832,0.956,0.966,1.35,6.0,2.0,2.0
dialled,TP53,25,90,37.632,-0.00051,0.0021,-0.00336,0.00822,,0.4656,42,0.4989,0.064,0.144,,0.0,1.0,0.0
dialled,TP53,25,90,37.632,0.04769,0.01631,0.00988,0.02093,,0.5511,23,0.5881,1.0,1.0,1.0,0.05,1.0,0.0
dialled,TP53,25,90,37.632,0.1956,0.02384,0.0169,0.02994,,0.5967,14,0.6828,1.0,1.0,1.0,0.2,1.0,0.0
dialled,TP53,25,90,37.632,0.592,0.02529,0.01934,0.03715,,0.5867,17,0.7327,0.762,0.852,1.0,0.6,1.0,0.0
dialled,TP53,25,90,37.632,1.98316,0.03323,0.02344,0.04149,,0.61,12,0.7511,0.148,0.292,1.0,2.0,1.0,0.0
dialled,TP53,25,90,37.632,5.96376,0.03841,0.02719,0.04445,,0.6144,8,0.7558,0.04,0.066,1.0,6.0,1.0,0.0
dialled,TP53,25,90,37.632,-0.00051,0.0021,-0.00336,0.00822,,0.4656,42,0.4989,0.064,0.144,,0.0,1.0,1.0
dialled,TP53,25,90,37.632,0.04757,0.01625,0.01008,0.0213,,0.5478,26,0.5614,0.744,0.972,1.0,0.05,1.0,1.0
dialled,TP53,25,90,37.632,0.19536,0.01686,0.01101,0.02747,,0.5589,30,0.6223,0.994,0.996,1.0,0.2,1.0,1.0
dialled,TP53,25,90,37.632,0.5916,0.02415,0.01859,0.03406,,0.5833,17,0.6673,0.998,0.998,1.0,0.6,1.0,1.0
dialled,TP53,25,90,37.632,1.98243,0.03178,0.02453,0.04439,,0.6033,14,0.7118,0.626,0.666,1.0,2.0,1.0,1.0
dialled,TP53,25,90,37.632,5.96249,0.03996,0.03211,0.0478,,0.6289,10,0.7356,0.476,0.49,1.0,6.0,1.0,1.0
dialled,TP53,25,90,37.632,-0.00051,0.0021,-0.00336,0.00822,,0.4656,42,0.4989,0.064,0.144,,0.0,1.0,2.0
dialled,TP53,25,90,37.632,0.0487,0.01076,0.0056,0.01697,,0.5244,30,0.5311,0.534,0.766,1.0,0.05,1.0,2.0
dialled,TP53,25,90,37.632,0.19763,0.01236,0.00374,0.0193,,0.5422,28,0.5594,0.742,0.82,1.0,0.2,1.0,2.0
dialled,TP53,25,90,37.632,0.59552,0.01559,0.01057,0.02398,,0.5456,27,0.5896,0.82,0.866,1.0,0.6,1.0,2.0
dialled,TP53,25,90,37.632,1.98958,0.02088,0.00953,0.02632,,0.5656,28,0.6221,0.54,0.542,1.0,2.0,1.0,2.0
dialled,TP53,25,90,37.632,5.97487,0.02206,0.01209,0.03095,,0.5522,25,0.6537,0.418,0.54,1.0,6.0,1.0,2.0
dialled,TP53,50,20,19.022,-0.00622,-0.01228,-0.02027,0.00233,,0.425,14,0.5034,0.066,0.216,,0.0,-1.0,0.0
dialled,TP53,50,20,19.022,0.04129,0.03567,0.0298,0.04378,0.031181,0.71,0,0.6668,0.956,1.0,17.84,0.05,-1.0,0.0
dialled,TP53,50,20,19.022,0.18696,0.18947,0.1733,0.1974,0.179925,1.0,0,0.9316,1.0,1.0,17.84,0.2,-1.0,0.0
dialled,TP53,50,20,19.022,0.57729,0.5586,0.5441,0.56555,0.553997,1.0,0,0.9974,0.0,0.0,17.84,0.6,-1.0,0.0
dialled,TP53,50,20,19.022,1.94699,1.82009,1.79617,1.82458,1.818242,1.0,0,1.0,0.0,0.0,17.84,2.0,-1.0,0.0
dialled,TP53,50,20,19.022,5.86596,5.40846,5.32873,5.42846,5.374531,1.0,0,1.0,0.0,0.0,17.84,6.0,-1.0,0.0
dialled,TP53,50,20,19.022,-0.00622,-0.01228,-0.02027,0.00233,,0.425,14,0.5034,0.066,0.216,,0.0,-1.0,1.0
dialled,TP53,50,20,19.022,0.041,0.01056,0.00768,0.03184,,0.57,3,0.6284,0.708,0.98,5.68,0.05,-1.0,1.0
dialled,TP53,50,20,19.022,0.18637,0.05148,0.01808,0.06712,,0.725,1,0.7361,0.84,0.976,5.68,0.2,-1.0,1.0
dialled,TP53,50,20,19.022,0.57627,0.11357,0.05776,0.19513,0.117765,0.86,0,0.8389,0.914,0.984,5.68,0.6,-1.0,1.0
dialled,TP53,50,20,19.022,1.94512,0.35869,0.13418,0.5848,0.352181,0.92,0,0.9118,0.598,0.6,5.68,2.0,-1.0,1.0
dialled,TP53,50,20,19.022,5.86272,1.04401,0.38607,1.69598,0.957038,0.975,0,0.9511,0.0,0.0,5.68,6.0,-1.0,1.0
dialled,TP53,50,20,19.022,-0.00622,-0.01228,-0.02027,0.00233,,0.425,14,0.5034,0.066,0.216,,0.0,-1.0,2.0
dialled,TP53,50,20,19.022,0.04167,0.0008,-0.00501,0.01611,,0.515,9,0.5868,0.386,0.496,2.5,0.05,-1.0,2.0
dialled,TP53,50,20,19.022,0.18772,0.00299,-0.00577,0.01647,,0.58,8,0.6418,0.854,0.964,2.5,0.2,-1.0,2.0
dialled,TP53,50,20,19.022,0.5786,0.01491,0.00461,0.03864,,0.64,5,0.6761,0.23,0.232,2.5,0.6,-1.0,2.0
dialled,TP53,50,20,19.022,1.94939,0.0448,0.01666,0.115,,0.755,2,0.7558,0.98,1.0,2.5,2.0,-1.0,2.0
dialled,TP53,50,20,19.022,5.87011,0.10675,0.02986,0.32602,,0.795,3,0.8192,0.954,0.976,2.5,6.0,-1.0,2.0
dialled,TP53,50,20,19.022,-0.00622,-0.01228,-0.02027,0.00233,,0.425,14,0.5034,0.066,0.216,,0.0,5.0,0.0
dialled,TP53,50,20,19.022,0.04043,0.03756,0.0191,0.04632,,0.675,2,0.6621,0.988,0.998,4.85,0.05,5.0,0.0
dialled,TP53,50,20,19.022,0.18523,0.0935,0.07224,0.11057,0.084941,0.815,0,0.8753,1.0,1.0,4.85,0.2,5.0,0.0
dialled,TP53,50,20,19.022,0.5743,0.18934,0.16836,0.23002,0.192395,0.935,0,0.9668,0.678,0.854,4.85,0.6,5.0,0.0
dialled,TP53,50,20,19.022,1.94152,0.55262,0.49848,0.63606,0.573247,1.0,0,0.9926,0.0,0.0,4.85,2.0,5.0,0.0
dialled,TP53,50,20,19.022,5.85648,1.64494,1.52139,1.81623,1.686183,1.0,0,0.9992,0.0,0.0,4.85,6.0,5.0,0.0
dialled,TP53,50,20,19.022,-0.00622,-0.01228,-0.02027,0.00233,,0.425,14,0.5034,0.066,0.216,,0.0,5.0,1.0
dialled,TP53,50,20,19.022,0.03829,0.01074,0.00502,0.03217,,0.615,4,0.6263,0.808,0.818,3.27,0.05,5.0,1.0
dialled,TP53,50,20,19.022,0.18095,0.04485,0.02251,0.07947,,0.72,1,0.7297,0.952,0.97,3.27,0.2,5.0,1.0
dialled,TP53,50,20,19.022,0.56689,0.11238,0.04943,0.18412,0.096394,0.81,0,0.8155,0.168,0.868,3.27,0.6,5.0,1.0
dialled,TP53,50,20,19.022,1.92799,0.27535,0.11887,0.4824,0.283669,0.88,0,0.8784,0.312,0.602,3.27,2.0,5.0,1.0
dialled,TP53,50,20,19.022,5.83305,0.71416,0.28742,1.37438,0.723822,0.955,0,0.9216,0.264,0.27,3.27,6.0,5.0,1.0
dialled,TP53,50,20,19.022,-0.00622,-0.01228,-0.02027,0.00233,,0.425,14,0.5034,0.066,0.216,,0.0,5.0,2.0
dialled,TP53,50,20,19.022,0.03791,0.00439,-0.00543,0.02085,,0.56,8,0.5876,0.482,0.578,2.11,0.05,5.0,2.0
dialled,TP53,50,20,19.022,0.1802,0.00543,-0.00103,0.03808,,0.59,6,0.6382,0.456,0.984,2.11,0.2,5.0,2.0
dialled,TP53,50,20,19.022,0.56557,0.02643,0.00243,0.05823,,0.665,2,0.6805,0.892,0.994,2.11,0.6,5.0,2.0
dialled,TP53,50,20,19.022,1.92559,0.04699,0.01884,0.1371,,0.74,2,0.7368,0.794,0.998,2.11,2.0,5.0,2.0
dialled,TP53,50,20,19.022,5.82889,0.10942,0.02826,0.32717,,0.785,3,0.7971,0.992,1.0,2.11,6.0,5.0,2.0
dialled,TP53,50,20,19.022,-0.00622,-0.01228,-0.02027,0.00233,,0.425,14,0.5034,0.066,0.216,,0.0,3.0,0.0
dialled,TP53,50,20,19.022,0.03975,0.02063,0.00489,0.03137,,0.63,5,0.6479,0.124,0.124,2.93,0.05,3.0,0.0
dialled,TP53,50,20,19.022,0.18388,0.04071,0.02278,0.07533,,0.66,2,0.8292,0.982,0.998,2.93,0.2,3.0,0.0
dialled,TP53,50,20,19.022,0.57195,0.09778,0.06132,0.11627,0.080553,0.71,0,0.9226,0.636,0.652,2.93,0.6,3.0,0.0
dialled,TP53,50,20,19.022,1.93724,0.27128,0.22487,0.28692,0.27147,0.92,0,0.9595,0.0,0.0,2.93,2.0,3.0,0.0
dialled,TP53,50,20,19.022,5.84906,0.75602,0.64527,0.90171,0.79328,1.0,0,0.9787,0.0,0.43,2.93,6.0,3.0,0.0
dialled,TP53,50,20,19.022,-0.00622,-0.01228,-0.02027,0.00233,,0.425,14,0.5034,0.066,0.216,,0.0,3.0,1.0
dialled,TP53,50,20,19.022,0.03891,0.0084,0.00182,0.02854,,0.57,2,0.615,0.562,0.584,2.35,0.05,3.0,1.0
dialled,TP53,50,20,19.022,0.1822,0.03942,0.01758,0.06439,0.034759,0.66,0,0.7121,0.656,0.76,2.35,0.2,3.0,1.0
dialled,TP53,50,20,19.022,0.56904,0.05373,0.04202,0.14241,0.081495,0.745,0,0.7839,0.634,0.764,2.35,0.6,3.0,1.0
dialled,TP53,50,20,19.022,1.93192,0.11477,0.07896,0.32058,0.191463,0.825,0,0.8432,0.594,0.792,2.35,2.0,3.0,1.0
dialled,TP53,50,20,19.022,5.83986,0.38547,0.20962,0.91121,0.480873,0.88,0,0.89,0.282,0.448,2.35,6.0,3.0,1.0
dialled,TP53,50,20,19.022,-0.00622,-0.01228,-0.02027,0.00233,,0.425,14,0.5034,0.066,0.216,,0.0,3.0,2.0
dialled,TP53,50,20,19.022,0.0392,0.00043,-0.00776,0.01393,,0.515,9,0.5837,0.46,0.87,1.84,0.05,3.0,2.0
dialled,TP53,50,20,19.022,0.18277,0.00823,-0.00229,0.03057,,0.58,6,0.6339,0.128,0.986,1.84,0.2,3.0,2.0
dialled,TP53,50,20,19.022,0.57003,0.01637,0.00198,0.05984,,0.63,6,0.6684,0.95,0.994,1.84,0.6,3.0,2.0
dialled,TP53,50,20,19.022,1.93374,0.03293,0.01727,0.12703,,0.705,1,0.7161,0.904,0.926,1.84,2.0,3.0,2.0
dialled,TP53,50,20,19.022,5.843,0.06779,0.03912,0.31123,,0.78,2,0.7721,0.884,0.944,1.84,6.0,3.0,2.0
dialled,TP53,50,20,19.022,-0.00622,-0.01228,-0.02027,0.00233,,0.425,14,0.5034,0.066,0.216,,0.0,2.0,0.0
dialled,TP53,50,20,19.022,0.04051,0.01767,0.00836,0.02662,,0.605,5,0.6397,0.774,0.774,1.98,0.05,2.0,0.0
dialled,TP53,50,20,19.022,0.18539,0.03523,0.02146,0.04342,0.030632,0.645,0,0.7968,0.998,1.0,1.98,0.2,2.0,0.0
dialled,TP53,50,20,19.022,0.57458,0.06451,0.04502,0.07373,,0.645,1,0.8695,0.28,0.61,1.98,0.6,2.0,0.0
dialled,TP53,50,20,19.022,1.94203,0.15511,0.12203,0.17105,0.13812,0.8,0,0.9045,0.026,0.068,1.98,2.0,2.0,0.0
dialled,TP53,50,20,19.022,5.85737,0.39858,0.30914,0.45784,0.367779,0.925,0,0.9216,0.0,0.262,1.98,6.0,2.0,0.0
dialled,TP53,50,20,19.022,-0.00622,-0.01228,-0.02027,0.00233,,0.425,14,0.5034,0.066,0.216,,0.0,2.0,1.0
dialled,TP53,50,20,19.022,0.03869,0.00913,0.00099,0.035,,0.555,5,0.5989,0.248,0.876,1.77,0.05,2.0,1.0
dialled,TP53,50,20,19.022,0.18176,0.03327,0.0198,0.06688,0.032736,0.675,0,0.6913,0.598,0.866,1.77,0.2,2.0,1.0
dialled,TP53,50,20,19.022,0.56829,0.05705,0.03231,0.11733,0.054379,0.735,0,0.7661,0.852,0.998,1.77,0.6,2.0,1.0
dialled,TP53,50,20,19.022,1.93055,0.10976,0.0665,0.22057,0.152389,0.77,0,0.8189,0.652,0.874,1.77,2.0,2.0,1.0
dialled,TP53,50,20,19.022,5.83749,0.31423,0.13398,0.59082,0.342032,0.84,0,0.8516,0.288,0.356,1.77,6.0,2.0,1.0
dialled,TP53,50,20,19.022,-0.00622,-0.01228,-0.02027,0.00233,,0.425,14,0.5034,0.066,0.216,,0.0,2.0,2.0
dialled,TP53,50,20,19.022,0.03921,0.00175,-0.00257,0.00846,,0.505,9,0.5761,0.45,0.692,1.52,0.05,2.0,2.0
dialled,TP53,50,20,19.022,0.1828,0.0075,-0.00327,0.04224,,0.54,7,0.6213,0.412,0.958,1.52,0.2,2.0,2.0
dialled,TP53,50,20,19.022,0.57008,0.01541,0.0044,0.05787,,0.63,4,0.65,0.34,0.426,1.52,0.6,2.0,2.0
dialled,TP53,50,20,19.022,1.93382,0.04373,0.01632,0.09721,,0.695,2,0.7026,0.568,0.904,1.52,2.0,2.0,2.0
dialled,TP53,50,20,19.022,5.84315,0.06377,0.03409,0.17722,0.126237,0.77,0,0.7568,0.716,0.846,1.52,6.0,2.0,2.0
dialled,TP53,50,20,19.022,-0.00622,-0.01228,-0.02027,0.00233,,0.425,14,0.5034,0.066,0.216,,0.0,1.0,0.0
dialled,TP53,50,20,19.022,0.042,0.00644,-0.00177,0.01562,,0.545,6,0.6084,0.962,0.998,1.0,0.05,1.0,0.0
dialled,TP53,50,20,19.022,0.18837,0.01104,0.00261,0.03062,,0.51,4,0.7232,0.944,1.0,1.0,0.2,1.0,0.0
dialled,TP53,50,20,19.022,0.57974,0.00798,0.00404,0.02288,,0.505,3,0.7629,0.602,0.864,1.0,0.6,1.0,0.0
dialled,TP53,50,20,19.022,1.95146,0.0287,0.01886,0.05455,0.025178,0.57,0,0.7663,0.0,0.01,1.0,2.0,1.0,0.0
dialled,TP53,50,20,19.022,5.87369,0.07352,0.04005,0.11793,0.072677,0.64,0,0.7629,0.0,0.006,1.0,6.0,1.0,0.0
dialled,TP53,50,20,19.022,-0.00622,-0.01228,-0.02027,0.00233,,0.425,14,0.5034,0.066,0.216,,0.0,1.0,1.0
dialled,TP53,50,20,19.022,0.04,0.0057,-0.00299,0.01897,,0.54,7,0.5766,0.618,0.924,1.0,0.05,1.0,1.0
dialled,TP53,50,20,19.022,0.18437,0.01681,0.00813,0.03701,,0.555,4,0.6511,0.914,0.954,1.0,0.2,1.0,1.0
dialled,TP53,50,20,19.022,0.57281,0.02014,0.0109,0.04622,,0.555,3,0.6932,0.12,0.648,1.0,0.6,1.0,1.0
dialled,TP53,50,20,19.022,1.93881,0.03775,0.02359,0.0904,,0.62,1,0.7361,0.266,0.28,1.0,2.0,1.0,1.0
dialled,TP53,50,20,19.022,5.85179,0.06015,0.03665,0.17749,,0.615,1,0.7539,0.154,0.19,1.0,6.0,1.0,1.0
dialled,TP53,50,20,19.022,-0.00622,-0.01228,-0.02027,0.00233,,0.425,14,0.5034,0.066,0.216,,0.0,1.0,2.0
dialled,TP53,50,20,19.022,0.03975,0.00157,-0.00993,0.01163,,0.5,8,0.5516,0.316,0.688,1.0,0.05,1.0,2.0
dialled,TP53,50,20,19.022,0.18388,0.00637,0.00278,0.0234,,0.555,5,0.5824,0.354,0.484,1.0,0.2,1.0,2.0
dialled,TP53,50,20,19.022,0.57196,0.01142,0.00251,0.05062,,0.6,5,0.62,0.522,0.958,1.0,0.6,1.0,2.0
dialled,TP53,50,20,19.022,1.93725,0.00742,0.00229,0.0936,,0.62,4,0.6634,0.528,0.826,1.0,2.0,1.0,2.0
dialled,TP53,50,20,19.022,5.8491,0.01637,0.00112,0.07952,,0.575,5,0.7011,0.61,0.838,1.0,6.0,1.0,2.0
dialled,TP53,50,45,18.917,-0.00415,-0.00786,-0.0128,-0.00035,,0.3956,30,0.4949,0.082,0.264,,0.0,-1.0,0.0
dialled,TP53,50,45,18.917,0.04317,0.03427,0.02596,0.04329,,0.6911,2,0.6634,1.0,1.0,38.62,0.05,-1.0,0.0
dialled,TP53,50,45,18.917,0.18847,0.18212,0.16793,0.18955,0.175803,0.9933,0,0.9313,1.0,1.0,38.62,0.2,-1.0,0.0
dialled,TP53,50,45,18.917,0.57797,0.5561,0.54257,0.56391,0.555484,1.0,0,0.9992,0.0,0.99,38.62,0.6,-1.0,0.0
dialled,TP53,50,45,18.917,1.94499,1.80324,1.77804,1.82712,1.80631,1.0,0,1.0,0.0,0.0,38.62,2.0,-1.0,0.0
dialled,TP53,50,45,18.917,5.85672,5.27988,5.25746,5.31114,5.278857,1.0,0,1.0,0.0,0.0,38.62,6.0,-1.0,0.0
dialled,TP53,50,45,18.917,-0.00415,-0.00786,-0.0128,-0.00035,,0.3956,30,0.4949,0.082,0.264,,0.0,-1.0,1.0
dialled,TP53,50,45,18.917,0.0434,0.00866,0.00179,0.01617,,0.5444,16,0.5931,0.856,0.87,6.89,0.05,-1.0,1.0
dialled,TP53,50,45,18.917,0.18893,0.03226,0.01785,0.05179,,0.6644,12,0.7065,0.998,0.998,6.89,0.2,-1.0,1.0
dialled,TP53,50,45,18.917,0.57876,0.08468,0.03676,0.12109,,0.7822,5,0.8148,1.0,1.0,6.89,0.6,-1.0,1.0
dialled,TP53,50,45,18.917,1.94643,0.23198,0.13869,0.33638,,0.8689,4,0.8986,0.984,0.996,6.89,2.0,-1.0,1.0
dialled,TP53,50,45,18.917,5.85921,0.68522,0.37338,1.05736,,0.9244,1,0.9367,0.984,0.998,6.89,6.0,-1.0,1.0
dialled,TP53,50,45,18.917,-0.00415,-0.00786,-0.0128,-0.00035,,0.3956,30,0.4949,0.082,0.264,,0.0,-1.0,2.0
dialled,TP53,50,45,18.917,0.04402,-0.00333,-0.00988,0.00591,,0.46,25,0.5426,0.262,0.592,2.69,0.05,-1.0,2.0
dialled,TP53,50,45,18.917,0.19017,0.00239,-0.00316,0.00865,,0.5,20,0.5764,0.39,0.522,2.69,0.2,-1.0,2.0
dialled,TP53,50,45,18.917,0.5809,0.00807,-0.00142,0.0187,,0.5489,16,0.6172,0.758,0.768,2.69,0.6,-1.0,2.0
dialled,TP53,50,45,18.917,1.95035,0.01637,0.00642,0.03604,,0.6178,15,0.6748,0.98,0.982,2.69,2.0,-1.0,2.0
dialled,TP53,50,45,18.917,5.86599,0.02509,0.01188,0.08291,,0.6756,11,0.737,0.99,0.99,2.69,6.0,-1.0,2.0
dialled,TP53,50,45,18.917,-0.00415,-0.00786,-0.0128,-0.00035,,0.3956,30,0.4949,0.082,0.264,,0.0,5.0,0.0
dialled,TP53,50,45,18.917,0.0419,0.02202,0.01426,0.03054,,0.6,8,0.6498,1.0,1.0,4.74,0.05,5.0,0.0
dialled,TP53,50,45,18.917,0.18594,0.075,0.06039,0.08196,,0.7889,1,0.8479,1.0,1.0,4.74,0.2,5.0,0.0
dialled,TP53,50,45,18.917,0.57358,0.14355,0.13633,0.15149,0.138974,0.8689,0,0.9486,0.984,0.984,4.74,0.6,5.0,0.0
dialled,TP53,50,45,18.917,1.93699,0.3832,0.36121,0.42696,0.387393,0.9822,0,0.9847,0.936,0.94,4.74,2.0,5.0,0.0
dialled,TP53,50,45,18.917,5.84285,1.13468,1.02637,1.21324,1.086186,1.0,0,0.9954,0.0,0.0,4.74,6.0,5.0,0.0
dialled,TP53,50,45,18.917,-0.00415,-0.00786,-0.0128,-0.00035,,0.3956,30,0.4949,0.082,0.264,,0.0,5.0,1.0
dialled,TP53,50,45,18.917,0.04143,0.00939,-0.00438,0.0166,,0.5467,18,0.5906,0.956,0.996,3.26,0.05,5.0,1.0
dialled,TP53,50,45,18.917,0.18499,0.03173,0.0178,0.04068,,0.6422,9,0.6845,1.0,1.0,3.26,0.2,5.0,1.0
dialled,TP53,50,45,18.917,0.57194,0.05064,0.02725,0.10566,,0.7422,6,0.7728,1.0,1.0,3.26,0.6,5.0,1.0
dialled,TP53,50,45,18.917,1.93399,0.15257,0.07985,0.21408,,0.8289,2,0.8502,0.996,0.998,3.26,2.0,5.0,1.0
dialled,TP53,50,45,18.917,5.83766,0.39321,0.19966,0.57833,,0.8933,2,0.8934,0.558,0.56,3.26,6.0,5.0,1.0
dialled,TP53,50,45,18.917,-0.00415,-0.00786,-0.0128,-0.00035,,0.3956,30,0.4949,0.082,0.264,,0.0,5.0,2.0
dialled,TP53,50,45,18.917,0.0421,0.00022,-0.00829,0.0036,,0.4622,22,0.5416,0.148,0.344,2.03,0.05,5.0,2.0
dialled,TP53,50,45,18.917,0.18633,-0.00073,-0.00791,0.00858,,0.5022,23,0.5739,0.782,0.96,2.03,0.2,5.0,2.0
dialled,TP53,50,45,18.917,0.57425,0.0077,0.00061,0.01517,,0.5756,16,0.612,0.806,0.842,2.03,0.6,5.0,2.0
dialled,TP53,50,45,18.917,1.93821,0.0186,0.00606,0.0338,,0.6244,14,0.6611,0.802,0.808,2.03,2.0,5.0,2.0
dialled,TP53,50,45,18.917,5.84496,0.02345,0.01271,0.07067,,0.6578,11,0.7096,0.984,0.988,2.03,6.0,5.0,2.0
dialled,TP53,50,45,18.917,-0.00415,-0.00786,-0.0128,-0.00035,,0.3956,30,0.4949,0.082,0.264,,0.0,3.0,0.0
dialled,TP53,50,45,18.917,0.04207,0.01584,0.00527,0.02204,,0.5667,13,0.6376,1.0,1.0,2.9,0.05,3.0,0.0
dialled,TP53,50,45,18.917,0.18629,0.04063,0.03414,0.05394,,0.6778,1,0.8112,1.0,1.0,2.9,0.2,3.0,0.0
dialled,TP53,50,45,18.917,0.57418,0.08925,0.07756,0.09892,0.083891,0.7822,0,0.9027,0.982,0.996,2.9,0.6,3.0,0.0
dialled,TP53,50,45,18.917,1.93808,0.20981,0.19191,0.25,0.212331,0.9022,0,0.9434,0.428,0.808,2.9,2.0,3.0,0.0
dialled,TP53,50,45,18.917,5.84473,0.55236,0.46905,0.63292,0.549665,0.9822,0,0.9664,0.022,0.172,2.9,6.0,3.0,0.0
dialled,TP53,50,45,18.917,-0.00415,-0.00786,-0.0128,-0.00035,,0.3956,30,0.4949,0.082,0.264,,0.0,3.0,1.0
dialled,TP53,50,45,18.917,0.04151,0.00586,-0.00715,0.01872,,0.5289,19,0.585,0.89,0.998,2.33,0.05,3.0,1.0
dialled,TP53,50,45,18.917,0.18515,0.02013,0.01362,0.04043,,0.6156,10,0.6717,0.984,1.0,2.33,0.2,3.0,1.0
dialled,TP53,50,45,18.917,0.57221,0.03058,0.01871,0.07597,,0.6911,8,0.7453,0.96,0.998,2.33,0.6,3.0,1.0
dialled,TP53,50,45,18.917,1.93448,0.07147,0.05365,0.1587,,0.78,4,0.8145,0.892,0.93,2.33,2.0,3.0,1.0
dialled,TP53,50,45,18.917,5.8385,0.17888,0.10994,0.32991,,0.8111,2,0.8618,0.77,0.94,2.33,6.0,3.0,1.0
dialled,TP53,50,45,18.917,-0.00415,-0.00786,-0.0128,-0.00035,,0.3956,30,0.4949,0.082,0.264,,0.0,3.0,2.0
dialled,TP53,50,45,18.917,0.0422,-0.00318,-0.00897,0.00565,,0.4578,24,0.5399,0.146,0.206,1.65,0.05,3.0,2.0
dialled,TP53,50,45,18.917,0.18654,0.00034,-0.00697,0.00849,,0.5022,22,0.5707,0.318,0.496,1.65,0.2,3.0,2.0
dialled,TP53,50,45,18.917,0.57462,0.00762,-0.00168,0.01686,,0.5711,19,0.6084,0.164,0.786,1.65,0.6,3.0,2.0
dialled,TP53,50,45,18.917,1.93888,0.01549,0.00567,0.03672,,0.6089,14,0.6518,0.76,0.992,1.65,2.0,3.0,2.0
dialled,TP53,50,45,18.917,5.84613,0.02074,0.00849,0.05075,,0.6511,14,0.6942,0.934,0.956,1.65,6.0,3.0,2.0
dialled,TP53,50,45,18.917,-0.00415,-0.00786,-0.0128,-0.00035,,0.3956,30,0.4949,0.082,0.264,,0.0,2.0,0.0
dialled,TP53,50,45,18.917,0.04233,0.01232,0.00531,0.02053,,0.5489,13,0.6234,0.996,0.996,1.96,0.05,2.0,0.0
dialled,TP53,50,45,18.917,0.18681,0.03045,0.02208,0.04333,,0.6044,5,0.7656,1.0,1.0,1.96,0.2,2.0,0.0
dialled,TP53,50,45,18.917,0.57508,0.05185,0.04236,0.06784,,0.6933,1,0.8418,0.912,0.912,1.96,0.6,2.0,0.0
dialled,TP53,50,45,18.917,1.93972,0.10997,0.09189,0.11871,0.098942,0.74,0,0.8798,0.054,0.064,1.96,2.0,2.0,0.0
dialled,TP53,50,45,18.917,5.84758,0.23339,0.18823,0.2543,0.218663,0.8556,0,0.9069,0.016,0.026,1.96,6.0,2.0,0.0
dialled,TP53,50,45,18.917,-0.00415,-0.00786,-0.0128,-0.00035,,0.3956,30,0.4949,0.082,0.264,,0.0,2.0,1.0
dialled,TP53,50,45,18.917,0.04063,0.00991,0.00123,0.01806,,0.5311,16,0.5753,0.74,0.988,1.7,0.05,2.0,1.0
dialled,TP53,50,45,18.917,0.1834,0.01874,0.01307,0.03946,,0.6022,13,0.6574,0.994,1.0,1.7,0.2,2.0,1.0
dialled,TP53,50,45,18.917,0.56918,0.03083,0.02258,0.0539,,0.6644,7,0.7238,0.752,0.756,1.7,0.6,2.0,1.0
dialled,TP53,50,45,18.917,1.92894,0.07032,0.03726,0.09596,,0.6889,6,0.7827,0.78,0.972,1.7,2.0,2.0,1.0
dialled,TP53,50,45,18.917,5.82891,0.0957,0.06539,0.13977,,0.7533,3,0.8227,0.524,0.816,1.7,6.0,2.0,1.0
dialled,TP53,50,45,18.917,-0.00415,-0.00786,-0.0128,-0.00035,,0.3956,30,0.4949,0.082,0.264,,0.0,2.0,2.0
dialled,TP53,50,45,18.917,0.0406,0.00018,-0.01093,0.00587,,0.4556,22,0.5385,0.238,0.332,1.38,0.05,2.0,2.0
dialled,TP53,50,45,18.917,0.18334,0.00172,-0.00706,0.00978,,0.4978,20,0.5693,0.67,0.744,1.38,0.2,2.0,2.0
dialled,TP53,50,45,18.917,0.56907,0.00809,0.00073,0.01718,,0.54,16,0.6027,0.622,0.912,1.38,0.6,2.0,2.0
dialled,TP53,50,45,18.917,1.92876,0.0151,-0.00054,0.03448,,0.5978,18,0.6417,0.778,0.792,1.38,2.0,2.0,2.0
dialled,TP53,50,45,18.917,5.82859,0.02361,0.00885,0.06381,,0.6422,13,0.6796,0.88,0.928,1.38,6.0,2.0,2.0
dialled,TP53,50,45,18.917,-0.00415,-0.00786,-0.0128,-0.00035,,0.3956,30,0.4949,0.082,0.264,,0.0,1.0,0.0
dialled,TP53,50,45,18.917,0.04562,0.00451,-0.00353,0.01064,,0.4822,16,0.607,1.0,1.0,1.0,0.05,1.0,0.0
dialled,TP53,50,45,18.917,0.19338,0.01546,0.00838,0.01942,,0.5311,12,0.7027,0.964,1.0,1.0,0.2,1.0,0.0
dialled,TP53,50,45,18.917,0.58647,0.01897,0.01533,0.02923,,0.5467,10,0.7411,0.392,0.57,1.0,0.6,1.0,0.0
dialled,TP53,50,45,18.917,1.96051,0.03164,0.02039,0.04501,,0.5867,10,0.7555,0.018,0.07,1.0,2.0,1.0,0.0
dialled,TP53,50,45,18.917,5.88359,0.04917,0.03301,0.05426,,0.62,3,0.7559,0.0,0.036,1.0,6.0,1.0,0.0
dialled,TP53,50,45,18.917,-0.00415,-0.00786,-0.0128,-0.00035,,0.3956,30,0.4949,0.082,0.264,,0.0,1.0,1.0
dialled,TP53,50,45,18.917,0.04499,0.00773,-0.00077,0.01333,,0.4733,17,0.5661,0.454,0.952,1.0,0.05,1.0,1.0
dialled,TP53,50,45,18.917,0.19212,0.01452,0.00644,0.02365,,0.5333,11,0.6305,0.998,1.0,1.0,0.2,1.0,1.0
dialled,TP53,50,45,18.917,0.58429,0.01853,0.00771,0.03529,,0.5578,10,0.6847,0.794,0.952,1.0,0.6,1.0,1.0
dialled,TP53,50,45,18.917,1.95653,0.031,0.021,0.0448,,0.6111,9,0.7239,0.718,0.83,1.0,2.0,1.0,1.0
dialled,TP53,50,45,18.917,5.87669,0.03613,0.02671,0.06306,,0.6289,7,0.7405,0.138,0.242,1.0,6.0,1.0,1.0
dialled,TP53,50,45,18.917,-0.00415,-0.00786,-0.0128,-0.00035,,0.3956,30,0.4949,0.082,0.264,,0.0,1.0,2.0
dialled,TP53,50,45,18.917,0.04416,-0.00148,-0.01346,0.00684,,0.4578,23,0.5338,0.248,0.39,1.0,0.05,1.0,2.0
dialled,TP53,50,45,18.917,0.19045,0.00113,-0.00327,0.01193,,0.4844,22,0.5616,0.22,0.38,1.0,0.2,1.0,2.0
dialled,TP53,50,45,18.917,0.58139,0.00892,-0.00772,0.01747,,0.5267,17,0.5905,0.6,0.77,1.0,0.6,1.0,2.0
dialled,TP53,50,45,18.917,1.95125,0.01234,0.00111,0.02251,,0.5533,15,0.6297,0.982,0.994,1.0,2.0,1.0,2.0
dialled,TP53,50,45,18.917,5.86755,0.01783,0.01065,0.03801,,0.5822,12,0.6641,0.69,0.758,1.0,6.0,1.0,2.0
dialled,TP53,50,90,18.836,-0.00217,0.00085,-0.00326,0.00624,,0.4922,44,0.4929,0.062,0.182,,0.0,-1.0,0.0
dialled,TP53,50,90,18.836,0.04786,0.05351,0.04543,0.05767,0.045062,0.7733,0,0.6664,1.0,1.0,68.49,0.05,-1.0,0.0
dialled,TP53,50,90,18.836,0.19678,0.19544,0.18815,0.20311,0.194035,0.9989,0,0.936,1.0,1.0,68.49,0.2,-1.0,0.0
dialled,TP53,50,90,18.836,0.59318,0.5735,0.56501,0.58033,0.571253,1.0,0,0.9993,0.98,0.984,68.49,0.6,-1.0,0.0
dialled,TP53,50,90,18.836,1.97922,1.80965,1.79933,1.82197,1.812757,1.0,0,1.0,0.0,0.0,68.49,2.0,-1.0,0.0
dialled,TP53,50,90,18.836,5.93725,5.27218,5.24278,5.28739,5.251893,1.0,0,1.0,0.0,0.0,68.49,6.0,-1.0,0.0
dialled,TP53,50,90,18.836,-0.00217,0.00085,-0.00326,0.00624,,0.4922,44,0.4929,0.062,0.182,,0.0,-1.0,1.0
dialled,TP53,50,90,18.836,0.04694,0.0196,0.00968,0.02415,,0.6111,21,0.5946,0.994,0.994,10.97,0.05,-1.0,1.0
dialled,TP53,50,90,18.836,0.19493,0.04478,0.03552,0.04965,,0.7367,14,0.7207,1.0,1.0,10.97,0.2,-1.0,1.0
dialled,TP53,50,90,18.836,0.58997,0.09868,0.07028,0.12239,,0.8267,5,0.8297,1.0,1.0,10.97,0.6,-1.0,1.0
dialled,TP53,50,90,18.836,1.97337,0.27703,0.17467,0.37356,,0.8989,2,0.9062,1.0,1.0,10.97,2.0,-1.0,1.0
dialled,TP53,50,90,18.836,5.92711,0.84778,0.52818,1.07569,,0.9611,1,0.95,1.0,1.0,10.97,6.0,-1.0,1.0
dialled,TP53,50,90,18.836,-0.00217,0.00085,-0.00326,0.00624,,0.4922,44,0.4929,0.062,0.182,,0.0,-1.0,2.0
dialled,TP53,50,90,18.836,0.04696,0.00266,-0.00499,0.00991,,0.5167,39,0.5316,0.452,0.558,3.0,0.05,-1.0,2.0
dialled,TP53,50,90,18.836,0.19498,0.0067,0.0038,0.01462,,0.56,31,0.5669,0.622,0.628,3.0,0.2,-1.0,2.0
dialled,TP53,50,90,18.836,0.59005,0.01621,0.0082,0.02314,,0.5989,30,0.6149,1.0,1.0,3.0,0.6,-1.0,2.0
dialled,TP53,50,90,18.836,1.97352,0.02439,0.01567,0.03382,,0.6733,22,0.6774,0.992,0.996,3.0,2.0,-1.0,2.0
dialled,TP53,50,90,18.836,5.92737,0.04483,0.0332,0.06662,,0.7333,16,0.7424,1.0,1.0,3.0,6.0,-1.0,2.0
dialled,TP53,50,90,18.836,-0.00217,0.00085,-0.00326,0.00624,,0.4922,44,0.4929,0.062,0.182,,0.0,5.0,0.0
dialled,TP53,50,90,18.836,0.04806,0.0372,0.02876,0.04365,,0.6444,5,0.6443,1.0,1.0,4.55,0.05,5.0,0.0
dialled,TP53,50,90,18.836,0.19718,0.08066,0.07144,0.09482,0.07543,0.8322,0,0.8375,1.0,1.0,4.55,0.2,5.0,0.0
dialled,TP53,50,90,18.836,0.59386,0.14643,0.13728,0.15695,0.141268,0.8778,0,0.9363,1.0,1.0,4.55,0.6,5.0,0.0
dialled,TP53,50,90,18.836,1.98048,0.33011,0.32017,0.34353,0.333072,0.9722,0,0.9762,1.0,1.0,4.55,2.0,5.0,0.0
dialled,TP53,50,90,18.836,5.93943,0.86054,0.82784,0.89527,0.866839,0.9978,0,0.9915,0.902,0.998,4.55,6.0,5.0,0.0
dialled,TP53,50,90,18.836,-0.00217,0.00085,-0.00326,0.00624,,0.4922,44,0.4929,0.062,0.182,,0.0,5.0,1.0
dialled,TP53,50,90,18.836,0.04595,0.01546,0.00946,0.02505,,0.5822,24,0.5861,0.994,1.0,3.58,0.05,5.0,1.0
dialled,TP53,50,90,18.836,0.19295,0.04289,0.03237,0.04897,,0.7122,13,0.689,1.0,1.0,3.58,0.2,5.0,1.0
dialled,TP53,50,90,18.836,0.58655,0.07156,0.0584,0.09638,,0.7756,5,0.7762,1.0,1.0,3.58,0.6,5.0,1.0
dialled,TP53,50,90,18.836,1.96712,0.14895,0.11265,0.19398,,0.8678,1,0.8493,0.986,0.986,3.58,2.0,5.0,1.0
dialled,TP53,50,90,18.836,5.91629,0.35399,0.22696,0.43256,,0.9044,1,0.8948,0.964,0.994,3.58,6.0,5.0,1.0
dialled,TP53,50,90,18.836,-0.00217,0.00085,-0.00326,0.00624,,0.4922,44,0.4929,0.062,0.182,,0.0,5.0,2.0
dialled,TP53,50,90,18.836,0.04582,0.00319,-0.00026,0.00837,,0.5311,38,0.5303,0.232,0.48,2.03,0.05,5.0,2.0
dialled,TP53,50,90,18.836,0.19269,0.00739,-0.0004,0.01216,,0.5422,38,0.5635,0.692,0.834,2.03,0.2,5.0,2.0
dialled,TP53,50,90,18.836,0.58609,0.01639,0.00476,0.02753,,0.6,29,0.6052,0.902,0.974,2.03,0.6,5.0,2.0
dialled,TP53,50,90,18.836,1.96629,0.0235,0.01405,0.04221,,0.6667,19,0.6555,0.934,0.936,2.03,2.0,5.0,2.0
dialled,TP53,50,90,18.836,5.91486,0.03955,0.02875,0.06055,,0.7167,16,0.7091,0.982,0.982,2.03,6.0,5.0,2.0
dialled,TP53,50,90,18.836,-0.00217,0.00085,-0.00326,0.00624,,0.4922,44,0.4929,0.062,0.182,,0.0,3.0,0.0
dialled,TP53,50,90,18.836,0.04729,0.03037,0.02269,0.03743,,0.6378,5,0.6295,1.0,1.0,2.85,0.05,3.0,0.0
dialled,TP53,50,90,18.836,0.19563,0.05888,0.05062,0.06645,,0.7422,3,0.7918,1.0,1.0,2.85,0.2,3.0,0.0
dialled,TP53,50,90,18.836,0.59118,0.09448,0.08031,0.10458,,0.7878,1,0.8819,1.0,1.0,2.85,0.6,3.0,0.0
dialled,TP53,50,90,18.836,1.97558,0.17642,0.15737,0.18744,0.162896,0.8367,0,0.93,0.998,1.0,2.85,2.0,3.0,0.0
dialled,TP53,50,90,18.836,5.93094,0.3855,0.35595,0.42115,0.372054,0.9411,0,0.9581,0.882,0.942,2.85,6.0,3.0,0.0
dialled,TP53,50,90,18.836,-0.00217,0.00085,-0.00326,0.00624,,0.4922,44,0.4929,0.062,0.182,,0.0,3.0,1.0
dialled,TP53,50,90,18.836,0.04495,0.01458,0.01013,0.02423,,0.59,24,0.5822,0.972,0.998,2.48,0.05,3.0,1.0
dialled,TP53,50,90,18.836,0.19095,0.03747,0.02754,0.05576,,0.6833,15,0.676,1.0,1.0,2.48,0.2,3.0,1.0
dialled,TP53,50,90,18.836,0.58308,0.06313,0.04426,0.08405,,0.7167,12,0.7514,1.0,1.0,2.48,0.6,3.0,1.0
dialled,TP53,50,90,18.836,1.9608,0.10042,0.06736,0.13766,,0.8011,5,0.8189,1.0,1.0,2.48,2.0,3.0,1.0
dialled,TP53,50,90,18.836,5.90534,0.22017,0.13408,0.25028,,0.8589,1,0.8636,0.922,0.998,2.48,6.0,3.0,1.0
dialled,TP53,50,90,18.836,-0.00217,0.00085,-0.00326,0.00624,,0.4922,44,0.4929,0.062,0.182,,0.0,3.0,2.0
dialled,TP53,50,90,18.836,0.0449,0.00083,-0.00111,0.00677,,0.5211,38,0.5302,0.222,0.27,1.72,0.05,3.0,2.0
dialled,TP53,50,90,18.836,0.19086,0.00843,0.00369,0.01331,,0.55,33,0.5636,0.53,0.644,1.72,0.2,3.0,2.0
dialled,TP53,50,90,18.836,0.58292,0.01756,0.00984,0.02314,,0.6,26,0.6025,0.71,0.766,1.72,0.6,3.0,2.0
dialled,TP53,50,90,18.836,1.9605,0.02389,0.01706,0.03566,,0.6533,17,0.6506,0.938,0.952,1.72,2.0,3.0,2.0
dialled,TP53,50,90,18.836,5.90482,0.03957,0.02311,0.06084,,0.6978,16,0.6983,0.964,0.978,1.72,6.0,3.0,2.0
dialled,TP53,50,90,18.836,-0.00217,0.00085,-0.00326,0.00624,,0.4922,44,0.4929,0.062,0.182,,0.0,2.0,0.0
dialled,TP53,50,90,18.836,0.04805,0.02739,0.02184,0.0322,,0.6133,6,0.6193,1.0,1.0,1.96,0.05,2.0,0.0
dialled,TP53,50,90,18.836,0.19715,0.04203,0.03136,0.0507,,0.6722,4,0.7563,1.0,1.0,1.96,0.2,2.0,0.0
dialled,TP53,50,90,18.836,0.59382,0.05739,0.04683,0.06425,0.048008,0.7056,0,0.8274,1.0,1.0,1.96,0.6,2.0,0.0
dialled,TP53,50,90,18.836,1.9804,0.09076,0.08527,0.10421,0.084045,0.7567,0,0.8705,0.836,0.906,1.96,2.0,2.0,0.0
dialled,TP53,50,90,18.836,5.93928,0.16109,0.1345,0.18206,0.152296,0.7922,0,0.901,0.904,0.976,1.96,6.0,2.0,0.0
dialled,TP53,50,90,18.836,-0.00217,0.00085,-0.00326,0.00624,,0.4922,44,0.4929,0.062,0.182,,0.0,2.0,1.0
dialled,TP53,50,90,18.836,0.04468,0.01829,0.01142,0.02561,,0.5878,24,0.5757,0.978,0.986,1.74,0.05,2.0,1.0
dialled,TP53,50,90,18.836,0.19041,0.03546,0.02715,0.04246,,0.66,10,0.6584,1.0,1.0,1.74,0.2,2.0,1.0
dialled,TP53,50,90,18.836,0.58215,0.04832,0.04126,0.05871,,0.6833,10,0.7263,1.0,1.0,1.74,0.6,2.0,1.0
dialled,TP53,50,90,18.836,1.95909,0.06963,0.0542,0.08434,,0.7222,5,0.7854,0.832,0.978,1.74,2.0,2.0,1.0
dialled,TP53,50,90,18.836,5.90238,0.10084,0.07109,0.13086,,0.7767,3,0.8267,0.716,0.966,1.74,6.0,2.0,1.0
dialled,TP53,50,90,18.836,-0.00217,0.00085,-0.00326,0.00624,,0.4922,44,0.4929,0.062,0.182,,0.0,2.0,2.0
dialled,TP53,50,90,18.836,0.04358,0.00475,0.00056,0.01015,,0.5333,33,0.5295,0.486,0.56,1.41,0.05,2.0,2.0
dialled,TP53,50,90,18.836,0.18822,0.00902,0.00484,0.01602,,0.5556,29,0.5585,0.632,0.678,1.41,0.2,2.0,2.0
dialled,TP53,50,90,18.836,0.57835,0.01768,0.00976,0.02432,,0.5856,27,0.5949,0.696,0.702,1.41,0.6,2.0,2.0
dialled,TP53,50,90,18.836,1.95216,0.01957,0.01063,0.03093,,0.6189,21,0.6382,0.95,0.996,1.41,2.0,2.0,2.0
dialled,TP53,50,90,18.836,5.89037,0.03391,0.02261,0.05446,,0.6644,14,0.6841,0.836,0.974,1.41,6.0,2.0,2.0
dialled,TP53,50,90,18.836,-0.00217,0.00085,-0.00326,0.00624,,0.4922,44,0.4929,0.062,0.182,,0.0,1.0,0.0
dialled,TP53,50,90,18.836,0.04818,0.02202,0.01372,0.03018,,0.5744,16,0.6041,1.0,1.0,1.0,0.05,1.0,0.0
dialled,TP53,50,90,18.836,0.19741,0.0265,0.01877,0.03379,,0.5867,17,0.6937,1.0,1.0,1.0,0.2,1.0,0.0
dialled,TP53,50,90,18.836,0.59427,0.02807,0.02339,0.03345,,0.6256,10,0.7315,0.784,0.91,1.0,0.6,1.0,0.0
dialled,TP53,50,90,18.836,1.98122,0.03903,0.03274,0.04429,,0.6522,9,0.75,0.264,0.566,1.0,2.0,1.0,0.0
dialled,TP53,50,90,18.836,5.94071,0.05168,0.04388,0.05797,,0.6667,3,0.7563,0.018,0.04,1.0,6.0,1.0,0.0
dialled,TP53,50,90,18.836,-0.00217,0.00085,-0.00326,0.00624,,0.4922,44,0.4929,0.062,0.182,,0.0,1.0,1.0
dialled,TP53,50,90,18.836,0.04512,0.01301,0.00896,0.02127,,0.5533,24,0.5677,0.98,0.98,1.0,0.05,1.0,1.0
dialled,TP53,50,90,18.836,0.1913,0.02119,0.01488,0.02655,,0.5833,18,0.6292,0.938,0.95,1.0,0.2,1.0,1.0
dialled,TP53,50,90,18.836,0.58368,0.02983,0.02123,0.03764,,0.6289,11,0.6765,0.676,0.676,1.0,0.6,1.0,1.0
dialled,TP53,50,90,18.836,1.96188,0.03827,0.03402,0.04672,,0.6344,5,0.7178,0.854,0.972,1.0,2.0,1.0,1.0
dialled,TP53,50,90,18.836,5.90722,0.04745,0.04134,0.05865,,0.6644,4,0.7381,0.324,0.45,1.0,6.0,1.0,1.0
dialled,TP53,50,90,18.836,-0.00217,0.00085,-0.00326,0.00624,,0.4922,44,0.4929,0.062,0.182,,0.0,1.0,2.0
dialled,TP53,50,90,18.836,0.04411,0.00356,-0.0032,0.0097,,0.5167,38,0.5261,0.176,0.182,1.0,0.05,1.0,2.0
dialled,TP53,50,90,18.836,0.18928,0.00885,-0.00055,0.01719,,0.5222,36,0.5545,0.462,0.86,1.0,0.2,1.0,2.0
dialled,TP53,50,90,18.836,0.58019,0.01605,0.00539,0.02882,,0.5478,27,0.5839,0.516,0.682,1.0,0.6,1.0,2.0
dialled,TP53,50,90,18.836,1.9555,0.019,0.01263,0.03134,,0.5767,19,0.62,0.822,0.858,1.0,2.0,1.0,2.0
dialled,TP53,50,90,18.836,5.89617,0.02745,0.01579,0.03382,,0.5956,15,0.6553,0.748,0.858,1.0,6.0,1.0,2.0
dialled,TP53,100,20,9.338,0.00159,0.00083,-0.00917,0.00985,,0.48,10,0.4911,0.01,0.162,,0.0,-1.0,0.0
dialled,TP53,100,20,9.338,0.05069,0.05394,0.04689,0.05934,0.046345,0.83,0,0.6555,1.0,1.0,17.86,0.05,-1.0,0.0
dialled,TP53,100,20,9.338,0.20264,0.20118,0.19298,0.21135,0.201804,1.0,0,0.9255,1.0,1.0,17.86,0.2,-1.0,0.0
dialled,TP53,100,20,9.338,0.61061,0.58276,0.57351,0.60441,0.591251,1.0,0,0.9997,0.0,0.0,17.86,0.6,-1.0,0.0
dialled,TP53,100,20,9.338,2.04377,1.91326,1.89089,1.94159,1.918325,1.0,0,1.0,0.0,0.0,17.86,2.0,-1.0,0.0
dialled,TP53,100,20,9.338,6.14675,5.64456,5.60242,5.72226,5.657721,1.0,0,1.0,0.0,0.0,17.86,6.0,-1.0,0.0
dialled,TP53,100,20,9.338,0.00159,0.00083,-0.00917,0.00985,,0.48,10,0.4911,0.01,0.162,,0.0,-1.0,1.0
dialled,TP53,100,20,9.338,0.05157,0.01173,0.00261,0.02985,,0.685,4,0.6121,0.792,0.948,5.65,0.05,-1.0,1.0
dialled,TP53,100,20,9.338,0.2044,0.04479,0.02904,0.07505,0.051485,0.795,0,0.7245,0.442,0.968,5.65,0.2,-1.0,1.0
dialled,TP53,100,20,9.338,0.61366,0.11574,0.05787,0.19838,0.129273,0.89,0,0.8374,0.99,1.0,5.65,0.6,-1.0,1.0
dialled,TP53,100,20,9.338,2.04934,0.37323,0.14293,0.62078,0.349793,0.94,0,0.9089,0.994,0.994,5.65,2.0,-1.0,1.0
dialled,TP53,100,20,9.338,6.15638,1.10519,0.41364,1.82511,0.949652,0.975,0,0.9516,0.854,0.88,5.65,6.0,-1.0,1.0
dialled,TP53,100,20,9.338,0.00159,0.00083,-0.00917,0.00985,,0.48,10,0.4911,0.01,0.162,,0.0,-1.0,2.0
dialled,TP53,100,20,9.338,0.05238,0.00367,-0.00513,0.02102,,0.58,8,0.5753,0.228,0.486,2.49,0.05,-1.0,2.0
dialled,TP53,100,20,9.338,0.20602,0.0045,-0.00369,0.02546,,0.615,7,0.6274,0.384,0.612,2.49,0.2,-1.0,2.0
dialled,TP53,100,20,9.338,0.61646,0.01677,0.00291,0.03455,,0.695,5,0.6616,0.82,0.998,2.49,0.6,-1.0,2.0
dialled,TP53,100,20,9.338,2.05446,0.04502,0.02866,0.12319,,0.795,2,0.7318,0.778,0.78,2.49,2.0,-1.0,2.0
dialled,TP53,100,20,9.338,6.16526,0.11817,0.02766,0.31643,,0.85,1,0.8084,1.0,1.0,2.49,6.0,-1.0,2.0
dialled,TP53,100,20,9.338,0.00159,0.00083,-0.00917,0.00985,,0.48,10,0.4911,0.01,0.162,,0.0,5.0,0.0
dialled,TP53,100,20,9.338,0.0483,0.0379,0.02577,0.04854,0.031484,0.725,0,0.6429,0.98,1.0,4.85,0.05,5.0,0.0
dialled,TP53,100,20,9.338,0.19786,0.11038,0.09397,0.11731,0.102037,0.865,0,0.8882,1.0,1.0,4.85,0.2,5.0,0.0
dialled,TP53,100,20,9.338,0.60233,0.22807,0.21385,0.2425,0.225001,0.985,0,0.9779,0.402,0.62,4.85,0.6,5.0,0.0
dialled,TP53,100,20,9.338,2.02866,0.6627,0.58005,0.69769,0.643815,1.0,0,0.9947,0.0,0.0,4.85,2.0,5.0,0.0
dialled,TP53,100,20,9.338,6.12057,1.8955,1.6948,2.05065,1.834239,1.0,0,0.9997,0.0,0.0,4.85,6.0,5.0,0.0
dialled,TP53,100,20,9.338,0.00159,0.00083,-0.00917,0.00985,,0.48,10,0.4911,0.01,0.162,,0.0,5.0,1.0
dialled,TP53,100,20,9.338,0.05001,0.01209,-0.0012,0.02466,,0.615,7,0.6013,0.76,0.88,3.14,0.05,5.0,1.0
dialled,TP53,100,20,9.338,0.20128,0.04571,0.0244,0.0664,,0.765,1,0.7097,0.616,0.928,3.14,0.2,5.0,1.0
dialled,TP53,100,20,9.338,0.60825,0.09925,0.05637,0.1411,0.099316,0.855,0,0.8111,0.97,0.99,3.14,0.6,5.0,1.0
dialled,TP53,100,20,9.338,2.03947,0.26368,0.11546,0.45217,0.266306,0.915,0,0.8811,0.526,0.67,3.14,2.0,5.0,1.0
dialled,TP53,100,20,9.338,6.1393,0.71274,0.32646,1.23454,0.66372,0.935,0,0.9255,0.81,0.864,3.14,6.0,5.0,1.0
dialled,TP53,100,20,9.338,0.00159,0.00083,-0.00917,0.00985,,0.48,10,0.4911,0.01,0.162,,0.0,5.0,2.0
dialled,TP53,100,20,9.338,0.05132,0.00448,-0.00887,0.02081,,0.555,7,0.5634,0.104,0.158,1.9,0.05,5.0,2.0
dialled,TP53,100,20,9.338,0.20388,0.00562,-0.00247,0.01972,,0.61,9,0.6208,0.336,0.456,1.9,0.2,5.0,2.0
dialled,TP53,100,20,9.338,0.61277,0.01448,0.00175,0.02996,,0.69,6,0.6568,0.664,0.728,1.9,0.6,5.0,2.0
dialled,TP53,100,20,9.338,2.04772,0.04604,0.02465,0.08047,,0.77,2,0.7187,0.968,0.998,1.9,2.0,5.0,2.0
dialled,TP53,100,20,9.338,6.15358,0.10065,0.02994,0.24239,,0.82,2,0.7868,0.988,1.0,1.9,6.0,5.0,2.0
dialled,TP53,100,20,9.338,0.00159,0.00083,-0.00917,0.00985,,0.48,10,0.4911,0.01,0.162,,0.0,3.0,0.0
dialled,TP53,100,20,9.338,0.04739,0.03066,0.01985,0.04353,,0.67,4,0.6355,0.818,1.0,2.92,0.05,3.0,0.0
dialled,TP53,100,20,9.338,0.19603,0.06945,0.06408,0.07397,0.068103,0.795,0,0.8442,1.0,1.0,2.92,0.2,3.0,0.0
dialled,TP53,100,20,9.338,0.59917,0.12428,0.10192,0.14152,0.118211,0.865,0,0.9279,0.944,0.984,2.92,0.6,3.0,0.0
dialled,TP53,100,20,9.338,2.02288,0.31471,0.29322,0.35923,0.311688,0.975,0,0.9629,0.0,0.41,2.92,2.0,3.0,0.0
dialled,TP53,100,20,9.338,6.11056,0.9027,0.78575,0.96635,0.871693,1.0,0,0.9787,0.0,0.0,2.92,6.0,3.0,0.0
dialled,TP53,100,20,9.338,0.00159,0.00083,-0.00917,0.00985,,0.48,10,0.4911,0.01,0.162,,0.0,3.0,1.0
dialled,TP53,100,20,9.338,0.04898,0.01258,0.00381,0.02622,,0.615,4,0.5971,0.546,0.682,2.27,0.05,3.0,1.0
dialled,TP53,100,20,9.338,0.19921,0.04138,0.02733,0.05871,0.035166,0.73,0,0.7018,0.892,0.944,2.27,0.2,3.0,1.0
dialled,TP53,100,20,9.338,0.60468,0.0827,0.04435,0.14359,0.086471,0.835,0,0.7871,0.17,0.202,2.27,0.6,3.0,1.0
dialled,TP53,100,20,9.338,2.03294,0.17386,0.06509,0.34717,0.191165,0.875,0,0.8521,0.296,0.784,2.27,2.0,3.0,1.0
dialled,TP53,100,20,9.338,6.12798,0.45697,0.19974,0.96181,0.45448,0.895,0,0.8963,0.584,0.67,2.27,6.0,3.0,1.0
dialled,TP53,100,20,9.338,0.00159,0.00083,-0.00917,0.00985,,0.48,10,0.4911,0.01,0.162,,0.0,3.0,2.0
dialled,TP53,100,20,9.338,0.05031,0.00398,-0.00317,0.01361,,0.535,6,0.5671,0.118,0.396,1.69,0.05,3.0,2.0
dialled,TP53,100,20,9.338,0.20188,0.00724,-0.00331,0.02041,,0.625,7,0.6158,0.288,0.382,1.69,0.2,3.0,2.0
dialled,TP53,100,20,9.338,0.6093,0.01651,0.00303,0.03267,,0.675,5,0.6547,0.686,0.784,1.69,0.6,3.0,2.0
dialled,TP53,100,20,9.338,2.04138,0.05095,0.02099,0.08169,,0.745,2,0.7218,0.936,0.936,1.69,2.0,3.0,2.0
dialled,TP53,100,20,9.338,6.1426,0.10011,0.02973,0.24877,,0.84,1,0.7758,0.996,1.0,1.69,6.0,3.0,2.0
dialled,TP53,100,20,9.338,0.00159,0.00083,-0.00917,0.00985,,0.48,10,0.4911,0.01,0.162,,0.0,2.0,0.0
dialled,TP53,100,20,9.338,0.04723,0.02317,0.00515,0.02991,,0.575,5,0.6261,0.928,0.93,1.96,0.05,2.0,0.0
dialled,TP53,100,20,9.338,0.19571,0.04318,0.02921,0.04863,,0.66,1,0.7992,0.976,0.976,1.96,0.2,2.0,0.0
dialled,TP53,100,20,9.338,0.59861,0.0729,0.06252,0.09041,0.066944,0.7,0,0.8668,0.738,0.85,1.96,0.6,2.0,0.0
dialled,TP53,100,20,9.338,2.02187,0.18301,0.15572,0.22399,0.174658,0.84,0,0.8974,0.196,0.34,1.96,2.0,2.0,0.0
dialled,TP53,100,20,9.338,6.10881,0.53029,0.3641,0.5583,0.469368,0.945,0,0.9224,0.014,0.204,1.96,6.0,2.0,0.0
dialled,TP53,100,20,9.338,0.00159,0.00083,-0.00917,0.00985,,0.48,10,0.4911,0.01,0.162,,0.0,2.0,1.0
dialled,TP53,100,20,9.338,0.0484,0.0077,-0.00054,0.02438,,0.57,6,0.5926,0.712,0.764,1.69,0.05,2.0,1.0
dialled,TP53,100,20,9.338,0.19805,0.04028,0.01754,0.07215,,0.715,1,0.6879,0.464,0.882,1.69,0.2,2.0,1.0
dialled,TP53,100,20,9.338,0.60267,0.06888,0.03057,0.15037,,0.745,2,0.7634,0.862,0.896,1.69,0.6,2.0,1.0
dialled,TP53,100,20,9.338,2.02927,0.10811,0.05774,0.32804,0.150026,0.81,0,0.8134,0.784,0.898,1.69,2.0,2.0,1.0
dialled,TP53,100,20,9.338,6.12163,0.27417,0.11266,0.77727,0.370618,0.87,0,0.8529,0.784,0.792,1.69,6.0,2.0,1.0
dialled,TP53,100,20,9.338,0.00159,0.00083,-0.00917,0.00985,,0.48,10,0.4911,0.01,0.162,,0.0,2.0,2.0
dialled,TP53,100,20,9.338,0.04957,0.00289,-0.00573,0.01579,,0.54,8,0.5663,0.324,0.664,1.46,0.05,2.0,2.0
dialled,TP53,100,20,9.338,0.20039,0.00495,-0.00048,0.01385,,0.575,6,0.6039,0.452,0.558,1.46,0.2,2.0,2.0
dialled,TP53,100,20,9.338,0.60672,0.01727,0.00589,0.03446,,0.66,5,0.6434,0.532,0.58,1.46,0.6,2.0,2.0
dialled,TP53,100,20,9.338,2.03666,0.04611,0.02265,0.10714,,0.71,2,0.7142,0.992,0.998,1.46,2.0,2.0,2.0
dialled,TP53,100,20,9.338,6.13443,0.09029,0.02353,0.26476,,0.79,1,0.75,0.378,0.778,1.46,6.0,2.0,2.0
dialled,TP53,100,20,9.338,0.00159,0.00083,-0.00917,0.00985,,0.48,10,0.4911,0.01,0.162,,0.0,1.0,0.0
dialled,TP53,100,20,9.338,0.04612,0.015,0.01129,0.02606,,0.565,4,0.6021,0.754,0.852,1.0,0.05,1.0,0.0
dialled,TP53,100,20,9.338,0.1935,0.01956,0.01188,0.03021,,0.615,3,0.7079,0.626,0.94,1.0,0.2,1.0,0.0
dialled,TP53,100,20,9.338,0.59478,0.03416,0.01745,0.03958,,0.62,2,0.7384,0.324,0.586,1.0,0.6,1.0,0.0
dialled,TP53,100,20,9.338,2.01487,0.05168,0.03243,0.07677,,0.7,1,0.7558,0.094,0.166,1.0,2.0,1.0,0.0
dialled,TP53,100,20,9.338,6.09669,0.1157,0.08623,0.16616,0.098107,0.75,0,0.7566,0.0,0.032,1.0,6.0,1.0,0.0
dialled,TP53,100,20,9.338,0.00159,0.00083,-0.00917,0.00985,,0.48,10,0.4911,0.01,0.162,,0.0,1.0,1.0
dialled,TP53,100,20,9.338,0.04876,0.01492,0.01026,0.02191,,0.59,5,0.5824,0.176,0.184,1.0,0.05,1.0,1.0
dialled,TP53,100,20,9.338,0.19878,0.02393,0.01249,0.04147,,0.595,2,0.6571,0.774,0.95,1.0,0.2,1.0,1.0
dialled,TP53,100,20,9.338,0.60392,0.03542,0.01919,0.0651,,0.585,2,0.7005,0.07,0.12,1.0,0.6,1.0,1.0
dialled,TP53,100,20,9.338,2.03157,0.0514,0.02312,0.10835,,0.64,3,0.7313,0.11,0.402,1.0,2.0,1.0,1.0
dialled,TP53,100,20,9.338,6.12561,0.08977,0.04575,0.25592,0.093351,0.72,0,0.7416,0.106,0.45,1.0,6.0,1.0,1.0
dialled,TP53,100,20,9.338,0.00159,0.00083,-0.00917,0.00985,,0.48,10,0.4911,0.01,0.162,,0.0,1.0,2.0
dialled,TP53,100,20,9.338,0.05054,0.0031,-0.00241,0.01294,,0.555,8,0.5626,0.248,0.386,1.0,0.05,1.0,2.0
dialled,TP53,100,20,9.338,0.20234,0.0059,-0.00178,0.02169,,0.56,9,0.5997,0.14,0.642,1.0,0.2,1.0,2.0
dialled,TP53,100,20,9.338,0.61009,0.01375,0.00822,0.03998,,0.615,4,0.6329,0.542,0.702,1.0,0.6,1.0,2.0
dialled,TP53,100,20,9.338,2.04283,0.02855,0.01833,0.05694,,0.63,3,0.675,0.138,0.654,1.0,2.0,1.0,2.0
dialled,TP53,100,20,9.338,6.14511,0.05277,0.02179,0.13725,,0.695,2,0.69,0.016,0.038,1.0,6.0,1.0,2.0
dialled,TP53,100,45,9.344,-0.00053,-0.00316,-0.00926,0.00185,,0.4467,26,0.4849,0.004,0.04,,0.0,-1.0,0.0
dialled,TP53,100,45,9.344,0.04946,0.05133,0.04067,0.05486,0.043554,0.7844,0,0.6511,1.0,1.0,38.58,0.05,-1.0,0.0
dialled,TP53,100,45,9.344,0.2017,0.20073,0.19413,0.2099,0.198869,1.0,0,0.9249,1.0,1.0,38.58,0.2,-1.0,0.0
dialled,TP53,100,45,9.344,0.60905,0.58896,0.58126,0.5964,0.585931,1.0,0,0.9994,0.62,0.938,38.58,0.6,-1.0,0.0
dialled,TP53,100,45,9.344,2.03735,1.8879,1.8756,1.89883,1.889115,1.0,0,1.0,0.0,0.0,38.58,2.0,-1.0,0.0
dialled,TP53,100,45,9.344,6.12227,5.52187,5.49019,5.55489,5.519394,1.0,0,1.0,0.0,0.0,38.58,6.0,-1.0,0.0
dialled,TP53,100,45,9.344,-0.00053,-0.00316,-0.00926,0.00185,,0.4467,26,0.4849,0.004,0.04,,0.0,-1.0,1.0
dialled,TP53,100,45,9.344,0.05016,0.0127,0.00718,0.03401,,0.6067,12,0.5818,0.778,0.95,6.92,0.05,-1.0,1.0
dialled,TP53,100,45,9.344,0.20311,0.03265,0.02873,0.05253,,0.7511,3,0.6882,0.996,1.0,6.92,0.2,-1.0,1.0
dialled,TP53,100,45,9.344,0.61149,0.08541,0.05381,0.1167,,0.8711,1,0.7984,0.996,0.996,6.92,0.6,-1.0,1.0
dialled,TP53,100,45,9.344,2.04181,0.26895,0.12488,0.352,,0.9089,1,0.8907,0.984,1.0,6.92,2.0,-1.0,1.0
dialled,TP53,100,45,9.344,6.12999,0.7617,0.35612,1.06671,,0.9467,1,0.9332,0.996,1.0,6.92,6.0,-1.0,1.0
dialled,TP53,100,45,9.344,-0.00053,-0.00316,-0.00926,0.00185,,0.4467,26,0.4849,0.004,0.04,,0.0,-1.0,2.0
dialled,TP53,100,45,9.344,0.05054,0.00402,0.00019,0.00928,,0.5044,16,0.534,0.182,0.336,2.7,0.05,-1.0,2.0
dialled,TP53,100,45,9.344,0.20386,0.00992,-0.00403,0.01997,,0.5511,16,0.5694,0.236,0.304,2.7,0.2,-1.0,2.0
dialled,TP53,100,45,9.344,0.6128,0.01311,0.00358,0.02732,,0.5956,14,0.606,0.756,0.884,2.7,0.6,-1.0,2.0
dialled,TP53,100,45,9.344,2.0442,0.01897,0.00817,0.03528,,0.6644,9,0.6564,0.98,1.0,2.7,2.0,-1.0,2.0
dialled,TP53,100,45,9.344,6.13413,0.03157,0.02552,0.06577,,0.7156,5,0.7124,0.998,0.998,2.7,6.0,-1.0,2.0
dialled,TP53,100,45,9.344,-0.00053,-0.00316,-0.00926,0.00185,,0.4467,26,0.4849,0.004,0.04,,0.0,5.0,0.0
dialled,TP53,100,45,9.344,0.048,0.03787,0.03325,0.04788,,0.6667,6,0.6299,1.0,1.0,4.7,0.05,5.0,0.0
dialled,TP53,100,45,9.344,0.19878,0.07395,0.0615,0.0938,0.0697,0.8156,0,0.8464,1.0,1.0,4.7,0.2,5.0,0.0
dialled,TP53,100,45,9.344,0.60399,0.14927,0.13384,0.17125,0.1483,0.8911,0,0.9546,1.0,1.0,4.7,0.6,5.0,0.0
dialled,TP53,100,45,9.344,2.02812,0.40956,0.38641,0.44702,0.418439,0.9911,0,0.9864,0.772,0.79,4.7,2.0,5.0,0.0
dialled,TP53,100,45,9.344,6.10629,1.19162,1.11798,1.2539,1.180091,1.0,0,0.9962,0.24,0.602,4.7,6.0,5.0,0.0
dialled,TP53,100,45,9.344,-0.00053,-0.00316,-0.00926,0.00185,,0.4467,26,0.4849,0.004,0.04,,0.0,5.0,1.0
dialled,TP53,100,45,9.344,0.04949,0.01135,0.00029,0.02972,,0.5467,15,0.5745,0.698,0.83,3.29,0.05,5.0,1.0
dialled,TP53,100,45,9.344,0.20176,0.03359,0.0192,0.05161,,0.7156,7,0.6693,0.908,0.908,3.29,0.2,5.0,1.0
dialled,TP53,100,45,9.344,0.60916,0.06914,0.04677,0.09781,,0.7822,2,0.7601,0.984,0.996,3.29,0.6,5.0,1.0
dialled,TP53,100,45,9.344,2.03756,0.15682,0.10072,0.24458,,0.8822,1,0.8443,0.872,0.958,3.29,2.0,5.0,1.0
dialled,TP53,100,45,9.344,6.12263,0.37867,0.20245,0.64008,0.409265,0.9333,0,0.8958,0.93,0.97,3.29,6.0,5.0,1.0
dialled,TP53,100,45,9.344,-0.00053,-0.00316,-0.00926,0.00185,,0.4467,26,0.4849,0.004,0.04,,0.0,5.0,2.0
dialled,TP53,100,45,9.344,0.05045,0.00051,-0.00167,0.009,,0.4956,20,0.5325,0.148,0.264,2.04,0.05,5.0,2.0
dialled,TP53,100,45,9.344,0.20369,0.0071,0.00022,0.02122,,0.5356,15,0.566,0.434,0.524,2.04,0.2,5.0,2.0
dialled,TP53,100,45,9.344,0.6125,0.00946,0.00249,0.02953,,0.58,14,0.6014,0.622,0.836,2.04,0.6,5.0,2.0
dialled,TP53,100,45,9.344,2.04365,0.01807,0.0081,0.03669,,0.6244,13,0.6466,0.644,0.9,2.04,2.0,5.0,2.0
dialled,TP53,100,45,9.344,6.13318,0.03559,0.02394,0.06086,,0.7244,8,0.6953,0.788,0.96,2.04,6.0,5.0,2.0
dialled,TP53,100,45,9.344,-0.00053,-0.00316,-0.00926,0.00185,,0.4467,26,0.4849,0.004,0.04,,0.0,3.0,0.0
dialled,TP53,100,45,9.344,0.04664,0.0265,0.02069,0.03575,,0.6133,4,0.6211,1.0,1.0,2.87,0.05,3.0,0.0
dialled,TP53,100,45,9.344,0.19607,0.05863,0.03714,0.06383,0.046147,0.72,0,0.8038,1.0,1.0,2.87,0.2,3.0,0.0
dialled,TP53,100,45,9.344,0.59929,0.09183,0.08292,0.10462,0.091844,0.8,0,0.8993,0.908,1.0,2.87,0.6,3.0,0.0
dialled,TP53,100,45,9.344,2.01954,0.19328,0.18624,0.20996,0.211895,0.8956,0,0.9425,0.802,0.952,2.87,2.0,3.0,0.0
dialled,TP53,100,45,9.344,6.09143,0.53086,0.50766,0.56987,0.553786,0.96,0,0.9662,0.144,0.754,2.87,6.0,3.0,0.0
dialled,TP53,100,45,9.344,-0.00053,-0.00316,-0.00926,0.00185,,0.4467,26,0.4849,0.004,0.04,,0.0,3.0,1.0
dialled,TP53,100,45,9.344,0.0485,0.01096,-0.00052,0.02507,,0.5667,17,0.569,0.584,0.812,2.41,0.05,3.0,1.0
dialled,TP53,100,45,9.344,0.19978,0.02796,0.01969,0.03725,,0.6733,7,0.6499,0.65,0.906,2.41,0.2,3.0,1.0
dialled,TP53,100,45,9.344,0.60572,0.05337,0.03977,0.07856,,0.7644,1,0.7331,0.81,0.984,2.41,0.6,3.0,1.0
dialled,TP53,100,45,9.344,2.03127,0.12126,0.08413,0.16422,,0.8156,1,0.8123,0.782,0.9,2.41,2.0,3.0,1.0
dialled,TP53,100,45,9.344,6.11175,0.24923,0.12534,0.34531,0.269233,0.8667,0,0.8604,0.182,0.306,2.41,6.0,3.0,1.0
dialled,TP53,100,45,9.344,-0.00053,-0.00316,-0.00926,0.00185,,0.4467,26,0.4849,0.004,0.04,,0.0,3.0,2.0
dialled,TP53,100,45,9.344,0.05016,0.00305,-0.00222,0.01036,,0.4889,19,0.5291,0.06,0.094,1.75,0.05,3.0,2.0
dialled,TP53,100,45,9.344,0.2031,0.00556,-0.00374,0.02099,,0.5356,19,0.5611,0.232,0.358,1.75,0.2,3.0,2.0
dialled,TP53,100,45,9.344,0.61148,0.00988,0.00163,0.02733,,0.5867,15,0.5922,0.606,0.72,1.75,0.6,3.0,2.0
dialled,TP53,100,45,9.344,2.04179,0.01713,0.0085,0.02923,,0.6289,12,0.636,0.748,0.976,1.75,2.0,3.0,2.0
dialled,TP53,100,45,9.344,6.12996,0.03415,0.01499,0.04734,,0.6889,7,0.6842,0.97,1.0,1.75,6.0,3.0,2.0
dialled,TP53,100,45,9.344,-0.00053,-0.00316,-0.00926,0.00185,,0.4467,26,0.4849,0.004,0.04,,0.0,2.0,0.0
dialled,TP53,100,45,9.344,0.04629,0.02382,0.01245,0.03299,,0.5978,10,0.614,1.0,1.0,1.94,0.05,2.0,0.0
dialled,TP53,100,45,9.344,0.19537,0.03963,0.02917,0.05316,,0.6889,3,0.766,1.0,1.0,1.94,0.2,2.0,0.0
dialled,TP53,100,45,9.344,0.59808,0.05693,0.04951,0.06934,0.05079,0.7311,0,0.8443,1.0,1.0,1.94,0.6,2.0,0.0
dialled,TP53,100,45,9.344,2.01732,0.1188,0.10069,0.12936,0.107488,0.7933,0,0.8848,0.882,0.914,1.94,2.0,2.0,0.0
dialled,TP53,100,45,9.344,6.08758,0.23268,0.20396,0.24928,0.218992,0.8756,0,0.9105,0.118,0.438,1.94,6.0,2.0,0.0
dialled,TP53,100,45,9.344,-0.00053,-0.00316,-0.00926,0.00185,,0.4467,26,0.4849,0.004,0.04,,0.0,2.0,1.0
dialled,TP53,100,45,9.344,0.04833,0.01124,0.00224,0.02724,,0.5778,13,0.5718,0.79,0.886,1.78,0.05,2.0,1.0
dialled,TP53,100,45,9.344,0.19945,0.03197,0.02103,0.05108,,0.6667,7,0.6556,0.862,0.872,1.78,0.2,2.0,1.0
dialled,TP53,100,45,9.344,0.60515,0.05722,0.03493,0.07429,,0.6844,2,0.7278,0.384,0.772,1.78,0.6,2.0,1.0
dialled,TP53,100,45,9.344,2.03024,0.07421,0.05691,0.12111,,0.7578,1,0.7924,0.606,0.85,1.78,2.0,2.0,1.0
dialled,TP53,100,45,9.344,6.10995,0.14384,0.10028,0.22519,0.187033,0.8422,0,0.8338,0.46,0.812,1.78,6.0,2.0,1.0
dialled,TP53,100,45,9.344,-0.00053,-0.00316,-0.00926,0.00185,,0.4467,26,0.4849,0.004,0.04,,0.0,2.0,2.0
dialled,TP53,100,45,9.344,0.05024,-6e-05,-0.00342,0.01025,,0.4844,23,0.5304,0.166,0.234,1.54,0.05,2.0,2.0
dialled,TP53,100,45,9.344,0.20326,0.00943,-0.00178,0.01818,,0.5333,17,0.5626,0.352,0.544,1.54,0.2,2.0,2.0
dialled,TP53,100,45,9.344,0.61174,0.01151,0.00188,0.02697,,0.5667,12,0.5987,0.76,0.896,1.54,0.6,2.0,2.0
dialled,TP53,100,45,9.344,2.04227,0.02211,0.00457,0.02961,,0.6222,12,0.6415,0.584,0.746,1.54,2.0,2.0,2.0
dialled,TP53,100,45,9.344,6.1308,0.03219,0.0249,0.05238,,0.6911,5,0.6925,0.748,0.954,1.54,6.0,2.0,2.0
dialled,TP53,100,45,9.344,-0.00053,-0.00316,-0.00926,0.00185,,0.4467,26,0.4849,0.004,0.04,,0.0,1.0,0.0
dialled,TP53,100,45,9.344,0.04586,0.01071,0.00577,0.01698,,0.5533,11,0.5914,0.982,1.0,1.0,0.05,1.0,0.0
dialled,TP53,100,45,9.344,0.1945,0.01868,0.01426,0.02786,,0.5756,8,0.6961,0.996,0.996,1.0,0.2,1.0,0.0
dialled,TP53,100,45,9.344,0.59657,0.0271,0.01975,0.03534,,0.5867,9,0.7403,0.232,0.374,1.0,0.6,1.0,0.0
dialled,TP53,100,45,9.344,2.01457,0.04183,0.02176,0.0508,,0.66,6,0.7552,0.052,0.174,1.0,2.0,1.0,0.0
dialled,TP53,100,45,9.344,6.08282,0.04897,0.03518,0.05595,,0.6489,2,0.7557,0.0,0.008,1.0,6.0,1.0,0.0
dialled,TP53,100,45,9.344,-0.00053,-0.00316,-0.00926,0.00185,,0.4467,26,0.4849,0.004,0.04,,0.0,1.0,1.0
dialled,TP53,100,45,9.344,0.04758,0.00847,-0.00221,0.01808,,0.4978,17,0.5517,0.29,0.558,1.0,0.05,1.0,1.0
dialled,TP53,100,45,9.344,0.19795,0.02438,0.01698,0.03493,,0.5822,8,0.6219,0.82,0.854,1.0,0.2,1.0,1.0
dialled,TP53,100,45,9.344,0.60255,0.02979,0.02678,0.03843,,0.5978,5,0.682,0.704,0.758,1.0,0.6,1.0,1.0
dialled,TP53,100,45,9.344,2.0255,0.03882,0.03071,0.04704,,0.6533,4,0.7275,0.256,0.656,1.0,2.0,1.0,1.0
dialled,TP53,100,45,9.344,6.10174,0.05595,0.0368,0.07019,,0.6533,3,0.745,0.036,0.15,1.0,6.0,1.0,1.0
dialled,TP53,100,45,9.344,-0.00053,-0.00316,-0.00926,0.00185,,0.4467,26,0.4849,0.004,0.04,,0.0,1.0,2.0
dialled,TP53,100,45,9.344,0.04853,1e-05,-0.00441,0.01008,,0.4667,22,0.5222,0.044,0.054,1.0,0.05,1.0,2.0
dialled,TP53,100,45,9.344,0.19984,0.00796,-0.00102,0.0158,,0.5022,18,0.5513,0.462,0.658,1.0,0.2,1.0,2.0
dialled,TP53,100,45,9.344,0.60583,0.01046,0.00071,0.01964,,0.52,16,0.581,0.416,0.552,1.0,0.6,1.0,2.0
dialled,TP53,100,45,9.344,2.03148,0.01726,0.01035,0.02853,,0.5667,14,0.6203,0.614,0.766,1.0,2.0,1.0,2.0
dialled,TP53,100,45,9.344,6.11209,0.02488,0.01773,0.03251,,0.6133,7,0.6647,0.524,0.672,1.0,6.0,1.0,2.0
dialled,KRAS,25,20,37.413,0.00645,-0.0077,-0.01268,0.01216,,0.435,12,0.4842,0.006,0.042,,0.0,-1.0,0.0
dialled,KRAS,25,20,37.413,0.0532,0.03846,0.02644,0.04678,,0.665,1,0.6671,0.764,0.99,18.01,0.05,-1.0,0.0
dialled,KRAS,25,20,37.413,0.19854,0.18552,0.17115,0.19244,0.178651,0.99,0,0.9461,1.0,1.0,18.01,0.2,-1.0,0.0
dialled,KRAS,25,20,37.413,0.58914,0.56518,0.55441,0.57693,0.563903,1.0,0,0.9992,0.0,0.0,18.01,0.6,-1.0,0.0
dialled,KRAS,25,20,37.413,1.96198,1.85547,1.83774,1.87253,1.852619,1.0,0,1.0,0.0,0.0,18.01,2.0,-1.0,0.0
dialled,KRAS,25,20,37.413,5.89336,5.45471,5.3678,5.4839,5.435569,1.0,0,1.0,0.0,0.0,18.01,6.0,-1.0,0.0
dialled,KRAS,25,20,37.413,0.00645,-0.0077,-0.01268,0.01216,,0.435,12,0.4842,0.006,0.042,,0.0,-1.0,1.0
dialled,KRAS,25,20,37.413,0.05447,0.01811,0.01245,0.0367,,0.58,3,0.6061,0.318,0.61,5.65,0.05,-1.0,1.0
dialled,KRAS,25,20,37.413,0.20108,0.04303,0.02425,0.06905,,0.73,2,0.7289,0.884,0.914,5.65,0.2,-1.0,1.0
dialled,KRAS,25,20,37.413,0.59354,0.10224,0.04543,0.19953,,0.85,1,0.8397,0.962,0.986,5.65,0.6,-1.0,1.0
dialled,KRAS,25,20,37.413,1.97003,0.3508,0.12238,0.61291,0.313638,0.935,0,0.8997,0.598,0.626,5.65,2.0,-1.0,1.0
dialled,KRAS,25,20,37.413,5.9073,1.01752,0.37759,1.76598,0.85831,0.95,0,0.9463,0.964,0.964,5.65,6.0,-1.0,1.0
dialled,KRAS,25,20,37.413,0.00645,-0.0077,-0.01268,0.01216,,0.435,12,0.4842,0.006,0.042,,0.0,-1.0,2.0
dialled,KRAS,25,20,37.413,0.05512,0.01165,0.00828,0.03209,,0.535,4,0.5624,0.084,0.168,2.49,0.05,-1.0,2.0
dialled,KRAS,25,20,37.413,0.20236,0.01301,0.00405,0.03297,,0.6,5,0.6189,0.138,0.342,2.49,0.2,-1.0,2.0
dialled,KRAS,25,20,37.413,0.59577,0.02253,0.01399,0.04672,,0.62,4,0.6632,0.642,0.958,2.49,0.6,-1.0,2.0
dialled,KRAS,25,20,37.413,1.97409,0.04597,0.01843,0.1125,,0.74,2,0.7371,0.702,0.72,2.49,2.0,-1.0,2.0
dialled,KRAS,25,20,37.413,5.91433,0.10066,0.03087,0.31884,,0.8,1,0.8095,0.98,0.98,2.49,6.0,-1.0,2.0
dialled,KRAS,25,20,37.413,0.00645,-0.0077,-0.01268,0.01216,,0.435,12,0.4842,0.006,0.042,,0.0,5.0,0.0
dialled,KRAS,25,20,37.413,0.05284,0.03304,0.02464,0.04287,0.028966,0.685,0,0.6574,0.996,1.0,4.9,0.05,5.0,0.0
dialled,KRAS,25,20,37.413,0.19782,0.10505,0.08797,0.11447,0.100765,0.89,0,0.8945,0.992,0.992,4.9,0.2,5.0,0.0
dialled,KRAS,25,20,37.413,0.58789,0.21074,0.18833,0.21859,0.204556,0.975,0,0.9816,0.0,0.524,4.9,0.6,5.0,0.0
dialled,KRAS,25,20,37.413,1.9597,0.57447,0.52528,0.6392,0.579444,1.0,0,0.9955,0.0,0.0,4.9,2.0,5.0,0.0
dialled,KRAS,25,20,37.413,5.88942,1.6595,1.51732,1.8499,1.672151,1.0,0,0.9992,0.0,0.0,4.9,6.0,5.0,0.0
dialled,KRAS,25,20,37.413,0.00645,-0.0077,-0.01268,0.01216,,0.435,12,0.4842,0.006,0.042,,0.0,5.0,1.0
dialled,KRAS,25,20,37.413,0.05364,0.0173,0.01045,0.03559,,0.575,4,0.6113,0.166,0.616,3.29,0.05,5.0,1.0
dialled,KRAS,25,20,37.413,0.19942,0.05706,0.01826,0.06914,,0.75,1,0.7197,0.59,0.636,3.29,0.2,5.0,1.0
dialled,KRAS,25,20,37.413,0.59067,0.09985,0.05266,0.17878,0.101125,0.845,0,0.8087,0.748,0.95,3.29,0.6,5.0,1.0
dialled,KRAS,25,20,37.413,1.96477,0.26803,0.10888,0.42966,0.255281,0.925,0,0.8724,0.15,0.214,3.29,2.0,5.0,1.0
dialled,KRAS,25,20,37.413,5.89819,0.70455,0.32083,1.15756,0.64928,0.95,0,0.9116,0.158,0.89,3.29,6.0,5.0,1.0
dialled,KRAS,25,20,37.413,0.00645,-0.0077,-0.01268,0.01216,,0.435,12,0.4842,0.006,0.042,,0.0,5.0,2.0
dialled,KRAS,25,20,37.413,0.05426,0.01165,0.00297,0.03369,,0.53,4,0.5634,0.098,0.318,2.11,0.05,5.0,2.0
dialled,KRAS,25,20,37.413,0.20065,0.01978,0.00646,0.0298,,0.61,4,0.6255,0.306,0.658,2.11,0.2,5.0,2.0
dialled,KRAS,25,20,37.413,0.59281,0.02201,0.00778,0.04673,,0.655,4,0.6647,0.642,0.744,2.11,0.6,5.0,2.0
dialled,KRAS,25,20,37.413,1.96868,0.04294,0.01031,0.12373,,0.73,1,0.7274,0.224,0.666,2.11,2.0,5.0,2.0
dialled,KRAS,25,20,37.413,5.90496,0.1158,0.03355,0.29019,,0.825,1,0.7842,0.45,0.624,2.11,6.0,5.0,2.0
dialled,KRAS,25,20,37.413,0.00645,-0.0077,-0.01268,0.01216,,0.435,12,0.4842,0.006,0.042,,0.0,3.0,0.0
dialled,KRAS,25,20,37.413,0.05175,0.0265,0.00801,0.03959,,0.645,3,0.6458,1.0,1.0,2.96,0.05,3.0,0.0
dialled,KRAS,25,20,37.413,0.19564,0.07259,0.06137,0.08918,0.066035,0.79,0,0.8566,0.994,0.994,2.96,0.2,3.0,0.0
dialled,KRAS,25,20,37.413,0.58412,0.12472,0.09533,0.14064,0.124908,0.865,0,0.935,0.08,0.326,2.96,0.6,3.0,0.0
dialled,KRAS,25,20,37.413,1.95283,0.34395,0.2878,0.379,0.328529,0.97,0,0.9632,0.044,0.304,2.96,2.0,3.0,0.0
dialled,KRAS,25,20,37.413,5.87751,0.98169,0.85186,1.05038,0.947438,0.98,0,0.9758,0.0,0.0,2.96,6.0,3.0,0.0
dialled,KRAS,25,20,37.413,0.00645,-0.0077,-0.01268,0.01216,,0.435,12,0.4842,0.006,0.042,,0.0,3.0,1.0
dialled,KRAS,25,20,37.413,0.05312,0.01644,0.00686,0.03879,,0.595,4,0.5992,0.566,0.698,2.32,0.05,3.0,1.0
dialled,KRAS,25,20,37.413,0.19838,0.04055,0.01561,0.07263,,0.705,1,0.7032,0.698,0.704,2.32,0.2,3.0,1.0
dialled,KRAS,25,20,37.413,0.58887,0.06758,0.0373,0.13683,0.082075,0.785,0,0.7889,0.798,0.912,2.32,0.6,3.0,1.0
dialled,KRAS,25,20,37.413,1.9615,0.14846,0.08599,0.2843,0.189259,0.87,0,0.8489,0.652,0.92,2.32,2.0,3.0,1.0
dialled,KRAS,25,20,37.413,5.89252,0.33432,0.2226,0.74353,0.470424,0.9,0,0.885,0.734,0.874,2.32,6.0,3.0,1.0
dialled,KRAS,25,20,37.413,0.00645,-0.0077,-0.01268,0.01216,,0.435,12,0.4842,0.006,0.042,,0.0,3.0,2.0
dialled,KRAS,25,20,37.413,0.05415,0.01213,0.00284,0.02405,,0.555,6,0.5589,0.216,0.376,1.75,0.05,3.0,2.0
dialled,KRAS,25,20,37.413,0.20043,0.01113,0.00117,0.03151,,0.62,6,0.6139,0.242,0.358,1.75,0.2,3.0,2.0
dialled,KRAS,25,20,37.413,0.59242,0.02474,0.00529,0.04739,,0.65,4,0.6539,0.728,0.952,1.75,0.6,3.0,2.0
dialled,KRAS,25,20,37.413,1.96798,0.03413,0.01769,0.11673,,0.72,2,0.7118,0.736,0.888,1.75,2.0,3.0,2.0
dialled,KRAS,25,20,37.413,5.90375,0.07833,0.02581,0.20819,0.130774,0.76,0,0.7689,0.876,0.994,1.75,6.0,3.0,2.0
dialled,KRAS,25,20,37.413,0.00645,-0.0077,-0.01268,0.01216,,0.435,12,0.4842,0.006,0.042,,0.0,2.0,0.0
dialled,KRAS,25,20,37.413,0.05325,0.02277,0.01499,0.03808,,0.63,2,0.6442,0.96,0.96,1.98,0.05,2.0,0.0
dialled,KRAS,25,20,37.413,0.19864,0.05513,0.04226,0.06579,0.040959,0.76,0,0.8255,0.872,0.89,1.98,0.2,2.0,0.0
dialled,KRAS,25,20,37.413,0.58932,0.07662,0.06309,0.0875,0.075994,0.77,0,0.8855,0.494,0.822,1.98,0.6,2.0,0.0
dialled,KRAS,25,20,37.413,1.96231,0.16617,0.13968,0.18021,0.153454,0.865,0,0.9068,0.0,0.0,1.98,2.0,2.0,0.0
dialled,KRAS,25,20,37.413,5.89393,0.43232,0.34842,0.47773,0.397962,0.925,0,0.9255,0.0,0.0,1.98,6.0,2.0,0.0
dialled,KRAS,25,20,37.413,0.00645,-0.0077,-0.01268,0.01216,,0.435,12,0.4842,0.006,0.042,,0.0,2.0,1.0
dialled,KRAS,25,20,37.413,0.05444,0.01927,0.0138,0.03736,,0.565,3,0.6003,0.562,0.724,1.73,0.05,2.0,1.0
dialled,KRAS,25,20,37.413,0.20101,0.03668,0.02779,0.07289,,0.665,2,0.7032,0.772,0.986,1.73,0.2,2.0,1.0
dialled,KRAS,25,20,37.413,0.59343,0.06858,0.03463,0.10637,,0.73,1,0.7795,0.442,0.528,1.73,0.6,2.0,1.0
dialled,KRAS,25,20,37.413,1.96981,0.11238,0.04258,0.21961,0.139692,0.835,0,0.8234,0.528,0.88,1.73,2.0,2.0,1.0
dialled,KRAS,25,20,37.413,5.90692,0.21199,0.10558,0.55221,0.291092,0.885,0,0.8539,0.03,0.048,1.73,6.0,2.0,1.0
dialled,KRAS,25,20,37.413,0.00645,-0.0077,-0.01268,0.01216,,0.435,12,0.4842,0.006,0.042,,0.0,2.0,2.0
dialled,KRAS,25,20,37.413,0.05537,0.01442,0.00299,0.03037,,0.55,5,0.5682,0.204,0.49,1.5,0.05,2.0,2.0
dialled,KRAS,25,20,37.413,0.20288,0.01452,0.00478,0.03712,,0.59,4,0.6147,0.476,0.744,1.5,0.2,2.0,2.0
dialled,KRAS,25,20,37.413,0.59666,0.02502,0.00948,0.06211,,0.615,3,0.6597,0.58,0.756,1.5,0.6,2.0,2.0
dialled,KRAS,25,20,37.413,1.97571,0.04546,0.02491,0.11135,0.076272,0.705,0,0.7153,0.948,0.976,1.5,2.0,2.0,2.0
dialled,KRAS,25,20,37.413,5.91714,0.08611,0.0324,0.2317,,0.78,2,0.7563,0.008,0.008,1.5,6.0,2.0,2.0
dialled,KRAS,25,20,37.413,0.00645,-0.0077,-0.01268,0.01216,,0.435,12,0.4842,0.006,0.042,,0.0,1.0,0.0
dialled,KRAS,25,20,37.413,0.05475,0.02105,0.00364,0.02483,,0.575,5,0.6205,0.966,1.0,1.0,0.05,1.0,0.0
dialled,KRAS,25,20,37.413,0.20163,0.02502,0.01741,0.03831,,0.63,2,0.7263,0.284,0.838,1.0,0.2,1.0,0.0
dialled,KRAS,25,20,37.413,0.5945,0.03359,0.02341,0.04693,,0.675,2,0.7584,0.012,0.172,1.0,0.6,1.0,0.0
dialled,KRAS,25,20,37.413,1.97177,0.04717,0.02908,0.05846,0.04285,0.67,0,0.7629,0.0,0.012,1.0,2.0,1.0,0.0
dialled,KRAS,25,20,37.413,5.91031,0.08693,0.06725,0.10392,0.083823,0.735,0,0.7647,0.01,0.06,1.0,6.0,1.0,0.0
dialled,KRAS,25,20,37.413,0.00645,-0.0077,-0.01268,0.01216,,0.435,12,0.4842,0.006,0.042,,0.0,1.0,1.0
dialled,KRAS,25,20,37.413,0.05654,0.01393,0.00625,0.02308,,0.53,5,0.5682,0.184,0.502,1.0,0.05,1.0,1.0
dialled,KRAS,25,20,37.413,0.20521,0.02497,0.00813,0.03976,,0.57,4,0.6342,0.636,0.842,1.0,0.2,1.0,1.0
dialled,KRAS,25,20,37.413,0.6007,0.04669,0.01862,0.06438,,0.655,1,0.6926,0.248,0.264,1.0,0.6,1.0,1.0
dialled,KRAS,25,20,37.413,1.98309,0.05306,0.0308,0.08621,0.056655,0.72,0,0.7363,0.052,0.422,1.0,2.0,1.0,1.0
dialled,KRAS,25,20,37.413,5.92993,0.07267,0.05209,0.15554,0.116504,0.75,0,0.7584,0.114,0.144,1.0,6.0,1.0,1.0
dialled,KRAS,25,20,37.413,0.00645,-0.0077,-0.01268,0.01216,,0.435,12,0.4842,0.006,0.042,,0.0,1.0,2.0
dialled,KRAS,25,20,37.413,0.05696,0.01216,-0.00726,0.01741,,0.505,8,0.5432,0.004,0.052,1.0,0.05,1.0,2.0
dialled,KRAS,25,20,37.413,0.20605,0.01335,0.00062,0.03033,,0.545,5,0.5713,0.23,0.382,1.0,0.2,1.0,2.0
dialled,KRAS,25,20,37.413,0.60215,0.01448,0.00355,0.03853,,0.545,5,0.6066,0.448,0.746,1.0,0.6,1.0,2.0
dialled,KRAS,25,20,37.413,1.98574,0.02165,0.01047,0.05656,,0.59,5,0.6476,0.172,0.822,1.0,2.0,1.0,2.0
dialled,KRAS,25,20,37.413,5.93452,0.05886,0.00997,0.07517,,0.69,3,0.6887,0.28,0.544,1.0,6.0,1.0,2.0
dialled,KRAS,25,45,37.437,0.00546,0.0051,-0.00125,0.01108,,0.5044,17,0.4828,0.004,0.024,,0.0,-1.0,0.0
dialled,KRAS,25,45,37.437,0.05361,0.04813,0.04364,0.05561,0.047376,0.7667,0,0.6675,1.0,1.0,39.03,0.05,-1.0,0.0
dialled,KRAS,25,45,37.437,0.20271,0.19322,0.18037,0.20096,0.192996,0.9956,0,0.9464,1.0,1.0,39.03,0.2,-1.0,0.0
dialled,KRAS,25,45,37.437,0.60313,0.5781,0.5666,0.59223,0.577883,1.0,0,0.9992,0.0,0.0,39.03,0.6,-1.0,0.0
dialled,KRAS,25,45,37.437,2.00989,1.86768,1.85158,1.87612,1.863942,1.0,0,1.0,0.0,0.0,39.03,2.0,-1.0,0.0
dialled,KRAS,25,45,37.437,6.03746,5.48003,5.42074,5.52922,5.474238,1.0,0,1.0,0.0,0.0,39.03,6.0,-1.0,0.0
dialled,KRAS,25,45,37.437,0.00546,0.0051,-0.00125,0.01108,,0.5044,17,0.4828,0.004,0.024,,0.0,-1.0,1.0
dialled,KRAS,25,45,37.437,0.0545,0.02205,0.01283,0.0273,,0.6222,5,0.5861,0.908,0.938,6.89,0.05,-1.0,1.0
dialled,KRAS,25,45,37.437,0.2045,0.04829,0.02998,0.06044,,0.7622,1,0.6934,0.994,0.998,6.89,0.2,-1.0,1.0
dialled,KRAS,25,45,37.437,0.60624,0.08073,0.05991,0.1348,,0.8422,1,0.8021,1.0,1.0,6.89,0.6,-1.0,1.0
dialled,KRAS,25,45,37.437,2.01555,0.25396,0.15097,0.36444,,0.92,3,0.8782,0.998,1.0,6.89,2.0,-1.0,1.0
dialled,KRAS,25,45,37.437,6.04726,0.73703,0.40036,1.10161,0.653181,0.9422,0,0.9231,0.984,0.986,6.89,6.0,-1.0,1.0
dialled,KRAS,25,45,37.437,0.00546,0.0051,-0.00125,0.01108,,0.5044,17,0.4828,0.004,0.024,,0.0,-1.0,2.0
dialled,KRAS,25,45,37.437,0.05516,0.01007,0.00096,0.0187,,0.5533,16,0.5311,0.154,0.324,2.69,0.05,-1.0,2.0
dialled,KRAS,25,45,37.437,0.20581,0.01383,0.00566,0.0235,,0.5822,10,0.5629,0.606,0.89,2.69,0.2,-1.0,2.0
dialled,KRAS,25,45,37.437,0.60849,0.0206,0.01564,0.0364,,0.6356,8,0.601,0.926,0.994,2.69,0.6,-1.0,2.0
dialled,KRAS,25,45,37.437,2.01966,0.02922,0.01468,0.05186,,0.6956,6,0.6539,1.0,1.0,2.69,2.0,-1.0,2.0
dialled,KRAS,25,45,37.437,6.05439,0.03981,0.02493,0.09103,,0.7667,1,0.7147,1.0,1.0,2.69,6.0,-1.0,2.0
dialled,KRAS,25,45,37.437,0.00546,0.0051,-0.00125,0.01108,,0.5044,17,0.4828,0.004,0.024,,0.0,5.0,0.0
dialled,KRAS,25,45,37.437,0.05186,0.03776,0.02933,0.04826,,0.7133,2,0.6471,1.0,1.0,4.83,0.05,5.0,0.0
dialled,KRAS,25,45,37.437,0.19922,0.08259,0.0792,0.09803,0.084329,0.8444,0,0.8657,1.0,1.0,4.83,0.2,5.0,0.0
dialled,KRAS,25,45,37.437,0.59708,0.16081,0.14898,0.1753,0.163237,0.9356,0,0.9562,0.994,1.0,4.83,0.6,5.0,0.0
dialled,KRAS,25,45,37.437,1.99884,0.39365,0.36834,0.44181,0.407517,0.98,0,0.9867,0.3,0.382,4.83,2.0,5.0,0.0
dialled,KRAS,25,45,37.437,6.01832,1.13026,1.02913,1.19886,1.122775,0.9956,0,0.9955,0.0,0.83,4.83,6.0,5.0,0.0
dialled,KRAS,25,45,37.437,0.00546,0.0051,-0.00125,0.01108,,0.5044,17,0.4828,0.004,0.024,,0.0,5.0,1.0
dialled,KRAS,25,45,37.437,0.05363,0.01969,0.01083,0.02772,,0.5956,8,0.5783,0.964,0.978,3.14,0.05,5.0,1.0
dialled,KRAS,25,45,37.437,0.20276,0.03674,0.02795,0.05944,,0.7,3,0.6723,1.0,1.0,3.14,0.2,5.0,1.0
dialled,KRAS,25,45,37.437,0.60321,0.06846,0.0491,0.10442,,0.7756,3,0.7618,0.998,1.0,3.14,0.6,5.0,1.0
dialled,KRAS,25,45,37.437,2.01002,0.16007,0.10333,0.22222,0.165389,0.8733,0,0.838,0.888,0.89,3.14,2.0,5.0,1.0
dialled,KRAS,25,45,37.437,6.03769,0.38011,0.22217,0.5054,,0.9244,1,0.8842,0.964,0.964,3.14,6.0,5.0,1.0
dialled,KRAS,25,45,37.437,0.00546,0.0051,-0.00125,0.01108,,0.5044,17,0.4828,0.004,0.024,,0.0,5.0,2.0
dialled,KRAS,25,45,37.437,0.05465,0.00844,-0.00062,0.0162,,0.54,18,0.5277,0.114,0.346,1.89,0.05,5.0,2.0
dialled,KRAS,25,45,37.437,0.2048,0.01448,0.00457,0.02986,,0.6,10,0.5578,0.38,0.432,1.89,0.2,5.0,2.0
dialled,KRAS,25,45,37.437,0.60674,0.02327,0.01278,0.03484,,0.6333,10,0.5939,0.93,0.976,1.89,0.6,5.0,2.0
dialled,KRAS,25,45,37.437,2.01647,0.02679,0.01307,0.04739,,0.6578,7,0.6403,0.964,0.99,1.89,2.0,5.0,2.0
dialled,KRAS,25,45,37.437,6.04886,0.03218,0.02542,0.06329,,0.7111,3,0.696,0.976,0.998,1.89,6.0,5.0,2.0
dialled,KRAS,25,45,37.437,0.00546,0.0051,-0.00125,0.01108,,0.5044,17,0.4828,0.004,0.024,,0.0,3.0,0.0
dialled,KRAS,25,45,37.437,0.05215,0.03166,0.02815,0.04029,,0.6778,2,0.6364,1.0,1.0,2.95,0.05,3.0,0.0
dialled,KRAS,25,45,37.437,0.1998,0.05729,0.04884,0.06452,0.053009,0.7444,0,0.8148,1.0,1.0,2.95,0.2,3.0,0.0
dialled,KRAS,25,45,37.437,0.59809,0.09054,0.08281,0.09929,0.0919,0.8022,0,0.8993,1.0,1.0,2.95,0.6,3.0,0.0
dialled,KRAS,25,45,37.437,2.00067,0.20117,0.18246,0.22658,0.204877,0.8889,0,0.9422,0.99,0.998,2.95,2.0,3.0,0.0
dialled,KRAS,25,45,37.437,6.0215,0.52669,0.50564,0.56111,0.541709,0.96,0,0.9668,0.606,0.894,2.95,6.0,3.0,0.0
dialled,KRAS,25,45,37.437,0.00546,0.0051,-0.00125,0.01108,,0.5044,17,0.4828,0.004,0.024,,0.0,3.0,1.0
dialled,KRAS,25,45,37.437,0.05414,0.02294,0.01227,0.02652,,0.5733,6,0.5684,0.746,0.97,2.3,0.05,3.0,1.0
dialled,KRAS,25,45,37.437,0.20378,0.03528,0.02482,0.05031,,0.68,4,0.6556,0.502,0.502,2.3,0.2,3.0,1.0
dialled,KRAS,25,45,37.437,0.60497,0.05501,0.0458,0.07153,,0.7333,2,0.7324,0.964,0.998,2.3,0.6,3.0,1.0
dialled,KRAS,25,45,37.437,2.01324,0.10444,0.07303,0.13958,,0.7978,1,0.8049,0.906,0.936,2.3,2.0,3.0,1.0
dialled,KRAS,25,45,37.437,6.04327,0.20065,0.15139,0.35812,0.253979,0.8489,0,0.8511,0.668,1.0,2.3,6.0,3.0,1.0
dialled,KRAS,25,45,37.437,0.00546,0.0051,-0.00125,0.01108,,0.5044,17,0.4828,0.004,0.024,,0.0,3.0,2.0
dialled,KRAS,25,45,37.437,0.05534,0.00867,0.00453,0.01444,,0.54,14,0.5243,0.208,0.378,1.74,0.05,3.0,2.0
dialled,KRAS,25,45,37.437,0.20618,0.02096,0.00799,0.02593,,0.58,12,0.5522,0.574,0.672,1.74,0.2,3.0,2.0
dialled,KRAS,25,45,37.437,0.60913,0.0158,0.00707,0.02895,,0.6133,5,0.5867,0.532,0.782,1.74,0.6,3.0,2.0
dialled,KRAS,25,45,37.437,2.02084,0.02757,0.02023,0.04365,,0.66,6,0.6311,0.898,0.914,1.74,2.0,3.0,2.0
dialled,KRAS,25,45,37.437,6.05642,0.03676,0.03011,0.05264,,0.6978,4,0.6821,0.994,1.0,1.74,6.0,3.0,2.0
dialled,KRAS,25,45,37.437,0.00546,0.0051,-0.00125,0.01108,,0.5044,17,0.4828,0.004,0.024,,0.0,2.0,0.0
dialled,KRAS,25,45,37.437,0.05259,0.02664,0.02014,0.03433,,0.6444,4,0.6241,1.0,1.0,1.98,0.05,2.0,0.0
dialled,KRAS,25,45,37.437,0.20068,0.04751,0.03554,0.04979,,0.7089,2,0.7767,1.0,1.0,1.98,0.2,2.0,0.0
dialled,KRAS,25,45,37.437,0.59961,0.06371,0.05428,0.06972,,0.7489,1,0.8478,0.944,0.996,1.98,0.6,2.0,0.0
dialled,KRAS,25,45,37.437,2.00346,0.10358,0.08999,0.11157,0.095953,0.7733,0,0.8846,0.188,0.362,1.98,2.0,2.0,0.0
dialled,KRAS,25,45,37.437,6.02632,0.21505,0.18078,0.25358,0.210207,0.8756,0,0.913,0.746,0.992,1.98,6.0,2.0,0.0
dialled,KRAS,25,45,37.437,0.00546,0.0051,-0.00125,0.01108,,0.5044,17,0.4828,0.004,0.024,,0.0,2.0,1.0
dialled,KRAS,25,45,37.437,0.0548,0.01858,0.01183,0.0273,,0.5889,8,0.5604,0.92,0.98,1.71,0.05,2.0,1.0
dialled,KRAS,25,45,37.437,0.20509,0.03468,0.01834,0.04594,,0.6689,5,0.6385,0.926,1.0,1.71,0.2,2.0,1.0
dialled,KRAS,25,45,37.437,0.60724,0.0491,0.03705,0.06795,,0.7244,2,0.7098,0.978,1.0,1.71,0.6,2.0,1.0
dialled,KRAS,25,45,37.437,2.01739,0.06943,0.04848,0.09855,,0.7556,3,0.7764,1.0,1.0,1.71,2.0,2.0,1.0
dialled,KRAS,25,45,37.437,6.05045,0.12396,0.07387,0.15289,0.153038,0.8267,0,0.8177,0.958,0.984,1.71,6.0,2.0,1.0
dialled,KRAS,25,45,37.437,0.00546,0.0051,-0.00125,0.01108,,0.5044,17,0.4828,0.004,0.024,,0.0,2.0,2.0
dialled,KRAS,25,45,37.437,0.05585,0.0093,0.00329,0.01647,,0.5444,13,0.5224,0.104,0.39,1.42,0.05,2.0,2.0
dialled,KRAS,25,45,37.437,0.20719,0.0161,0.0055,0.02249,,0.5733,13,0.5507,0.432,0.666,1.42,0.2,2.0,2.0
dialled,KRAS,25,45,37.437,0.61089,0.02211,0.01362,0.03074,,0.6111,9,0.5781,0.28,0.51,1.42,0.6,2.0,2.0
dialled,KRAS,25,45,37.437,2.02405,0.02887,0.01796,0.04003,,0.6556,6,0.6207,0.79,0.962,1.42,2.0,2.0,2.0
dialled,KRAS,25,45,37.437,6.06199,0.0364,0.02209,0.04903,,0.7067,3,0.6654,0.788,0.9,1.42,6.0,2.0,2.0
dialled,KRAS,25,45,37.437,0.00546,0.0051,-0.00125,0.01108,,0.5044,17,0.4828,0.004,0.024,,0.0,1.0,0.0
dialled,KRAS,25,45,37.437,0.04978,0.02039,0.01377,0.0298,,0.6289,6,0.5952,0.998,0.998,1.0,0.05,1.0,0.0
dialled,KRAS,25,45,37.437,0.19506,0.03371,0.02779,0.0426,,0.6867,4,0.6861,0.892,0.994,1.0,0.2,1.0,0.0
dialled,KRAS,25,45,37.437,0.58987,0.03154,0.02365,0.04834,,0.6578,5,0.729,0.822,0.882,1.0,0.6,1.0,0.0
dialled,KRAS,25,45,37.437,1.98568,0.03666,0.02321,0.0516,,0.6667,2,0.7474,0.174,0.244,1.0,2.0,1.0,0.0
dialled,KRAS,25,45,37.437,5.99553,0.04109,0.0311,0.06483,,0.6578,2,0.7515,0.01,0.08,1.0,6.0,1.0,0.0
dialled,KRAS,25,45,37.437,0.00546,0.0051,-0.00125,0.01108,,0.5044,17,0.4828,0.004,0.024,,0.0,1.0,1.0
dialled,KRAS,25,45,37.437,0.05339,0.01676,0.01009,0.02406,,0.5733,9,0.545,0.368,0.49,1.0,0.05,1.0,1.0
dialled,KRAS,25,45,37.437,0.20227,0.02283,0.01681,0.03826,,0.64,8,0.5979,0.196,0.202,1.0,0.2,1.0,1.0
dialled,KRAS,25,45,37.437,0.60236,0.03656,0.03175,0.04471,,0.6333,6,0.6537,0.956,0.966,1.0,0.6,1.0,1.0
dialled,KRAS,25,45,37.437,2.00848,0.03821,0.02703,0.0501,,0.6733,7,0.6989,0.958,0.96,1.0,2.0,1.0,1.0
dialled,KRAS,25,45,37.437,6.03502,0.04694,0.0243,0.05831,,0.6844,4,0.7254,0.846,0.954,1.0,6.0,1.0,1.0
dialled,KRAS,25,45,37.437,0.00546,0.0051,-0.00125,0.01108,,0.5044,17,0.4828,0.004,0.024,,0.0,1.0,2.0
dialled,KRAS,25,45,37.437,0.05527,0.00901,0.00221,0.01139,,0.5267,15,0.5163,0.282,0.504,1.0,0.05,1.0,2.0
dialled,KRAS,25,45,37.437,0.20604,0.01157,0.00557,0.02095,,0.5578,10,0.5388,0.484,0.676,1.0,0.2,1.0,2.0
dialled,KRAS,25,45,37.437,0.60889,0.01865,0.00938,0.03113,,0.5956,7,0.5586,0.572,0.792,1.0,0.6,1.0,2.0
dialled,KRAS,25,45,37.437,2.0204,0.01998,0.01495,0.02666,,0.6133,8,0.5896,0.678,0.824,1.0,2.0,1.0,2.0
dialled,KRAS,25,45,37.437,6.05567,0.03003,0.01575,0.03443,,0.6422,7,0.624,0.768,0.834,1.0,6.0,1.0,2.0
dialled,KRAS,25,90,37.365,0.00059,-0.00523,-0.01043,4e-05,,0.4489,54,0.4791,0.0,0.0,,0.0,-1.0,0.0
dialled,KRAS,25,90,37.365,0.04887,0.04331,0.03746,0.04859,,0.7422,1,0.6601,1.0,1.0,69.99,0.05,-1.0,0.0
dialled,KRAS,25,90,37.365,0.19689,0.18694,0.17774,0.19449,0.185914,0.9956,0,0.9436,1.0,1.0,69.99,0.2,-1.0,0.0
dialled,KRAS,25,90,37.365,0.5935,0.56188,0.55806,0.57127,0.563907,1.0,0,0.9994,0.964,0.964,69.99,0.6,-1.0,0.0
dialled,KRAS,25,90,37.365,1.98522,1.82672,1.81714,1.83434,1.821868,1.0,0,1.0,0.0,0.0,69.99,2.0,-1.0,0.0
dialled,KRAS,25,90,37.365,5.96718,5.33999,5.31693,5.35485,5.325652,1.0,0,1.0,0.0,0.0,69.99,6.0,-1.0,0.0
dialled,KRAS,25,90,37.365,0.00059,-0.00523,-0.01043,4e-05,,0.4489,54,0.4791,0.0,0.0,,0.0,-1.0,1.0
dialled,KRAS,25,90,37.365,0.04928,0.01468,0.00533,0.01972,,0.5611,26,0.5821,0.982,0.996,10.97,0.05,-1.0,1.0
dialled,KRAS,25,90,37.365,0.19771,0.03657,0.02578,0.05267,,0.7267,12,0.7018,1.0,1.0,10.97,0.2,-1.0,1.0
dialled,KRAS,25,90,37.365,0.59492,0.08654,0.052,0.11503,,0.8278,5,0.8066,1.0,1.0,10.97,0.6,-1.0,1.0
dialled,KRAS,25,90,37.365,1.98781,0.27506,0.18605,0.35905,0.248207,0.9089,0,0.8842,1.0,1.0,10.97,2.0,-1.0,1.0
dialled,KRAS,25,90,37.365,5.97166,0.86524,0.53329,1.10069,0.702381,0.96,0,0.9356,1.0,1.0,10.97,6.0,-1.0,1.0
dialled,KRAS,25,90,37.365,0.00059,-0.00523,-0.01043,4e-05,,0.4489,54,0.4791,0.0,0.0,,0.0,-1.0,2.0
dialled,KRAS,25,90,37.365,0.04979,-0.00254,-0.00823,0.00241,,0.4867,50,0.519,0.046,0.168,3.0,0.05,-1.0,2.0
dialled,KRAS,25,90,37.365,0.19872,0.00569,-0.00071,0.00921,,0.5289,37,0.5518,0.598,0.692,3.0,0.2,-1.0,2.0
dialled,KRAS,25,90,37.365,0.59667,0.01216,0.00182,0.01738,,0.5878,33,0.5941,0.656,0.876,3.0,0.6,-1.0,2.0
dialled,KRAS,25,90,37.365,1.99102,0.01684,0.0078,0.02744,,0.6578,22,0.6518,1.0,1.0,3.0,2.0,-1.0,2.0
dialled,KRAS,25,90,37.365,5.97721,0.03449,0.02229,0.05575,,0.7356,17,0.7142,1.0,1.0,3.0,6.0,-1.0,2.0
dialled,KRAS,25,90,37.365,0.00059,-0.00523,-0.01043,4e-05,,0.4489,54,0.4791,0.0,0.0,,0.0,5.0,0.0
dialled,KRAS,25,90,37.365,0.04792,0.02726,0.02305,0.03461,,0.6289,11,0.6349,1.0,1.0,4.67,0.05,5.0,0.0
dialled,KRAS,25,90,37.365,0.19498,0.08186,0.07032,0.0869,0.069388,0.8133,0,0.8406,1.0,1.0,4.67,0.2,5.0,0.0
dialled,KRAS,25,90,37.365,0.59019,0.14123,0.12464,0.14383,0.130669,0.8733,0,0.9413,1.0,1.0,4.67,0.6,5.0,0.0
dialled,KRAS,25,90,37.365,1.97918,0.31128,0.29147,0.32957,0.312925,0.98,0,0.98,0.986,0.986,4.67,2.0,5.0,0.0
dialled,KRAS,25,90,37.365,5.95672,0.84319,0.78651,0.88256,0.830009,0.9978,0,0.9935,0.982,0.982,4.67,6.0,5.0,0.0
dialled,KRAS,25,90,37.365,0.00059,-0.00523,-0.01043,4e-05,,0.4489,54,0.4791,0.0,0.0,,0.0,5.0,1.0
dialled,KRAS,25,90,37.365,0.04865,0.01172,0.00539,0.01634,,0.5433,27,0.5672,0.918,0.97,3.53,0.05,5.0,1.0
dialled,KRAS,25,90,37.365,0.19645,0.03668,0.02528,0.04872,,0.6911,14,0.6676,1.0,1.0,3.53,0.2,5.0,1.0
dialled,KRAS,25,90,37.365,0.59274,0.05493,0.04894,0.08688,,0.7989,3,0.7578,1.0,1.0,3.53,0.6,5.0,1.0
dialled,KRAS,25,90,37.365,1.98384,0.13048,0.11204,0.17652,0.150948,0.8589,0,0.833,1.0,1.0,3.53,2.0,5.0,1.0
dialled,KRAS,25,90,37.365,5.96478,0.28977,0.23691,0.44205,0.349875,0.9267,0,0.8831,1.0,1.0,3.53,6.0,5.0,1.0
dialled,KRAS,25,90,37.365,0.00059,-0.00523,-0.01043,4e-05,,0.4489,54,0.4791,0.0,0.0,,0.0,5.0,2.0
dialled,KRAS,25,90,37.365,0.04908,-0.00345,-0.00861,0.00511,,0.4811,51,0.5135,0.08,0.188,2.05,0.05,5.0,2.0
dialled,KRAS,25,90,37.365,0.19731,0.00394,-0.00224,0.01164,,0.5256,39,0.543,0.516,0.648,2.05,0.2,5.0,2.0
dialled,KRAS,25,90,37.365,0.59422,0.00914,0.00409,0.01859,,0.5533,28,0.5824,0.872,0.95,2.05,0.6,5.0,2.0
dialled,KRAS,25,90,37.365,1.98654,0.02121,0.01423,0.03373,,0.6478,22,0.6321,0.96,0.964,2.05,2.0,5.0,2.0
dialled,KRAS,25,90,37.365,5.96946,0.03598,0.02626,0.05473,,0.7156,19,0.6876,0.996,1.0,2.05,6.0,5.0,2.0
dialled,KRAS,25,90,37.365,0.00059,-0.00523,-0.01043,4e-05,,0.4489,54,0.4791,0.0,0.0,,0.0,3.0,0.0
dialled,KRAS,25,90,37.365,0.04816,0.02633,0.02195,0.03344,,0.6378,12,0.6228,1.0,1.0,2.89,0.05,3.0,0.0
dialled,KRAS,25,90,37.365,0.19546,0.06085,0.04856,0.06695,0.043883,0.7311,0,0.7966,1.0,1.0,2.89,0.2,3.0,0.0
dialled,KRAS,25,90,37.365,0.59103,0.0823,0.07438,0.09649,0.079403,0.7789,0,0.886,1.0,1.0,2.89,0.6,3.0,0.0
dialled,KRAS,25,90,37.365,1.98072,0.15778,0.14543,0.16925,0.150216,0.8667,0,0.9345,0.998,0.998,2.89,2.0,3.0,0.0
dialled,KRAS,25,90,37.365,5.95938,0.34836,0.32561,0.38958,0.363715,0.9544,0,0.9611,0.802,0.962,2.89,6.0,3.0,0.0
dialled,KRAS,25,90,37.365,0.00059,-0.00523,-0.01043,4e-05,,0.4489,54,0.4791,0.0,0.0,,0.0,3.0,1.0
dialled,KRAS,25,90,37.365,0.04917,0.00937,0.00426,0.01737,,0.5433,28,0.5594,0.92,0.922,2.47,0.05,3.0,1.0
dialled,KRAS,25,90,37.365,0.19748,0.03061,0.0219,0.04066,,0.6544,19,0.6489,1.0,1.0,2.47,0.2,3.0,1.0
dialled,KRAS,25,90,37.365,0.59452,0.04743,0.03955,0.06969,,0.7222,5,0.7303,1.0,1.0,2.47,0.6,3.0,1.0
dialled,KRAS,25,90,37.365,1.98709,0.0874,0.06719,0.11689,,0.7811,2,0.8,0.998,1.0,2.47,2.0,3.0,1.0
dialled,KRAS,25,90,37.365,5.97041,0.16231,0.12261,0.21362,,0.8444,1,0.8509,1.0,1.0,2.47,6.0,3.0,1.0
dialled,KRAS,25,90,37.365,0.00059,-0.00523,-0.01043,4e-05,,0.4489,54,0.4791,0.0,0.0,,0.0,3.0,2.0
dialled,KRAS,25,90,37.365,0.04969,-0.00285,-0.00723,0.00748,,0.4789,47,0.5114,0.046,0.078,1.72,0.05,3.0,2.0
dialled,KRAS,25,90,37.365,0.19852,0.00721,-0.00305,0.0127,,0.5211,38,0.5385,0.504,0.622,1.72,0.2,3.0,2.0
dialled,KRAS,25,90,37.365,0.59633,0.01096,0.00522,0.01912,,0.5478,32,0.5742,0.504,0.722,1.72,0.6,3.0,2.0
dialled,KRAS,25,90,37.365,1.99039,0.0209,0.00624,0.03108,,0.6144,27,0.6222,0.982,0.992,1.72,2.0,3.0,2.0
dialled,KRAS,25,90,37.365,5.97613,0.04003,0.02574,0.05022,,0.6844,15,0.6721,1.0,1.0,1.72,6.0,3.0,2.0
dialled,KRAS,25,90,37.365,0.00059,-0.00523,-0.01043,4e-05,,0.4489,54,0.4791,0.0,0.0,,0.0,2.0,0.0
dialled,KRAS,25,90,37.365,0.04877,0.02383,0.01732,0.02953,,0.5956,16,0.6127,1.0,1.0,1.95,0.05,2.0,0.0
dialled,KRAS,25,90,37.365,0.19668,0.04512,0.03845,0.04916,,0.6778,6,0.7625,1.0,1.0,1.95,0.2,2.0,0.0
dialled,KRAS,25,90,37.365,0.59314,0.05092,0.04727,0.05998,,0.7022,3,0.8336,1.0,1.0,1.95,0.6,2.0,0.0
dialled,KRAS,25,90,37.365,1.98457,0.07807,0.0693,0.0862,0.069656,0.7233,0,0.8765,0.972,0.976,1.95,2.0,2.0,0.0
dialled,KRAS,25,90,37.365,5.96605,0.14116,0.12163,0.15696,0.141933,0.7778,0,0.9064,0.888,0.97,1.95,6.0,2.0,0.0
dialled,KRAS,25,90,37.365,0.00059,-0.00523,-0.01043,4e-05,,0.4489,54,0.4791,0.0,0.0,,0.0,2.0,1.0
dialled,KRAS,25,90,37.365,0.04996,0.01024,0.00434,0.02207,,0.5478,32,0.556,0.926,0.944,1.76,0.05,2.0,1.0
dialled,KRAS,25,90,37.365,0.19906,0.02721,0.01545,0.03852,,0.6189,21,0.6372,0.982,1.0,1.76,0.2,2.0,1.0
dialled,KRAS,25,90,37.365,0.59726,0.04632,0.0335,0.05893,,0.6967,3,0.7092,0.998,1.0,1.76,0.6,2.0,1.0
dialled,KRAS,25,90,37.365,1.99208,0.0622,0.05364,0.07372,,0.7289,4,0.7699,0.988,1.0,1.76,2.0,2.0,1.0
dialled,KRAS,25,90,37.365,5.97906,0.08836,0.07654,0.12077,0.116448,0.7433,0,0.8169,0.998,0.998,1.76,6.0,2.0,1.0
dialled,KRAS,25,90,37.365,0.00059,-0.00523,-0.01043,4e-05,,0.4489,54,0.4791,0.0,0.0,,0.0,2.0,2.0
dialled,KRAS,25,90,37.365,0.05028,-0.00323,-0.00908,0.00655,,0.4733,47,0.5114,0.034,0.048,1.36,0.05,2.0,2.0
dialled,KRAS,25,90,37.365,0.19971,0.00472,-0.00249,0.0112,,0.5022,39,0.5391,0.412,0.49,1.36,0.2,2.0,2.0
dialled,KRAS,25,90,37.365,0.59838,0.01455,0.00377,0.02,,0.5489,31,0.5708,0.522,0.54,1.36,0.6,2.0,2.0
dialled,KRAS,25,90,37.365,1.99414,0.01933,0.00654,0.03382,,0.5933,25,0.6129,0.87,0.87,1.36,2.0,2.0,2.0
dialled,KRAS,25,90,37.365,5.98262,0.0372,0.02481,0.05205,,0.6589,23,0.6607,0.992,0.992,1.36,6.0,2.0,2.0
dialled,KRAS,25,90,37.365,0.00059,-0.00523,-0.01043,4e-05,,0.4489,54,0.4791,0.0,0.0,,0.0,1.0,0.0
dialled,KRAS,25,90,37.365,0.04822,0.01125,0.00596,0.02004,,0.5456,25,0.5942,1.0,1.0,1.0,0.05,1.0,0.0
dialled,KRAS,25,90,37.365,0.19558,0.01981,0.01371,0.0238,,0.5778,19,0.6827,1.0,1.0,1.0,0.2,1.0,0.0
dialled,KRAS,25,90,37.365,0.59123,0.02085,0.01754,0.02587,,0.5933,13,0.7215,0.964,0.974,1.0,0.6,1.0,0.0
dialled,KRAS,25,90,37.365,1.98107,0.02537,0.02127,0.03116,,0.5878,11,0.7412,0.524,0.672,1.0,2.0,1.0,0.0
dialled,KRAS,25,90,37.365,5.95999,0.03339,0.02581,0.04584,,0.5956,10,0.7472,0.002,0.044,1.0,6.0,1.0,0.0
dialled,KRAS,25,90,37.365,0.00059,-0.00523,-0.01043,4e-05,,0.4489,54,0.4791,0.0,0.0,,0.0,1.0,1.0
dialled,KRAS,25,90,37.365,0.04968,0.00678,0.00209,0.01263,,0.5078,33,0.5446,0.304,0.746,1.0,0.05,1.0,1.0
dialled,KRAS,25,90,37.365,0.19851,0.01664,0.01029,0.02234,,0.5711,23,0.604,0.836,0.89,1.0,0.2,1.0,1.0
dialled,KRAS,25,90,37.365,0.5963,0.01905,0.01031,0.02786,,0.56,21,0.6507,0.982,0.996,1.0,0.6,1.0,1.0
dialled,KRAS,25,90,37.365,1.99034,0.02704,0.02038,0.03396,,0.5911,16,0.6963,0.99,1.0,1.0,2.0,1.0,1.0
dialled,KRAS,25,90,37.365,5.97604,0.03417,0.02644,0.04496,,0.6211,9,0.7239,0.934,0.984,1.0,6.0,1.0,1.0
dialled,KRAS,25,90,37.365,0.00059,-0.00523,-0.01043,4e-05,,0.4489,54,0.4791,0.0,0.0,,0.0,1.0,2.0
dialled,KRAS,25,90,37.365,0.05011,-0.00358,-0.00804,0.00336,,0.4644,49,0.5089,0.102,0.266,1.0,0.05,1.0,2.0
dialled,KRAS,25,90,37.365,0.19936,0.00532,-0.00299,0.00924,,0.49,40,0.5301,0.032,0.042,1.0,0.2,1.0,2.0
dialled,KRAS,25,90,37.365,0.59778,0.0076,0.0035,0.01616,,0.5244,32,0.5559,0.278,0.324,1.0,0.6,1.0,2.0
dialled,KRAS,25,90,37.365,1.99304,0.01396,0.00435,0.02718,,0.55,30,0.5881,0.642,0.7,1.0,2.0,1.0,2.0
dialled,KRAS,25,90,37.365,5.98071,0.02034,0.00512,0.03163,,0.5733,28,0.6207,0.758,0.8,1.0,6.0,1.0,2.0
dialled,KRAS,50,20,18.752,-0.00387,-0.00532,-0.01862,0.01704,,0.47,11,0.5171,0.086,0.18,,0.0,-1.0,0.0
dialled,KRAS,50,20,18.752,0.04427,0.04374,0.02755,0.04864,,0.72,1,0.715,1.0,1.0,17.99,0.05,-1.0,0.0
dialled,KRAS,50,20,18.752,0.19217,0.19341,0.16939,0.19703,0.184414,0.99,0,0.9695,0.99,1.0,17.99,0.2,-1.0,0.0
dialled,KRAS,50,20,18.752,0.58867,0.5709,0.555,0.58321,0.567434,1.0,0,1.0,0.0,0.0,17.99,0.6,-1.0,0.0
dialled,KRAS,50,20,18.752,1.98034,1.87697,1.83713,1.89568,1.869152,1.0,0,1.0,0.0,0.0,17.99,2.0,-1.0,0.0
dialled,KRAS,50,20,18.752,5.9627,5.52691,5.41052,5.57785,5.487974,1.0,0,1.0,0.0,0.0,17.99,6.0,-1.0,0.0
dialled,KRAS,50,20,18.752,-0.00387,-0.00532,-0.01862,0.01704,,0.47,11,0.5171,0.086,0.18,,0.0,-1.0,1.0
dialled,KRAS,50,20,18.752,0.04482,0.02033,-0.00203,0.04272,,0.61,7,0.6647,0.678,0.854,5.66,0.05,-1.0,1.0
dialled,KRAS,50,20,18.752,0.19327,0.04708,0.02006,0.09421,,0.765,2,0.7624,0.932,1.0,5.66,0.2,-1.0,1.0
dialled,KRAS,50,20,18.752,0.59057,0.1048,0.04232,0.22736,0.121312,0.875,0,0.8561,0.96,0.998,5.66,0.6,-1.0,1.0
dialled,KRAS,50,20,18.752,1.98382,0.3717,0.14127,0.63906,0.339546,0.93,0,0.9084,0.698,0.948,5.66,2.0,-1.0,1.0
dialled,KRAS,50,20,18.752,5.96873,1.05594,0.41205,1.83371,0.925613,0.97,0,0.9537,0.93,0.956,5.66,6.0,-1.0,1.0
dialled,KRAS,50,20,18.752,-0.00387,-0.00532,-0.01862,0.01704,,0.47,11,0.5171,0.086,0.18,,0.0,-1.0,2.0
dialled,KRAS,50,20,18.752,0.04493,0.01241,-0.00983,0.02565,,0.56,8,0.6142,0.236,0.236,2.5,0.05,-1.0,2.0
dialled,KRAS,50,20,18.752,0.19348,0.01527,-0.00851,0.0374,,0.6,7,0.6592,0.686,0.728,2.5,0.2,-1.0,2.0
dialled,KRAS,50,20,18.752,0.59093,0.03244,-0.00232,0.058,,0.66,8,0.6861,0.914,0.978,2.5,0.6,-1.0,2.0
dialled,KRAS,50,20,18.752,1.98447,0.05587,0.01399,0.13481,,0.74,4,0.7534,1.0,1.0,2.5,2.0,-1.0,2.0
dialled,KRAS,50,20,18.752,5.96986,0.11549,0.04236,0.36668,,0.84,1,0.8232,0.996,1.0,2.5,6.0,-1.0,2.0
dialled,KRAS,50,20,18.752,-0.00387,-0.00532,-0.01862,0.01704,,0.47,11,0.5171,0.086,0.18,,0.0,5.0,0.0
dialled,KRAS,50,20,18.752,0.0425,0.03065,0.01818,0.04161,0.025815,0.69,0,0.7079,1.0,1.0,4.89,0.05,5.0,0.0
dialled,KRAS,50,20,18.752,0.18863,0.08767,0.07764,0.10147,0.088393,0.865,0,0.925,1.0,1.0,4.89,0.2,5.0,0.0
dialled,KRAS,50,20,18.752,0.58254,0.20118,0.19084,0.23174,0.202217,0.96,0,0.9824,0.0,0.79,4.89,0.6,5.0,0.0
dialled,KRAS,50,20,18.752,1.96915,0.60393,0.55451,0.65252,0.579493,1.0,0,0.9955,0.0,0.878,4.89,2.0,5.0,0.0
dialled,KRAS,50,20,18.752,5.94332,1.73749,1.57282,1.88167,1.673931,1.0,0,0.9989,0.0,0.0,4.89,6.0,5.0,0.0
dialled,KRAS,50,20,18.752,-0.00387,-0.00532,-0.01862,0.01704,,0.47,11,0.5171,0.086,0.18,,0.0,5.0,1.0
dialled,KRAS,50,20,18.752,0.04391,0.02298,-0.00157,0.0366,,0.6,6,0.66,0.966,0.976,3.36,0.05,5.0,1.0
dialled,KRAS,50,20,18.752,0.19144,0.04232,0.01479,0.09874,,0.735,2,0.7421,0.99,0.996,3.36,0.2,5.0,1.0
dialled,KRAS,50,20,18.752,0.5874,0.09232,0.05001,0.17518,0.09921,0.875,0,0.8282,0.93,0.962,3.36,0.6,5.0,1.0
dialled,KRAS,50,20,18.752,1.97802,0.23956,0.12865,0.41479,0.265294,0.935,0,0.8913,0.984,0.998,3.36,2.0,5.0,1.0
dialled,KRAS,50,20,18.752,5.95869,0.64771,0.31143,1.0666,0.683517,0.97,0,0.9258,0.142,0.24,3.36,6.0,5.0,1.0
dialled,KRAS,50,20,18.752,-0.00387,-0.00532,-0.01862,0.01704,,0.47,11,0.5171,0.086,0.18,,0.0,5.0,2.0
dialled,KRAS,50,20,18.752,0.04399,0.01182,-0.01158,0.01902,,0.54,9,0.6092,0.794,0.98,2.14,0.05,5.0,2.0
dialled,KRAS,50,20,18.752,0.1916,0.0177,-0.01039,0.04678,,0.615,8,0.6495,0.812,0.844,2.14,0.2,5.0,2.0
dialled,KRAS,50,20,18.752,0.58768,0.02535,-0.00348,0.06512,,0.65,7,0.6732,0.82,0.84,2.14,0.6,5.0,2.0
dialled,KRAS,50,20,18.752,1.97853,0.04408,0.01143,0.12659,,0.735,2,0.7308,0.916,0.984,2.14,2.0,5.0,2.0
dialled,KRAS,50,20,18.752,5.95958,0.08683,0.03441,0.26518,,0.805,3,0.7939,0.968,0.972,2.14,6.0,5.0,2.0
dialled,KRAS,50,20,18.752,-0.00387,-0.00532,-0.01862,0.01704,,0.47,11,0.5171,0.086,0.18,,0.0,3.0,0.0
dialled,KRAS,50,20,18.752,0.0429,0.02229,0.01097,0.04534,,0.635,5,0.6932,0.916,1.0,2.96,0.05,3.0,0.0
dialled,KRAS,50,20,18.752,0.18942,0.05512,0.04499,0.07633,0.046829,0.755,0,0.8661,0.998,0.998,2.96,0.2,3.0,0.0
dialled,KRAS,50,20,18.752,0.5839,0.12044,0.10316,0.13604,0.108616,0.815,0,0.9297,0.136,0.136,2.96,0.6,3.0,0.0
dialled,KRAS,50,20,18.752,1.97163,0.30464,0.27098,0.33231,0.303549,0.94,0,0.9587,0.316,0.632,2.96,2.0,3.0,0.0
dialled,KRAS,50,20,18.752,5.94763,0.80878,0.73945,0.9296,0.840185,0.99,0,0.98,0.16,0.83,2.96,6.0,3.0,0.0
dialled,KRAS,50,20,18.752,-0.00387,-0.00532,-0.01862,0.01704,,0.47,11,0.5171,0.086,0.18,,0.0,3.0,1.0
dialled,KRAS,50,20,18.752,0.044,0.02482,-0.00291,0.04176,,0.61,7,0.6471,0.462,0.534,2.4,0.05,3.0,1.0
dialled,KRAS,50,20,18.752,0.19163,0.0392,0.01475,0.09977,,0.73,3,0.7258,0.992,1.0,2.4,0.2,3.0,1.0
dialled,KRAS,50,20,18.752,0.58773,0.07117,0.0464,0.16232,,0.78,1,0.7882,0.842,0.854,2.4,0.6,3.0,1.0
dialled,KRAS,50,20,18.752,1.97863,0.16974,0.09247,0.35583,0.221198,0.89,0,0.8503,0.036,0.078,2.4,2.0,3.0,1.0
dialled,KRAS,50,20,18.752,5.95975,0.48771,0.14316,0.92221,0.504413,0.915,0,0.8903,0.096,0.176,2.4,6.0,3.0,1.0
dialled,KRAS,50,20,18.752,-0.00387,-0.00532,-0.01862,0.01704,,0.47,11,0.5171,0.086,0.18,,0.0,3.0,2.0
dialled,KRAS,50,20,18.752,0.04404,0.00853,-0.01129,0.02801,,0.53,8,0.6061,0.502,0.784,1.8,0.05,3.0,2.0
dialled,KRAS,50,20,18.752,0.19171,0.0144,-0.00892,0.04352,,0.6,8,0.6413,0.402,0.426,1.8,0.2,3.0,2.0
dialled,KRAS,50,20,18.752,0.58786,0.02802,7e-05,0.07146,,0.66,6,0.6718,0.768,0.848,1.8,0.6,3.0,2.0
dialled,KRAS,50,20,18.752,1.97887,0.04484,0.01391,0.12967,,0.75,3,0.7211,0.548,0.724,1.8,2.0,3.0,2.0
dialled,KRAS,50,20,18.752,5.96017,0.08804,0.03392,0.26561,,0.775,3,0.7718,0.914,0.996,1.8,6.0,3.0,2.0
dialled,KRAS,50,20,18.752,-0.00387,-0.00532,-0.01862,0.01704,,0.47,11,0.5171,0.086,0.18,,0.0,2.0,0.0
dialled,KRAS,50,20,18.752,0.04471,0.01941,0.00271,0.03743,,0.62,5,0.6797,0.914,0.996,1.98,0.05,2.0,0.0
dialled,KRAS,50,20,18.752,0.19305,0.05334,0.03742,0.06153,,0.685,2,0.8255,0.428,0.726,1.98,0.2,2.0,0.0
dialled,KRAS,50,20,18.752,0.59019,0.0706,0.05921,0.09329,0.062606,0.715,0,0.8779,0.168,0.602,1.98,0.6,2.0,0.0
dialled,KRAS,50,20,18.752,1.98311,0.16273,0.12163,0.18613,0.154495,0.845,0,0.9055,0.074,0.41,1.98,2.0,2.0,0.0
dialled,KRAS,50,20,18.752,5.96752,0.37718,0.32347,0.48291,0.395343,0.925,0,0.9284,0.046,0.532,1.98,6.0,2.0,0.0
dialled,KRAS,50,20,18.752,-0.00387,-0.00532,-0.01862,0.01704,,0.47,11,0.5171,0.086,0.18,,0.0,2.0,1.0
dialled,KRAS,50,20,18.752,0.04521,0.02653,-0.00528,0.03881,,0.61,7,0.6345,0.494,0.946,1.79,0.05,2.0,1.0
dialled,KRAS,50,20,18.752,0.19404,0.03231,0.01301,0.05687,,0.66,4,0.7084,0.904,0.974,1.79,0.2,2.0,1.0
dialled,KRAS,50,20,18.752,0.5919,0.05826,0.0352,0.10216,,0.755,1,0.7692,0.866,0.952,1.79,0.6,2.0,1.0
dialled,KRAS,50,20,18.752,1.98624,0.10836,0.06801,0.20307,0.166562,0.8,0,0.8242,0.104,0.184,1.79,2.0,2.0,1.0
dialled,KRAS,50,20,18.752,5.97293,0.25061,0.12473,0.57219,0.348138,0.87,0,0.8524,0.016,0.106,1.79,6.0,2.0,1.0
dialled,KRAS,50,20,18.752,-0.00387,-0.00532,-0.01862,0.01704,,0.47,11,0.5171,0.086,0.18,,0.0,2.0,2.0
dialled,KRAS,50,20,18.752,0.04498,0.01323,-0.00679,0.03275,,0.545,7,0.5987,0.084,0.14,1.59,0.05,2.0,2.0
dialled,KRAS,50,20,18.752,0.19358,0.01301,-0.00425,0.05033,,0.61,7,0.6334,0.414,0.518,1.59,0.2,2.0,2.0
dialled,KRAS,50,20,18.752,0.59111,0.01993,0.00127,0.05969,,0.655,5,0.6618,0.774,0.93,1.59,0.6,2.0,2.0
dialled,KRAS,50,20,18.752,1.9848,0.04373,0.01046,0.08187,,0.7,3,0.7071,0.882,0.95,1.59,2.0,2.0,2.0
dialled,KRAS,50,20,18.752,5.97043,0.07449,0.02527,0.17473,,0.765,2,0.7561,0.46,0.83,1.59,6.0,2.0,2.0
dialled,KRAS,50,20,18.752,-0.00387,-0.00532,-0.01862,0.01704,,0.47,11,0.5171,0.086,0.18,,0.0,1.0,0.0
dialled,KRAS,50,20,18.752,0.04772,0.01905,0.0038,0.03417,,0.605,5,0.6513,0.858,0.89,1.0,0.05,1.0,0.0
dialled,KRAS,50,20,18.752,0.19907,0.03101,0.01266,0.03928,,0.6,4,0.7455,0.32,0.706,1.0,0.2,1.0,0.0
dialled,KRAS,50,20,18.752,0.60062,0.03104,0.02146,0.04146,,0.6,3,0.7608,0.026,0.144,1.0,0.6,1.0,0.0
dialled,KRAS,50,20,18.752,2.00216,0.05401,0.03775,0.07011,,0.64,1,0.7558,0.0,0.0,1.0,2.0,1.0,0.0
dialled,KRAS,50,20,18.752,6.0005,0.1065,0.05839,0.15615,0.092168,0.705,0,0.7584,0.002,0.06,1.0,6.0,1.0,0.0
dialled,KRAS,50,20,18.752,-0.00387,-0.00532,-0.01862,0.01704,,0.47,11,0.5171,0.086,0.18,,0.0,1.0,1.0
dialled,KRAS,50,20,18.752,0.04832,0.02004,-0.00075,0.03023,,0.545,6,0.6089,0.792,0.924,1.0,0.05,1.0,1.0
dialled,KRAS,50,20,18.752,0.20026,0.03422,0.01047,0.05265,,0.59,1,0.6671,0.634,0.664,1.0,0.2,1.0,1.0
dialled,KRAS,50,20,18.752,0.60267,0.0437,0.02206,0.10006,,0.64,1,0.7089,0.508,0.672,1.0,0.6,1.0,1.0
dialled,KRAS,50,20,18.752,2.00591,0.05336,0.02916,0.20177,0.067579,0.635,0,0.7384,0.582,0.89,1.0,2.0,1.0,1.0
dialled,KRAS,50,20,18.752,6.00699,0.06035,0.03342,0.55011,,0.635,2,0.7521,0.166,0.304,1.0,6.0,1.0,1.0
dialled,KRAS,50,20,18.752,-0.00387,-0.00532,-0.01862,0.01704,,0.47,11,0.5171,0.086,0.18,,0.0,1.0,2.0
dialled,KRAS,50,20,18.752,0.04735,0.0131,-0.0087,0.02682,,0.51,8,0.5787,0.432,0.696,1.0,0.05,1.0,2.0
dialled,KRAS,50,20,18.752,0.19832,0.00922,-0.00441,0.03436,,0.55,7,0.6032,0.634,0.928,1.0,0.2,1.0,2.0
dialled,KRAS,50,20,18.752,0.59932,0.02562,0.00319,0.04915,,0.6,4,0.6324,0.74,0.988,1.0,0.6,1.0,2.0
dialled,KRAS,50,20,18.752,1.99979,0.02858,0.00534,0.0919,,0.625,3,0.6711,0.692,0.718,1.0,2.0,1.0,2.0
dialled,KRAS,50,20,18.752,5.99639,0.04315,0.0231,0.16847,,0.615,1,0.6997,0.286,0.372,1.0,6.0,1.0,2.0
dialled,KRAS,50,45,18.794,0.00018,-0.00154,-0.00797,0.00762,,0.4733,23,0.5197,0.346,0.534,,0.0,-1.0,0.0
dialled,KRAS,50,45,18.794,0.04966,0.04681,0.03998,0.05307,,0.7711,1,0.7031,1.0,1.0,38.89,0.05,-1.0,0.0
dialled,KRAS,50,45,18.794,0.19829,0.18951,0.17786,0.19783,0.18838,0.9956,0,0.9617,1.0,1.0,38.89,0.2,-1.0,0.0
dialled,KRAS,50,45,18.794,0.59475,0.5624,0.55247,0.57191,0.565159,1.0,0,1.0,0.0,0.0,38.89,0.6,-1.0,0.0
dialled,KRAS,50,45,18.794,1.98261,1.84528,1.8314,1.85696,1.83961,1.0,0,1.0,0.0,0.0,38.89,2.0,-1.0,0.0
dialled,KRAS,50,45,18.794,5.94827,5.36891,5.35138,5.41119,5.377896,1.0,0,1.0,0.0,0.0,38.89,6.0,-1.0,0.0
dialled,KRAS,50,45,18.794,0.00018,-0.00154,-0.00797,0.00762,,0.4733,23,0.5197,0.346,0.534,,0.0,-1.0,1.0
dialled,KRAS,50,45,18.794,0.05099,0.02421,0.01105,0.02927,,0.6289,14,0.625,0.84,0.848,6.91,0.05,-1.0,1.0
dialled,KRAS,50,45,18.794,0.20096,0.03941,0.02047,0.07128,,0.7378,7,0.7271,0.992,1.0,6.91,0.2,-1.0,1.0
dialled,KRAS,50,45,18.794,0.59937,0.07548,0.05397,0.14308,,0.8378,4,0.8244,0.998,1.0,6.91,0.6,-1.0,1.0
dialled,KRAS,50,45,18.794,1.99105,0.24067,0.12413,0.41771,,0.9133,2,0.9,1.0,1.0,6.91,2.0,-1.0,1.0
dialled,KRAS,50,45,18.794,5.96289,0.7055,0.37685,1.17271,0.662486,0.9489,0,0.9328,0.984,1.0,6.91,6.0,-1.0,1.0
dialled,KRAS,50,45,18.794,0.00018,-0.00154,-0.00797,0.00762,,0.4733,23,0.5197,0.346,0.534,,0.0,-1.0,2.0
dialled,KRAS,50,45,18.794,0.05153,0.00752,-0.00083,0.01246,,0.5333,16,0.5675,0.442,0.976,2.7,0.05,-1.0,2.0
dialled,KRAS,50,45,18.794,0.20202,0.01322,0.00628,0.02071,,0.5711,14,0.6005,0.856,0.978,2.7,0.2,-1.0,2.0
dialled,KRAS,50,45,18.794,0.60122,0.01936,0.00598,0.03499,,0.6156,15,0.6386,0.972,1.0,2.7,0.6,-1.0,2.0
dialled,KRAS,50,45,18.794,1.99443,0.02674,0.0116,0.05133,,0.6644,12,0.6858,1.0,1.0,2.7,2.0,-1.0,2.0
dialled,KRAS,50,45,18.794,5.96874,0.0463,0.01964,0.09159,,0.7489,9,0.733,1.0,1.0,2.7,6.0,-1.0,2.0
dialled,KRAS,50,45,18.794,0.00018,-0.00154,-0.00797,0.00762,,0.4733,23,0.5197,0.346,0.534,,0.0,5.0,0.0
dialled,KRAS,50,45,18.794,0.04854,0.03324,0.02583,0.04115,,0.6933,2,0.6801,1.0,1.0,4.78,0.05,5.0,0.0
dialled,KRAS,50,45,18.794,0.19605,0.08419,0.07726,0.09549,0.081406,0.86,0,0.8851,1.0,1.0,4.78,0.2,5.0,0.0
dialled,KRAS,50,45,18.794,0.59087,0.1568,0.15064,0.18241,0.161032,0.9289,0,0.96,1.0,1.0,4.78,0.6,5.0,0.0
dialled,KRAS,50,45,18.794,1.97553,0.43212,0.39293,0.44234,0.412444,0.9956,0,0.9865,0.802,0.818,4.78,2.0,5.0,0.0
dialled,KRAS,50,45,18.794,5.93601,1.13559,1.06975,1.24188,1.131948,1.0,0,0.9957,0.672,0.76,4.78,6.0,5.0,0.0
dialled,KRAS,50,45,18.794,0.00018,-0.00154,-0.00797,0.00762,,0.4733,23,0.5197,0.346,0.534,,0.0,5.0,1.0
dialled,KRAS,50,45,18.794,0.05039,0.02138,0.0011,0.02996,,0.6067,15,0.6137,0.996,1.0,3.17,0.05,5.0,1.0
dialled,KRAS,50,45,18.794,0.19976,0.03855,0.01474,0.0565,,0.7067,7,0.6968,0.998,1.0,3.17,0.2,5.0,1.0
dialled,KRAS,50,45,18.794,0.5973,0.06278,0.03813,0.10806,,0.7822,2,0.7838,1.0,1.0,3.17,0.6,5.0,1.0
dialled,KRAS,50,45,18.794,1.98726,0.14378,0.09337,0.25078,,0.8733,1,0.8544,1.0,1.0,3.17,2.0,5.0,1.0
dialled,KRAS,50,45,18.794,5.95633,0.35544,0.21867,0.5813,0.397863,0.9378,0,0.8996,1.0,1.0,3.17,6.0,5.0,1.0
dialled,KRAS,50,45,18.794,0.00018,-0.00154,-0.00797,0.00762,,0.4733,23,0.5197,0.346,0.534,,0.0,5.0,2.0
dialled,KRAS,50,45,18.794,0.05131,0.01045,0.00016,0.01894,,0.54,15,0.5672,0.774,0.966,1.92,0.05,5.0,2.0
dialled,KRAS,50,45,18.794,0.2016,0.01467,0.00519,0.02041,,0.5689,14,0.5934,0.862,0.876,1.92,0.2,5.0,2.0
dialled,KRAS,50,45,18.794,0.60049,0.01596,0.006,0.03128,,0.6311,14,0.6236,0.994,1.0,1.92,0.6,5.0,2.0
dialled,KRAS,50,45,18.794,1.99308,0.01845,0.00355,0.04471,,0.6422,14,0.6618,1.0,1.0,1.92,2.0,5.0,2.0
dialled,KRAS,50,45,18.794,5.96641,0.03354,0.01278,0.08293,,0.7089,6,0.7102,1.0,1.0,1.92,6.0,5.0,2.0
dialled,KRAS,50,45,18.794,0.00018,-0.00154,-0.00797,0.00762,,0.4733,23,0.5197,0.346,0.534,,0.0,3.0,0.0
dialled,KRAS,50,45,18.794,0.04891,0.03132,0.01861,0.04181,,0.6689,4,0.6654,0.998,0.998,2.9,0.05,3.0,0.0
dialled,KRAS,50,45,18.794,0.19679,0.05654,0.04767,0.07045,,0.7667,1,0.833,1.0,1.0,2.9,0.2,3.0,0.0
dialled,KRAS,50,45,18.794,0.59216,0.0924,0.07486,0.1042,0.088358,0.8089,0,0.9064,1.0,1.0,2.9,0.6,3.0,0.0
dialled,KRAS,50,45,18.794,1.97788,0.20199,0.18598,0.21844,0.199048,0.9111,0,0.9411,0.546,0.824,2.9,2.0,3.0,0.0
dialled,KRAS,50,45,18.794,5.94008,0.52248,0.47815,0.56443,0.5136,0.9689,0,0.9634,0.71,0.968,2.9,6.0,3.0,0.0
dialled,KRAS,50,45,18.794,0.00018,-0.00154,-0.00797,0.00762,,0.4733,23,0.5197,0.346,0.534,,0.0,3.0,1.0
dialled,KRAS,50,45,18.794,0.05046,0.02048,0.01318,0.03411,,0.62,9,0.6057,0.946,1.0,2.23,0.05,3.0,1.0
dialled,KRAS,50,45,18.794,0.19989,0.03859,0.01184,0.05346,,0.6822,9,0.6807,0.8,0.96,2.23,0.2,3.0,1.0
dialled,KRAS,50,45,18.794,0.59753,0.06651,0.0355,0.09253,,0.7556,2,0.7666,1.0,1.0,2.23,0.6,3.0,1.0
dialled,KRAS,50,45,18.794,1.98768,0.09663,0.07053,0.15128,,0.8267,1,0.8274,0.998,1.0,2.23,2.0,3.0,1.0
dialled,KRAS,50,45,18.794,5.95705,0.19495,0.14019,0.34826,0.259019,0.8889,0,0.8674,0.988,1.0,2.23,6.0,3.0,1.0
dialled,KRAS,50,45,18.794,0.00018,-0.00154,-0.00797,0.00762,,0.4733,23,0.5197,0.346,0.534,,0.0,3.0,2.0
dialled,KRAS,50,45,18.794,0.05112,0.00895,-4e-05,0.01571,,0.5444,16,0.5625,0.618,0.908,1.61,0.05,3.0,2.0
dialled,KRAS,50,45,18.794,0.20122,0.01722,0.00897,0.02216,,0.5844,14,0.5859,0.756,0.824,1.61,0.2,3.0,2.0
dialled,KRAS,50,45,18.794,0.59983,0.02189,0.00761,0.03502,,0.6533,15,0.6167,0.994,1.0,1.61,0.6,3.0,2.0
dialled,KRAS,50,45,18.794,1.99187,0.02323,0.00438,0.04605,,0.6511,15,0.6585,1.0,1.0,1.61,2.0,3.0,2.0
dialled,KRAS,50,45,18.794,5.96432,0.03845,0.01379,0.06319,,0.6956,8,0.7035,1.0,1.0,1.61,6.0,3.0,2.0
dialled,KRAS,50,45,18.794,0.00018,-0.00154,-0.00797,0.00762,,0.4733,23,0.5197,0.346,0.534,,0.0,2.0,0.0
dialled,KRAS,50,45,18.794,0.04946,0.02736,0.01543,0.03404,,0.6467,5,0.6582,1.0,1.0,1.96,0.05,2.0,0.0
dialled,KRAS,50,45,18.794,0.1979,0.04271,0.03919,0.04916,,0.6956,3,0.8011,1.0,1.0,1.96,0.2,2.0,0.0
dialled,KRAS,50,45,18.794,0.59408,0.06722,0.0519,0.07474,,0.7511,2,0.8572,0.978,0.996,1.96,0.6,2.0,0.0
dialled,KRAS,50,45,18.794,1.98138,0.11568,0.08786,0.14088,0.102251,0.7867,0,0.8886,0.83,0.854,1.96,2.0,2.0,0.0
dialled,KRAS,50,45,18.794,5.94614,0.24849,0.17311,0.31654,0.230489,0.8667,0,0.9122,0.024,0.32,1.96,6.0,2.0,0.0
dialled,KRAS,50,45,18.794,0.00018,-0.00154,-0.00797,0.00762,,0.4733,23,0.5197,0.346,0.534,,0.0,2.0,1.0
dialled,KRAS,50,45,18.794,0.05032,0.01813,0.00555,0.02903,,0.6067,13,0.5988,0.934,1.0,1.73,0.05,2.0,1.0
dialled,KRAS,50,45,18.794,0.19962,0.02631,0.01419,0.05208,,0.6622,7,0.6714,0.996,0.998,1.73,0.2,2.0,1.0
dialled,KRAS,50,45,18.794,0.59706,0.05435,0.03624,0.07294,,0.7467,2,0.741,0.992,0.992,1.73,0.6,2.0,1.0
dialled,KRAS,50,45,18.794,1.98682,0.07242,0.0519,0.10855,,0.7689,1,0.7985,1.0,1.0,1.73,2.0,2.0,1.0
dialled,KRAS,50,45,18.794,5.95556,0.12272,0.0835,0.21508,0.175932,0.82,0,0.8323,0.92,0.962,1.73,6.0,2.0,1.0
dialled,KRAS,50,45,18.794,0.00018,-0.00154,-0.00797,0.00762,,0.4733,23,0.5197,0.346,0.534,,0.0,2.0,2.0
dialled,KRAS,50,45,18.794,0.05158,0.01017,0.00037,0.01683,,0.5422,15,0.5607,0.458,0.534,1.4,0.05,2.0,2.0
dialled,KRAS,50,45,18.794,0.20213,0.0158,0.00032,0.02538,,0.5867,15,0.5832,0.582,0.634,1.4,0.2,2.0,2.0
dialled,KRAS,50,45,18.794,0.60141,0.0169,0.0052,0.03759,,0.6111,12,0.6113,0.954,0.998,1.4,0.6,2.0,2.0
dialled,KRAS,50,45,18.794,1.99476,0.02733,0.00749,0.03977,,0.6489,12,0.6528,0.988,1.0,1.4,2.0,2.0,2.0
dialled,KRAS,50,45,18.794,5.96933,0.03927,0.0186,0.0653,,0.7022,8,0.6974,1.0,1.0,1.4,6.0,2.0,2.0
dialled,KRAS,50,45,18.794,0.00018,-0.00154,-0.00797,0.00762,,0.4733,23,0.5197,0.346,0.534,,0.0,1.0,0.0
dialled,KRAS,50,45,18.794,0.04975,0.01355,0.00645,0.02494,,0.5711,12,0.6305,0.77,1.0,1.0,0.05,1.0,0.0
dialled,KRAS,50,45,18.794,0.19847,0.02724,0.01541,0.03377,,0.6133,8,0.719,0.98,1.0,1.0,0.2,1.0,0.0
dialled,KRAS,50,45,18.794,0.59507,0.0296,0.01731,0.03576,,0.66,10,0.7405,0.684,0.798,1.0,0.6,1.0,0.0
dialled,KRAS,50,45,18.794,1.98319,0.03258,0.02641,0.04269,,0.6156,6,0.7494,0.044,0.09,1.0,2.0,1.0,0.0
dialled,KRAS,50,45,18.794,5.94928,0.04543,0.0393,0.05548,,0.6311,3,0.7515,0.054,0.2,1.0,6.0,1.0,0.0
dialled,KRAS,50,45,18.794,0.00018,-0.00154,-0.00797,0.00762,,0.4733,23,0.5197,0.346,0.534,,0.0,1.0,1.0
dialled,KRAS,50,45,18.794,0.05181,0.01391,0.00476,0.02661,,0.5889,14,0.587,0.828,0.856,1.0,0.05,1.0,1.0
dialled,KRAS,50,45,18.794,0.20258,0.02832,0.01456,0.03766,,0.6467,8,0.6376,0.992,1.0,1.0,0.2,1.0,1.0
dialled,KRAS,50,45,18.794,0.6022,0.03218,0.01904,0.0418,,0.66,6,0.6887,0.992,0.994,1.0,0.6,1.0,1.0
dialled,KRAS,50,45,18.794,1.9962,0.03556,0.02373,0.05422,,0.6467,3,0.7274,0.952,0.966,1.0,2.0,1.0,1.0
dialled,KRAS,50,45,18.794,5.97182,0.0435,0.03675,0.07657,,0.7222,4,0.7462,0.672,0.832,1.0,6.0,1.0,1.0
dialled,KRAS,50,45,18.794,0.00018,-0.00154,-0.00797,0.00762,,0.4733,23,0.5197,0.346,0.534,,0.0,1.0,2.0
dialled,KRAS,50,45,18.794,0.05255,0.01092,-0.00903,0.01454,,0.5133,17,0.5607,0.648,0.722,1.0,0.05,1.0,2.0
dialled,KRAS,50,45,18.794,0.20407,0.01082,-0.00618,0.02125,,0.5267,18,0.5811,0.878,0.926,1.0,0.2,1.0,2.0
dialled,KRAS,50,45,18.794,0.60478,0.01264,-0.00267,0.02834,,0.5622,16,0.6031,0.954,0.986,1.0,0.6,1.0,2.0
dialled,KRAS,50,45,18.794,2.00091,0.02431,0.00936,0.03269,,0.5978,13,0.6333,0.972,0.972,1.0,2.0,1.0,2.0
dialled,KRAS,50,45,18.794,5.97997,0.02541,0.01853,0.04482,,0.6378,9,0.6637,0.838,0.84,1.0,6.0,1.0,2.0
dialled,KRAS,50,90,18.781,2e-05,-0.00071,-0.01025,0.004,,0.45,46,0.5014,0.116,0.28,,0.0,-1.0,0.0
dialled,KRAS,50,90,18.781,0.04918,0.04421,0.03873,0.04847,0.038396,0.7544,0,0.6846,1.0,1.0,69.63,0.05,-1.0,0.0
dialled,KRAS,50,90,18.781,0.19893,0.18802,0.18061,0.1941,0.187702,0.9944,0,0.9554,1.0,1.0,69.63,0.2,-1.0,0.0
dialled,KRAS,50,90,18.781,0.59961,0.55947,0.55087,0.56704,0.561846,1.0,0,0.9999,0.0,0.864,69.63,0.6,-1.0,0.0
dialled,KRAS,50,90,18.781,2.00459,1.834,1.82497,1.84921,1.83438,1.0,0,1.0,0.0,0.0,69.63,2.0,-1.0,0.0
dialled,KRAS,50,90,18.781,6.02281,5.35216,5.32781,5.37209,5.346046,1.0,0,1.0,0.0,0.0,69.63,6.0,-1.0,0.0
dialled,KRAS,50,90,18.781,2e-05,-0.00071,-0.01025,0.004,,0.45,46,0.5014,0.116,0.28,,0.0,-1.0,1.0
dialled,KRAS,50,90,18.781,0.05006,0.01728,0.00964,0.02272,,0.6,26,0.6071,1.0,1.0,11.01,0.05,-1.0,1.0
dialled,KRAS,50,90,18.781,0.20069,0.03844,0.02787,0.04939,,0.7211,12,0.7236,1.0,1.0,11.01,0.2,-1.0,1.0
dialled,KRAS,50,90,18.781,0.60267,0.08928,0.06952,0.11413,,0.8356,10,0.8317,1.0,1.0,11.01,0.6,-1.0,1.0
dialled,KRAS,50,90,18.781,2.01016,0.2868,0.19695,0.36161,0.245233,0.9089,0,0.8989,0.998,0.998,11.01,2.0,-1.0,1.0
dialled,KRAS,50,90,18.781,6.03246,0.85465,0.54377,1.10814,0.71751,0.9711,0,0.9451,1.0,1.0,11.01,6.0,-1.0,1.0
dialled,KRAS,50,90,18.781,2e-05,-0.00071,-0.01025,0.004,,0.45,46,0.5014,0.116,0.28,,0.0,-1.0,2.0
dialled,KRAS,50,90,18.781,0.05104,0.00316,-0.00296,0.00845,,0.5033,39,0.5419,0.542,0.77,3.01,0.05,-1.0,2.0
dialled,KRAS,50,90,18.781,0.20265,0.00808,0.00153,0.01348,,0.5322,33,0.5763,0.988,1.0,3.01,0.2,-1.0,2.0
dialled,KRAS,50,90,18.781,0.60606,0.00929,0.00106,0.02198,,0.5933,35,0.6172,0.974,0.974,3.01,0.6,-1.0,2.0
dialled,KRAS,50,90,18.781,2.01635,0.01764,0.01109,0.0265,,0.6656,21,0.672,1.0,1.0,3.01,2.0,-1.0,2.0
dialled,KRAS,50,90,18.781,6.04319,0.03991,0.02444,0.05587,,0.7311,15,0.734,1.0,1.0,3.01,6.0,-1.0,2.0
dialled,KRAS,50,90,18.781,2e-05,-0.00071,-0.01025,0.004,,0.45,46,0.5014,0.116,0.28,,0.0,5.0,0.0
dialled,KRAS,50,90,18.781,0.04764,0.03273,0.0279,0.03734,,0.6478,9,0.6551,1.0,1.0,4.63,0.05,5.0,0.0
dialled,KRAS,50,90,18.781,0.19584,0.07278,0.0663,0.08028,0.06806,0.8233,0,0.8529,1.0,1.0,4.63,0.2,5.0,0.0
dialled,KRAS,50,90,18.781,0.59427,0.14755,0.13756,0.15115,0.139984,0.8944,0,0.9422,1.0,1.0,4.63,0.6,5.0,0.0
dialled,KRAS,50,90,18.781,1.99483,0.32518,0.30201,0.35643,0.328691,0.9756,0,0.9795,0.998,1.0,4.63,2.0,5.0,0.0
dialled,KRAS,50,90,18.781,6.00592,0.85884,0.82224,0.92552,0.881068,0.9978,0,0.9932,0.262,0.872,4.63,6.0,5.0,0.0
dialled,KRAS,50,90,18.781,2e-05,-0.00071,-0.01025,0.004,,0.45,46,0.5014,0.116,0.28,,0.0,5.0,1.0
dialled,KRAS,50,90,18.781,0.04919,0.01719,0.00448,0.02287,,0.5811,29,0.5982,1.0,1.0,3.61,0.05,5.0,1.0
dialled,KRAS,50,90,18.781,0.19894,0.03527,0.02433,0.04837,,0.7022,15,0.6943,1.0,1.0,3.61,0.2,5.0,1.0
dialled,KRAS,50,90,18.781,0.59964,0.07092,0.04847,0.09896,,0.7944,8,0.7828,1.0,1.0,3.61,0.6,5.0,1.0
dialled,KRAS,50,90,18.781,2.00463,0.14456,0.11319,0.20892,,0.8533,2,0.8523,1.0,1.0,3.61,2.0,5.0,1.0
dialled,KRAS,50,90,18.781,6.02288,0.3783,0.22269,0.46103,0.360336,0.9389,0,0.8991,1.0,1.0,3.61,6.0,5.0,1.0
dialled,KRAS,50,90,18.781,2e-05,-0.00071,-0.01025,0.004,,0.45,46,0.5014,0.116,0.28,,0.0,5.0,2.0
dialled,KRAS,50,90,18.781,0.05094,0.00784,-0.00031,0.00995,,0.4989,37,0.5403,0.7,0.75,2.01,0.05,5.0,2.0
dialled,KRAS,50,90,18.781,0.20245,0.0075,0.00081,0.01671,,0.54,35,0.5718,0.974,0.978,2.01,0.2,5.0,2.0
dialled,KRAS,50,90,18.781,0.60572,0.01656,0.00479,0.02149,,0.5944,29,0.6085,0.954,1.0,2.01,0.6,5.0,2.0
dialled,KRAS,50,90,18.781,2.01574,0.02165,0.01171,0.03068,,0.6467,25,0.655,1.0,1.0,2.01,2.0,5.0,2.0
dialled,KRAS,50,90,18.781,6.04213,0.03767,0.0231,0.05232,,0.7222,14,0.7091,1.0,1.0,2.01,6.0,5.0,2.0
dialled,KRAS,50,90,18.781,2e-05,-0.00071,-0.01025,0.004,,0.45,46,0.5014,0.116,0.28,,0.0,3.0,0.0
dialled,KRAS,50,90,18.781,0.04724,0.02359,0.01785,0.02856,,0.6211,10,0.6445,1.0,1.0,2.86,0.05,3.0,0.0
dialled,KRAS,50,90,18.781,0.19505,0.05228,0.04573,0.06049,,0.7456,3,0.8125,1.0,1.0,2.86,0.2,3.0,0.0
dialled,KRAS,50,90,18.781,0.5929,0.08291,0.0783,0.09003,,0.7911,1,0.8901,1.0,1.0,2.86,0.6,3.0,0.0
dialled,KRAS,50,90,18.781,1.99234,0.14988,0.13872,0.17189,0.15018,0.8578,0,0.9321,0.952,1.0,2.86,2.0,3.0,0.0
dialled,KRAS,50,90,18.781,6.00159,0.33652,0.31128,0.37671,0.351499,0.9433,0,0.9588,0.884,1.0,2.86,6.0,3.0,0.0
dialled,KRAS,50,90,18.781,2e-05,-0.00071,-0.01025,0.004,,0.45,46,0.5014,0.116,0.28,,0.0,3.0,1.0
dialled,KRAS,50,90,18.781,0.04875,0.01995,0.01177,0.02315,,0.5878,24,0.5877,0.994,0.998,2.47,0.05,3.0,1.0
dialled,KRAS,50,90,18.781,0.19807,0.03849,0.02787,0.04919,,0.6756,13,0.6787,1.0,1.0,2.47,0.2,3.0,1.0
dialled,KRAS,50,90,18.781,0.59814,0.05839,0.04639,0.0769,,0.7411,9,0.7584,1.0,1.0,2.47,0.6,3.0,1.0
dialled,KRAS,50,90,18.781,2.0019,0.09593,0.07807,0.11539,,0.8044,4,0.8224,1.0,1.0,2.47,2.0,3.0,1.0
dialled,KRAS,50,90,18.781,6.01815,0.19325,0.1234,0.22877,0.209015,0.8489,0,0.8676,1.0,1.0,2.47,6.0,3.0,1.0
dialled,KRAS,50,90,18.781,2e-05,-0.00071,-0.01025,0.004,,0.45,46,0.5014,0.116,0.28,,0.0,3.0,2.0
dialled,KRAS,50,90,18.781,0.05084,0.00271,-0.00073,0.01077,,0.5067,36,0.5353,0.542,0.706,1.78,0.05,3.0,2.0
dialled,KRAS,50,90,18.781,0.20225,0.01021,0.00259,0.01607,,0.5367,31,0.564,0.904,0.986,1.78,0.2,3.0,2.0
dialled,KRAS,50,90,18.781,0.60538,0.0153,0.00627,0.0215,,0.5811,29,0.5986,0.88,0.882,1.78,0.6,3.0,2.0
dialled,KRAS,50,90,18.781,2.01511,0.02801,0.01301,0.03681,,0.6367,22,0.6436,0.998,0.998,1.78,2.0,3.0,2.0
dialled,KRAS,50,90,18.781,6.04103,0.03704,0.02873,0.05548,,0.69,17,0.6958,1.0,1.0,1.78,6.0,3.0,2.0
dialled,KRAS,50,90,18.781,2e-05,-0.00071,-0.01025,0.004,,0.45,46,0.5014,0.116,0.28,,0.0,2.0,0.0
dialled,KRAS,50,90,18.781,0.04833,0.02155,0.01408,0.03015,,0.5822,14,0.6329,1.0,1.0,1.94,0.05,2.0,0.0
dialled,KRAS,50,90,18.781,0.19723,0.04012,0.03739,0.04287,,0.6811,6,0.77,1.0,1.0,1.94,0.2,2.0,0.0
dialled,KRAS,50,90,18.781,0.59667,0.0526,0.04283,0.06091,,0.6911,3,0.8354,1.0,1.0,1.94,0.6,2.0,0.0
dialled,KRAS,50,90,18.781,1.99922,0.07793,0.0676,0.08905,,0.7389,1,0.8716,0.83,0.866,1.94,2.0,2.0,0.0
dialled,KRAS,50,90,18.781,6.01351,0.14767,0.12804,0.16319,,0.7889,1,0.8998,0.164,0.57,1.94,6.0,2.0,0.0
dialled,KRAS,50,90,18.781,2e-05,-0.00071,-0.01025,0.004,,0.45,46,0.5014,0.116,0.28,,0.0,2.0,1.0
dialled,KRAS,50,90,18.781,0.04951,0.01114,0.00456,0.01924,,0.5611,22,0.5835,0.996,0.998,1.76,0.05,2.0,1.0
dialled,KRAS,50,90,18.781,0.19959,0.02947,0.01929,0.04222,,0.6489,12,0.6621,1.0,1.0,1.76,0.2,2.0,1.0
dialled,KRAS,50,90,18.781,0.60077,0.04803,0.03245,0.05481,,0.6944,8,0.7279,1.0,1.0,1.76,0.6,2.0,1.0
dialled,KRAS,50,90,18.781,2.0067,0.06481,0.047,0.07331,,0.7289,5,0.7831,1.0,1.0,1.76,2.0,2.0,1.0
dialled,KRAS,50,90,18.781,6.02646,0.09093,0.07188,0.10428,,0.7644,4,0.8226,0.982,0.982,1.76,6.0,2.0,1.0
dialled,KRAS,50,90,18.781,2e-05,-0.00071,-0.01025,0.004,,0.45,46,0.5014,0.116,0.28,,0.0,2.0,2.0
dialled,KRAS,50,90,18.781,0.05118,0.00319,-0.00103,0.00982,,0.4922,37,0.5352,0.336,0.41,1.44,0.05,2.0,2.0
dialled,KRAS,50,90,18.781,0.20294,0.01063,0.00112,0.01604,,0.5367,34,0.5606,0.846,0.948,1.44,0.2,2.0,2.0
dialled,KRAS,50,90,18.781,0.60656,0.01712,0.00401,0.02089,,0.5611,33,0.5932,0.87,0.892,1.44,0.6,2.0,2.0
dialled,KRAS,50,90,18.781,2.01727,0.02225,0.011,0.02952,,0.6222,21,0.6332,0.968,0.968,1.44,2.0,2.0,2.0
dialled,KRAS,50,90,18.781,6.04478,0.03836,0.02344,0.04882,,0.6611,16,0.6777,0.994,1.0,1.44,6.0,2.0,2.0
dialled,KRAS,50,90,18.781,2e-05,-0.00071,-0.01025,0.004,,0.45,46,0.5014,0.116,0.28,,0.0,1.0,0.0
dialled,KRAS,50,90,18.781,0.04756,0.01045,0.00635,0.01765,,0.5378,31,0.6139,1.0,1.0,1.0,0.05,1.0,0.0
dialled,KRAS,50,90,18.781,0.19568,0.02113,0.01395,0.02772,,0.5667,19,0.6999,1.0,1.0,1.0,0.2,1.0,0.0
dialled,KRAS,50,90,18.781,0.59399,0.02873,0.02239,0.0321,,0.6,12,0.7346,0.498,0.5,1.0,0.6,1.0,0.0
dialled,KRAS,50,90,18.781,1.99432,0.03297,0.02676,0.04042,,0.6233,7,0.7467,0.27,0.422,1.0,2.0,1.0,0.0
dialled,KRAS,50,90,18.781,6.00503,0.04092,0.02645,0.05036,,0.6333,9,0.7499,0.282,0.376,1.0,6.0,1.0,0.0
dialled,KRAS,50,90,18.781,2e-05,-0.00071,-0.01025,0.004,,0.45,46,0.5014,0.116,0.28,,0.0,1.0,1.0
dialled,KRAS,50,90,18.781,0.04854,0.01011,0.00507,0.01733,,0.5344,28,0.5695,0.99,1.0,1.0,0.05,1.0,1.0
dialled,KRAS,50,90,18.781,0.19766,0.02119,0.01512,0.02604,,0.6033,16,0.6273,0.998,0.998,1.0,0.2,1.0,1.0
dialled,KRAS,50,90,18.781,0.59741,0.02908,0.01967,0.03626,,0.6044,12,0.6762,1.0,1.0,1.0,0.6,1.0,1.0
dialled,KRAS,50,90,18.781,2.00057,0.03324,0.02057,0.04474,,0.6078,12,0.7176,0.992,0.992,1.0,2.0,1.0,1.0
dialled,KRAS,50,90,18.781,6.01585,0.04212,0.03163,0.04891,,0.6356,14,0.7377,0.598,0.606,1.0,6.0,1.0,1.0
dialled,KRAS,50,90,18.781,2e-05,-0.00071,-0.01025,0.004,,0.45,46,0.5014,0.116,0.28,,0.0,1.0,2.0
dialled,KRAS,50,90,18.781,0.04985,0.00515,-0.003,0.01431,,0.4989,37,0.5368,0.758,0.898,1.0,0.05,1.0,2.0
dialled,KRAS,50,90,18.781,0.20028,0.00988,0.00329,0.01565,,0.53,29,0.5608,0.936,0.966,1.0,0.2,1.0,2.0
dialled,KRAS,50,90,18.781,0.60195,0.01372,0.00847,0.02442,,0.5633,25,0.5818,0.84,0.966,1.0,0.6,1.0,2.0
dialled,KRAS,50,90,18.781,2.00885,0.02371,0.01377,0.03019,,0.6089,21,0.6165,0.988,0.988,1.0,2.0,1.0,2.0
dialled,KRAS,50,90,18.781,6.0302,0.02398,0.01421,0.03337,,0.5889,19,0.6489,0.998,0.998,1.0,6.0,1.0,2.0
dialled,KRAS,100,20,9.387,-0.00432,-0.01496,-0.02625,-0.00921,,0.425,15,0.4797,0.0,0.004,,0.0,-1.0,0.0
dialled,KRAS,100,20,9.387,0.04293,0.0371,0.0238,0.04924,,0.68,2,0.6411,0.992,0.994,18.01,0.05,-1.0,0.0
dialled,KRAS,100,20,9.387,0.18784,0.18533,0.17656,0.19064,0.1778,1.0,0,0.9313,1.0,1.0,18.01,0.2,-1.0,0.0
dialled,KRAS,100,20,9.387,0.57617,0.55593,0.53523,0.58137,0.553847,1.0,0,1.0,0.0,0.0,18.01,0.6,-1.0,0.0
dialled,KRAS,100,20,9.387,1.9389,1.83552,1.80119,1.86955,1.831693,1.0,0,1.0,0.0,0.0,18.01,2.0,-1.0,0.0
dialled,KRAS,100,20,9.387,5.83802,5.4232,5.30443,5.44593,5.389353,1.0,0,1.0,0.0,0.0,18.01,6.0,-1.0,0.0
dialled,KRAS,100,20,9.387,-0.00432,-0.01496,-0.02625,-0.00921,,0.425,15,0.4797,0.0,0.004,,0.0,-1.0,1.0
dialled,KRAS,100,20,9.387,0.04475,0.00092,-0.0068,0.01426,,0.55,9,0.6013,0.372,0.598,5.65,0.05,-1.0,1.0
dialled,KRAS,100,20,9.387,0.19148,0.03172,0.01702,0.07764,,0.755,2,0.7163,0.568,0.578,5.65,0.2,-1.0,1.0
dialled,KRAS,100,20,9.387,0.58247,0.09802,0.03085,0.19106,,0.795,2,0.8258,0.972,1.0,5.65,0.6,-1.0,1.0
dialled,KRAS,100,20,9.387,1.95041,0.33601,0.12233,0.58197,,0.89,1,0.8892,0.72,0.998,5.65,2.0,-1.0,1.0
dialled,KRAS,100,20,9.387,5.85795,1.02623,0.3888,1.71975,0.867011,0.985,0,0.9437,0.97,0.988,5.65,6.0,-1.0,1.0
dialled,KRAS,100,20,9.387,-0.00432,-0.01496,-0.02625,-0.00921,,0.425,15,0.4797,0.0,0.004,,0.0,-1.0,2.0
dialled,KRAS,100,20,9.387,0.04588,-0.01153,-0.01711,-0.005,,0.48,15,0.5582,0.03,0.048,2.49,0.05,-1.0,2.0
dialled,KRAS,100,20,9.387,0.19375,-0.00724,-0.01803,0.00514,,0.545,11,0.6187,0.274,0.544,2.49,0.2,-1.0,2.0
dialled,KRAS,100,20,9.387,0.58641,0.00608,-0.00701,0.03248,,0.62,9,0.655,0.564,0.86,2.49,0.6,-1.0,2.0
dialled,KRAS,100,20,9.387,1.9576,0.02035,0.00621,0.11435,,0.71,4,0.7242,0.836,0.998,2.49,2.0,-1.0,2.0
dialled,KRAS,100,20,9.387,5.87041,0.08518,0.01249,0.30371,,0.775,3,0.7913,0.926,0.932,2.49,6.0,-1.0,2.0
dialled,KRAS,100,20,9.387,-0.00432,-0.01496,-0.02625,-0.00921,,0.425,15,0.4797,0.0,0.004,,0.0,5.0,0.0
dialled,KRAS,100,20,9.387,0.04442,0.02677,0.02177,0.04239,,0.655,1,0.6371,0.78,0.898,4.92,0.05,5.0,0.0
dialled,KRAS,100,20,9.387,0.19083,0.08982,0.07058,0.09945,0.082961,0.795,0,0.8805,1.0,1.0,4.92,0.2,5.0,0.0
dialled,KRAS,100,20,9.387,0.58135,0.19596,0.1814,0.21637,0.188947,0.95,0,0.9755,0.864,0.99,4.92,0.6,5.0,0.0
dialled,KRAS,100,20,9.387,1.94836,0.57282,0.5178,0.61904,0.560208,0.99,0,0.9963,0.0,0.0,4.92,2.0,5.0,0.0
dialled,KRAS,100,20,9.387,5.8544,1.67468,1.48085,1.82021,1.626568,1.0,0,0.9992,0.0,0.0,4.92,6.0,5.0,0.0
dialled,KRAS,100,20,9.387,-0.00432,-0.01496,-0.02625,-0.00921,,0.425,15,0.4797,0.0,0.004,,0.0,5.0,1.0
dialled,KRAS,100,20,9.387,0.0447,0.00164,-0.0063,0.0129,,0.52,9,0.6053,0.714,0.822,3.36,0.05,5.0,1.0
dialled,KRAS,100,20,9.387,0.19138,0.02446,0.01306,0.05373,,0.7,2,0.7079,0.834,0.902,3.36,0.2,5.0,1.0
dialled,KRAS,100,20,9.387,0.5823,0.079,0.04292,0.14818,,0.825,1,0.7934,0.95,0.966,3.36,0.6,5.0,1.0
dialled,KRAS,100,20,9.387,1.9501,0.28045,0.08747,0.43766,,0.88,1,0.8653,0.998,0.998,3.36,2.0,5.0,1.0
dialled,KRAS,100,20,9.387,5.85742,0.72909,0.28561,1.19666,0.672107,0.975,0,0.9111,0.866,0.944,3.36,6.0,5.0,1.0
dialled,KRAS,100,20,9.387,-0.00432,-0.01496,-0.02625,-0.00921,,0.425,15,0.4797,0.0,0.004,,0.0,5.0,2.0
dialled,KRAS,100,20,9.387,0.04536,-0.00981,-0.01825,-0.00386,,0.47,15,0.5632,0.044,0.086,2.13,0.05,5.0,2.0
dialled,KRAS,100,20,9.387,0.19271,-0.00677,-0.01818,0.00799,,0.53,11,0.6179,0.088,0.204,2.13,0.2,5.0,2.0
dialled,KRAS,100,20,9.387,0.5846,0.00325,-0.00424,0.02921,,0.6,9,0.6558,0.482,0.934,2.13,0.6,5.0,2.0
dialled,KRAS,100,20,9.387,1.9543,0.02605,0.00637,0.08996,,0.685,4,0.7074,0.836,0.846,2.13,2.0,5.0,2.0
dialled,KRAS,100,20,9.387,5.86469,0.10926,0.01085,0.23981,,0.76,2,0.7676,0.99,0.992,2.13,6.0,5.0,2.0
dialled,KRAS,100,20,9.387,-0.00432,-0.01496,-0.02625,-0.00921,,0.425,15,0.4797,0.0,0.004,,0.0,3.0,0.0
dialled,KRAS,100,20,9.387,0.04409,0.0157,0.00441,0.03494,,0.62,3,0.6337,0.926,0.998,2.97,0.05,3.0,0.0
dialled,KRAS,100,20,9.387,0.19017,0.04285,0.03359,0.05892,,0.695,1,0.8445,0.99,0.99,2.97,0.2,3.0,0.0
dialled,KRAS,100,20,9.387,0.58021,0.0977,0.07649,0.1328,0.091907,0.8,0,0.9263,0.822,0.872,2.97,0.6,3.0,0.0
dialled,KRAS,100,20,9.387,1.94627,0.2552,0.22791,0.35077,0.273861,0.935,0,0.9566,0.0,0.0,2.97,2.0,3.0,0.0
dialled,KRAS,100,20,9.387,5.85078,0.75701,0.68246,0.92764,0.802213,0.98,0,0.9742,0.0,0.0,2.97,6.0,3.0,0.0
dialled,KRAS,100,20,9.387,-0.00432,-0.01496,-0.02625,-0.00921,,0.425,15,0.4797,0.0,0.004,,0.0,3.0,1.0
dialled,KRAS,100,20,9.387,0.04242,0.00567,-0.00438,0.01578,,0.5,7,0.6039,0.656,0.998,2.31,0.05,3.0,1.0
dialled,KRAS,100,20,9.387,0.18683,0.02549,0.01232,0.05899,,0.645,2,0.7082,0.994,0.996,2.31,0.2,3.0,1.0
dialled,KRAS,100,20,9.387,0.57442,0.07343,0.03651,0.11403,0.070868,0.78,0,0.7961,0.86,0.902,2.31,0.6,3.0,1.0
dialled,KRAS,100,20,9.387,1.93571,0.20311,0.08929,0.38524,0.19639,0.875,0,0.8529,0.81,0.888,2.31,2.0,3.0,1.0
dialled,KRAS,100,20,9.387,5.83249,0.57229,0.2596,0.99875,0.532252,0.955,0,0.8889,0.97,0.998,2.31,6.0,3.0,1.0
dialled,KRAS,100,20,9.387,-0.00432,-0.01496,-0.02625,-0.00921,,0.425,15,0.4797,0.0,0.004,,0.0,3.0,2.0
dialled,KRAS,100,20,9.387,0.04238,-0.00604,-0.01871,0.00311,,0.45,12,0.5634,0.004,0.008,1.75,0.05,3.0,2.0
dialled,KRAS,100,20,9.387,0.18675,-0.0002,-0.01193,0.01518,,0.525,10,0.6232,0.224,0.574,1.75,0.2,3.0,2.0
dialled,KRAS,100,20,9.387,0.57428,0.00942,-0.0037,0.04683,,0.6,6,0.6639,0.566,0.584,1.75,0.6,3.0,2.0
dialled,KRAS,100,20,9.387,1.93546,0.03045,0.00763,0.11801,,0.69,4,0.7134,0.752,0.888,1.75,2.0,3.0,2.0
dialled,KRAS,100,20,9.387,5.83205,0.1156,0.01685,0.25584,,0.745,2,0.77,0.982,0.992,1.75,6.0,3.0,2.0
dialled,KRAS,100,20,9.387,-0.00432,-0.01496,-0.02625,-0.00921,,0.425,15,0.4797,0.0,0.004,,0.0,2.0,0.0
dialled,KRAS,100,20,9.387,0.04362,0.01141,-0.00313,0.02578,,0.58,8,0.6253,0.848,0.944,1.99,0.05,2.0,0.0
dialled,KRAS,100,20,9.387,0.18923,0.02826,0.01362,0.05037,,0.675,2,0.7971,0.988,1.0,1.99,0.2,2.0,0.0
dialled,KRAS,100,20,9.387,0.57858,0.05918,0.03121,0.09748,,0.71,1,0.865,0.638,0.796,1.99,0.6,2.0,0.0
dialled,KRAS,100,20,9.387,1.94331,0.15267,0.07414,0.23942,0.137658,0.83,0,0.8984,0.0,0.0,1.99,2.0,2.0,0.0
dialled,KRAS,100,20,9.387,5.84565,0.40497,0.26191,0.57338,0.396672,0.92,0,0.9205,0.0,0.222,1.99,6.0,2.0,0.0
dialled,KRAS,100,20,9.387,-0.00432,-0.01496,-0.02625,-0.00921,,0.425,15,0.4797,0.0,0.004,,0.0,2.0,1.0
dialled,KRAS,100,20,9.387,0.04109,0.00555,-0.00672,0.01054,,0.47,8,0.5945,0.764,0.862,1.73,0.05,2.0,1.0
dialled,KRAS,100,20,9.387,0.18417,0.02393,0.01528,0.03761,,0.58,3,0.6929,0.704,0.972,1.73,0.2,2.0,1.0
dialled,KRAS,100,20,9.387,0.56981,0.05388,0.02697,0.08329,,0.76,2,0.7621,0.852,0.926,1.73,0.6,2.0,1.0
dialled,KRAS,100,20,9.387,1.9273,0.10479,0.06656,0.20841,0.144263,0.82,0,0.8174,0.944,1.0,1.73,2.0,2.0,1.0
dialled,KRAS,100,20,9.387,5.81791,0.27859,0.13654,0.5582,0.340392,0.905,0,0.8466,0.54,0.544,1.73,6.0,2.0,1.0
dialled,KRAS,100,20,9.387,-0.00432,-0.01496,-0.02625,-0.00921,,0.425,15,0.4797,0.0,0.004,,0.0,2.0,2.0
dialled,KRAS,100,20,9.387,0.0405,-0.01005,-0.01665,-0.00157,,0.435,14,0.5608,0.106,0.628,1.48,0.05,2.0,2.0
dialled,KRAS,100,20,9.387,0.18298,-0.00212,-0.01408,0.0143,,0.515,11,0.6126,0.194,0.602,1.48,0.2,2.0,2.0
dialled,KRAS,100,20,9.387,0.56775,0.00376,-0.00979,0.02404,,0.54,8,0.6555,0.902,0.97,1.48,0.6,2.0,2.0
dialled,KRAS,100,20,9.387,1.92354,0.02755,0.00519,0.08933,,0.655,3,0.7034,0.734,0.782,1.48,2.0,2.0,2.0
dialled,KRAS,100,20,9.387,5.8114,0.07967,0.01292,0.23843,,0.72,2,0.7474,0.856,0.896,1.48,6.0,2.0,2.0
dialled,KRAS,100,20,9.387,-0.00432,-0.01496,-0.02625,-0.00921,,0.425,15,0.4797,0.0,0.004,,0.0,1.0,0.0
dialled,KRAS,100,20,9.387,0.04395,-0.00036,-0.01629,0.013,,0.5,10,0.6134,0.924,0.928,1.0,0.05,1.0,0.0
dialled,KRAS,100,20,9.387,0.18989,0.01651,-0.00656,0.02864,,0.525,7,0.7103,0.468,0.568,1.0,0.2,1.0,0.0
dialled,KRAS,100,20,9.387,0.57972,0.02775,0.00219,0.03788,,0.595,6,0.7495,0.02,0.058,1.0,0.6,1.0,0.0
dialled,KRAS,100,20,9.387,1.94539,0.02799,0.00402,0.06166,,0.62,5,0.7597,0.004,0.034,1.0,2.0,1.0,0.0
dialled,KRAS,100,20,9.387,5.84926,0.04361,0.02557,0.07096,,0.685,1,0.7587,0.0,0.058,1.0,6.0,1.0,0.0
dialled,KRAS,100,20,9.387,-0.00432,-0.01496,-0.02625,-0.00921,,0.425,15,0.4797,0.0,0.004,,0.0,1.0,1.0
dialled,KRAS,100,20,9.387,0.04173,-0.00501,-0.00942,0.00731,,0.415,11,0.5768,0.216,0.362,1.0,0.05,1.0,1.0
dialled,KRAS,100,20,9.387,0.18544,0.015,-0.00832,0.02251,,0.495,8,0.66,0.428,0.576,1.0,0.2,1.0,1.0
dialled,KRAS,100,20,9.387,0.57202,0.01397,0.00881,0.03649,,0.555,5,0.7074,0.328,0.66,1.0,0.6,1.0,1.0
dialled,KRAS,100,20,9.387,1.93133,0.03943,0.01942,0.07839,,0.615,3,0.7358,0.174,0.182,1.0,2.0,1.0,1.0
dialled,KRAS,100,20,9.387,5.8249,0.0846,0.04221,0.1632,,0.65,1,0.7476,0.192,0.332,1.0,6.0,1.0,1.0
dialled,KRAS,100,20,9.387,-0.00432,-0.01496,-0.02625,-0.00921,,0.425,15,0.4797,0.0,0.004,,0.0,1.0,2.0
dialled,KRAS,100,20,9.387,0.04132,-0.00444,-0.01808,0.00956,,0.485,10,0.5587,0.088,0.222,1.0,0.05,1.0,2.0
dialled,KRAS,100,20,9.387,0.18462,-0.00223,-0.00919,0.00339,,0.48,12,0.6082,0.576,0.764,1.0,0.2,1.0,2.0
dialled,KRAS,100,20,9.387,0.57059,0.0042,-0.00676,0.02449,,0.515,9,0.6426,0.73,0.884,1.0,0.6,1.0,2.0
dialled,KRAS,100,20,9.387,1.92871,0.02144,0.00514,0.0487,,0.56,5,0.675,0.06,0.646,1.0,2.0,1.0,2.0
dialled,KRAS,100,20,9.387,5.82036,0.03448,0.00132,0.12989,,0.59,6,0.7018,0.468,0.596,1.0,6.0,1.0,2.0
dialled,KRAS,100,45,9.391,-0.00482,-0.0094,-0.01907,-0.00344,,0.4178,32,0.4848,0.0,0.002,,0.0,-1.0,0.0
dialled,KRAS,100,45,9.391,0.04308,0.03956,0.03093,0.04427,0.034902,0.7622,0,0.6541,1.0,1.0,39.17,0.05,-1.0,0.0
dialled,KRAS,100,45,9.391,0.18977,0.18513,0.17603,0.19176,0.183179,0.9956,0,0.9405,1.0,1.0,39.17,0.2,-1.0,0.0
dialled,KRAS,100,45,9.391,0.58273,0.56386,0.55631,0.57893,0.563561,1.0,0,0.9999,0.0,0.0,39.17,0.6,-1.0,0.0
dialled,KRAS,100,45,9.391,1.96148,1.83566,1.80787,1.85711,1.836434,1.0,0,1.0,0.0,0.0,39.17,2.0,-1.0,0.0
dialled,KRAS,100,45,9.391,5.90603,5.39076,5.33855,5.42158,5.390067,1.0,0,1.0,0.0,0.0,39.17,6.0,-1.0,0.0
dialled,KRAS,100,45,9.391,-0.00482,-0.0094,-0.01907,-0.00344,,0.4178,32,0.4848,0.0,0.002,,0.0,-1.0,1.0
dialled,KRAS,100,45,9.391,0.04393,0.01015,-0.00142,0.02077,,0.5756,17,0.5853,0.868,0.928,6.91,0.05,-1.0,1.0
dialled,KRAS,100,45,9.391,0.19148,0.02125,0.01607,0.05798,,0.6978,6,0.6964,1.0,1.0,6.91,0.2,-1.0,1.0
dialled,KRAS,100,45,9.391,0.58569,0.06063,0.04107,0.13098,,0.8133,3,0.802,1.0,1.0,6.91,0.6,-1.0,1.0
dialled,KRAS,100,45,9.391,1.96688,0.23587,0.12889,0.37314,,0.8933,1,0.8844,1.0,1.0,6.91,2.0,-1.0,1.0
dialled,KRAS,100,45,9.391,5.91538,0.71918,0.35382,1.103,0.624892,0.9533,0,0.9225,1.0,1.0,6.91,6.0,-1.0,1.0
dialled,KRAS,100,45,9.391,-0.00482,-0.0094,-0.01907,-0.00344,,0.4178,32,0.4848,0.0,0.002,,0.0,-1.0,2.0
dialled,KRAS,100,45,9.391,0.044,-0.00159,-0.01054,0.00595,,0.4956,24,0.5314,0.294,0.6,2.69,0.05,-1.0,2.0
dialled,KRAS,100,45,9.391,0.19161,0.00544,-0.00464,0.01256,,0.5578,19,0.5652,0.63,0.782,2.69,0.2,-1.0,2.0
dialled,KRAS,100,45,9.391,0.58592,0.00966,0.00113,0.01528,,0.5778,16,0.6065,0.98,0.994,2.69,0.6,-1.0,2.0
dialled,KRAS,100,45,9.391,1.96729,0.01151,0.00163,0.04171,,0.6267,15,0.6618,0.99,1.0,2.69,2.0,-1.0,2.0
dialled,KRAS,100,45,9.391,5.9161,0.02135,0.01413,0.0948,,0.7022,9,0.7151,1.0,1.0,2.69,6.0,-1.0,2.0
dialled,KRAS,100,45,9.391,-0.00482,-0.0094,-0.01907,-0.00344,,0.4178,32,0.4848,0.0,0.002,,0.0,5.0,0.0
dialled,KRAS,100,45,9.391,0.042,0.02701,0.02044,0.03502,,0.6311,7,0.6387,1.0,1.0,4.86,0.05,5.0,0.0
dialled,KRAS,100,45,9.391,0.18761,0.06196,0.05278,0.07608,,0.7978,1,0.8605,1.0,1.0,4.86,0.2,5.0,0.0
dialled,KRAS,100,45,9.391,0.57899,0.13538,0.12199,0.15999,0.133387,0.9044,0,0.9554,0.992,0.992,4.86,0.6,5.0,0.0
dialled,KRAS,100,45,9.391,1.95464,0.40633,0.37324,0.42388,0.390827,0.9867,0,0.9869,0.578,0.734,4.86,2.0,5.0,0.0
dialled,KRAS,100,45,9.391,5.89419,1.11053,1.05801,1.21828,1.110273,1.0,0,0.996,0.0,0.986,4.86,6.0,5.0,0.0
dialled,KRAS,100,45,9.391,-0.00482,-0.0094,-0.01907,-0.00344,,0.4178,32,0.4848,0.0,0.002,,0.0,5.0,1.0
dialled,KRAS,100,45,9.391,0.04145,0.00903,0.00028,0.02539,,0.56,16,0.5828,0.986,1.0,3.41,0.05,5.0,1.0
dialled,KRAS,100,45,9.391,0.1865,0.02886,0.01832,0.04601,,0.6711,6,0.682,1.0,1.0,3.41,0.2,5.0,1.0
dialled,KRAS,100,45,9.391,0.57707,0.0598,0.0407,0.09709,,0.7733,2,0.7694,1.0,1.0,3.41,0.6,5.0,1.0
dialled,KRAS,100,45,9.391,1.95115,0.15114,0.10604,0.21346,,0.8511,2,0.847,1.0,1.0,3.41,2.0,5.0,1.0
dialled,KRAS,100,45,9.391,5.88814,0.40555,0.26673,0.51247,,0.9267,1,0.8923,1.0,1.0,3.41,6.0,5.0,1.0
dialled,KRAS,100,45,9.391,-0.00482,-0.0094,-0.01907,-0.00344,,0.4178,32,0.4848,0.0,0.002,,0.0,5.0,2.0
dialled,KRAS,100,45,9.391,0.04125,-0.0026,-0.00797,0.00513,,0.4844,26,0.5305,0.322,0.488,2.02,0.05,5.0,2.0
dialled,KRAS,100,45,9.391,0.18611,0.00843,-0.00503,0.01637,,0.5356,19,0.5657,0.656,0.864,2.02,0.2,5.0,2.0
dialled,KRAS,100,45,9.391,0.57639,0.01434,-0.00068,0.02291,,0.6022,17,0.6074,0.928,0.998,2.02,0.6,5.0,2.0
dialled,KRAS,100,45,9.391,1.9499,0.01399,0.0044,0.0396,,0.6244,10,0.652,0.996,0.998,2.02,2.0,5.0,2.0
dialled,KRAS,100,45,9.391,5.88598,0.02748,0.01499,0.06818,,0.6822,8,0.7044,1.0,1.0,2.02,6.0,5.0,2.0
dialled,KRAS,100,45,9.391,-0.00482,-0.0094,-0.01907,-0.00344,,0.4178,32,0.4848,0.0,0.002,,0.0,3.0,0.0
dialled,KRAS,100,45,9.391,0.0428,0.02187,0.01447,0.03429,,0.6178,8,0.635,1.0,1.0,2.95,0.05,3.0,0.0
dialled,KRAS,100,45,9.391,0.18921,0.04155,0.03326,0.05104,,0.7111,3,0.8172,1.0,1.0,2.95,0.2,3.0,0.0
dialled,KRAS,100,45,9.391,0.58177,0.08521,0.07161,0.0965,0.075692,0.7844,0,0.899,0.998,0.998,2.95,0.6,3.0,0.0
dialled,KRAS,100,45,9.391,1.95972,0.18973,0.1723,0.21553,0.186221,0.8933,0,0.9402,0.62,0.836,2.95,2.0,3.0,0.0
dialled,KRAS,100,45,9.391,5.90299,0.51508,0.47189,0.54906,0.50935,0.9778,0,0.9653,0.0,0.164,2.95,6.0,3.0,0.0
dialled,KRAS,100,45,9.391,-0.00482,-0.0094,-0.01907,-0.00344,,0.4178,32,0.4848,0.0,0.002,,0.0,3.0,1.0
dialled,KRAS,100,45,9.391,0.04197,0.00831,-0.00124,0.0194,,0.54,17,0.5784,0.408,0.408,2.42,0.05,3.0,1.0
dialled,KRAS,100,45,9.391,0.18755,0.0187,0.0131,0.03562,,0.6533,8,0.6649,1.0,1.0,2.42,0.2,3.0,1.0
dialled,KRAS,100,45,9.391,0.57888,0.04589,0.03259,0.07544,,0.7311,4,0.7421,1.0,1.0,2.42,0.6,3.0,1.0
dialled,KRAS,100,45,9.391,1.95445,0.09183,0.05627,0.16254,,0.7956,3,0.8146,1.0,1.0,2.42,2.0,3.0,1.0
dialled,KRAS,100,45,9.391,5.89386,0.22204,0.11856,0.33498,0.257648,0.8733,0,0.8597,0.996,0.996,2.42,6.0,3.0,1.0
dialled,KRAS,100,45,9.391,-0.00482,-0.0094,-0.01907,-0.00344,,0.4178,32,0.4848,0.0,0.002,,0.0,3.0,2.0
dialled,KRAS,100,45,9.391,0.04155,-0.0005,-0.01061,0.00578,,0.4911,23,0.5289,0.37,0.638,1.73,0.05,3.0,2.0
dialled,KRAS,100,45,9.391,0.18672,0.00655,-0.00396,0.01767,,0.5333,18,0.5608,0.776,0.982,1.73,0.2,3.0,2.0
dialled,KRAS,100,45,9.391,0.57744,0.00783,-0.00222,0.01811,,0.5689,18,0.5978,0.918,0.992,1.73,0.6,3.0,2.0
dialled,KRAS,100,45,9.391,1.95182,0.01338,0.00339,0.0416,,0.6156,13,0.6405,0.976,0.996,1.73,2.0,3.0,2.0
dialled,KRAS,100,45,9.391,5.88931,0.026,0.01529,0.05552,,0.6622,9,0.6888,0.994,0.994,1.73,6.0,3.0,2.0
dialled,KRAS,100,45,9.391,-0.00482,-0.0094,-0.01907,-0.00344,,0.4178,32,0.4848,0.0,0.002,,0.0,2.0,0.0
dialled,KRAS,100,45,9.391,0.04421,0.02345,0.01137,0.02839,,0.5867,9,0.625,1.0,1.0,1.99,0.05,2.0,0.0
dialled,KRAS,100,45,9.391,0.19203,0.03654,0.02754,0.0439,,0.68,3,0.7746,1.0,1.0,1.99,0.2,2.0,0.0
dialled,KRAS,100,45,9.391,0.58665,0.06206,0.05078,0.06877,,0.68,3,0.8469,0.97,0.99,1.99,0.6,2.0,0.0
dialled,KRAS,100,45,9.391,1.96863,0.10429,0.08297,0.11909,0.094479,0.7889,0,0.8834,0.714,0.908,1.99,2.0,2.0,0.0
dialled,KRAS,100,45,9.391,5.91841,0.20844,0.18475,0.23236,0.208187,0.8422,0,0.9068,0.162,0.39,1.99,6.0,2.0,0.0
dialled,KRAS,100,45,9.391,-0.00482,-0.0094,-0.01907,-0.00344,,0.4178,32,0.4848,0.0,0.002,,0.0,2.0,1.0
dialled,KRAS,100,45,9.391,0.04202,0.0073,-0.00205,0.02021,,0.5378,20,0.5691,0.852,0.976,1.78,0.05,2.0,1.0
dialled,KRAS,100,45,9.391,0.18765,0.02068,0.00952,0.03181,,0.6089,9,0.647,0.614,0.614,1.78,0.2,2.0,1.0
dialled,KRAS,100,45,9.391,0.57906,0.033,0.02344,0.05212,,0.6467,5,0.7155,1.0,1.0,1.78,0.6,2.0,1.0
dialled,KRAS,100,45,9.391,1.95478,0.06022,0.0501,0.09946,,0.7578,1,0.7795,0.998,1.0,1.78,2.0,2.0,1.0
dialled,KRAS,100,45,9.391,5.89442,0.12835,0.08171,0.21882,,0.8022,1,0.8209,1.0,1.0,1.78,6.0,2.0,1.0
dialled,KRAS,100,45,9.391,-0.00482,-0.0094,-0.01907,-0.00344,,0.4178,32,0.4848,0.0,0.002,,0.0,2.0,2.0
dialled,KRAS,100,45,9.391,0.04075,-0.00238,-0.00975,0.0067,,0.4844,25,0.5253,0.222,0.474,1.45,0.05,2.0,2.0
dialled,KRAS,100,45,9.391,0.18511,0.00556,-0.00738,0.01442,,0.5133,21,0.5559,0.818,0.918,1.45,0.2,2.0,2.0
dialled,KRAS,100,45,9.391,0.57466,0.01111,0.00045,0.02083,,0.5533,15,0.5868,0.894,0.91,1.45,0.6,2.0,2.0
dialled,KRAS,100,45,9.391,1.94674,0.01375,0.00653,0.03363,,0.5933,11,0.6317,0.992,1.0,1.45,2.0,2.0,2.0
dialled,KRAS,100,45,9.391,5.8805,0.03054,0.01801,0.05813,,0.6333,12,0.6739,0.998,1.0,1.45,6.0,2.0,2.0
dialled,KRAS,100,45,9.391,-0.00482,-0.0094,-0.01907,-0.00344,,0.4178,32,0.4848,0.0,0.002,,0.0,1.0,0.0
dialled,KRAS,100,45,9.391,0.04475,0.00726,-0.00112,0.01924,,0.5178,17,0.604,1.0,1.0,1.0,0.05,1.0,0.0
dialled,KRAS,100,45,9.391,0.19311,0.01251,0.00166,0.02525,,0.5644,14,0.7016,0.952,0.984,1.0,0.2,1.0,0.0
dialled,KRAS,100,45,9.391,0.58852,0.02202,0.0163,0.02761,,0.5444,8,0.7407,0.514,0.61,1.0,0.6,1.0,0.0
dialled,KRAS,100,45,9.391,1.97205,0.0322,0.02334,0.04186,,0.6111,6,0.7469,0.022,0.104,1.0,2.0,1.0,0.0
dialled,KRAS,100,45,9.391,5.92434,0.04868,0.03374,0.05972,,0.6422,3,0.7521,0.086,0.184,1.0,6.0,1.0,0.0
dialled,KRAS,100,45,9.391,-0.00482,-0.0094,-0.01907,-0.00344,,0.4178,32,0.4848,0.0,0.002,,0.0,1.0,1.0
dialled,KRAS,100,45,9.391,0.04366,0.00596,0.00018,0.01506,,0.5178,16,0.5527,0.706,0.718,1.0,0.05,1.0,1.0
dialled,KRAS,100,45,9.391,0.19093,0.01598,0.00574,0.02551,,0.5822,12,0.618,0.996,1.0,1.0,0.2,1.0,1.0
dialled,KRAS,100,45,9.391,0.58475,0.02178,0.01453,0.02728,,0.5822,10,0.6726,0.992,1.0,1.0,0.6,1.0,1.0
dialled,KRAS,100,45,9.391,1.96516,0.02948,0.02261,0.04869,,0.6244,7,0.714,0.674,0.674,1.0,2.0,1.0,1.0
dialled,KRAS,100,45,9.391,5.91241,0.04702,0.03259,0.05865,,0.6556,5,0.7381,0.982,1.0,1.0,6.0,1.0,1.0
dialled,KRAS,100,45,9.391,-0.00482,-0.0094,-0.01907,-0.00344,,0.4178,32,0.4848,0.0,0.002,,0.0,1.0,2.0
dialled,KRAS,100,45,9.391,0.04308,-0.00292,-0.01086,0.01008,,0.4622,26,0.5161,0.13,0.416,1.0,0.05,1.0,2.0
dialled,KRAS,100,45,9.391,0.18977,0.00233,-0.00351,0.0105,,0.5111,19,0.5414,0.648,0.736,1.0,0.2,1.0,2.0
dialled,KRAS,100,45,9.391,0.58273,0.01043,0.00023,0.02041,,0.5333,16,0.572,0.7,0.772,1.0,0.6,1.0,2.0
dialled,KRAS,100,45,9.391,1.96147,0.01482,0.00479,0.03088,,0.5622,11,0.6123,0.89,1.0,1.0,2.0,1.0,2.0
dialled,KRAS,100,45,9.391,5.90601,0.02027,0.01436,0.03965,,0.5978,13,0.6484,0.988,0.994,1.0,6.0,1.0,2.0
