method,gene,split,variant,PDS_cos,pearson_delta
Biolord,TP53,split1,A159P,0.7731958762886598,0.695342853494754
Biolord,TP53,split1,A159V,0.7835051546391752,0.6900290003457691
Biolord,TP53,split1,C141Y,0.030927835051546393,0.6099704935961974
Biolord,TP53,split1,C238Y,0.9587628865979382,0.6999937313765787
Biolord,TP53,split1,G245V,0.7731958762886598,0.648950050277674
Biolord,TP53,split1,H179R,0.3711340206185567,0.6448805972747876
Biolord,TP53,split1,P47S,0.6082474226804124,0.6391419785818391
Biolord,TP53,split1,P58R,0.020618556701030966,0.5178417670533849
Biolord,TP53,split1,Q5R,0.31958762886597936,0.6125197068921204
Biolord,TP53,split1,R175H,0.5154639175257731,0.6131733915279104
Biolord,TP53,split1,R273H,0.711340206185567,0.6556452508084581
Biolord,TP53,split1,S241C,0.48453608247422686,0.6740652207925524
Biolord,TP53,split1,S366A,0.6804123711340206,0.6505579341267246
Biolord,TP53,split1,T312S,0.2989690721649485,0.6616048082868787
Biolord,TP53,split1,V31I,0.3917525773195877,0.6234922618885029
Biolord,TP53,split1,Y220C,0.7216494845360825,0.6259422018775722
Biolord,TP53,split2,C238F,0.9587628865979382,0.6843913204010625
Biolord,TP53,split2,C238Y,0.05154639175257736,0.6238485356908243
Biolord,TP53,split2,C242F,0.11340206185567014,0.6210589609133321
Biolord,TP53,split2,C275F,0.24742268041237114,0.6520790181025945
Biolord,TP53,split2,C275Y,0.21649484536082475,0.6176159322922521
Biolord,TP53,split2,C277F,0.30927835051546393,0.6132491551826708
Biolord,TP53,split2,E271K,0.7422680412371134,0.6140117554094697
Biolord,TP53,split2,E285K,0.4329896907216495,0.5913581582487017
Biolord,TP53,split2,E286K,0.30927835051546393,0.5636529749498421
Biolord,TP53,split2,E339K,0.09278350515463918,0.598780300105541
Biolord,TP53,split2,G244C,0.6185567010309279,0.6889071428266776
Biolord,TP53,split2,G245C,0.7216494845360825,0.6254683358498405
Biolord,TP53,split2,G245D,0.5773195876288659,0.6407467235954357
Biolord,TP53,split2,G245S,0.3711340206185567,0.5875530361325061
Biolord,TP53,split2,G245V,0.3917525773195877,0.6219088346027614
Biolord,TP53,split2,G266E,0.7216494845360825,0.5512521018192695
Biolord,TP53,split2,G266R,0.17525773195876293,0.5661946178360172
Biolord,TP53,split2,G266V,0.28865979381443296,0.67480158037069
Biolord,TP53,split2,G360V,0.3608247422680413,0.6023473056858478
Biolord,TP53,split2,L344L,0.9690721649484536,0.7059777787047096
Biolord,TP53,split2,M237I,0.6082474226804124,0.6669143892712083
Biolord,TP53,split2,M246V,0.5773195876288659,0.6553709614077394
Biolord,TP53,split2,P222P,0.28865979381443296,0.5885223550000072
Biolord,TP53,split2,P250L,0.731958762886598,0.6889332606810291
Biolord,TP53,split2,P278L,0.5567010309278351,0.6745194559944234
Biolord,TP53,split2,P278S,0.2680412371134021,0.6092691771006675
Biolord,TP53,split2,P295P,0.6907216494845361,0.6659036615579113
Biolord,TP53,split2,P301P,0.0,0.5305917079623428
Biolord,TP53,split2,P359P,0.5257731958762887,0.6539465631486258
Biolord,TP53,split2,R248L,0.22680412371134018,0.6443848040076174
Biolord,TP53,split2,R248W,0.5051546391752577,0.6698882785393314
Biolord,TP53,split2,R249M,0.711340206185567,0.6842460851873085
Biolord,TP53,split2,R249S,0.18556701030927836,0.6415633595378415
Biolord,TP53,split2,R273C,0.04123711340206182,0.6303177156533791
Biolord,TP53,split2,R273H,0.7010309278350515,0.6829827217200529
Biolord,TP53,split2,R273L,0.05154639175257736,0.6386328345444335
Biolord,TP53,split2,R280K,0.8041237113402062,0.671405397164695
Biolord,TP53,split2,R280T,0.8247422680412371,0.6934189309710381
Biolord,TP53,split2,R282W,0.3298969072164949,0.6411349399170183
Biolord,TP53,split2,R337C,0.3298969072164949,0.4951040888703336
Biolord,TP53,split2,R337L,0.6082474226804124,0.5225076588163595
Biolord,TP53,split2,S241C,0.44329896907216493,0.6486670265622133
Biolord,TP53,split2,S241F,0.6701030927835052,0.6673182339565558
Biolord,TP53,split2,S366A,0.4948453608247423,0.6495634320657421
Biolord,TP53,split2,T312S,0.9690721649484536,0.7086501305824422
Biolord,TP53,split2,V272L,0.9587628865979382,0.7258156918852221
Biolord,TP53,split2,V272M,0.3402061855670103,0.6310680084103119
Biolord,TP53,split2,Y234C,0.9587628865979382,0.6938568574332169
Biolord,TP53,split2,Y236C,0.8247422680412371,0.6906261288830934
Biolord,TP53,split3,G245C,0.9072164948453608,0.2751445281531576
Biolord,TP53,split3,G245D,0.15463917525773196,0.21558417016483986
Biolord,TP53,split3,G245S,0.4226804123711341,0.21910192723524669
Biolord,TP53,split3,G245V,0.9896907216494846,0.34822521208616075
Biolord,TP53,split3,R175H,0.8041237113402062,0.26519195367061266
Biolord,TP53,split3,R249M,0.6494845360824743,0.2851964468517286
Biolord,TP53,split3,R249S,0.1649484536082474,0.2401507184342677
Biolord,TP53,split3,R282W,0.8350515463917526,0.2762233854424727
Biolord,TP53,split3,Y220C,0.5567010309278351,0.28498273208797453
Biolord,TP53,split6,A159P,0.4020618556701031,0.6335281499997522
Biolord,TP53,split6,A159V,0.17525773195876293,0.6260835246193286
Biolord,TP53,split6,C141Y,0.010309278350515427,0.5704951232811034
Biolord,TP53,split6,C238Y,0.2680412371134021,0.6509655627475266
Biolord,TP53,split6,G245V,0.25773195876288657,0.6011770664745848
Biolord,TP53,split6,H179R,0.48453608247422686,0.617529287272104
Biolord,TP53,split6,R175H,0.5979381443298969,0.6571646273472539
Biolord,TP53,split6,R273H,0.6907216494845361,0.6692794830458443
Biolord,TP53,split6,S241C,0.38144329896907214,0.6458143435901385
Biolord,TP53,split6,Y220C,0.20618556701030932,0.591932751072715
Biolord,KRAS,split1,A146T,0.8131868131868132,0.4844381576721508
Biolord,KRAS,split1,A146V,0.8901098901098901,0.5211006134601899
Biolord,KRAS,split1,G12C,0.7252747252747253,0.5186958176299954
Biolord,KRAS,split1,G12D,0.23076923076923073,0.4402266205160351
Biolord,KRAS,split1,G12R,0.07692307692307687,0.42795571578820985
Biolord,KRAS,split1,G12V,0.3516483516483516,0.45347501435370163
Biolord,KRAS,split1,Q61H,0.8241758241758241,0.49585703705156065
Biolord,KRAS,split1,Q61L,0.4285714285714286,0.4441498033100803
Biolord,KRAS,split2,A130V,0.17582417582417587,0.33953283808367024
Biolord,KRAS,split2,A146P,0.6703296703296704,0.4455227469305048
Biolord,KRAS,split2,A146T,0.9340659340659341,0.477005554241513
Biolord,KRAS,split2,A146V,0.7692307692307692,0.4615116628202346
Biolord,KRAS,split2,A155G,0.20879120879120883,0.367462134595978
Biolord,KRAS,split2,A66A,0.967032967032967,0.4531803582222607
Biolord,KRAS,split2,C118S,0.5164835164835164,0.3970770102564974
Biolord,KRAS,split2,D119G,0.3076923076923077,0.3858599514346682
Biolord,KRAS,split2,D173D,0.8021978021978022,0.42101828729270047
Biolord,KRAS,split2,E63K,0.07692307692307687,0.36881807144700984
Biolord,KRAS,split2,F141L,0.9560439560439561,0.44252284845548084
Biolord,KRAS,split2,G75A,0.6263736263736264,0.3990751513437797
Biolord,KRAS,split2,G77A,0.5714285714285714,0.39005636387205517
Biolord,KRAS,split2,I163S,0.5164835164835164,0.3951539174526733
Biolord,KRAS,split2,K117N,0.8021978021978022,0.37050012248858605
Biolord,KRAS,split2,K117R,0.7472527472527473,0.4532483824382616
Biolord,KRAS,split2,K147N,0.9230769230769231,0.4111247330145289
Biolord,KRAS,split2,K147T,0.5164835164835164,0.3780328253303424
Biolord,KRAS,split2,K169K,0.7802197802197802,0.4276453096269257
Biolord,KRAS,split2,K176Q,0.6483516483516483,0.34907116879686884
Biolord,KRAS,split2,K178K,0.29670329670329665,0.3742600521169311
Biolord,KRAS,split2,K88K,0.5494505494505495,0.3932574580512203
Biolord,KRAS,split2,L159S,0.07692307692307687,0.32873297836859583
Biolord,KRAS,split2,L79I,0.989010989010989,0.4392306299710649
Biolord,KRAS,split2,M111L,0.21978021978021978,0.3524609762870504
Biolord,KRAS,split2,P110S,0.10989010989010994,0.33853106595150756
Biolord,KRAS,split2,Q99E,0.21978021978021978,0.2891219475374481
Biolord,KRAS,split2,R135T,0.4065934065934066,0.3577031751038327
Biolord,KRAS,split2,R149K,0.15384615384615385,0.3385140255416771
Biolord,KRAS,split2,R164Q,0.48351648351648346,0.3331301803279201
Biolord,KRAS,split2,R68S,0.8901098901098901,0.39198703894937353
Biolord,KRAS,split2,S136N,0.7472527472527473,0.39432844101447284
Biolord,KRAS,split2,T127T,0.07692307692307687,0.3373470944318608
Biolord,KRAS,split2,T144P,0.7472527472527473,0.4055939805003453
Biolord,KRAS,split2,T144T,0.6043956043956045,0.39896275867266273
Biolord,KRAS,split2,T158A,0.6703296703296704,0.40485322468718776
Biolord,KRAS,split2,T158T,0.7142857142857143,0.4134437007786049
Biolord,KRAS,split2,T74A,0.27472527472527475,0.39598659691752974
Biolord,KRAS,split2,T74T,0.6373626373626373,0.40679380524936004
Biolord,KRAS,split2,V112I,0.05494505494505497,0.237441547140308
Biolord,KRAS,split2,Y166H,0.25274725274725274,0.3358655595111477
Biolord,KRAS,split3,A146P,0.7802197802197802,0.4074664949490451
Biolord,KRAS,split3,A146T,0.8571428571428572,0.4107625880474177
Biolord,KRAS,split3,A146V,0.8461538461538461,0.44355744871243047
Biolord,KRAS,split3,G12A,0.6593406593406593,0.2812630761733619
Biolord,KRAS,split3,G12C,0.978021978021978,0.4582600433642116
Biolord,KRAS,split3,G12S,0.3846153846153846,0.19238850119760745
Biolord,KRAS,split3,G13C,0.7142857142857143,0.3578715661067669
Biolord,KRAS,split3,K117R,0.13186813186813184,0.291720425266641
Biolord,KRAS,split3,Q61H,0.8461538461538461,0.26825901421916915
Biolord,KRAS,split3,Q61P,0.6263736263736264,0.39823636178231975
Biolord,KRAS,split6,A146T,0.8131868131868132,0.4844381576721508
Biolord,KRAS,split6,A146V,0.8901098901098901,0.5211006134601899
Biolord,KRAS,split6,G12C,0.7252747252747253,0.5186958176299954
Biolord,KRAS,split6,G12D,0.23076923076923073,0.4402266205160351
Biolord,KRAS,split6,G12R,0.07692307692307687,0.42795571578820985
Biolord,KRAS,split6,G12V,0.3516483516483516,0.45347501435370163
Biolord,KRAS,split6,Q61H,0.8241758241758241,0.49585703705156065
Biolord,KRAS,split6,Q61L,0.4285714285714286,0.4441498033100803
Biolord,GATA1,split1,C199R,0.24505928853754944,-0.3139108999559332
Biolord,GATA1,split1,C207R,0.9920948616600791,0.3279633882501988
Biolord,GATA1,split1,C225R,0.24110671936758898,-0.26892116152496254
Biolord,GATA1,split1,E114G,0.6640316205533596,-0.035001978971603266
Biolord,GATA1,split1,E200G,0.6679841897233201,-0.02578347647435013
Biolord,GATA1,split1,E328G,0.5494071146245059,-0.11703809284720246
Biolord,GATA1,split1,E348G,0.2845849802371542,-0.20049036652244667
Biolord,GATA1,split1,F172P,0.01976284584980237,-0.38253815233213806
Biolord,GATA1,split1,H222R,0.15810276679841895,-0.33741981856352987
Biolord,GATA1,split1,"I249T,V250A",0.9328063241106719,0.14797291997914702
Biolord,GATA1,split1,I87T,0.7984189723320159,-0.02502893406164004
Biolord,GATA1,split1,"K100G,T101A",0.7312252964426877,-0.06802015493400432
Biolord,GATA1,split1,K137E,0.8379446640316206,0.03323629160764152
Biolord,GATA1,split1,K287G,0.8537549407114624,0.004029296940594268
Biolord,GATA1,split1,"K299R,D300G",0.2490118577075099,-0.20847337127745855
Biolord,GATA1,split1,K312R,0.7351778656126482,-0.051221922289420685
Biolord,GATA1,split1,L146P,0.18181818181818177,-0.28019366326327
Biolord,GATA1,split1,L190P,0.8221343873517787,0.008336972587085812
Biolord,GATA1,split1,L224P,0.924901185770751,0.10239597197683364
Biolord,GATA1,split1,L355P,0.13438735177865613,-0.2684430719739805
Biolord,GATA1,split1,L363P,0.7351778656126482,-0.0715261262123899
Biolord,GATA1,split1,L387P,0.22924901185770752,-0.24435444205163476
Biolord,GATA1,split1,L6P,0.37154150197628455,-0.17685778509484382
Biolord,GATA1,split1,M1V,0.40711462450592883,-0.18262425681123742
Biolord,GATA1,split1,M335V,0.5494071146245059,-0.10092656115205674
Biolord,GATA1,split1,"N238G,R239G",0.6600790513833992,-0.03927170918986739
Biolord,GATA1,split1,Q257R,0.38735177865612647,-0.2635321042896788
Biolord,GATA1,split1,R271G,0.8695652173913043,0.03668142350740797
Biolord,GATA1,split1,S155P,0.09881422924901184,-0.4110111811673638
Biolord,GATA1,split1,S161G,0.4426877470355731,-0.1483321326965226
Biolord,GATA1,split1,S174P,0.9328063241106719,0.19133343994585997
Biolord,GATA1,split1,S178G,0.08300395256916993,-0.3075202459449856
Biolord,GATA1,split1,S310P,0.23320158102766797,-0.30847351123218864
Biolord,GATA1,split1,S393P,0.2648221343873518,-0.3008410560394394
Biolord,GATA1,split1,S72P,0.6245059288537549,-0.10152386369506193
Biolord,GATA1,split1,T256A,0.015810276679841917,-0.37299826455271035
Biolord,GATA1,split1,T264A,0.24110671936758898,-0.2548185109371354
Biolord,GATA1,split1,T324A,0.3438735177865613,-0.1981866243719601
Biolord,GATA1,split1,T391A,0.7905138339920948,-0.01989166666365687
Biolord,GATA1,split1,"V109A,C110R",0.7747035573122529,-0.03480309662931588
Biolord,GATA1,split1,V158A,0.23715415019762842,-0.28888879488469027
Biolord,GATA1,split1,V291A,0.6640316205533596,-0.042342986375194354
Biolord,GATA1,split1,V32A,0.5098814229249011,-0.14626023564056503
Biolord,GATA1,split1,"V32A,F33P",0.5098814229249011,-0.16878704247342785
Biolord,GATA1,split1,"V336A,V337A",0.5810276679841897,-0.05347414994100422
Biolord,GATA1,split1,"V371A,L372P",0.055335968379446654,-0.33748083280197233
Biolord,GATA1,split1,"Y185H,S186P",0.16600790513833996,-0.2891171315791232
Biolord,GATA1,split1,Y285C,0.9407114624505929,0.1706216692891533
Biolord,GATA1,split1,Y62C,0.31225296442687744,-0.22829246654906854
Biolord,GATA1,split1,Y62H,0.9920948616600791,0.3720845532182245
Biolord,GATA1,split1,Y78H,0.5256916996047432,-0.09172203159207017
Biolord,GATA1,split1,Y93H,0.7114624505928854,-0.00019518164835319028
Biolord,GATA1,split2,C204R,0.9565217391304348,0.11256269668187052
Biolord,GATA1,split2,"C204R,V205A",0.1620553359683794,-0.3389694871102473
Biolord,GATA1,split2,C207R,0.9960474308300395,0.31412958116158024
Biolord,GATA1,split2,C225R,0.17786561264822132,0.016477972232321267
Biolord,GATA1,split2,C228R,0.47430830039525695,0.053018968727142984
Biolord,GATA1,split2,C258R,0.5849802371541502,0.053458156634256564
Biolord,GATA1,split2,C261R,0.2845849802371542,-0.060726061637457945
Biolord,GATA1,split2,C346R,0.30434782608695654,-0.24799679772127764
Biolord,GATA1,split2,D276G,0.24505928853754944,-0.29919420235891003
Biolord,GATA1,split2,E328G,0.7430830039525691,-0.0679650926144111
Biolord,GATA1,split2,E348G,0.32015810276679846,-0.2631319960198503
Biolord,GATA1,split2,F382S,0.01976284584980237,-0.5071253112777024
Biolord,GATA1,split2,F394P,0.24110671936758898,-0.35524960596612504
Biolord,GATA1,split2,H222R,0.0513833992094862,-0.4863073955778686
Biolord,GATA1,split2,"H222R,Y223C",0.43083003952569165,-0.3040390836972334
Biolord,GATA1,split2,"H232R,K233E",0.8300395256916996,-0.003007862877734716
Biolord,GATA1,split2,H289R,0.27667984189723316,-0.24294814035529852
Biolord,GATA1,split2,H362R,0.6245059288537549,-0.1585218926945166
Biolord,GATA1,split2,H378R,0.9051383399209486,0.025045068018993838
Biolord,GATA1,split2,I242T,0.9367588932806324,0.14982559301125795
Biolord,GATA1,split2,I242V,0.782608695652174,-0.08485053413669011
Biolord,GATA1,split2,I249T,0.1027667984189723,-0.30597687202849144
Biolord,GATA1,split2,"I249T,V250A",0.9209486166007905,0.14384365468874682
Biolord,GATA1,split2,I249V,0.6007905138339921,-0.23958128531550338
Biolord,GATA1,split2,I302T,0.849802371541502,0.015128606836921977
Biolord,GATA1,split2,I302V,0.3241106719367589,-0.1956281882499131
Biolord,GATA1,split2,"K233R,M234V",0.6363636363636364,-0.14916712357678089
Biolord,GATA1,split2,K245G,0.9525691699604744,0.34629074945255567
Biolord,GATA1,split2,K252G,0.2924901185770751,-0.1929417085936602
Biolord,GATA1,split2,K252R,0.8102766798418972,0.08927748090762196
Biolord,GATA1,split2,K287G,0.8972332015810277,-0.01078864652840354
Biolord,GATA1,split2,K299E,0.26877470355731226,-0.2648565939476354
Biolord,GATA1,split2,"K299R,D300G",0.09486166007905139,-0.46029720628912785
Biolord,GATA1,split2,K308G,0.5019762845849802,-0.1619629256247916
Biolord,GATA1,split2,K312G,0.9723320158102767,0.3190621803855591
Biolord,GATA1,split2,K312R,0.6245059288537549,-0.09821145717996715
Biolord,GATA1,split2,"K314R,K315G",0.8142292490118577,-0.018832633890817574
Biolord,GATA1,split2,K316G,0.035573122529644285,-0.4357632831859074
Biolord,GATA1,split2,K316R,0.6363636363636364,-0.10740145659224856
Biolord,GATA1,split2,"L214P,W215R",0.6442687747035574,-0.1101396026393427
Biolord,GATA1,split2,L224P,0.9762845849802372,0.24245280572902914
Biolord,GATA1,split2,"L230P,Y231H",0.5652173913043479,-0.10894765586367054
Biolord,GATA1,split2,L248P,0.308300395256917,-0.15206254531576274
Biolord,GATA1,split2,"L268P,W269R",0.3517786561264822,-0.246031028025506
Biolord,GATA1,split2,"L284P,Y285H",0.9051383399209486,0.08458411781414256
Biolord,GATA1,split2,L288P,0.19367588932806323,-0.1505225395576829
Biolord,GATA1,split2,L295P,0.34782608695652173,-0.14622293639282277
Biolord,GATA1,split2,L355P,0.09881422924901184,-0.3269493294804483
Biolord,GATA1,split2,L363P,0.691699604743083,-0.16247161002699922
Biolord,GATA1,split2,"L363P,Y364H",0.8458498023715415,-0.028059380538050696
Biolord,GATA1,split2,L367P,0.08300395256916993,-0.3499449902118064
Biolord,GATA1,split2,"L372P,S373P",0.6837944664031621,-0.13537250009945373
Biolord,GATA1,split2,L379P,0.5494071146245059,-0.16477822324860802
Biolord,GATA1,split2,L386P,0.0,-0.4935262540195642
Biolord,GATA1,split2,"L386P,L387P",0.3675889328063241,-0.23796011484978175
Biolord,GATA1,split2,L387P,0.11067193675889331,-0.3298989625986894
Biolord,GATA1,split2,L411P,0.3162055335968379,-0.2467933138511508
Biolord,GATA1,split2,M234T,0.4861660079051383,-0.12488445621379338
Biolord,GATA1,split2,"M234V,N235D",0.7747035573122529,-0.0057848746506757275
Biolord,GATA1,split2,M297T,0.6086956521739131,-0.15104759352070443
Biolord,GATA1,split2,M335T,0.5652173913043479,-0.14309905743143747
Biolord,GATA1,split2,"M335T,V336A",0.6324110671936759,-0.096443593059198
Biolord,GATA1,split2,M335V,0.5098814229249011,-0.18363828678923405
Biolord,GATA1,split2,M380T,0.6047430830039526,-0.13725788030178362
Biolord,GATA1,split2,M399T,0.2727272727272727,-0.25042344841965564
Biolord,GATA1,split2,M399V,0.3241106719367589,-0.2679081668374164
Biolord,GATA1,split2,N206G,0.6521739130434783,-0.17120275682356223
Biolord,GATA1,split2,"N238G,R239G",0.2648221343873518,-0.22164723230406475
Biolord,GATA1,split2,N272G,0.44664031620553357,-0.22412761107188237
Biolord,GATA1,split2,N292G,0.6798418972332017,-0.09815102420013413
Biolord,GATA1,split2,N292S,0.16600790513833996,-0.4078140316088644
Biolord,GATA1,split2,N306G,0.6007905138339921,-0.21602985129836563
Biolord,GATA1,split2,N345D,0.23715415019762842,-0.24810822762523643
Biolord,GATA1,split2,N345G,0.16600790513833996,-0.32857498004875146
Biolord,GATA1,split2,"Q237R,N238G",0.22529644268774707,-0.31791344989547365
Biolord,GATA1,split2,Q257R,0.5019762845849802,-0.19571754474178238
Biolord,GATA1,split2,"Q303R,T304A",0.4624505928853755,-0.26265346066299106
Biolord,GATA1,split2,Q365R,0.43083003952569165,-0.1890175969038199
Biolord,GATA1,split2,R271G,0.8379446640316206,0.013531106760187445
Biolord,GATA1,split2,S274G,0.3754940711462451,-0.34625669620546845
Biolord,GATA1,split2,S310P,0.19367588932806323,-0.2944970237952874
Biolord,GATA1,split2,S320G,0.7193675889328064,-0.13743678422238725
Biolord,GATA1,split2,S341G,0.6007905138339921,-0.11908388794957182
Biolord,GATA1,split2,S343G,0.7588932806324111,-0.06368804133870591
Biolord,GATA1,split2,S389P,0.2055335968379447,-0.2867321356415202
Biolord,GATA1,split2,S393P,0.3754940711462451,-0.20701940899274698
Biolord,GATA1,split2,S412G,0.8735177865612649,-0.00333240983965313
Biolord,GATA1,split2,T210A,0.3675889328063241,-0.24768766061780237
Biolord,GATA1,split2,T212A,0.5494071146245059,-0.24983876515223802
Biolord,GATA1,split2,T220A,0.4861660079051383,-0.29703200167731425
Biolord,GATA1,split2,T256A,0.07905138339920947,-0.4788335885684152
Biolord,GATA1,split2,T259A,0.5059288537549407,-0.2537195824952008
Biolord,GATA1,split2,"T263A,T264A",0.9525691699604744,0.2264329571468781
Biolord,GATA1,split2,T264A,0.6482213438735178,-0.22122604498660717
Biolord,GATA1,split2,"T264A,T265A",0.06324110671936756,-0.5097348772972604
Biolord,GATA1,split2,T265A,0.04743083003952564,-0.5489726108486559
Biolord,GATA1,split2,"T265A,T266A",0.33596837944664026,-0.3524624900039168
Biolord,GATA1,split2,T266A,0.5533596837944664,-0.2393751659821599
Biolord,GATA1,split2,T267A,0.1027667984189723,-0.44746333039896696
Biolord,GATA1,split2,T296A,0.9011857707509882,-0.004511125161992324
Biolord,GATA1,split2,T324A,0.32015810276679846,-0.31495891480033794
Biolord,GATA1,split2,T354A,0.4980237154150198,-0.19902549726320662
Biolord,GATA1,split2,T360A,0.6600790513833992,-0.0858314994966103
Biolord,GATA1,split2,T391A,0.8260869565217391,-0.049208149451823315
Biolord,GATA1,split2,T402A,0.5335968379446641,-0.1590802381717904
Biolord,GATA1,split2,"T402A,T403A",0.2569169960474308,-0.30761823851093106
Biolord,GATA1,split2,"T403A,S404G",0.06719367588932801,-0.37067240412495356
Biolord,GATA1,split2,"T405A,T406A",0.7154150197628458,-0.10030282424716457
Biolord,GATA1,split2,V250A,0.07905138339920947,-0.4191950329467087
Biolord,GATA1,split2,"V278A,C279R",0.38735177865612647,-0.19326035918224693
Biolord,GATA1,split2,V291A,0.5256916996047432,-0.20032915407068314
Biolord,GATA1,split2,"V336A,V337A",0.6363636363636364,-0.09568953592889762
Biolord,GATA1,split2,V349A,0.9169960474308301,0.035925629107132234
Biolord,GATA1,split2,V370A,0.08695652173913049,-0.3242263373003148
Biolord,GATA1,split2,"V371A,L372P",0.03952569169960474,-0.35626745191714665
Biolord,GATA1,split2,V407A,0.37944664031620556,-0.20926087851738054
Biolord,GATA1,split2,"V407A,V408A",0.6561264822134387,-0.10050453633756533
Biolord,GATA1,split2,V408A,0.8616600790513834,-0.0075049961976423685
Biolord,GATA1,split2,W215R,0.08300395256916993,-0.440295349916681
Biolord,GATA1,split2,W269R,0.45849802371541504,-0.23628314010578438
Biolord,GATA1,split2,Y223C,0.2569169960474308,-0.3119665151333829
Biolord,GATA1,split2,Y231C,0.4268774703557312,-0.21592521038608398
Biolord,GATA1,split2,Y285C,0.9367588932806324,0.1255348221271262
Biolord,GATA1,split2,"Y285C,Y286C",0.9881422924901185,0.3652230071296076
Biolord,GATA1,split2,"Y286C,K287E",0.2806324110671937,-0.3151613819890001
Biolord,GATA1,split2,Y286H,0.7391304347826086,-0.13746395249267468
Biolord,GATA1,split2,"Y364C,Q365R",0.8972332015810277,0.044112767024950955
Biolord,GATA1,split3,C204R,0.9683794466403162,0.23234266066446688
Biolord,GATA1,split3,"C204R,V205A",0.2924901185770751,-0.25845373948965455
Biolord,GATA1,split3,C207R,0.9960474308300395,0.3975309422318554
Biolord,GATA1,split3,C225R,0.25296442687747034,-0.2501896351293302
Biolord,GATA1,split3,C228R,0.3517786561264822,-0.22213750685357306
Biolord,GATA1,split3,C258R,0.6798418972332017,-0.0904959611844211
Biolord,GATA1,split3,C261R,0.8023715415019763,0.030326685657987355
Biolord,GATA1,split3,D276G,0.15810276679841895,-0.30344009609072187
Biolord,GATA1,split3,H222R,0.17786561264822132,-0.35661613643101137
Biolord,GATA1,split3,"H222R,Y223C",0.4031620553359684,-0.20056977253040734
Biolord,GATA1,split3,"L214P,W215R",0.8300395256916996,0.012053103179531014
Biolord,GATA1,split3,L224P,0.9446640316205533,0.13987723867119226
Biolord,GATA1,split3,"L268P,W269R",0.6284584980237153,-0.10889789758150491
Biolord,GATA1,split3,N206G,0.43873517786561267,-0.1933869913110328
Biolord,GATA1,split3,N272G,0.7430830039525691,-0.05273228859187619
Biolord,GATA1,split3,R271G,0.8260869565217391,0.052002192313252954
Biolord,GATA1,split3,S274G,0.30434782608695654,-0.2355615820165528
Biolord,GATA1,split3,T210A,0.6798418972332017,-0.05220085088330343
Biolord,GATA1,split3,T212A,0.49011857707509876,-0.1600444674147728
Biolord,GATA1,split3,T220A,0.22924901185770752,-0.3246311095243816
Biolord,GATA1,split3,T259A,0.5533596837944664,-0.1266766777414361
Biolord,GATA1,split3,"T263A,T264A",0.9802371541501976,0.3169733382697746
Biolord,GATA1,split3,T264A,0.2648221343873518,-0.26552303908647584
Biolord,GATA1,split3,"T264A,T265A",0.09486166007905139,-0.3806427372517171
Biolord,GATA1,split3,T265A,0.02766798418972327,-0.42524766351588833
Biolord,GATA1,split3,"T265A,T266A",0.33596837944664026,-0.21598737788088151
Biolord,GATA1,split3,T266A,0.3438735177865613,-0.2196939839125995
Biolord,GATA1,split3,T267A,0.2924901185770751,-0.22259573941632382
Biolord,GATA1,split3,"V278A,C279R",0.5335968379446641,-0.14032088020946276
Biolord,GATA1,split3,W215R,0.2727272727272727,-0.26750601768836796
Biolord,GATA1,split3,W269R,0.7470355731225297,-0.05891452190144168
Biolord,GATA1,split3,Y223C,0.24505928853754944,-0.26655332945227506
Biolord,GATA1,split5,C346R,0.3517786561264822,-0.27896385226689613
Biolord,GATA1,split5,E114G,0.7707509881422925,-0.04719124856951351
Biolord,GATA1,split5,"E114G,D115G",0.7075098814229249,-0.05584971372454584
Biolord,GATA1,split5,E134G,0.8023715415019763,9.575405519302993e-05
Biolord,GATA1,split5,E13G,0.4268774703557312,-0.15773943128116968
Biolord,GATA1,split5,F168P,0.18972332015810278,-0.2586293822456488
Biolord,GATA1,split5,F172L,0.4268774703557312,-0.205571578656738
Biolord,GATA1,split5,"F172S,F173P",0.035573122529644285,-0.33545058255148597
Biolord,GATA1,split5,"F33P,F34P",0.8221343873517787,0.000518888995305428
Biolord,GATA1,split5,F3L,0.541501976284585,-0.002575801993168438
Biolord,GATA1,split5,H222R,0.22529644268774707,-0.2160717896219983
Biolord,GATA1,split5,I249T,0.2134387351778656,-0.32127257151740934
Biolord,GATA1,split5,I302V,0.9328063241106719,0.12354632165132703
Biolord,GATA1,split5,"K100G,T101A",0.2885375494071146,-0.11571544186011942
Biolord,GATA1,split5,K245G,1.0,0.42870879962544994
Biolord,GATA1,split5,K252R,0.9881422924901185,0.30816267155310084
Biolord,GATA1,split5,K287G,0.8260869565217391,-0.013115937960882782
Biolord,GATA1,split5,K312G,0.9565217391304348,0.22931016392685888
Biolord,GATA1,split5,K312R,0.8181818181818181,-0.020406623047559743
Biolord,GATA1,split5,"K314R,K315G",0.7233201581027668,-0.053451586025557954
Biolord,GATA1,split5,L136S,0.49011857707509876,-0.13015820250327514
Biolord,GATA1,split5,L141P,0.6442687747035574,-0.0934001654737136
Biolord,GATA1,split5,L196P,0.2055335968379447,-0.27815834881580775
Biolord,GATA1,split5,"L284P,Y285H",0.9762845849802372,0.268692638954866
Biolord,GATA1,split5,"L386P,L387P",0.23715415019762842,-0.23691609216737958
Biolord,GATA1,split5,L80P,0.2806324110671937,-0.26481300739226726
Biolord,GATA1,split5,M335T,0.450592885375494,-0.14372265233215206
Biolord,GATA1,split5,N160D,0.2727272727272727,-0.00839066045562834
Biolord,GATA1,split5,"Q237R,N238G",0.7549407114624506,-0.07112498582785164
Biolord,GATA1,split5,S12P,0.849802371541502,0.00825196824207971
Biolord,GATA1,split5,S142G,0.6798418972332017,-0.05274586476831946
Biolord,GATA1,split5,S174P,0.9802371541501976,0.2014305871757726
Biolord,GATA1,split5,S186P,0.4426877470355731,-0.11909413895508329
Biolord,GATA1,split5,S36P,0.9644268774703557,0.19884282872657383
Biolord,GATA1,split5,S46P,0.2490118577075099,-0.20201078839384895
Biolord,GATA1,split5,T171A,0.08695652173913049,-0.22617344276381757
Biolord,GATA1,split5,T220A,0.17391304347826086,-0.24844021240005443
Biolord,GATA1,split5,V250A,0.15019762845849804,-0.35597079045122987
Biolord,GATA1,split5,"V278A,C279R",0.5256916996047432,-0.17202161213712014
Biolord,GATA1,split5,"V32A,F33P",0.19762845849802368,-0.2056401530617102
Biolord,GATA1,split5,"V336A,V337A",0.7509881422924901,-0.026945186768192637
Biolord,GATA1,split5,Y285C,0.9367588932806324,0.1580900106475448
Biolord,GATA1,split5,"Y285C,Y286C",0.9604743083003953,0.25657846870178513
Biolord,GATA1,split5,Y286H,0.34782608695652173,-0.2225090097492475
Biolord,GATA1,split5,Y69H,0.3241106719367589,-0.17985896494717976
Biolord,GATA1,split6,C199R,0.24505928853754944,-0.3139108999559332
Biolord,GATA1,split6,C207R,0.9920948616600791,0.3279633882501988
Biolord,GATA1,split6,C225R,0.24110671936758898,-0.26892116152496254
Biolord,GATA1,split6,E114G,0.6640316205533596,-0.035001978971603266
Biolord,GATA1,split6,E200G,0.6679841897233201,-0.02578347647435013
Biolord,GATA1,split6,E328G,0.5494071146245059,-0.11703809284720246
Biolord,GATA1,split6,E348G,0.2845849802371542,-0.20049036652244667
Biolord,GATA1,split6,F172P,0.01976284584980237,-0.38253815233213806
Biolord,GATA1,split6,H222R,0.15810276679841895,-0.33741981856352987
Biolord,GATA1,split6,"I249T,V250A",0.9328063241106719,0.14797291997914702
Biolord,GATA1,split6,I87T,0.7984189723320159,-0.02502893406164004
Biolord,GATA1,split6,"K100G,T101A",0.7312252964426877,-0.06802015493400432
Biolord,GATA1,split6,K137E,0.8379446640316206,0.03323629160764152
Biolord,GATA1,split6,K287G,0.8537549407114624,0.004029296940594268
Biolord,GATA1,split6,"K299R,D300G",0.2490118577075099,-0.20847337127745855
Biolord,GATA1,split6,K312R,0.7351778656126482,-0.051221922289420685
Biolord,GATA1,split6,L146P,0.18181818181818177,-0.28019366326327
Biolord,GATA1,split6,L190P,0.8221343873517787,0.008336972587085812
Biolord,GATA1,split6,L224P,0.924901185770751,0.10239597197683364
Biolord,GATA1,split6,L355P,0.13438735177865613,-0.2684430719739805
Biolord,GATA1,split6,L363P,0.7351778656126482,-0.0715261262123899
Biolord,GATA1,split6,L387P,0.22924901185770752,-0.24435444205163476
Biolord,GATA1,split6,L6P,0.37154150197628455,-0.17685778509484382
Biolord,GATA1,split6,M1V,0.40711462450592883,-0.18262425681123742
Biolord,GATA1,split6,M335V,0.5494071146245059,-0.10092656115205674
Biolord,GATA1,split6,"N238G,R239G",0.6600790513833992,-0.03927170918986739
Biolord,GATA1,split6,Q257R,0.38735177865612647,-0.2635321042896788
Biolord,GATA1,split6,R271G,0.8695652173913043,0.03668142350740797
Biolord,GATA1,split6,S155P,0.09881422924901184,-0.4110111811673638
Biolord,GATA1,split6,S161G,0.4426877470355731,-0.1483321326965226
Biolord,GATA1,split6,S174P,0.9328063241106719,0.19133343994585997
Biolord,GATA1,split6,S178G,0.08300395256916993,-0.3075202459449856
Biolord,GATA1,split6,S310P,0.23320158102766797,-0.30847351123218864
Biolord,GATA1,split6,S393P,0.2648221343873518,-0.3008410560394394
Biolord,GATA1,split6,S72P,0.6245059288537549,-0.10152386369506193
Biolord,GATA1,split6,T256A,0.015810276679841917,-0.37299826455271035
Biolord,GATA1,split6,T264A,0.24110671936758898,-0.2548185109371354
Biolord,GATA1,split6,T324A,0.3438735177865613,-0.1981866243719601
Biolord,GATA1,split6,T391A,0.7905138339920948,-0.01989166666365687
Biolord,GATA1,split6,"V109A,C110R",0.7747035573122529,-0.03480309662931588
Biolord,GATA1,split6,V158A,0.23715415019762842,-0.28888879488469027
Biolord,GATA1,split6,V291A,0.6640316205533596,-0.042342986375194354
Biolord,GATA1,split6,V32A,0.5098814229249011,-0.14626023564056503
Biolord,GATA1,split6,"V32A,F33P",0.5098814229249011,-0.16878704247342785
Biolord,GATA1,split6,"V336A,V337A",0.5810276679841897,-0.05347414994100422
Biolord,GATA1,split6,"V371A,L372P",0.055335968379446654,-0.33748083280197233
Biolord,GATA1,split6,"Y185H,S186P",0.16600790513833996,-0.2891171315791232
Biolord,GATA1,split6,Y285C,0.9407114624505929,0.1706216692891533
Biolord,GATA1,split6,Y62C,0.31225296442687744,-0.22829246654906854
Biolord,GATA1,split6,Y62H,0.9920948616600791,0.3720845532182245
Biolord,GATA1,split6,Y78H,0.5256916996047432,-0.09172203159207017
Biolord,GATA1,split6,Y93H,0.7114624505928854,-0.00019518164835319028
Biolord,JAK1,split1,E762K,0.6,0.8374722485710513
Biolord,JAK1,split1,"G1068E,G1068R",0.84,0.825964219802046
Biolord,JAK1,split1,"G887R,G887E",0.6,0.7631167012125124
Biolord,JAK1,split1,"P1118L,P1118S,P1121S",0.040000000000000036,0.009452626844031042
Biolord,JAK1,split1,Q387*,0.6,0.8450106753989931
Biolord,JAK1,split1,Q437*,0.36,0.8058572513113362
Biolord,JAK1,split1,Q572*,1.0,0.9097064961307738
Biolord,JAK1,split1,splice_64850911,0.4,0.8095783350935897
Biolord,JAK1,split1,syn_N357,0.0,-0.15851576202140275
Biolord,JAK1,split2,D775N,0.56,0.8440916666698143
Biolord,JAK1,split2,E1051K,0.88,0.8998916611432985
Biolord,JAK1,split2,"E706K,D707N",0.88,0.9036773581523785
Biolord,JAK1,split2,E762K,0.56,0.8470466606783885
Biolord,JAK1,split2,"G1068E,G1068R",0.64,0.5749875013220563
Biolord,JAK1,split2,"G590E,G590R",0.6,0.48304348431791316
Biolord,JAK1,split2,"G887R,G887E",0.6799999999999999,0.5798298956119003
Biolord,JAK1,split2,"P1118L,P1118S,P1121S",0.16000000000000003,0.0552852105836429
Biolord,JAK1,split2,"P1121L,P1121S",0.07999999999999996,-0.03746642443704243
Biolord,JAK1,split2,P761S,0.72,0.8364649040742662
Biolord,JAK1,split2,S1062F,0.84,0.4595448903826927
Biolord,JAK1,split2,T717I,0.8,0.02827832476744347
Biolord,JAK1,split2,splice_64850911,0.48,0.8270818931255087
Biolord,JAK1,split3,D775N,0.76,0.6145536218475762
Biolord,JAK1,split3,E1051K,0.92,0.5408467477536296
Biolord,JAK1,split3,E447K,0.8,0.5807329003345142
Biolord,JAK1,split3,E486K,0.6,0.5418844065505409
Biolord,JAK1,split3,"E706K,D707N",0.8,0.6504572943640354
Biolord,JAK1,split3,E762K,0.36,0.4978807057335943
Biolord,JAK1,split3,"G1068E,G1068R",0.88,0.296574613946667
Biolord,JAK1,split3,"G590E,G590R",0.28,0.21912627769197943
Biolord,JAK1,split3,"G887R,G887E",0.96,0.3144159422884266
Biolord,JAK1,split3,P761S,0.52,0.3971417160098198
Biolord,JAK1,split3,Q387*,0.52,0.45330196865131284
Biolord,JAK1,split3,Q437*,1.0,0.49577440147657637
Biolord,JAK1,split3,Q499*,0.24,0.4145537508607583
Biolord,JAK1,split3,Q545*,0.28,0.4186562104111602
Biolord,JAK1,split3,Q572*,0.6799999999999999,0.4681023183844826
Biolord,JAK1,split3,R108Q,0.24,0.2863237422516187
Biolord,JAK1,split3,"R549Q,E550K",0.43999999999999995,0.49243696757985844
Biolord,JAK1,split3,S1062F,0.56,0.2744291504956072
Biolord,JAK1,split3,T558I,0.040000000000000036,0.060198141493445205
Biolord,JAK1,split3,splice_64850911,0.31999999999999995,0.41578125278628164
Biolord,JAK1,split5,D775N,0.6799999999999999,0.8443998028514105
Biolord,JAK1,split5,E486K,0.43999999999999995,0.7981049086696449
Biolord,JAK1,split5,E762K,0.6,0.8466273729907742
Biolord,JAK1,split5,"G590E,G590R",0.64,0.8239071893537822
Biolord,JAK1,split5,L321F,0.07999999999999996,-0.008189309588945436
Biolord,JAK1,split5,"P1121L,P1121S",0.12,0.04329036722534274
Biolord,JAK1,split5,P761S,0.84,0.8341215982742951
Biolord,JAK1,split5,Q387*,0.72,0.8682119244207692
Biolord,JAK1,split5,Q437*,0.43999999999999995,0.8185114648061974
Biolord,JAK1,split5,Q499*,0.36,0.8045064289987249
Biolord,JAK1,split5,Q545*,0.31999999999999995,0.7878871589075587
Biolord,JAK1,split5,R108Q,0.28,0.6932693915887048
Biolord,JAK1,split5,"R549Q,E550K",0.48,0.730056825937181
Biolord,JAK1,split5,T717I,0.0,-0.0012629472913215254
Biolord,JAK1,split5,splice_64850911,0.52,0.8290958483483387
Biolord,JAK1,split5,syn_L158,0.16000000000000003,0.03589020156579559
Biolord,JAK1,split5,syn_N357,0.07999999999999996,0.007985835404125305
CellFlow,TP53,split1,A159P,0.6288659793814433,0.555532468199598
CellFlow,TP53,split1,A159V,0.7216494845360825,0.5572136453143616
CellFlow,TP53,split1,C141Y,0.4226804123711341,0.532133141653774
CellFlow,TP53,split1,C238Y,0.8969072164948454,0.5800339725335046
CellFlow,TP53,split1,G245V,0.9381443298969072,0.6091987725391576
CellFlow,TP53,split1,H179R,0.20618556701030932,0.48937719887813047
CellFlow,TP53,split1,P47S,0.8144329896907216,0.5782183785915993
CellFlow,TP53,split1,P58R,0.4948453608247423,0.5248485746080264
CellFlow,TP53,split1,Q5R,0.7525773195876289,0.5628521458165305
CellFlow,TP53,split1,R175H,0.28865979381443296,0.49412444577343156
CellFlow,TP53,split1,R273H,0.5876288659793815,0.5453012880097136
CellFlow,TP53,split1,S241C,0.4639175257731959,0.52583034897118
CellFlow,TP53,split1,S366A,0.7731958762886598,0.5675794712321247
CellFlow,TP53,split1,T312S,0.18556701030927836,0.49418970618804436
CellFlow,TP53,split1,V31I,0.8041237113402062,0.5594110231163065
CellFlow,TP53,split1,Y220C,0.22680412371134018,0.4986517426732284
CellFlow,TP53,split2,C238F,0.19587628865979378,0.5024046937472216
CellFlow,TP53,split2,C238Y,0.9690721649484536,0.5947080014699873
CellFlow,TP53,split2,C242F,0.7731958762886598,0.545664314031658
CellFlow,TP53,split2,C275F,0.865979381443299,0.5644669077197922
CellFlow,TP53,split2,C275Y,0.21649484536082475,0.4737231768172253
CellFlow,TP53,split2,C277F,0.45360824742268047,0.5346853714152063
CellFlow,TP53,split2,E271K,0.6597938144329897,0.545680934214276
CellFlow,TP53,split2,E285K,0.4226804123711341,0.514718836238933
CellFlow,TP53,split2,E286K,0.1649484536082474,0.49564251122916836
CellFlow,TP53,split2,E339K,0.020618556701030966,0.4425441835660687
CellFlow,TP53,split2,G244C,0.8556701030927836,0.5730326749358557
CellFlow,TP53,split2,G245C,0.23711340206185572,0.5210470832858599
CellFlow,TP53,split2,G245D,0.6082474226804124,0.5414122558679995
CellFlow,TP53,split2,G245S,0.845360824742268,0.5760729826286134
CellFlow,TP53,split2,G245V,0.9381443298969072,0.5982332151223929
CellFlow,TP53,split2,G266E,0.4948453608247423,0.5386318963533088
CellFlow,TP53,split2,G266R,0.5567010309278351,0.5583031435659779
CellFlow,TP53,split2,G266V,0.9175257731958762,0.5746191247400572
CellFlow,TP53,split2,G360V,0.8350515463917526,0.5839371590557604
CellFlow,TP53,split2,L344L,0.28865979381443296,0.5165797955404352
CellFlow,TP53,split2,M237I,0.9072164948453608,0.5725334833309262
CellFlow,TP53,split2,M246V,0.08247422680412375,0.4805301825872617
CellFlow,TP53,split2,P222P,0.11340206185567014,0.4800993023741241
CellFlow,TP53,split2,P250L,0.2989690721649485,0.5206781758336226
CellFlow,TP53,split2,P278L,0.20618556701030932,0.49976286795669594
CellFlow,TP53,split2,P278S,0.6391752577319587,0.5346221658218434
CellFlow,TP53,split2,P295P,0.7422680412371134,0.5686498638503589
CellFlow,TP53,split2,P301P,0.979381443298969,0.6045230900011945
CellFlow,TP53,split2,P359P,0.5876288659793815,0.5315579266725838
CellFlow,TP53,split2,R248L,0.6804123711340206,0.5527436409157618
CellFlow,TP53,split2,R248W,0.7010309278350515,0.5428511895045194
CellFlow,TP53,split2,R249M,0.24742268041237114,0.5142826078626855
CellFlow,TP53,split2,R249S,0.3917525773195877,0.5326068173159647
CellFlow,TP53,split2,R273C,0.7628865979381443,0.5566994390044596
CellFlow,TP53,split2,R273H,0.5876288659793815,0.5424325542744804
CellFlow,TP53,split2,R273L,0.8041237113402062,0.5567186589947621
CellFlow,TP53,split2,R280K,0.19587628865979378,0.49832879465255997
CellFlow,TP53,split2,R280T,0.35051546391752575,0.5202834565060823
CellFlow,TP53,split2,R282W,0.38144329896907214,0.5507310415882645
CellFlow,TP53,split2,R337C,1.0,0.6237566716610541
CellFlow,TP53,split2,R337L,0.731958762886598,0.5412412595903322
CellFlow,TP53,split2,S241C,0.4329896907216495,0.5269052887254793
CellFlow,TP53,split2,S241F,0.3402061855670103,0.5175475617036469
CellFlow,TP53,split2,S366A,0.7835051546391752,0.5684984428976316
CellFlow,TP53,split2,T312S,0.12371134020618557,0.4797287766455672
CellFlow,TP53,split2,V272L,0.4742268041237113,0.5136026086490165
CellFlow,TP53,split2,V272M,0.4639175257731959,0.5426180435363605
CellFlow,TP53,split2,Y234C,0.14432989690721654,0.4870650601494878
CellFlow,TP53,split2,Y236C,0.3711340206185567,0.5217064102989505
CellFlow,TP53,split3,G245C,0.20618556701030932,0.5354057928890474
CellFlow,TP53,split3,G245D,0.45360824742268047,0.5553521799403776
CellFlow,TP53,split3,G245S,0.7731958762886598,0.5960238597780029
CellFlow,TP53,split3,G245V,0.9072164948453608,0.6274206161510589
CellFlow,TP53,split3,R175H,0.2989690721649485,0.5213953847254972
CellFlow,TP53,split3,R249M,0.25773195876288657,0.5335616752487103
CellFlow,TP53,split3,R249S,0.17525773195876293,0.5062325976369586
CellFlow,TP53,split3,R282W,0.07216494845360821,0.4999870065718661
CellFlow,TP53,split3,Y220C,0.41237113402061853,0.559404217902884
CellFlow,TP53,split6,A159P,0.6082474226804124,0.6085316546014243
CellFlow,TP53,split6,A159V,0.8556701030927836,0.621666247024004
CellFlow,TP53,split6,C141Y,0.5773195876288659,0.605255928054214
CellFlow,TP53,split6,C238Y,0.845360824742268,0.6108468386866867
CellFlow,TP53,split6,G245V,0.9381443298969072,0.6515440282152114
CellFlow,TP53,split6,H179R,0.17525773195876293,0.537085256807004
CellFlow,TP53,split6,R175H,0.30927835051546393,0.5476436982619816
CellFlow,TP53,split6,R273H,0.6391752577319587,0.6042836848743646
CellFlow,TP53,split6,S241C,0.48453608247422686,0.5845856442574587
CellFlow,TP53,split6,Y220C,0.3711340206185567,0.5716306740718877
CellFlow,KRAS,split1,A146T,0.7252747252747253,0.4579041910864357
CellFlow,KRAS,split1,A146V,0.7362637362637363,0.4952742689278257
CellFlow,KRAS,split1,G12C,0.6263736263736264,0.4478315348035287
CellFlow,KRAS,split1,G12D,0.27472527472527475,0.4236084991336301
CellFlow,KRAS,split1,G12R,0.1648351648351648,0.38514132820812347
CellFlow,KRAS,split1,G12V,0.8791208791208791,0.5222714465008201
CellFlow,KRAS,split1,Q61H,0.7032967032967032,0.49739685849913107
CellFlow,KRAS,split1,Q61L,0.5054945054945055,0.43642667193398227
CellFlow,KRAS,split2,A130V,0.978021978021978,0.5623443417208308
CellFlow,KRAS,split2,A146P,0.37362637362637363,0.4394359717370241
CellFlow,KRAS,split2,A146T,0.5604395604395604,0.4530826044089157
CellFlow,KRAS,split2,A146V,0.7362637362637363,0.5059931101689386
CellFlow,KRAS,split2,A155G,0.8131868131868132,0.4687441475540552
CellFlow,KRAS,split2,A66A,0.15384615384615385,0.41387179135495483
CellFlow,KRAS,split2,C118S,0.6373626373626373,0.4857670972649806
CellFlow,KRAS,split2,D119G,0.20879120879120883,0.4248306579200505
CellFlow,KRAS,split2,D173D,0.0,0.3827079400976552
CellFlow,KRAS,split2,E63K,0.8791208791208791,0.5149911803005648
CellFlow,KRAS,split2,F141L,0.37362637362637363,0.4742818534961845
CellFlow,KRAS,split2,G75A,0.29670329670329665,0.431573586593921
CellFlow,KRAS,split2,G77A,0.5494505494505495,0.46659532273670384
CellFlow,KRAS,split2,I163S,0.8681318681318682,0.5149726571401946
CellFlow,KRAS,split2,K117N,0.8901098901098901,0.5013009131747597
CellFlow,KRAS,split2,K117R,0.8461538461538461,0.5251164124942075
CellFlow,KRAS,split2,K147N,0.25274725274725274,0.41887142617765516
CellFlow,KRAS,split2,K147T,0.15384615384615385,0.43494162614640736
CellFlow,KRAS,split2,K169K,0.8241758241758241,0.5045701547459015
CellFlow,KRAS,split2,K176Q,0.5714285714285714,0.44307651012486665
CellFlow,KRAS,split2,K178K,0.5164835164835164,0.47957051313204063
CellFlow,KRAS,split2,K88K,0.4945054945054945,0.4835843427460878
CellFlow,KRAS,split2,L159S,0.967032967032967,0.5368059644840588
CellFlow,KRAS,split2,L79I,0.4065934065934066,0.46209183549471927
CellFlow,KRAS,split2,M111L,0.13186813186813184,0.40160774317191505
CellFlow,KRAS,split2,P110S,0.3296703296703297,0.4453439472552388
CellFlow,KRAS,split2,Q99E,0.6703296703296704,0.47785841854857025
CellFlow,KRAS,split2,R135T,0.7582417582417582,0.49801506026131453
CellFlow,KRAS,split2,R149K,0.5604395604395604,0.45587567272090634
CellFlow,KRAS,split2,R164Q,0.39560439560439564,0.47088964970046443
CellFlow,KRAS,split2,R68S,0.5934065934065934,0.47224939087217266
CellFlow,KRAS,split2,S136N,0.6043956043956045,0.49843625020313903
CellFlow,KRAS,split2,T127T,0.43956043956043955,0.42828486287405737
CellFlow,KRAS,split2,T144P,0.5054945054945055,0.4667743522747564
CellFlow,KRAS,split2,T144T,0.08791208791208793,0.41608736185083367
CellFlow,KRAS,split2,T158A,0.34065934065934067,0.46908032670352556
CellFlow,KRAS,split2,T158T,0.06593406593406592,0.390376059491555
CellFlow,KRAS,split2,T74A,0.6263736263736264,0.48235561128934157
CellFlow,KRAS,split2,T74T,0.2417582417582418,0.4106886750267834
CellFlow,KRAS,split2,V112I,0.9340659340659341,0.5311244343147136
CellFlow,KRAS,split2,Y166H,0.8351648351648352,0.5209335237435172
CellFlow,KRAS,split3,A146P,0.4285714285714286,0.4220472144380339
CellFlow,KRAS,split3,A146T,0.6923076923076923,0.4446706466503251
CellFlow,KRAS,split3,A146V,0.7252747252747253,0.4903070227566719
CellFlow,KRAS,split3,G12A,0.8351648351648352,0.48377355504576813
CellFlow,KRAS,split3,G12C,0.7582417582417582,0.457241879504388
CellFlow,KRAS,split3,G12S,0.8571428571428572,0.47866978930777193
CellFlow,KRAS,split3,G13C,0.31868131868131866,0.43853182001170254
CellFlow,KRAS,split3,K117R,0.7912087912087912,0.49035148609243046
CellFlow,KRAS,split3,Q61H,0.7362637362637363,0.4977149742027018
CellFlow,KRAS,split3,Q61P,0.989010989010989,0.5370147604934392
CellFlow,KRAS,split6,A146T,0.7252747252747253,0.4579041910864357
CellFlow,KRAS,split6,A146V,0.7362637362637363,0.4952742689278257
CellFlow,KRAS,split6,G12C,0.6263736263736264,0.4478315348035287
CellFlow,KRAS,split6,G12D,0.27472527472527475,0.4236084991336301
CellFlow,KRAS,split6,G12R,0.1648351648351648,0.38514132820812347
CellFlow,KRAS,split6,G12V,0.8791208791208791,0.5222714465008201
CellFlow,KRAS,split6,Q61H,0.7032967032967032,0.49739685849913107
CellFlow,KRAS,split6,Q61L,0.5054945054945055,0.43642667193398227
CellFlow,GATA1,split1,C199R,0.22529644268774707,-0.38236347026941253
CellFlow,GATA1,split1,C207R,1.0,0.40739069204786627
CellFlow,GATA1,split1,C225R,0.10671936758893286,-0.36354536175796365
CellFlow,GATA1,split1,E114G,0.5889328063241106,-0.1395867437509299
CellFlow,GATA1,split1,E200G,0.6679841897233201,-0.05003355511563964
CellFlow,GATA1,split1,E328G,0.6521739130434783,-0.15604095094950263
CellFlow,GATA1,split1,E348G,0.22924901185770752,-0.27281047433921074
CellFlow,GATA1,split1,F172P,0.49011857707509876,-0.20936505252663432
CellFlow,GATA1,split1,H222R,0.011857707509881465,-0.5006882548401146
CellFlow,GATA1,split1,"I249T,V250A",0.8102766798418972,-0.07447464821386307
CellFlow,GATA1,split1,I87T,0.9407114624505929,0.12352046058064592
CellFlow,GATA1,split1,"K100G,T101A",0.6284584980237153,-0.21233084761349735
CellFlow,GATA1,split1,K137E,0.7430830039525691,-0.08813237456817602
CellFlow,GATA1,split1,K287G,0.8932806324110671,-0.05050943809451391
CellFlow,GATA1,split1,"K299R,D300G",0.1541501976284585,-0.32543883863269324
CellFlow,GATA1,split1,K312R,0.7865612648221344,0.023623066811401028
CellFlow,GATA1,split1,L146P,0.4110671936758893,-0.24275510014806717
CellFlow,GATA1,split1,L190P,0.6798418972332017,-0.16930681164654515
CellFlow,GATA1,split1,L224P,0.9762845849802372,0.23344203212469625
CellFlow,GATA1,split1,L355P,0.06324110671936756,-0.38750839020534783
CellFlow,GATA1,split1,L363P,0.6956521739130435,-0.21094872671349993
CellFlow,GATA1,split1,L387P,0.09881422924901184,-0.36157992288175345
CellFlow,GATA1,split1,L6P,0.14229249011857703,-0.37697571524208445
CellFlow,GATA1,split1,M1V,0.6363636363636364,-0.1466387687981003
CellFlow,GATA1,split1,M335V,0.41501976284584985,-0.23133459956258084
CellFlow,GATA1,split1,"N238G,R239G",0.35573122529644263,-0.21385939230356718
CellFlow,GATA1,split1,Q257R,0.46640316205533594,-0.21792935196392615
CellFlow,GATA1,split1,R271G,0.8774703557312253,-0.00718058568363753
CellFlow,GATA1,split1,S155P,0.36363636363636365,-0.29945861557537273
CellFlow,GATA1,split1,S161G,0.5019762845849802,-0.17794038363785183
CellFlow,GATA1,split1,S174P,0.7351778656126482,-0.028813272183957055
CellFlow,GATA1,split1,S178G,0.13043478260869568,-0.38008046419636154
CellFlow,GATA1,split1,S310P,0.2845849802371542,-0.26790251872830323
CellFlow,GATA1,split1,S393P,0.2490118577075099,-0.32134612901379106
CellFlow,GATA1,split1,S72P,0.5968379446640316,-0.11894549499292638
CellFlow,GATA1,split1,T256A,0.0513833992094862,-0.44872958366561605
CellFlow,GATA1,split1,T264A,0.6245059288537549,-0.19222492598962934
CellFlow,GATA1,split1,T324A,0.6758893280632411,-0.0846541878644506
CellFlow,GATA1,split1,T391A,0.7509881422924901,-0.1423447134288875
CellFlow,GATA1,split1,"V109A,C110R",0.7628458498023716,-0.060192513789052146
CellFlow,GATA1,split1,V158A,0.691699604743083,-0.17646040483331843
CellFlow,GATA1,split1,V291A,0.24110671936758898,-0.3614817852375329
CellFlow,GATA1,split1,V32A,0.43873517786561267,-0.27872009831847966
CellFlow,GATA1,split1,"V32A,F33P",0.5612648221343873,-0.2258811216181541
CellFlow,GATA1,split1,"V336A,V337A",0.5217391304347826,-0.12821965247510006
CellFlow,GATA1,split1,"V371A,L372P",0.18181818181818177,-0.3633985140674788
CellFlow,GATA1,split1,"Y185H,S186P",0.11462450592885376,-0.3696083730870009
CellFlow,GATA1,split1,Y285C,0.924901185770751,0.03941671033273623
CellFlow,GATA1,split1,Y62C,0.1027667984189723,-0.4216110192060993
CellFlow,GATA1,split1,Y62H,0.9051383399209486,-0.0061583729087814265
CellFlow,GATA1,split1,Y78H,0.6996047430830039,-0.07024039738778814
CellFlow,GATA1,split1,Y93H,0.450592885375494,-0.24870672610333078
CellFlow,GATA1,split2,C204R,0.9920948616600791,0.27009455119130443
CellFlow,GATA1,split2,"C204R,V205A",0.26877470355731226,-0.22020999381908318
CellFlow,GATA1,split2,C207R,1.0,0.34950695669547105
CellFlow,GATA1,split2,C225R,0.09881422924901184,-0.31511572778912594
CellFlow,GATA1,split2,C228R,0.44664031620553357,-0.18899364289442055
CellFlow,GATA1,split2,C258R,0.8063241106719368,-0.02619266249255145
CellFlow,GATA1,split2,C261R,0.8379446640316206,0.02647725602260054
CellFlow,GATA1,split2,C346R,0.3320158102766798,-0.26258634371802014
CellFlow,GATA1,split2,D276G,0.2806324110671937,-0.21150989996383296
CellFlow,GATA1,split2,E328G,0.6482213438735178,-0.13600687598103306
CellFlow,GATA1,split2,E348G,0.2490118577075099,-0.22759613298827483
CellFlow,GATA1,split2,F382S,0.011857707509881465,-0.42038837489545006
CellFlow,GATA1,split2,F394P,0.24110671936758898,-0.28177620559707856
CellFlow,GATA1,split2,H222R,0.007905138339920903,-0.4419176840078982
CellFlow,GATA1,split2,"H222R,Y223C",0.3399209486166008,-0.2508412688785324
CellFlow,GATA1,split2,"H232R,K233E",0.9130434782608696,0.05480278735320543
CellFlow,GATA1,split2,H289R,0.26086956521739135,-0.2422207130968407
CellFlow,GATA1,split2,H362R,0.5177865612648221,-0.21412688901847432
CellFlow,GATA1,split2,H378R,0.8932806324110671,-0.03367794013825402
CellFlow,GATA1,split2,I242T,0.9841897233201581,0.26885832211728766
CellFlow,GATA1,split2,I242V,0.8656126482213439,-0.01692870864633012
CellFlow,GATA1,split2,I249T,0.09090909090909094,-0.3201595670343611
CellFlow,GATA1,split2,"I249T,V250A",0.7865612648221344,-0.07717015868056817
CellFlow,GATA1,split2,I249V,0.45849802371541504,-0.2394239578696636
CellFlow,GATA1,split2,I302T,0.9644268774703557,0.20281470057887024
CellFlow,GATA1,split2,I302V,0.31225296442687744,-0.17849175698841319
CellFlow,GATA1,split2,"K233R,M234V",0.6363636363636364,-0.11741722515560764
CellFlow,GATA1,split2,K245G,0.9525691699604744,0.16784916139242928
CellFlow,GATA1,split2,K252G,0.4703557312252964,-0.11292290493584746
CellFlow,GATA1,split2,K252R,0.8181818181818181,0.031058099399627757
CellFlow,GATA1,split2,K287G,0.8893280632411067,-0.04129507474129432
CellFlow,GATA1,split2,K299E,0.16600790513833996,-0.28693051641449097
CellFlow,GATA1,split2,"K299R,D300G",0.17391304347826086,-0.27101108118449
CellFlow,GATA1,split2,K308G,0.5533596837944664,-0.13600408402091604
CellFlow,GATA1,split2,K312G,0.9407114624505929,0.06800501311226377
CellFlow,GATA1,split2,K312R,0.7984189723320159,0.024886679220019525
CellFlow,GATA1,split2,"K314R,K315G",0.7233201581027668,-0.11403456678957397
CellFlow,GATA1,split2,K316G,0.07509881422924902,-0.33213898385778184
CellFlow,GATA1,split2,K316R,0.541501976284585,-0.1492278220524349
CellFlow,GATA1,split2,"L214P,W215R",0.47430830039525695,-0.17341810004387795
CellFlow,GATA1,split2,L224P,0.9762845849802372,0.20777490949659885
CellFlow,GATA1,split2,"L230P,Y231H",0.12648221343873522,-0.35323559260526416
CellFlow,GATA1,split2,L248P,0.19762845849802368,-0.2752670524739478
CellFlow,GATA1,split2,"L268P,W269R",0.2727272727272727,-0.24753754001629238
CellFlow,GATA1,split2,"L284P,Y285H",0.9683794466403162,0.23029086208898597
CellFlow,GATA1,split2,L288P,0.059288537549407105,-0.34318665908286416
CellFlow,GATA1,split2,L295P,0.4782608695652174,-0.12932320402883463
CellFlow,GATA1,split2,L355P,0.07114624505928857,-0.3279514701294134
CellFlow,GATA1,split2,L363P,0.6600790513833992,-0.1961923897649823
CellFlow,GATA1,split2,"L363P,Y364H",0.36363636363636365,-0.26200546075741876
CellFlow,GATA1,split2,L367P,0.04347826086956519,-0.3601297655467258
CellFlow,GATA1,split2,"L372P,S373P",0.691699604743083,-0.12658552027086284
CellFlow,GATA1,split2,L379P,0.6640316205533596,-0.08889798928270488
CellFlow,GATA1,split2,L386P,0.02766798418972327,-0.42831453062163
CellFlow,GATA1,split2,"L386P,L387P",0.4347826086956522,-0.18900411858872765
CellFlow,GATA1,split2,L387P,0.11462450592885376,-0.29965380573214273
CellFlow,GATA1,split2,L411P,0.2569169960474308,-0.2497332716794573
CellFlow,GATA1,split2,M234T,0.11857707509881421,-0.331200655327287
CellFlow,GATA1,split2,"M234V,N235D",0.4861660079051383,-0.191868528357804
CellFlow,GATA1,split2,M297T,0.7549407114624506,-0.04968217335597616
CellFlow,GATA1,split2,M335T,0.3517786561264822,-0.2516468930032495
CellFlow,GATA1,split2,"M335T,V336A",0.45849802371541504,-0.1421312260904483
CellFlow,GATA1,split2,M335V,0.4031620553359684,-0.20194355603473643
CellFlow,GATA1,split2,M380T,0.6086956521739131,-0.15240915520616208
CellFlow,GATA1,split2,M399T,0.34782608695652173,-0.1767061076413608
CellFlow,GATA1,split2,M399V,0.30434782608695654,-0.23578497137068383
CellFlow,GATA1,split2,N206G,0.5256916996047432,-0.17697214957235133
CellFlow,GATA1,split2,"N238G,R239G",0.3399209486166008,-0.18830089776889525
CellFlow,GATA1,split2,N272G,0.5810276679841897,-0.11570483337055382
CellFlow,GATA1,split2,N292G,0.9051383399209486,0.08766244650736396
CellFlow,GATA1,split2,N292S,0.25296442687747034,-0.264342830947555
CellFlow,GATA1,split2,N306G,0.6284584980237153,-0.15577275196441803
CellFlow,GATA1,split2,N345D,0.6126482213438735,-0.12427372557481947
CellFlow,GATA1,split2,N345G,0.06719367588932801,-0.34510471802270504
CellFlow,GATA1,split2,"Q237R,N238G",0.2964426877470355,-0.20151999348855595
CellFlow,GATA1,split2,Q257R,0.46640316205533594,-0.1842881907556274
CellFlow,GATA1,split2,"Q303R,T304A",0.48221343873517786,-0.1735066661672833
CellFlow,GATA1,split2,Q365R,0.22924901185770752,-0.26772377217552973
CellFlow,GATA1,split2,R271G,0.8735177865612649,-0.005447087643411219
CellFlow,GATA1,split2,S274G,0.15810276679841895,-0.3446941199173016
CellFlow,GATA1,split2,S310P,0.33596837944664026,-0.20899568980943342
CellFlow,GATA1,split2,S320G,0.8221343873517787,-0.025711269204867736
CellFlow,GATA1,split2,S341G,0.3241106719367589,-0.22457586720971617
CellFlow,GATA1,split2,S343G,0.49011857707509876,-0.15924765144467914
CellFlow,GATA1,split2,S389P,0.32806324110671936,-0.25223755608477527
CellFlow,GATA1,split2,S393P,0.23715415019762842,-0.28165490753659755
CellFlow,GATA1,split2,S412G,0.9209486166007905,0.03490290854581561
CellFlow,GATA1,split2,T210A,0.6245059288537549,-0.07181417715821975
CellFlow,GATA1,split2,T212A,0.6324110671936759,-0.12951994422453736
CellFlow,GATA1,split2,T220A,0.5177865612648221,-0.17767549592803356
CellFlow,GATA1,split2,T256A,0.04743083003952564,-0.3914441270130722
CellFlow,GATA1,split2,T259A,0.4426877470355731,-0.19993179394388974
CellFlow,GATA1,split2,"T263A,T264A",0.9446640316205533,0.0907759853824267
CellFlow,GATA1,split2,T264A,0.6245059288537549,-0.15792629313477238
CellFlow,GATA1,split2,"T264A,T265A",0.14229249011857703,-0.28800351691558534
CellFlow,GATA1,split2,T265A,0.0039525691699604515,-0.47341216975606143
CellFlow,GATA1,split2,"T265A,T266A",0.3675889328063241,-0.23060295628735114
CellFlow,GATA1,split2,T266A,0.5731225296442688,-0.15396886856926428
CellFlow,GATA1,split2,T267A,0.18181818181818177,-0.2621985478348321
CellFlow,GATA1,split2,T296A,0.8774703557312253,-0.05387142912082894
CellFlow,GATA1,split2,T324A,0.6996047430830039,-0.048536428408122306
CellFlow,GATA1,split2,T354A,0.5770750988142292,-0.14931769531707886
CellFlow,GATA1,split2,T360A,0.42292490118577075,-0.1389879571431545
CellFlow,GATA1,split2,T391A,0.7391304347826086,-0.13005833770281622
CellFlow,GATA1,split2,T402A,0.5217391304347826,-0.10224422365583351
CellFlow,GATA1,split2,"T402A,T403A",0.37154150197628455,-0.24571923046808952
CellFlow,GATA1,split2,"T403A,S404G",0.01976284584980237,-0.42639564296346055
CellFlow,GATA1,split2,"T405A,T406A",0.7272727272727273,-0.06555984273621795
CellFlow,GATA1,split2,V250A,0.02371541501976282,-0.42505108276897446
CellFlow,GATA1,split2,"V278A,C279R",0.5652173913043479,-0.10539184682936914
CellFlow,GATA1,split2,V291A,0.20948616600790515,-0.3261223114257596
CellFlow,GATA1,split2,"V336A,V337A",0.5296442687747036,-0.10707624219135034
CellFlow,GATA1,split2,V349A,0.8695652173913043,-0.041181821943885234
CellFlow,GATA1,split2,V370A,0.2490118577075099,-0.22697271126942634
CellFlow,GATA1,split2,"V371A,L372P",0.17391304347826086,-0.3154253449689618
CellFlow,GATA1,split2,V407A,0.12252964426877466,-0.34279315854592374
CellFlow,GATA1,split2,"V407A,V408A",0.3913043478260869,-0.20860945477549214
CellFlow,GATA1,split2,V408A,0.7747035573122529,-0.06579880984776486
CellFlow,GATA1,split2,W215R,0.18577075098814233,-0.2537809261743231
CellFlow,GATA1,split2,W269R,0.4980237154150198,-0.16165202171146262
CellFlow,GATA1,split2,Y223C,0.1541501976284585,-0.3113440206857248
CellFlow,GATA1,split2,Y231C,0.8102766798418972,0.017981849639161312
CellFlow,GATA1,split2,Y285C,0.924901185770751,0.02687888115640818
CellFlow,GATA1,split2,"Y285C,Y286C",0.9723320158102767,0.13114690247207184
CellFlow,GATA1,split2,"Y286C,K287E",0.4624505928853755,-0.17492728406852867
CellFlow,GATA1,split2,Y286H,0.7114624505928854,-0.11283420126930965
CellFlow,GATA1,split2,"Y364C,Q365R",0.7035573122529644,-0.12113959214377612
CellFlow,GATA1,split3,C204R,0.9920948616600791,0.29924878066410604
CellFlow,GATA1,split3,"C204R,V205A",0.2490118577075099,-0.2602135431544753
CellFlow,GATA1,split3,C207R,1.0,0.40927160223347436
CellFlow,GATA1,split3,C225R,0.12252964426877466,-0.337352039464856
CellFlow,GATA1,split3,C228R,0.4031620553359684,-0.23865474214615617
CellFlow,GATA1,split3,C258R,0.7549407114624506,-0.061022440974467566
CellFlow,GATA1,split3,C261R,0.8063241106719368,0.01242230975632409
CellFlow,GATA1,split3,D276G,0.2134387351778656,-0.29134976999241324
CellFlow,GATA1,split3,H222R,0.031620553359683834,-0.4588802889454615
CellFlow,GATA1,split3,"H222R,Y223C",0.3952569169960475,-0.2554130537931792
CellFlow,GATA1,split3,"L214P,W215R",0.6403162055335969,-0.1264247683722163
CellFlow,GATA1,split3,L224P,0.9723320158102767,0.22426077272055864
CellFlow,GATA1,split3,"L268P,W269R",0.38735177865612647,-0.22114546792137355
CellFlow,GATA1,split3,N206G,0.541501976284585,-0.19879182637178858
CellFlow,GATA1,split3,N272G,0.6047430830039526,-0.11905754628921285
CellFlow,GATA1,split3,R271G,0.8774703557312253,0.011264183293979673
CellFlow,GATA1,split3,S274G,0.2806324110671937,-0.3282921314206581
CellFlow,GATA1,split3,T210A,0.5375494071146245,-0.11375932432599552
CellFlow,GATA1,split3,T212A,0.5731225296442688,-0.17873803085205356
CellFlow,GATA1,split3,T220A,0.43083003952569165,-0.2564791540914044
CellFlow,GATA1,split3,T259A,0.5177865612648221,-0.1906850829542876
CellFlow,GATA1,split3,"T263A,T264A",0.9525691699604744,0.19217977897103258
CellFlow,GATA1,split3,T264A,0.5494071146245059,-0.2168112152459358
CellFlow,GATA1,split3,"T264A,T265A",0.08300395256916993,-0.3791104233741923
CellFlow,GATA1,split3,T265A,0.011857707509881465,-0.4984503069849205
CellFlow,GATA1,split3,"T265A,T266A",0.33596837944664026,-0.2765287106088564
CellFlow,GATA1,split3,T266A,0.48221343873517786,-0.2154439262260604
CellFlow,GATA1,split3,T267A,0.13833992094861658,-0.32382862349424973
CellFlow,GATA1,split3,"V278A,C279R",0.4861660079051383,-0.14807019536993257
CellFlow,GATA1,split3,W215R,0.1462450592885376,-0.30431862386614095
CellFlow,GATA1,split3,W269R,0.5849802371541502,-0.150078637758382
CellFlow,GATA1,split3,Y223C,0.18972332015810278,-0.33404935501352956
CellFlow,GATA1,split5,C346R,0.5889328063241106,0.11090724715609192
CellFlow,GATA1,split5,E114G,0.4940711462450593,0.0693954654543812
CellFlow,GATA1,split5,"E114G,D115G",0.5612648221343873,0.08592568719827717
CellFlow,GATA1,split5,E134G,0.22924901185770752,0.024847841366463893
CellFlow,GATA1,split5,E13G,0.8260869565217391,0.13753290673130364
CellFlow,GATA1,split5,F168P,0.7114624505928854,0.0985762306273556
CellFlow,GATA1,split5,F172L,0.9604743083003953,0.17489921200208577
CellFlow,GATA1,split5,"F172S,F173P",0.6403162055335969,0.08928860777159664
CellFlow,GATA1,split5,"F33P,F34P",0.37154150197628455,0.06484359315321327
CellFlow,GATA1,split5,F3L,0.04347826086956519,-0.03589898868663843
CellFlow,GATA1,split5,H222R,0.9367588932806324,0.15000294681565363
CellFlow,GATA1,split5,I249T,0.9723320158102767,0.17467410430134817
CellFlow,GATA1,split5,I302V,0.8616600790513834,0.11082949726850388
CellFlow,GATA1,split5,"K100G,T101A",0.13043478260869568,-0.022846664435104875
CellFlow,GATA1,split5,K245G,0.11067193675889331,-0.019012786653245607
CellFlow,GATA1,split5,K252R,0.4782608695652174,0.06563970588120503
CellFlow,GATA1,split5,K287G,0.15019762845849804,0.04358885541151881
CellFlow,GATA1,split5,K312G,0.031620553359683834,-0.07890960113347414
CellFlow,GATA1,split5,K312R,0.3517786561264822,0.02362020297042574
CellFlow,GATA1,split5,"K314R,K315G",0.20158102766798414,0.013454835319913813
CellFlow,GATA1,split5,L136S,0.07905138339920947,-0.046210566172992046
CellFlow,GATA1,split5,L141P,0.4703557312252964,0.07973146843201384
CellFlow,GATA1,split5,L196P,0.9328063241106719,0.1487140965971222
CellFlow,GATA1,split5,"L284P,Y285H",0.08300395256916993,-0.025907659604388053
CellFlow,GATA1,split5,"L386P,L387P",0.5296442687747036,0.08563843030946705
CellFlow,GATA1,split5,L80P,0.9960474308300395,0.17897045634805303
CellFlow,GATA1,split5,M335T,0.3596837944664032,0.05177515785544777
CellFlow,GATA1,split5,N160D,0.06324110671936756,-0.005955924145928284
CellFlow,GATA1,split5,"Q237R,N238G",0.8656126482213439,0.12281115726868148
CellFlow,GATA1,split5,S12P,0.3399209486166008,0.06406934083059503
CellFlow,GATA1,split5,S142G,0.21739130434782605,0.009913356817829682
CellFlow,GATA1,split5,S174P,0.6007905138339921,0.093334899080369
CellFlow,GATA1,split5,S186P,0.1541501976284585,0.02684769693611586
CellFlow,GATA1,split5,S36P,0.02371541501976282,-0.05297309071455752
CellFlow,GATA1,split5,S46P,0.2055335968379447,-0.03114787239365803
CellFlow,GATA1,split5,T171A,0.43873517786561267,0.08120232411755977
CellFlow,GATA1,split5,T220A,0.4031620553359684,0.07415384012725185
CellFlow,GATA1,split5,V250A,0.8379446640316206,0.10366637726321165
CellFlow,GATA1,split5,"V278A,C279R",0.6442687747035574,0.08339863000083632
CellFlow,GATA1,split5,"V32A,F33P",0.3003952569169961,0.05481559123350939
CellFlow,GATA1,split5,"V336A,V337A",0.6837944664031621,0.09051158319815751
CellFlow,GATA1,split5,Y285C,0.09881422924901184,0.00517102317916389
CellFlow,GATA1,split5,"Y285C,Y286C",0.01976284584980237,-0.0569073280008345
CellFlow,GATA1,split5,Y286H,0.15810276679841895,-0.004894556175426786
CellFlow,GATA1,split5,Y69H,0.7233201581027668,0.10638491398098075
CellFlow,GATA1,split6,C199R,0.22529644268774707,-0.38236347026941253
CellFlow,GATA1,split6,C207R,1.0,0.40739069204786627
CellFlow,GATA1,split6,C225R,0.10671936758893286,-0.36354536175796365
CellFlow,GATA1,split6,E114G,0.5889328063241106,-0.1395867437509299
CellFlow,GATA1,split6,E200G,0.6679841897233201,-0.05003355511563964
CellFlow,GATA1,split6,E328G,0.6521739130434783,-0.15604095094950263
CellFlow,GATA1,split6,E348G,0.22924901185770752,-0.27281047433921074
CellFlow,GATA1,split6,F172P,0.49011857707509876,-0.20936505252663432
CellFlow,GATA1,split6,H222R,0.011857707509881465,-0.5006882548401146
CellFlow,GATA1,split6,"I249T,V250A",0.8102766798418972,-0.07447464821386307
CellFlow,GATA1,split6,I87T,0.9407114624505929,0.12352046058064592
CellFlow,GATA1,split6,"K100G,T101A",0.6284584980237153,-0.21233084761349735
CellFlow,GATA1,split6,K137E,0.7430830039525691,-0.08813237456817602
CellFlow,GATA1,split6,K287G,0.8932806324110671,-0.05050943809451391
CellFlow,GATA1,split6,"K299R,D300G",0.1541501976284585,-0.32543883863269324
CellFlow,GATA1,split6,K312R,0.7865612648221344,0.023623066811401028
CellFlow,GATA1,split6,L146P,0.4110671936758893,-0.24275510014806717
CellFlow,GATA1,split6,L190P,0.6798418972332017,-0.16930681164654515
CellFlow,GATA1,split6,L224P,0.9762845849802372,0.23344203212469625
CellFlow,GATA1,split6,L355P,0.06324110671936756,-0.38750839020534783
CellFlow,GATA1,split6,L363P,0.6956521739130435,-0.21094872671349993
CellFlow,GATA1,split6,L387P,0.09881422924901184,-0.36157992288175345
CellFlow,GATA1,split6,L6P,0.14229249011857703,-0.37697571524208445
CellFlow,GATA1,split6,M1V,0.6363636363636364,-0.1466387687981003
CellFlow,GATA1,split6,M335V,0.41501976284584985,-0.23133459956258084
CellFlow,GATA1,split6,"N238G,R239G",0.35573122529644263,-0.21385939230356718
CellFlow,GATA1,split6,Q257R,0.46640316205533594,-0.21792935196392615
CellFlow,GATA1,split6,R271G,0.8774703557312253,-0.00718058568363753
CellFlow,GATA1,split6,S155P,0.36363636363636365,-0.29945861557537273
CellFlow,GATA1,split6,S161G,0.5019762845849802,-0.17794038363785183
CellFlow,GATA1,split6,S174P,0.7351778656126482,-0.028813272183957055
CellFlow,GATA1,split6,S178G,0.13043478260869568,-0.38008046419636154
CellFlow,GATA1,split6,S310P,0.2845849802371542,-0.26790251872830323
CellFlow,GATA1,split6,S393P,0.2490118577075099,-0.32134612901379106
CellFlow,GATA1,split6,S72P,0.5968379446640316,-0.11894549499292638
CellFlow,GATA1,split6,T256A,0.0513833992094862,-0.44872958366561605
CellFlow,GATA1,split6,T264A,0.6245059288537549,-0.19222492598962934
CellFlow,GATA1,split6,T324A,0.6758893280632411,-0.0846541878644506
CellFlow,GATA1,split6,T391A,0.7509881422924901,-0.1423447134288875
CellFlow,GATA1,split6,"V109A,C110R",0.7628458498023716,-0.060192513789052146
CellFlow,GATA1,split6,V158A,0.691699604743083,-0.17646040483331843
CellFlow,GATA1,split6,V291A,0.24110671936758898,-0.3614817852375329
CellFlow,GATA1,split6,V32A,0.43873517786561267,-0.27872009831847966
CellFlow,GATA1,split6,"V32A,F33P",0.5612648221343873,-0.2258811216181541
CellFlow,GATA1,split6,"V336A,V337A",0.5217391304347826,-0.12821965247510006
CellFlow,GATA1,split6,"V371A,L372P",0.18181818181818177,-0.3633985140674788
CellFlow,GATA1,split6,"Y185H,S186P",0.11462450592885376,-0.3696083730870009
CellFlow,GATA1,split6,Y285C,0.924901185770751,0.03941671033273623
CellFlow,GATA1,split6,Y62C,0.1027667984189723,-0.4216110192060993
CellFlow,GATA1,split6,Y62H,0.9051383399209486,-0.0061583729087814265
CellFlow,GATA1,split6,Y78H,0.6996047430830039,-0.07024039738778814
CellFlow,GATA1,split6,Y93H,0.450592885375494,-0.24870672610333078
CellFlow,JAK1,split1,E762K,0.48,0.8383059866363193
CellFlow,JAK1,split1,"G1068E,G1068R",0.8,0.9062896663988674
CellFlow,JAK1,split1,"G887R,G887E",0.52,0.8452599859058891
CellFlow,JAK1,split1,"P1118L,P1118S,P1121S",0.16000000000000003,0.04664782314155575
CellFlow,JAK1,split1,Q387*,0.64,0.8578713023858053
CellFlow,JAK1,split1,Q437*,0.4,0.8289948157391662
CellFlow,JAK1,split1,Q572*,1.0,0.9240951027125818
CellFlow,JAK1,split2,D775N,0.6799999999999999,0.8627306805809679
CellFlow,JAK1,split2,E1051K,0.84,0.9042238006782468
CellFlow,JAK1,split2,"E706K,D707N",0.92,0.909002779411214
CellFlow,JAK1,split2,E762K,0.48,0.8435027876715407
CellFlow,JAK1,split2,"G1068E,G1068R",0.8,0.901177025075654
CellFlow,JAK1,split2,"G590E,G590R",0.6,0.8546112405534841
CellFlow,JAK1,split2,"G887R,G887E",0.43999999999999995,0.8392524389276705
CellFlow,JAK1,split2,"P1118L,P1118S,P1121S",0.12,0.04651551251604685
CellFlow,JAK1,split2,"P1121L,P1121S",0.24,0.08610570771455353
CellFlow,JAK1,split2,P761S,0.76,0.8873080664384774
CellFlow,JAK1,split2,S1062F,0.88,0.90655154312911
CellFlow,JAK1,split2,T717I,0.040000000000000036,-0.1633779028786343
CellFlow,JAK1,split5,D775N,0.72,0.8633304190105678
CellFlow,JAK1,split5,E486K,0.43999999999999995,0.8161580837702113
CellFlow,JAK1,split5,E762K,0.56,0.8374220763934713
CellFlow,JAK1,split5,"G590E,G590R",0.6799999999999999,0.8566714521697564
CellFlow,JAK1,split5,L321F,0.12,0.015001455040612365
CellFlow,JAK1,split5,"P1121L,P1121S",0.19999999999999996,0.07974455049336565
CellFlow,JAK1,split5,P761S,0.76,0.8843882078866889
CellFlow,JAK1,split5,Q387*,0.6,0.852456578524242
CellFlow,JAK1,split5,Q437*,0.52,0.8349363192963786
CellFlow,JAK1,split5,Q499*,0.36,0.801413835315677
CellFlow,JAK1,split5,Q545*,0.28,0.7810145948463794
CellFlow,JAK1,split5,R108Q,0.31999999999999995,0.7855054265355361
CellFlow,JAK1,split5,"R549Q,E550K",0.48,0.8224769993720469
CellFlow,JAK1,split5,T717I,0.040000000000000036,-0.17504533469626218
GBoost-esm+theta,TP53,split1,A159P,0.7010309278350515,0.7553595407808168
GBoost-esm+theta,TP53,split1,A159V,0.7938144329896908,0.7930574009876359
GBoost-esm+theta,TP53,split1,C141Y,0.35051546391752575,0.7494709644934834
GBoost-esm+theta,TP53,split1,C238Y,0.31958762886597936,0.6991511160337882
GBoost-esm+theta,TP53,split1,G245V,0.5979381443298969,0.7777526899829498
GBoost-esm+theta,TP53,split1,H179R,0.5670103092783505,0.7385943837023121
GBoost-esm+theta,TP53,split1,P47S,0.28865979381443296,0.7608224340965357
GBoost-esm+theta,TP53,split1,P58R,0.05154639175257736,0.6890767715337636
GBoost-esm+theta,TP53,split1,Q5R,0.3608247422680413,0.7583799606359112
GBoost-esm+theta,TP53,split1,R175H,0.45360824742268047,0.7667788210800895
GBoost-esm+theta,TP53,split1,R273H,0.9690721649484536,0.8072745232952333
GBoost-esm+theta,TP53,split1,S241C,0.31958762886597936,0.7588219811699397
GBoost-esm+theta,TP53,split1,S366A,0.28865979381443296,0.7603848100852966
GBoost-esm+theta,TP53,split1,T312S,0.711340206185567,0.7798117327221905
GBoost-esm+theta,TP53,split1,V31I,0.11340206185567014,0.7362425978325716
GBoost-esm+theta,TP53,split1,Y220C,0.731958762886598,0.783823337360513
GBoost-esm+theta,TP53,split2,C238F,0.5567010309278351,0.722683749309387
GBoost-esm+theta,TP53,split2,C238Y,0.44329896907216493,0.7151332318791697
GBoost-esm+theta,TP53,split2,C242F,0.41237113402061853,0.7433426861350035
GBoost-esm+theta,TP53,split2,C275F,0.0,0.689827148271445
GBoost-esm+theta,TP53,split2,C275Y,0.25773195876288657,0.7235213497358334
GBoost-esm+theta,TP53,split2,C277F,0.8144329896907216,0.7510589390688045
GBoost-esm+theta,TP53,split2,E271K,0.6082474226804124,0.7471527018571674
GBoost-esm+theta,TP53,split2,E285K,0.4329896907216495,0.7074794577626565
GBoost-esm+theta,TP53,split2,E286K,0.5154639175257731,0.7011669566718244
GBoost-esm+theta,TP53,split2,E339K,0.12371134020618557,0.695264974880082
GBoost-esm+theta,TP53,split2,G244C,0.6185567010309279,0.7371893225451521
GBoost-esm+theta,TP53,split2,G245C,0.7525773195876289,0.7320835461118629
GBoost-esm+theta,TP53,split2,G245D,0.8041237113402062,0.7433092587784544
GBoost-esm+theta,TP53,split2,G245S,0.2989690721649485,0.6986546649862962
GBoost-esm+theta,TP53,split2,G245V,0.7938144329896908,0.7391290994645594
GBoost-esm+theta,TP53,split2,G266E,0.48453608247422686,0.741491818311465
GBoost-esm+theta,TP53,split2,G266R,0.45360824742268047,0.7419645116770508
GBoost-esm+theta,TP53,split2,G266V,0.7731958762886598,0.737420670650892
GBoost-esm+theta,TP53,split2,G360V,0.7835051546391752,0.7661909760397755
GBoost-esm+theta,TP53,split2,L344L,0.9278350515463918,0.8063479994832687
GBoost-esm+theta,TP53,split2,M237I,0.35051546391752575,0.7399050687638046
GBoost-esm+theta,TP53,split2,M246V,0.5670103092783505,0.7670523789740852
GBoost-esm+theta,TP53,split2,P222P,0.09278350515463918,0.7383420133603097
GBoost-esm+theta,TP53,split2,P250L,0.8350515463917526,0.7636145593880405
GBoost-esm+theta,TP53,split2,P278L,0.3402061855670103,0.7361152843417583
GBoost-esm+theta,TP53,split2,P278S,0.4742268041237113,0.7510611842483561
GBoost-esm+theta,TP53,split2,P295P,0.8350515463917526,0.7916480198186518
GBoost-esm+theta,TP53,split2,P301P,0.19587628865979378,0.7526605584336568
GBoost-esm+theta,TP53,split2,P359P,0.5360824742268041,0.775010678860969
GBoost-esm+theta,TP53,split2,R248L,0.21649484536082475,0.6893821952699727
GBoost-esm+theta,TP53,split2,R248W,0.6185567010309279,0.7620727122202203
GBoost-esm+theta,TP53,split2,R249M,0.3917525773195877,0.6954698670487997
GBoost-esm+theta,TP53,split2,R249S,0.134020618556701,0.6874193696899544
GBoost-esm+theta,TP53,split2,R273C,0.35051546391752575,0.7291407783257304
GBoost-esm+theta,TP53,split2,R273H,0.9072164948453608,0.7866583982824848
GBoost-esm+theta,TP53,split2,R273L,0.4020618556701031,0.7458813391231292
GBoost-esm+theta,TP53,split2,R280K,0.45360824742268047,0.7550068267240754
GBoost-esm+theta,TP53,split2,R280T,0.3608247422680413,0.7265695807857943
GBoost-esm+theta,TP53,split2,R282W,0.4639175257731959,0.7366097643024899
GBoost-esm+theta,TP53,split2,R337C,0.22680412371134018,0.741085504257483
GBoost-esm+theta,TP53,split2,R337L,0.23711340206185572,0.7234286174050357
GBoost-esm+theta,TP53,split2,S241C,0.6907216494845361,0.7454328016543508
GBoost-esm+theta,TP53,split2,S241F,0.711340206185567,0.722822483045999
GBoost-esm+theta,TP53,split2,S366A,0.4020618556701031,0.7515252968752136
GBoost-esm+theta,TP53,split2,T312S,0.7010309278350515,0.7508380523637749
GBoost-esm+theta,TP53,split2,V272L,0.6288659793814433,0.7668558706059815
GBoost-esm+theta,TP53,split2,V272M,0.6597938144329897,0.7528426611484924
GBoost-esm+theta,TP53,split2,Y234C,0.7525773195876289,0.7649579882534847
GBoost-esm+theta,TP53,split2,Y236C,0.6288659793814433,0.7635644665513276
GBoost-esm+theta,TP53,split3,G245C,0.6082474226804124,0.7600938939139195
GBoost-esm+theta,TP53,split3,G245D,0.8350515463917526,0.7941421223420263
GBoost-esm+theta,TP53,split3,G245S,0.24742268041237114,0.7524822323920289
GBoost-esm+theta,TP53,split3,G245V,0.48453608247422686,0.7648057911281657
GBoost-esm+theta,TP53,split3,R175H,0.6082474226804124,0.7740579618816275
GBoost-esm+theta,TP53,split3,R249M,0.2989690721649485,0.750212344250363
GBoost-esm+theta,TP53,split3,R249S,0.2989690721649485,0.7463271732476185
GBoost-esm+theta,TP53,split3,R282W,0.28865979381443296,0.7397756638066523
GBoost-esm+theta,TP53,split3,Y220C,0.5979381443298969,0.7762958661896461
GBoost-esm+theta,TP53,split6,A159P,0.731958762886598,0.7700557362117594
GBoost-esm+theta,TP53,split6,A159V,0.8865979381443299,0.8097937064385935
GBoost-esm+theta,TP53,split6,C141Y,0.38144329896907214,0.7661763043776557
GBoost-esm+theta,TP53,split6,C238Y,0.20618556701030932,0.7146788443757288
GBoost-esm+theta,TP53,split6,G245V,0.3917525773195877,0.7643854833491383
GBoost-esm+theta,TP53,split6,H179R,0.5360824742268041,0.760901603805285
GBoost-esm+theta,TP53,split6,R175H,0.5360824742268041,0.7765823917806141
GBoost-esm+theta,TP53,split6,R273H,0.9896907216494846,0.8214051229897438
GBoost-esm+theta,TP53,split6,S241C,0.4020618556701031,0.7518723071155643
GBoost-esm+theta,TP53,split6,Y220C,0.6494845360824743,0.7810832683557823
GBoost-esm+theta,KRAS,split1,A146T,0.8351648351648352,0.7157000247801084
GBoost-esm+theta,KRAS,split1,A146V,0.7912087912087912,0.7208721132709826
GBoost-esm+theta,KRAS,split1,G12C,0.3296703296703297,0.6498627519292233
GBoost-esm+theta,KRAS,split1,G12D,0.5054945054945055,0.6783947526633559
GBoost-esm+theta,KRAS,split1,G12R,0.2857142857142857,0.65633537676117
GBoost-esm+theta,KRAS,split1,G12V,0.19780219780219777,0.6152835688266601
GBoost-esm+theta,KRAS,split1,Q61H,0.8791208791208791,0.72141342351456
GBoost-esm+theta,KRAS,split1,Q61L,0.46153846153846156,0.6713091638255029
GBoost-esm+theta,KRAS,split2,A130V,0.7472527472527473,0.6704864574050057
GBoost-esm+theta,KRAS,split2,A146P,0.29670329670329665,0.6433854928446886
GBoost-esm+theta,KRAS,split2,A146T,0.6703296703296704,0.6714986642444757
GBoost-esm+theta,KRAS,split2,A146V,0.7802197802197802,0.6908713484864548
GBoost-esm+theta,KRAS,split2,A155G,0.4725274725274725,0.6600944664910688
GBoost-esm+theta,KRAS,split2,A66A,0.2417582417582418,0.6533068045180869
GBoost-esm+theta,KRAS,split2,C118S,0.7692307692307692,0.6826043300130469
GBoost-esm+theta,KRAS,split2,D119G,0.23076923076923073,0.6166087044430404
GBoost-esm+theta,KRAS,split2,D173D,0.07692307692307687,0.6201586493622784
GBoost-esm+theta,KRAS,split2,E63K,0.5604395604395604,0.590327028127063
GBoost-esm+theta,KRAS,split2,F141L,0.31868131868131866,0.6488981487002545
GBoost-esm+theta,KRAS,split2,G75A,0.3076923076923077,0.605521640845192
GBoost-esm+theta,KRAS,split2,G77A,0.3626373626373627,0.6374663854274107
GBoost-esm+theta,KRAS,split2,I163S,0.34065934065934067,0.6381482401048164
GBoost-esm+theta,KRAS,split2,K117N,0.13186813186813184,0.6152108863778484
GBoost-esm+theta,KRAS,split2,K117R,0.6923076923076923,0.6836625432376519
GBoost-esm+theta,KRAS,split2,K147N,0.31868131868131866,0.6529876216273732
GBoost-esm+theta,KRAS,split2,K147T,0.05494505494505497,0.6143549596878948
GBoost-esm+theta,KRAS,split2,K169K,0.9120879120879121,0.6957970271308095
GBoost-esm+theta,KRAS,split2,K176Q,0.6483516483516483,0.6802583046887333
GBoost-esm+theta,KRAS,split2,K178K,0.6813186813186813,0.6660597767738243
GBoost-esm+theta,KRAS,split2,K88K,0.18681318681318682,0.64399204665917
GBoost-esm+theta,KRAS,split2,L159S,0.945054945054945,0.7198130672591213
GBoost-esm+theta,KRAS,split2,L79I,0.5054945054945055,0.6509976241316544
GBoost-esm+theta,KRAS,split2,M111L,0.23076923076923073,0.6457933615255539
GBoost-esm+theta,KRAS,split2,P110S,0.3626373626373627,0.6583066013092465
GBoost-esm+theta,KRAS,split2,Q99E,0.27472527472527475,0.6339150030162995
GBoost-esm+theta,KRAS,split2,R135T,0.4505494505494505,0.671433113098498
GBoost-esm+theta,KRAS,split2,R149K,0.5164835164835164,0.6612787974594181
GBoost-esm+theta,KRAS,split2,R164Q,0.6263736263736264,0.6716773089191331
GBoost-esm+theta,KRAS,split2,R68S,0.4065934065934066,0.6476534133946182
GBoost-esm+theta,KRAS,split2,S136N,0.7252747252747253,0.6983122252561536
GBoost-esm+theta,KRAS,split2,T127T,0.17582417582417587,0.636387787507212
GBoost-esm+theta,KRAS,split2,T144P,0.09890109890109888,0.5883507686034174
GBoost-esm+theta,KRAS,split2,T144T,0.20879120879120883,0.6574442092788974
GBoost-esm+theta,KRAS,split2,T158A,0.21978021978021978,0.6416940326692854
GBoost-esm+theta,KRAS,split2,T158T,0.3516483516483516,0.6621568627083029
GBoost-esm+theta,KRAS,split2,T74A,0.5824175824175823,0.6689664893365698
GBoost-esm+theta,KRAS,split2,T74T,0.1648351648351648,0.6370338095321049
GBoost-esm+theta,KRAS,split2,V112I,0.4505494505494505,0.6449082530908542
GBoost-esm+theta,KRAS,split2,Y166H,0.8021978021978022,0.6815667773412764
GBoost-esm+theta,KRAS,split3,A146P,0.6703296703296704,0.7107065585287786
GBoost-esm+theta,KRAS,split3,A146T,0.8461538461538461,0.7270983167825432
GBoost-esm+theta,KRAS,split3,A146V,0.7142857142857143,0.7112623846698414
GBoost-esm+theta,KRAS,split3,G12A,0.5274725274725275,0.67293963844285
GBoost-esm+theta,KRAS,split3,G12C,0.19780219780219777,0.6398802540069887
GBoost-esm+theta,KRAS,split3,G12S,0.7362637362637363,0.6631843974846003
GBoost-esm+theta,KRAS,split3,G13C,0.48351648351648346,0.6944983301359072
GBoost-esm+theta,KRAS,split3,K117R,0.3076923076923077,0.6774936913598265
GBoost-esm+theta,KRAS,split3,Q61H,0.8461538461538461,0.7289604554191651
GBoost-esm+theta,KRAS,split3,Q61P,0.17582417582417587,0.6375296597609259
GBoost-esm+theta,KRAS,split6,A146T,0.8351648351648352,0.7157000247801084
GBoost-esm+theta,KRAS,split6,A146V,0.7912087912087912,0.7208721132709826
GBoost-esm+theta,KRAS,split6,G12C,0.3296703296703297,0.6498627519292233
GBoost-esm+theta,KRAS,split6,G12D,0.5054945054945055,0.6783947526633559
GBoost-esm+theta,KRAS,split6,G12R,0.2857142857142857,0.65633537676117
GBoost-esm+theta,KRAS,split6,G12V,0.19780219780219777,0.6152835688266601
GBoost-esm+theta,KRAS,split6,Q61H,0.8791208791208791,0.72141342351456
GBoost-esm+theta,KRAS,split6,Q61L,0.46153846153846156,0.6713091638255029
GBoost-esm+theta,GATA1,split1,C199R,0.6126482213438735,0.722877445319725
GBoost-esm+theta,GATA1,split1,C207R,0.011857707509881465,0.48055380668773695
GBoost-esm+theta,GATA1,split1,C225R,1.0,0.798026737351746
GBoost-esm+theta,GATA1,split1,E114G,0.2648221343873518,0.5991865686151441
GBoost-esm+theta,GATA1,split1,E200G,0.5533596837944664,0.6649640991802085
GBoost-esm+theta,GATA1,split1,E328G,0.5256916996047432,0.7192721165245298
GBoost-esm+theta,GATA1,split1,E348G,0.8853754940711462,0.7750622715372872
GBoost-esm+theta,GATA1,split1,F172P,0.450592885375494,0.6401885162845125
GBoost-esm+theta,GATA1,split1,H222R,0.4347826086956522,0.6403492859748661
GBoost-esm+theta,GATA1,split1,"I249T,V250A",0.19762845849802368,0.5333178369865688
GBoost-esm+theta,GATA1,split1,I87T,0.08300395256916993,0.45748234781455716
GBoost-esm+theta,GATA1,split1,"K100G,T101A",0.11857707509881421,0.5017980468885248
GBoost-esm+theta,GATA1,split1,K137E,0.782608695652174,0.6409962409014714
GBoost-esm+theta,GATA1,split1,K287G,0.13438735177865613,0.5892258676394123
GBoost-esm+theta,GATA1,split1,"K299R,D300G",0.5138339920948616,0.5303429217402003
GBoost-esm+theta,GATA1,split1,K312R,0.15019762845849804,0.5248784692766698
GBoost-esm+theta,GATA1,split1,L146P,0.9328063241106719,0.7301734691531112
GBoost-esm+theta,GATA1,split1,L190P,0.37154150197628455,0.6755304101279511
GBoost-esm+theta,GATA1,split1,L224P,0.03952569169960474,0.4521249467624955
GBoost-esm+theta,GATA1,split1,L355P,0.9209486166007905,0.7735399689918824
GBoost-esm+theta,GATA1,split1,L363P,0.24110671936758898,0.6633986007787607
GBoost-esm+theta,GATA1,split1,L387P,0.41501976284584985,0.6593001797330954
GBoost-esm+theta,GATA1,split1,L6P,0.9486166007905138,0.7579762876290002
GBoost-esm+theta,GATA1,split1,M1V,0.8537549407114624,0.7103232753753098
GBoost-esm+theta,GATA1,split1,M335V,0.849802371541502,0.7361229455527349
GBoost-esm+theta,GATA1,split1,"N238G,R239G",0.8774703557312253,0.7334971145909774
GBoost-esm+theta,GATA1,split1,Q257R,0.5770750988142292,0.6437038309405276
GBoost-esm+theta,GATA1,split1,R271G,0.7391304347826086,0.6175214738283185
GBoost-esm+theta,GATA1,split1,S155P,0.9130434782608696,0.7652139182010698
GBoost-esm+theta,GATA1,split1,S161G,0.47430830039525695,0.702579799923413
GBoost-esm+theta,GATA1,split1,S174P,0.07114624505928857,0.4633541073028901
GBoost-esm+theta,GATA1,split1,S178G,0.9960474308300395,0.7885052916915786
GBoost-esm+theta,GATA1,split1,S310P,0.6996047430830039,0.6928694576339524
GBoost-esm+theta,GATA1,split1,S393P,0.8181818181818181,0.7391699252343134
GBoost-esm+theta,GATA1,split1,S72P,0.5454545454545454,0.7035803183716413
GBoost-esm+theta,GATA1,split1,T256A,0.8379446640316206,0.7417384446048408
GBoost-esm+theta,GATA1,split1,T264A,0.24505928853754944,0.587653831427614
GBoost-esm+theta,GATA1,split1,T324A,0.32015810276679846,0.6277273316576836
GBoost-esm+theta,GATA1,split1,T391A,0.18577075098814233,0.61926355995049
GBoost-esm+theta,GATA1,split1,"V109A,C110R",0.36363636363636365,0.6424601374656121
GBoost-esm+theta,GATA1,split1,V158A,0.2845849802371542,0.6377716655538799
GBoost-esm+theta,GATA1,split1,V291A,0.6284584980237153,0.7460331097798661
GBoost-esm+theta,GATA1,split1,V32A,0.5494071146245059,0.7385384762327578
GBoost-esm+theta,GATA1,split1,"V32A,F33P",0.059288537549407105,0.40406496864649544
GBoost-esm+theta,GATA1,split1,"V336A,V337A",0.40711462450592883,0.6207666528778052
GBoost-esm+theta,GATA1,split1,"V371A,L372P",0.7391304347826086,0.7514812293180635
GBoost-esm+theta,GATA1,split1,"Y185H,S186P",0.9644268774703557,0.7436221329074224
GBoost-esm+theta,GATA1,split1,Y285C,0.5652173913043479,0.5302835646786658
GBoost-esm+theta,GATA1,split1,Y62C,0.924901185770751,0.7762762601009793
GBoost-esm+theta,GATA1,split1,Y62H,0.1462450592885376,0.5704713438856265
GBoost-esm+theta,GATA1,split1,Y78H,0.3952569169960475,0.652237446016904
GBoost-esm+theta,GATA1,split1,Y93H,0.782608695652174,0.7020193900337841
GBoost-esm+theta,GATA1,split2,C204R,0.015810276679841917,0.33746650007918205
GBoost-esm+theta,GATA1,split2,"C204R,V205A",0.5138339920948616,0.5900761458227796
GBoost-esm+theta,GATA1,split2,C207R,0.007905138339920903,0.33269057636948823
GBoost-esm+theta,GATA1,split2,C225R,0.9130434782608696,0.7022621047160281
GBoost-esm+theta,GATA1,split2,C228R,0.6521739130434783,0.608203478758168
GBoost-esm+theta,GATA1,split2,C258R,0.3399209486166008,0.5380166200329244
GBoost-esm+theta,GATA1,split2,C261R,0.17786561264822132,0.4710019190059436
GBoost-esm+theta,GATA1,split2,C346R,0.43083003952569165,0.5706814050869912
GBoost-esm+theta,GATA1,split2,D276G,0.2569169960474308,0.3852602164069845
GBoost-esm+theta,GATA1,split2,E328G,0.42292490118577075,0.6437918465862323
GBoost-esm+theta,GATA1,split2,E348G,0.9169960474308301,0.7698323534037443
GBoost-esm+theta,GATA1,split2,F382S,0.3596837944664032,0.6118994344055588
GBoost-esm+theta,GATA1,split2,F394P,0.7351778656126482,0.7217823777328484
GBoost-esm+theta,GATA1,split2,H222R,0.5889328063241106,0.5650240698608189
GBoost-esm+theta,GATA1,split2,"H222R,Y223C",0.9169960474308301,0.5650615273530771
GBoost-esm+theta,GATA1,split2,"H232R,K233E",0.18972332015810278,0.4960783225666816
GBoost-esm+theta,GATA1,split2,H289R,0.6482213438735178,0.6928716563017357
GBoost-esm+theta,GATA1,split2,H362R,0.5533596837944664,0.6911060736678482
GBoost-esm+theta,GATA1,split2,H378R,0.22924901185770752,0.6157774092125002
GBoost-esm+theta,GATA1,split2,I242T,0.02766798418972327,0.4017650788746573
GBoost-esm+theta,GATA1,split2,I242V,0.3438735177865613,0.6846400334275047
GBoost-esm+theta,GATA1,split2,I249T,0.782608695652174,0.6537126939480846
GBoost-esm+theta,GATA1,split2,"I249T,V250A",0.22529644268774707,0.566164650336143
GBoost-esm+theta,GATA1,split2,I249V,0.3517786561264822,0.6510459776830794
GBoost-esm+theta,GATA1,split2,I302T,0.08300395256916993,0.4854680407239874
GBoost-esm+theta,GATA1,split2,I302V,0.18181818181818177,0.48747597528039827
GBoost-esm+theta,GATA1,split2,"K233R,M234V",0.6956521739130435,0.6174517558653815
GBoost-esm+theta,GATA1,split2,K245G,0.03952569169960474,0.3490483402994491
GBoost-esm+theta,GATA1,split2,K252G,0.2964426877470355,0.5622539948559867
GBoost-esm+theta,GATA1,split2,K252R,0.19367588932806323,0.51211125007938
GBoost-esm+theta,GATA1,split2,K287G,0.11462450592885376,0.5008163791929034
GBoost-esm+theta,GATA1,split2,K299E,0.7628458498023716,0.6457513141197242
GBoost-esm+theta,GATA1,split2,"K299R,D300G",0.5770750988142292,0.6085634399786988
GBoost-esm+theta,GATA1,split2,K308G,0.3399209486166008,0.4231411621089313
GBoost-esm+theta,GATA1,split2,K312G,0.04347826086956519,0.1979409452069784
GBoost-esm+theta,GATA1,split2,K312R,0.18577075098814233,0.535953519911463
GBoost-esm+theta,GATA1,split2,"K314R,K315G",0.15019762845849804,0.3433615330596516
GBoost-esm+theta,GATA1,split2,K316G,0.7865612648221344,0.5157572349146816
GBoost-esm+theta,GATA1,split2,K316R,0.41501976284584985,0.6624279387806542
GBoost-esm+theta,GATA1,split2,"L214P,W215R",0.4624505928853755,0.413328368723581
GBoost-esm+theta,GATA1,split2,L224P,0.0513833992094862,0.46258527834297714
GBoost-esm+theta,GATA1,split2,"L230P,Y231H",0.2845849802371542,0.5615320712395234
GBoost-esm+theta,GATA1,split2,L248P,0.7391304347826086,0.6232028159096475
GBoost-esm+theta,GATA1,split2,"L268P,W269R",0.6442687747035574,0.4886428898274288
GBoost-esm+theta,GATA1,split2,"L284P,Y285H",0.02371541501976282,0.10725451905365298
GBoost-esm+theta,GATA1,split2,L288P,0.308300395256917,0.6361026876759895
GBoost-esm+theta,GATA1,split2,L295P,0.383399209486166,0.4282400285167935
GBoost-esm+theta,GATA1,split2,L355P,0.16600790513833996,0.5920085764413731
GBoost-esm+theta,GATA1,split2,L363P,0.2569169960474308,0.6482145094382185
GBoost-esm+theta,GATA1,split2,"L363P,Y364H",0.8537549407114624,0.6531708028229168
GBoost-esm+theta,GATA1,split2,L367P,0.3913043478260869,0.684115569074483
GBoost-esm+theta,GATA1,split2,"L372P,S373P",0.5256916996047432,0.7006466176182397
GBoost-esm+theta,GATA1,split2,L379P,0.4031620553359684,0.6678507334540581
GBoost-esm+theta,GATA1,split2,L386P,0.8616600790513834,0.7386407031180893
GBoost-esm+theta,GATA1,split2,"L386P,L387P",0.5968379446640316,0.669970105573111
GBoost-esm+theta,GATA1,split2,L387P,0.6798418972332017,0.6976909764997056
GBoost-esm+theta,GATA1,split2,L411P,0.7509881422924901,0.7062413127736235
GBoost-esm+theta,GATA1,split2,M234T,0.6205533596837944,0.6440621559905013
GBoost-esm+theta,GATA1,split2,"M234V,N235D",0.6640316205533596,0.5835775624576817
GBoost-esm+theta,GATA1,split2,M297T,0.2924901185770751,0.5119203992252273
GBoost-esm+theta,GATA1,split2,M335T,0.26877470355731226,0.5760699659327924
GBoost-esm+theta,GATA1,split2,"M335T,V336A",0.22134387351778662,0.5386979532254144
GBoost-esm+theta,GATA1,split2,M335V,0.8695652173913043,0.7143432819300055
GBoost-esm+theta,GATA1,split2,M380T,0.5138339920948616,0.685406788131082
GBoost-esm+theta,GATA1,split2,M399T,0.7747035573122529,0.699670477685893
GBoost-esm+theta,GATA1,split2,M399V,0.9881422924901185,0.7103314186730997
GBoost-esm+theta,GATA1,split2,N206G,0.782608695652174,0.6000273906257717
GBoost-esm+theta,GATA1,split2,"N238G,R239G",0.5098814229249011,0.599765683344644
GBoost-esm+theta,GATA1,split2,N272G,0.5296442687747036,0.4581647108695325
GBoost-esm+theta,GATA1,split2,N292G,0.1027667984189723,0.46193544943626963
GBoost-esm+theta,GATA1,split2,N292S,0.924901185770751,0.7375875629076143
GBoost-esm+theta,GATA1,split2,N306G,0.5138339920948616,0.7026772858428432
GBoost-esm+theta,GATA1,split2,N345D,0.6205533596837944,0.4577875611292118
GBoost-esm+theta,GATA1,split2,N345G,0.7430830039525691,0.7166580144173006
GBoost-esm+theta,GATA1,split2,"Q237R,N238G",0.37944664031620556,0.5004627974844994
GBoost-esm+theta,GATA1,split2,Q257R,0.5454545454545454,0.6883352602403084
GBoost-esm+theta,GATA1,split2,"Q303R,T304A",0.5731225296442688,0.6233501441838823
GBoost-esm+theta,GATA1,split2,Q365R,0.8814229249011858,0.6897639987208849
GBoost-esm+theta,GATA1,split2,R271G,0.4031620553359684,0.5278512436091513
GBoost-esm+theta,GATA1,split2,S274G,0.691699604743083,0.47498659142781324
GBoost-esm+theta,GATA1,split2,S310P,0.7905138339920948,0.6976758474320552
GBoost-esm+theta,GATA1,split2,S320G,0.7272727272727273,0.6667470420607879
GBoost-esm+theta,GATA1,split2,S341G,0.6600790513833992,0.7188175792621577
GBoost-esm+theta,GATA1,split2,S343G,0.5335968379446641,0.6987300375713832
GBoost-esm+theta,GATA1,split2,S389P,0.8577075098814229,0.7477888031000364
GBoost-esm+theta,GATA1,split2,S393P,0.8853754940711462,0.7418961886188061
GBoost-esm+theta,GATA1,split2,S412G,0.1541501976284585,0.5867500842489531
GBoost-esm+theta,GATA1,split2,T210A,0.5652173913043479,0.6895268381663618
GBoost-esm+theta,GATA1,split2,T212A,0.8379446640316206,0.7521635378068275
GBoost-esm+theta,GATA1,split2,T220A,0.3003952569169961,0.6274317300589856
GBoost-esm+theta,GATA1,split2,T256A,0.9604743083003953,0.7787372708959668
GBoost-esm+theta,GATA1,split2,T259A,0.7430830039525691,0.7139449010900486
GBoost-esm+theta,GATA1,split2,"T263A,T264A",0.0513833992094862,0.4151009428729676
GBoost-esm+theta,GATA1,split2,T264A,0.3241106719367589,0.6258858915286448
GBoost-esm+theta,GATA1,split2,"T264A,T265A",0.6877470355731226,0.6225401819765262
GBoost-esm+theta,GATA1,split2,T265A,0.9209486166007905,0.7517601162027713
GBoost-esm+theta,GATA1,split2,"T265A,T266A",0.7430830039525691,0.7459091375843151
GBoost-esm+theta,GATA1,split2,T266A,0.6205533596837944,0.7169296480401927
GBoost-esm+theta,GATA1,split2,T267A,0.9011857707509882,0.7725672427613258
GBoost-esm+theta,GATA1,split2,T296A,0.2055335968379447,0.6392204375221869
GBoost-esm+theta,GATA1,split2,T324A,0.1027667984189723,0.48411115661524723
GBoost-esm+theta,GATA1,split2,T354A,0.7747035573122529,0.6821863343227019
GBoost-esm+theta,GATA1,split2,T360A,0.31225296442687744,0.5879561351936852
GBoost-esm+theta,GATA1,split2,T391A,0.45849802371541504,0.620205126332444
GBoost-esm+theta,GATA1,split2,T402A,0.5494071146245059,0.6711403779790526
GBoost-esm+theta,GATA1,split2,"T402A,T403A",0.7905138339920948,0.6698636004428757
GBoost-esm+theta,GATA1,split2,"T403A,S404G",0.9288537549407114,0.7420204062137483
GBoost-esm+theta,GATA1,split2,"T405A,T406A",0.46640316205533594,0.6567948427413214
GBoost-esm+theta,GATA1,split2,V250A,0.5217391304347826,0.696444072252922
GBoost-esm+theta,GATA1,split2,"V278A,C279R",0.15810276679841895,0.3522001119990602
GBoost-esm+theta,GATA1,split2,V291A,0.35573122529644263,0.5971881237740286
GBoost-esm+theta,GATA1,split2,"V336A,V337A",0.21739130434782605,0.5479146100866549
GBoost-esm+theta,GATA1,split2,V349A,0.10671936758893286,0.5097550439192422
GBoost-esm+theta,GATA1,split2,V370A,0.6245059288537549,0.7148435289168124
GBoost-esm+theta,GATA1,split2,"V371A,L372P",0.7905138339920948,0.716107201340473
GBoost-esm+theta,GATA1,split2,V407A,0.8853754940711462,0.7776167822634567
GBoost-esm+theta,GATA1,split2,"V407A,V408A",0.43873517786561267,0.6098951637903427
GBoost-esm+theta,GATA1,split2,V408A,0.21739130434782605,0.5688772207583492
GBoost-esm+theta,GATA1,split2,W215R,0.8063241106719368,0.6502915000864777
GBoost-esm+theta,GATA1,split2,W269R,0.541501976284585,0.5903355284050965
GBoost-esm+theta,GATA1,split2,Y223C,0.8142292490118577,0.6075679887753499
GBoost-esm+theta,GATA1,split2,Y231C,0.2845849802371542,0.5596075301452321
GBoost-esm+theta,GATA1,split2,Y285C,0.06719367588932801,0.3609497047432807
GBoost-esm+theta,GATA1,split2,"Y285C,Y286C",0.015810276679841917,0.2642516176104537
GBoost-esm+theta,GATA1,split2,"Y286C,K287E",0.37154150197628455,0.3781369257829577
GBoost-esm+theta,GATA1,split2,Y286H,0.13043478260869568,0.5476137547723561
GBoost-esm+theta,GATA1,split2,"Y364C,Q365R",0.6956521739130435,0.716904732675656
GBoost-esm+theta,GATA1,split3,C204R,0.011857707509881465,0.39910069990441804
GBoost-esm+theta,GATA1,split3,"C204R,V205A",0.7707509881422925,0.6167163339684735
GBoost-esm+theta,GATA1,split3,C207R,0.07905138339920947,0.48838363645324795
GBoost-esm+theta,GATA1,split3,C225R,0.9723320158102767,0.7353454479147947
GBoost-esm+theta,GATA1,split3,C228R,0.6007905138339921,0.5998130842818962
GBoost-esm+theta,GATA1,split3,C258R,0.3438735177865613,0.46323961792745444
GBoost-esm+theta,GATA1,split3,C261R,0.12648221343873522,0.3494650481151316
GBoost-esm+theta,GATA1,split3,D276G,0.2490118577075099,0.5509086281666067
GBoost-esm+theta,GATA1,split3,H222R,0.30434782608695654,0.4379448776678481
GBoost-esm+theta,GATA1,split3,"H222R,Y223C",0.6719367588932806,0.42838029322443977
GBoost-esm+theta,GATA1,split3,"L214P,W215R",0.8774703557312253,0.579979160960712
GBoost-esm+theta,GATA1,split3,L224P,0.04347826086956519,0.45046757587686787
GBoost-esm+theta,GATA1,split3,"L268P,W269R",0.9920948616600791,0.7351097772752729
GBoost-esm+theta,GATA1,split3,N206G,0.5573122529644269,0.5931762044806278
GBoost-esm+theta,GATA1,split3,N272G,0.6363636363636364,0.7126691408860436
GBoost-esm+theta,GATA1,split3,R271G,0.30434782608695654,0.5887188767824056
GBoost-esm+theta,GATA1,split3,S274G,0.4861660079051383,0.6290840408746088
GBoost-esm+theta,GATA1,split3,T210A,0.6956521739130435,0.7376147781572364
GBoost-esm+theta,GATA1,split3,T212A,0.8735177865612649,0.7449851401720939
GBoost-esm+theta,GATA1,split3,T220A,0.26877470355731226,0.6019309510507984
GBoost-esm+theta,GATA1,split3,T259A,0.8656126482213439,0.7344337806491984
GBoost-esm+theta,GATA1,split3,"T263A,T264A",0.07509881422924902,0.532926101992329
GBoost-esm+theta,GATA1,split3,T264A,0.2727272727272727,0.6322382361687654
GBoost-esm+theta,GATA1,split3,"T264A,T265A",0.6877470355731226,0.6828880072742873
GBoost-esm+theta,GATA1,split3,T265A,0.9051383399209486,0.7623128185048796
GBoost-esm+theta,GATA1,split3,"T265A,T266A",0.7786561264822134,0.7231517758300781
GBoost-esm+theta,GATA1,split3,T266A,0.6324110671936759,0.7124957002536314
GBoost-esm+theta,GATA1,split3,T267A,0.8774703557312253,0.7784565883959014
GBoost-esm+theta,GATA1,split3,"V278A,C279R",0.19762845849802368,0.3975895324448712
GBoost-esm+theta,GATA1,split3,W215R,0.8814229249011858,0.7066127417090708
GBoost-esm+theta,GATA1,split3,W269R,0.9920948616600791,0.7087849485759186
GBoost-esm+theta,GATA1,split3,Y223C,0.9209486166007905,0.6971539366473904
GBoost-esm+theta,GATA1,split5,C346R,0.3438735177865613,0.6284523414279886
GBoost-esm+theta,GATA1,split5,E114G,0.22924901185770752,0.5701088045836955
GBoost-esm+theta,GATA1,split5,"E114G,D115G",0.06324110671936756,0.45855623499282006
GBoost-esm+theta,GATA1,split5,E134G,0.1541501976284585,0.5444580801457037
GBoost-esm+theta,GATA1,split5,E13G,0.32015810276679846,0.6320771643715444
GBoost-esm+theta,GATA1,split5,F168P,0.4110671936758893,0.6349396580010672
GBoost-esm+theta,GATA1,split5,F172L,0.7470355731225297,0.7416301210052707
GBoost-esm+theta,GATA1,split5,"F172S,F173P",0.30434782608695654,0.5843952895841972
GBoost-esm+theta,GATA1,split5,"F33P,F34P",0.0513833992094862,0.42532047766524084
GBoost-esm+theta,GATA1,split5,F3L,0.0513833992094862,0.4946011463488616
GBoost-esm+theta,GATA1,split5,H222R,0.4980237154150198,0.681159939664296
GBoost-esm+theta,GATA1,split5,I249T,0.6956521739130435,0.7277778962756224
GBoost-esm+theta,GATA1,split5,I302V,0.20158102766798414,0.5631050068822546
GBoost-esm+theta,GATA1,split5,"K100G,T101A",0.21739130434782605,0.581990787480183
GBoost-esm+theta,GATA1,split5,K245G,0.09090909090909094,0.49522304285473984
GBoost-esm+theta,GATA1,split5,K252R,0.22134387351778662,0.5613537966160181
GBoost-esm+theta,GATA1,split5,K287G,0.1027667984189723,0.5607148176023004
GBoost-esm+theta,GATA1,split5,K312G,0.04347826086956519,0.4259133715786911
GBoost-esm+theta,GATA1,split5,K312R,0.18181818181818177,0.5082479554483258
GBoost-esm+theta,GATA1,split5,"K314R,K315G",0.11857707509881421,0.5412075100190783
GBoost-esm+theta,GATA1,split5,L136S,0.04743083003952564,0.3749929398328918
GBoost-esm+theta,GATA1,split5,L141P,0.26086956521739135,0.6199475666326714
GBoost-esm+theta,GATA1,split5,L196P,0.5968379446640316,0.7093614021071885
GBoost-esm+theta,GATA1,split5,"L284P,Y285H",0.007905138339920903,0.22640553106433578
GBoost-esm+theta,GATA1,split5,"L386P,L387P",0.5533596837944664,0.6701629708544682
GBoost-esm+theta,GATA1,split5,L80P,0.2727272727272727,0.5696153138794634
GBoost-esm+theta,GATA1,split5,M335T,0.2727272727272727,0.5751544814665552
GBoost-esm+theta,GATA1,split5,N160D,0.04743083003952564,0.48232673720856767
GBoost-esm+theta,GATA1,split5,"Q237R,N238G",0.5019762845849802,0.6615973940351153
GBoost-esm+theta,GATA1,split5,S12P,0.10671936758893286,0.5009591449602621
GBoost-esm+theta,GATA1,split5,S142G,0.21739130434782605,0.602752179464917
GBoost-esm+theta,GATA1,split5,S174P,0.04743083003952564,0.44535987435080465
GBoost-esm+theta,GATA1,split5,S186P,0.21739130434782605,0.6179928019132402
GBoost-esm+theta,GATA1,split5,S36P,0.0,0.14738121654103906
GBoost-esm+theta,GATA1,split5,S46P,0.1620553359683794,0.5240305749608029
GBoost-esm+theta,GATA1,split5,T171A,0.1699604743083004,0.5647687957261223
GBoost-esm+theta,GATA1,split5,T220A,0.2055335968379447,0.591497823730384
GBoost-esm+theta,GATA1,split5,V250A,0.3596837944664032,0.6697150123339989
GBoost-esm+theta,GATA1,split5,"V278A,C279R",0.4624505928853755,0.6543351081761379
GBoost-esm+theta,GATA1,split5,"V32A,F33P",0.07509881422924902,0.4562257937588187
GBoost-esm+theta,GATA1,split5,"V336A,V337A",0.37154150197628455,0.6514223075118472
GBoost-esm+theta,GATA1,split5,Y285C,0.06719367588932801,0.4728501420502187
GBoost-esm+theta,GATA1,split5,"Y285C,Y286C",0.007905138339920903,0.30803530484532027
GBoost-esm+theta,GATA1,split5,Y286H,0.13438735177865613,0.5346415956488575
GBoost-esm+theta,GATA1,split5,Y69H,0.22529644268774707,0.5947449579070682
GBoost-esm+theta,GATA1,split6,C199R,0.6126482213438735,0.722877445319725
GBoost-esm+theta,GATA1,split6,C207R,0.011857707509881465,0.48055380668773695
GBoost-esm+theta,GATA1,split6,C225R,1.0,0.798026737351746
GBoost-esm+theta,GATA1,split6,E114G,0.2648221343873518,0.5991865686151441
GBoost-esm+theta,GATA1,split6,E200G,0.5533596837944664,0.6649640991802085
GBoost-esm+theta,GATA1,split6,E328G,0.5256916996047432,0.7192721165245298
GBoost-esm+theta,GATA1,split6,E348G,0.8853754940711462,0.7750622715372872
GBoost-esm+theta,GATA1,split6,F172P,0.450592885375494,0.6401885162845125
GBoost-esm+theta,GATA1,split6,H222R,0.4347826086956522,0.6403492859748661
GBoost-esm+theta,GATA1,split6,"I249T,V250A",0.19762845849802368,0.5333178369865688
GBoost-esm+theta,GATA1,split6,I87T,0.08300395256916993,0.45748234781455716
GBoost-esm+theta,GATA1,split6,"K100G,T101A",0.11857707509881421,0.5017980468885248
GBoost-esm+theta,GATA1,split6,K137E,0.782608695652174,0.6409962409014714
GBoost-esm+theta,GATA1,split6,K287G,0.13438735177865613,0.5892258676394123
GBoost-esm+theta,GATA1,split6,"K299R,D300G",0.5138339920948616,0.5303429217402003
GBoost-esm+theta,GATA1,split6,K312R,0.15019762845849804,0.5248784692766698
GBoost-esm+theta,GATA1,split6,L146P,0.9328063241106719,0.7301734691531112
GBoost-esm+theta,GATA1,split6,L190P,0.37154150197628455,0.6755304101279511
GBoost-esm+theta,GATA1,split6,L224P,0.03952569169960474,0.4521249467624955
GBoost-esm+theta,GATA1,split6,L355P,0.9209486166007905,0.7735399689918824
GBoost-esm+theta,GATA1,split6,L363P,0.24110671936758898,0.6633986007787607
GBoost-esm+theta,GATA1,split6,L387P,0.41501976284584985,0.6593001797330954
GBoost-esm+theta,GATA1,split6,L6P,0.9486166007905138,0.7579762876290002
GBoost-esm+theta,GATA1,split6,M1V,0.8537549407114624,0.7103232753753098
GBoost-esm+theta,GATA1,split6,M335V,0.849802371541502,0.7361229455527349
GBoost-esm+theta,GATA1,split6,"N238G,R239G",0.8774703557312253,0.7334971145909774
GBoost-esm+theta,GATA1,split6,Q257R,0.5770750988142292,0.6437038309405276
GBoost-esm+theta,GATA1,split6,R271G,0.7391304347826086,0.6175214738283185
GBoost-esm+theta,GATA1,split6,S155P,0.9130434782608696,0.7652139182010698
GBoost-esm+theta,GATA1,split6,S161G,0.47430830039525695,0.702579799923413
GBoost-esm+theta,GATA1,split6,S174P,0.07114624505928857,0.4633541073028901
GBoost-esm+theta,GATA1,split6,S178G,0.9960474308300395,0.7885052916915786
GBoost-esm+theta,GATA1,split6,S310P,0.6996047430830039,0.6928694576339524
GBoost-esm+theta,GATA1,split6,S393P,0.8181818181818181,0.7391699252343134
GBoost-esm+theta,GATA1,split6,S72P,0.5454545454545454,0.7035803183716413
GBoost-esm+theta,GATA1,split6,T256A,0.8379446640316206,0.7417384446048408
GBoost-esm+theta,GATA1,split6,T264A,0.24505928853754944,0.587653831427614
GBoost-esm+theta,GATA1,split6,T324A,0.32015810276679846,0.6277273316576836
GBoost-esm+theta,GATA1,split6,T391A,0.18577075098814233,0.61926355995049
GBoost-esm+theta,GATA1,split6,"V109A,C110R",0.36363636363636365,0.6424601374656121
GBoost-esm+theta,GATA1,split6,V158A,0.2845849802371542,0.6377716655538799
GBoost-esm+theta,GATA1,split6,V291A,0.6284584980237153,0.7460331097798661
GBoost-esm+theta,GATA1,split6,V32A,0.5494071146245059,0.7385384762327578
GBoost-esm+theta,GATA1,split6,"V32A,F33P",0.059288537549407105,0.40406496864649544
GBoost-esm+theta,GATA1,split6,"V336A,V337A",0.40711462450592883,0.6207666528778052
GBoost-esm+theta,GATA1,split6,"V371A,L372P",0.7391304347826086,0.7514812293180635
GBoost-esm+theta,GATA1,split6,"Y185H,S186P",0.9644268774703557,0.7436221329074224
GBoost-esm+theta,GATA1,split6,Y285C,0.5652173913043479,0.5302835646786658
GBoost-esm+theta,GATA1,split6,Y62C,0.924901185770751,0.7762762601009793
GBoost-esm+theta,GATA1,split6,Y62H,0.1462450592885376,0.5704713438856265
GBoost-esm+theta,GATA1,split6,Y78H,0.3952569169960475,0.652237446016904
GBoost-esm+theta,GATA1,split6,Y93H,0.782608695652174,0.7020193900337841
GBoost-esm+theta,JAK1,split1,E762K,0.48,0.8489317652509696
GBoost-esm+theta,JAK1,split1,"G1068E,G1068R",0.76,0.944275902984292
GBoost-esm+theta,JAK1,split1,"G887R,G887E",0.56,0.8784365711485105
GBoost-esm+theta,JAK1,split1,"P1118L,P1118S,P1121S",0.6799999999999999,0.14962194919313757
GBoost-esm+theta,JAK1,split1,Q387*,0.56,0.7650939413461186
GBoost-esm+theta,JAK1,split1,Q437*,0.36,0.7630419776460255
GBoost-esm+theta,JAK1,split1,Q572*,0.96,0.8697577101315208
GBoost-esm+theta,JAK1,split2,D775N,0.48,0.629766376720593
GBoost-esm+theta,JAK1,split2,E1051K,0.64,0.6905852617416594
GBoost-esm+theta,JAK1,split2,"E706K,D707N",0.84,0.7788236108615102
GBoost-esm+theta,JAK1,split2,E762K,0.43999999999999995,0.6101162980625391
GBoost-esm+theta,JAK1,split2,"G1068E,G1068R",0.6,0.6859254932959681
GBoost-esm+theta,JAK1,split2,"G590E,G590R",0.56,0.7263443550262877
GBoost-esm+theta,JAK1,split2,"G887R,G887E",0.88,0.7414484556847092
GBoost-esm+theta,JAK1,split2,"P1118L,P1118S,P1121S",0.07999999999999996,0.05198710256158378
GBoost-esm+theta,JAK1,split2,"P1121L,P1121S",0.24,0.33158876114861907
GBoost-esm+theta,JAK1,split2,P761S,0.72,0.6758637040893555
GBoost-esm+theta,JAK1,split2,S1062F,0.84,0.6785720965228731
GBoost-esm+theta,JAK1,split2,T717I,0.040000000000000036,0.00737041178176395
GBoost-esm+theta,JAK1,split3,D775N,0.24,0.011028333123589003
GBoost-esm+theta,JAK1,split3,E1051K,0.28,-0.039271336588306
GBoost-esm+theta,JAK1,split3,E447K,0.43999999999999995,0.03125425151864793
GBoost-esm+theta,JAK1,split3,E486K,0.64,0.06025115407231675
GBoost-esm+theta,JAK1,split3,"E706K,D707N",0.6,-0.0109661471085568
GBoost-esm+theta,JAK1,split3,E762K,0.0,-0.07832560549335293
GBoost-esm+theta,JAK1,split3,"G1068E,G1068R",0.24,-0.0343665705530329
GBoost-esm+theta,JAK1,split3,"G590E,G590R",0.19999999999999996,-0.004711500159027609
GBoost-esm+theta,JAK1,split3,"G887R,G887E",0.72,0.16008987181390671
GBoost-esm+theta,JAK1,split3,P761S,0.52,0.005445991596984901
GBoost-esm+theta,JAK1,split3,Q387*,0.52,-0.01966832282606804
GBoost-esm+theta,JAK1,split3,Q437*,0.16000000000000003,-0.04304610627914284
GBoost-esm+theta,JAK1,split3,Q499*,0.48,-0.005753463533416214
GBoost-esm+theta,JAK1,split3,Q545*,0.36,-0.0030851836839322225
GBoost-esm+theta,JAK1,split3,Q572*,0.43999999999999995,-0.01335607303192512
GBoost-esm+theta,JAK1,split3,R108Q,0.72,0.10473080990518491
GBoost-esm+theta,JAK1,split3,"R549Q,E550K",0.040000000000000036,-0.013747844100073592
GBoost-esm+theta,JAK1,split3,S1062F,0.36,-0.008904074377828865
GBoost-esm+theta,JAK1,split3,T558I,0.84,0.24643581483152904
GBoost-esm+theta,JAK1,split5,D775N,0.72,0.8979408130597714
GBoost-esm+theta,JAK1,split5,E486K,0.4,0.8349383371383162
GBoost-esm+theta,JAK1,split5,E762K,0.56,0.8551897217243155
GBoost-esm+theta,JAK1,split5,"G590E,G590R",0.6,0.7637405296702836
GBoost-esm+theta,JAK1,split5,L321F,0.16000000000000003,0.03202286554258415
GBoost-esm+theta,JAK1,split5,"P1121L,P1121S",0.19999999999999996,0.16374489163230446
GBoost-esm+theta,JAK1,split5,P761S,0.76,0.9202738502543836
GBoost-esm+theta,JAK1,split5,Q387*,0.72,0.9146329772585868
GBoost-esm+theta,JAK1,split5,Q437*,0.4,0.8460093241928646
GBoost-esm+theta,JAK1,split5,Q499*,0.36,0.8400211039202999
GBoost-esm+theta,JAK1,split5,Q545*,0.31999999999999995,0.8202245517558449
GBoost-esm+theta,JAK1,split5,R108Q,0.28,0.7917663777889532
GBoost-esm+theta,JAK1,split5,"R549Q,E550K",0.52,0.8301807638880399
GBoost-esm+theta,JAK1,split5,T717I,0.040000000000000036,-0.07265184872737611
GBoost-esm,TP53,split1,A159P,0.7010309278350515,0.75412576403172
GBoost-esm,TP53,split1,A159V,0.7731958762886598,0.7921705464770149
GBoost-esm,TP53,split1,C141Y,0.3608247422680413,0.7491725979274264
GBoost-esm,TP53,split1,C238Y,0.31958762886597936,0.6962553294936044
GBoost-esm,TP53,split1,G245V,0.5773195876288659,0.7797826586297952
GBoost-esm,TP53,split1,H179R,0.5876288659793815,0.7492705044251424
GBoost-esm,TP53,split1,P47S,0.2989690721649485,0.7613399354305111
GBoost-esm,TP53,split1,P58R,0.05154639175257736,0.688435365904485
GBoost-esm,TP53,split1,Q5R,0.3917525773195877,0.7652135310797139
GBoost-esm,TP53,split1,R175H,0.48453608247422686,0.7650539705174573
GBoost-esm,TP53,split1,R273H,0.979381443298969,0.8048555288644293
GBoost-esm,TP53,split1,S241C,0.31958762886597936,0.75794841507453
GBoost-esm,TP53,split1,S366A,0.31958762886597936,0.7611644542678155
GBoost-esm,TP53,split1,T312S,0.6701030927835052,0.780247258752176
GBoost-esm,TP53,split1,V31I,0.11340206185567014,0.730371808008584
GBoost-esm,TP53,split1,Y220C,0.6701030927835052,0.778230359433772
GBoost-esm,TP53,split2,C238F,0.5257731958762887,0.7275671244201529
GBoost-esm,TP53,split2,C238Y,0.5051546391752577,0.7256074613166117
GBoost-esm,TP53,split2,C242F,0.4020618556701031,0.7306556190712005
GBoost-esm,TP53,split2,C275F,0.010309278350515427,0.6809069809791435
GBoost-esm,TP53,split2,C275Y,0.2680412371134021,0.718753363199985
GBoost-esm,TP53,split2,C277F,0.7938144329896908,0.7455692082280339
GBoost-esm,TP53,split2,E271K,0.5876288659793815,0.7334313718442632
GBoost-esm,TP53,split2,E285K,0.4639175257731959,0.7069904182634644
GBoost-esm,TP53,split2,E286K,0.48453608247422686,0.69909754042551
GBoost-esm,TP53,split2,E339K,0.11340206185567014,0.6883289015934231
GBoost-esm,TP53,split2,G244C,0.5876288659793815,0.7417395349736661
GBoost-esm,TP53,split2,G245C,0.6804123711340206,0.7381031181774986
GBoost-esm,TP53,split2,G245D,0.7938144329896908,0.7539039960699254
GBoost-esm,TP53,split2,G245S,0.25773195876288657,0.7114376736392157
GBoost-esm,TP53,split2,G245V,0.7628865979381443,0.7405956249278153
GBoost-esm,TP53,split2,G266E,0.48453608247422686,0.7348022257434589
GBoost-esm,TP53,split2,G266R,0.3608247422680413,0.7312242620673192
GBoost-esm,TP53,split2,G266V,0.7628865979381443,0.747356526240777
GBoost-esm,TP53,split2,G360V,0.7628865979381443,0.7627535677218304
GBoost-esm,TP53,split2,L344L,0.9278350515463918,0.8063644564299967
GBoost-esm,TP53,split2,M237I,0.3402061855670103,0.7436090946137909
GBoost-esm,TP53,split2,M246V,0.6494845360824743,0.7717165354653256
GBoost-esm,TP53,split2,P222P,0.09278350515463918,0.7383540861615336
GBoost-esm,TP53,split2,P250L,0.8762886597938144,0.770403600822969
GBoost-esm,TP53,split2,P278L,0.38144329896907214,0.7435613306366894
GBoost-esm,TP53,split2,P278S,0.45360824742268047,0.7482856612086651
GBoost-esm,TP53,split2,P295P,0.8350515463917526,0.7916694904476298
GBoost-esm,TP53,split2,P301P,0.19587628865979378,0.752686019267143
GBoost-esm,TP53,split2,P359P,0.5360824742268041,0.7750232266114474
GBoost-esm,TP53,split2,R248L,0.21649484536082475,0.6928432817885134
GBoost-esm,TP53,split2,R248W,0.6804123711340206,0.7668074638377215
GBoost-esm,TP53,split2,R249M,0.44329896907216493,0.6995554488669579
GBoost-esm,TP53,split2,R249S,0.14432989690721654,0.6916367790821334
GBoost-esm,TP53,split2,R273C,0.24742268041237114,0.7314593786701235
GBoost-esm,TP53,split2,R273H,0.8762886597938144,0.7852713817258814
GBoost-esm,TP53,split2,R273L,0.3711340206185567,0.7601730996752047
GBoost-esm,TP53,split2,R280K,0.4639175257731959,0.7564876261772584
GBoost-esm,TP53,split2,R280T,0.41237113402061853,0.7341788139267631
GBoost-esm,TP53,split2,R282W,0.4329896907216495,0.7343252561132209
GBoost-esm,TP53,split2,R337C,0.21649484536082475,0.7434838720941148
GBoost-esm,TP53,split2,R337L,0.24742268041237114,0.7211261718450142
GBoost-esm,TP53,split2,S241C,0.6494845360824743,0.7496729396722205
GBoost-esm,TP53,split2,S241F,0.7216494845360825,0.7379165509172413
GBoost-esm,TP53,split2,S366A,0.3298969072164949,0.754310807514659
GBoost-esm,TP53,split2,T312S,0.6907216494845361,0.7609208932896869
GBoost-esm,TP53,split2,V272L,0.6288659793814433,0.7697841319245082
GBoost-esm,TP53,split2,V272M,0.6494845360824743,0.7487768889839523
GBoost-esm,TP53,split2,Y234C,0.7216494845360825,0.7654523617408462
GBoost-esm,TP53,split2,Y236C,0.6391752577319587,0.7613413176608871
GBoost-esm,TP53,split3,G245C,0.6391752577319587,0.7574382756296213
GBoost-esm,TP53,split3,G245D,0.7938144329896908,0.7911964579662693
GBoost-esm,TP53,split3,G245S,0.23711340206185572,0.7535847390530062
GBoost-esm,TP53,split3,G245V,0.5463917525773196,0.7750701668491876
GBoost-esm,TP53,split3,R175H,0.6185567010309279,0.7728095767052343
GBoost-esm,TP53,split3,R249M,0.3711340206185567,0.7538730393003683
GBoost-esm,TP53,split3,R249S,0.2989690721649485,0.7434209653101547
GBoost-esm,TP53,split3,R282W,0.22680412371134018,0.7382896095761358
GBoost-esm,TP53,split3,Y220C,0.6185567010309279,0.7798979193383634
GBoost-esm,TP53,split6,A159P,0.7216494845360825,0.7674178962865886
GBoost-esm,TP53,split6,A159V,0.8865979381443299,0.8095138671917991
GBoost-esm,TP53,split6,C141Y,0.2989690721649485,0.7630520580687793
GBoost-esm,TP53,split6,C238Y,0.17525773195876293,0.7171295111167417
GBoost-esm,TP53,split6,G245V,0.4329896907216495,0.7613187791307477
GBoost-esm,TP53,split6,H179R,0.5463917525773196,0.758874851391007
GBoost-esm,TP53,split6,R175H,0.5463917525773196,0.774539896035719
GBoost-esm,TP53,split6,R273H,0.9896907216494846,0.8247093800369023
GBoost-esm,TP53,split6,S241C,0.3917525773195877,0.7437576803412629
GBoost-esm,TP53,split6,Y220C,0.6701030927835052,0.7839516338654915
GBoost-esm,KRAS,split1,A146T,0.8351648351648352,0.7181847378511548
GBoost-esm,KRAS,split1,A146V,0.8021978021978022,0.7167368556045173
GBoost-esm,KRAS,split1,G12C,0.3626373626373627,0.6605335250617901
GBoost-esm,KRAS,split1,G12D,0.4945054945054945,0.6800335526470132
GBoost-esm,KRAS,split1,G12R,0.2637362637362637,0.6540378096016481
GBoost-esm,KRAS,split1,G12V,0.23076923076923073,0.6240532280656447
GBoost-esm,KRAS,split1,Q61H,0.8681318681318682,0.722101945649761
GBoost-esm,KRAS,split1,Q61L,0.5494505494505495,0.675150106084462
GBoost-esm,KRAS,split2,A130V,0.7912087912087912,0.6767371950167201
GBoost-esm,KRAS,split2,A146P,0.23076923076923073,0.637410941303252
GBoost-esm,KRAS,split2,A146T,0.7142857142857143,0.6750482672762703
GBoost-esm,KRAS,split2,A146V,0.7472527472527473,0.6874611197381707
GBoost-esm,KRAS,split2,A155G,0.46153846153846156,0.6528055399197392
GBoost-esm,KRAS,split2,A66A,0.2417582417582418,0.6533885970030628
GBoost-esm,KRAS,split2,C118S,0.7032967032967032,0.6730462875305416
GBoost-esm,KRAS,split2,D119G,0.21978021978021978,0.6118550343831527
GBoost-esm,KRAS,split2,D173D,0.09890109890109888,0.6235252949748523
GBoost-esm,KRAS,split2,E63K,0.6153846153846154,0.6100968456169885
GBoost-esm,KRAS,split2,F141L,0.41758241758241754,0.6584439392379936
GBoost-esm,KRAS,split2,G75A,0.3296703296703297,0.6127884650633009
GBoost-esm,KRAS,split2,G77A,0.31868131868131866,0.6304387208783682
GBoost-esm,KRAS,split2,I163S,0.3516483516483516,0.6361916911130414
GBoost-esm,KRAS,split2,K117N,0.13186813186813184,0.6268359290684974
GBoost-esm,KRAS,split2,K117R,0.6153846153846154,0.6744157024929681
GBoost-esm,KRAS,split2,K147N,0.4285714285714286,0.6639783646847924
GBoost-esm,KRAS,split2,K147T,0.03296703296703296,0.6137837537048014
GBoost-esm,KRAS,split2,K169K,0.9120879120879121,0.6958738537735462
GBoost-esm,KRAS,split2,K176Q,0.6813186813186813,0.6835760336028153
GBoost-esm,KRAS,split2,K178K,0.7472527472527473,0.6655078707080181
GBoost-esm,KRAS,split2,K88K,0.18681318681318682,0.6440900492575176
GBoost-esm,KRAS,split2,L159S,0.945054945054945,0.7226673457574943
GBoost-esm,KRAS,split2,L79I,0.41758241758241754,0.6487570502686665
GBoost-esm,KRAS,split2,M111L,0.19780219780219777,0.6368995898516704
GBoost-esm,KRAS,split2,P110S,0.3516483516483516,0.6552167481271421
GBoost-esm,KRAS,split2,Q99E,0.31868131868131866,0.6404452117356331
GBoost-esm,KRAS,split2,R135T,0.48351648351648346,0.6739222142107651
GBoost-esm,KRAS,split2,R149K,0.48351648351648346,0.6604802539285136
GBoost-esm,KRAS,split2,R164Q,0.7252747252747253,0.676465135489104
GBoost-esm,KRAS,split2,R68S,0.43956043956043955,0.6431607195404105
GBoost-esm,KRAS,split2,S136N,0.7142857142857143,0.6995179621280051
GBoost-esm,KRAS,split2,T127T,0.17582417582417587,0.6364823721825583
GBoost-esm,KRAS,split2,T144P,0.07692307692307687,0.5820405813906906
GBoost-esm,KRAS,split2,T144T,0.20879120879120883,0.6575308116623604
GBoost-esm,KRAS,split2,T158A,0.20879120879120883,0.6437464991179055
GBoost-esm,KRAS,split2,T158T,0.34065934065934067,0.6621912593672042
GBoost-esm,KRAS,split2,T74A,0.5494505494505495,0.6650242645363558
GBoost-esm,KRAS,split2,T74T,0.1648351648351648,0.6371294817722224
GBoost-esm,KRAS,split2,V112I,0.46153846153846156,0.6537689247249535
GBoost-esm,KRAS,split2,Y166H,0.7802197802197802,0.6886116763230996
GBoost-esm,KRAS,split3,A146P,0.6813186813186813,0.7153180438259525
GBoost-esm,KRAS,split3,A146T,0.8681318681318682,0.7265575698496105
GBoost-esm,KRAS,split3,A146V,0.7032967032967032,0.7094806641082796
GBoost-esm,KRAS,split3,G12A,0.5384615384615384,0.6746424315637323
GBoost-esm,KRAS,split3,G12C,0.1648351648351648,0.6270116976459944
GBoost-esm,KRAS,split3,G12S,0.7142857142857143,0.6509423984332589
GBoost-esm,KRAS,split3,G13C,0.4285714285714286,0.6905406103029506
GBoost-esm,KRAS,split3,K117R,0.31868131868131866,0.6776635056564424
GBoost-esm,KRAS,split3,Q61H,0.8571428571428572,0.7331463484984972
GBoost-esm,KRAS,split3,Q61P,0.2637362637362637,0.646618795026762
GBoost-esm,KRAS,split6,A146T,0.8351648351648352,0.7181847378511548
GBoost-esm,KRAS,split6,A146V,0.8021978021978022,0.7167368556045173
GBoost-esm,KRAS,split6,G12C,0.3626373626373627,0.6605335250617901
GBoost-esm,KRAS,split6,G12D,0.4945054945054945,0.6800335526470132
GBoost-esm,KRAS,split6,G12R,0.2637362637362637,0.6540378096016481
GBoost-esm,KRAS,split6,G12V,0.23076923076923073,0.6240532280656447
GBoost-esm,KRAS,split6,Q61H,0.8681318681318682,0.722101945649761
GBoost-esm,KRAS,split6,Q61L,0.5494505494505495,0.675150106084462
GBoost-esm,GATA1,split1,C199R,0.6798418972332017,0.7411997924152878
GBoost-esm,GATA1,split1,C207R,0.011857707509881465,0.4218046924286176
GBoost-esm,GATA1,split1,C225R,1.0,0.776945279593903
GBoost-esm,GATA1,split1,E114G,0.2727272727272727,0.5955851998097605
GBoost-esm,GATA1,split1,E200G,0.5375494071146245,0.6684116362587942
GBoost-esm,GATA1,split1,E328G,0.4782608695652174,0.7074571660977619
GBoost-esm,GATA1,split1,E348G,0.8695652173913043,0.7716630368973003
GBoost-esm,GATA1,split1,F172P,0.47430830039525695,0.6445994771004802
GBoost-esm,GATA1,split1,H222R,0.36363636363636365,0.629936365552206
GBoost-esm,GATA1,split1,"I249T,V250A",0.19762845849802368,0.5402881091514914
GBoost-esm,GATA1,split1,I87T,0.07905138339920947,0.4930803873697564
GBoost-esm,GATA1,split1,"K100G,T101A",0.1620553359683794,0.5325226756774656
GBoost-esm,GATA1,split1,K137E,0.782608695652174,0.6464664114104266
GBoost-esm,GATA1,split1,K287G,0.1027667984189723,0.5782698002775831
GBoost-esm,GATA1,split1,"K299R,D300G",0.8300395256916996,0.6244223078931549
GBoost-esm,GATA1,split1,K312R,0.17391304347826086,0.5329884961551776
GBoost-esm,GATA1,split1,L146P,0.9051383399209486,0.7128493771137794
GBoost-esm,GATA1,split1,L190P,0.35573122529644263,0.6619076406568836
GBoost-esm,GATA1,split1,L224P,0.15019762845849804,0.5696539344995566
GBoost-esm,GATA1,split1,L355P,0.9169960474308301,0.7709932310632112
GBoost-esm,GATA1,split1,L363P,0.24110671936758898,0.6496578760054509
GBoost-esm,GATA1,split1,L387P,0.6521739130434783,0.7144792906855855
GBoost-esm,GATA1,split1,L6P,0.9604743083003953,0.7424089126698391
GBoost-esm,GATA1,split1,M1V,0.8814229249011858,0.7019237376109762
GBoost-esm,GATA1,split1,M335V,0.8181818181818181,0.7418256134742932
GBoost-esm,GATA1,split1,"N238G,R239G",0.9683794466403162,0.7227962502270773
GBoost-esm,GATA1,split1,Q257R,0.5019762845849802,0.6884457766691364
GBoost-esm,GATA1,split1,R271G,0.4980237154150198,0.6001961033029926
GBoost-esm,GATA1,split1,S155P,0.9288537549407114,0.7568287789548487
GBoost-esm,GATA1,split1,S161G,0.49011857707509876,0.7027466192652951
GBoost-esm,GATA1,split1,S174P,0.06324110671936756,0.4628880463814925
GBoost-esm,GATA1,split1,S178G,0.9288537549407114,0.7497682192592806
GBoost-esm,GATA1,split1,S310P,0.5849802371541502,0.647125760631068
GBoost-esm,GATA1,split1,S393P,0.8181818181818181,0.7392503234293026
GBoost-esm,GATA1,split1,S72P,0.5335968379446641,0.6974309967151106
GBoost-esm,GATA1,split1,T256A,0.7114624505928854,0.724260873287324
GBoost-esm,GATA1,split1,T264A,0.23715415019762842,0.5763933118065518
GBoost-esm,GATA1,split1,T324A,0.31225296442687744,0.6141900725906859
GBoost-esm,GATA1,split1,T391A,0.18181818181818177,0.6179382899397535
GBoost-esm,GATA1,split1,"V109A,C110R",0.33596837944664026,0.6164384729360313
GBoost-esm,GATA1,split1,V158A,0.25296442687747034,0.6283383495957356
GBoost-esm,GATA1,split1,V291A,0.6521739130434783,0.7548964037094744
GBoost-esm,GATA1,split1,V32A,0.5019762845849802,0.7356885540828242
GBoost-esm,GATA1,split1,"V32A,F33P",0.06719367588932801,0.4121161216403158
GBoost-esm,GATA1,split1,"V336A,V337A",0.383399209486166,0.6224971873669135
GBoost-esm,GATA1,split1,"V371A,L372P",0.7430830039525691,0.7543126143139324
GBoost-esm,GATA1,split1,"Y185H,S186P",0.9802371541501976,0.7497246213466917
GBoost-esm,GATA1,split1,Y285C,0.5296442687747036,0.5293826384729565
GBoost-esm,GATA1,split1,Y62C,0.8656126482213439,0.7735272698203057
GBoost-esm,GATA1,split1,Y62H,0.14229249011857703,0.5652280541015504
GBoost-esm,GATA1,split1,Y78H,0.5691699604743083,0.6505907824934974
GBoost-esm,GATA1,split1,Y93H,0.8379446640316206,0.6955796318514765
GBoost-esm,GATA1,split2,C204R,0.01976284584980237,0.3261912213975988
GBoost-esm,GATA1,split2,"C204R,V205A",0.5454545454545454,0.5654147633063721
GBoost-esm,GATA1,split2,C207R,0.0039525691699604515,0.30578559413087486
GBoost-esm,GATA1,split2,C225R,0.841897233201581,0.6608385269905138
GBoost-esm,GATA1,split2,C228R,0.6640316205533596,0.6115698185915666
GBoost-esm,GATA1,split2,C258R,0.38735177865612647,0.5403989469125259
GBoost-esm,GATA1,split2,C261R,0.17786561264822132,0.454180226235439
GBoost-esm,GATA1,split2,C346R,0.43083003952569165,0.5582144862950107
GBoost-esm,GATA1,split2,D276G,0.24505928853754944,0.3746009690598116
GBoost-esm,GATA1,split2,E328G,0.41501976284584985,0.6365642627772523
GBoost-esm,GATA1,split2,E348G,0.9130434782608696,0.7666436905492651
GBoost-esm,GATA1,split2,F382S,0.308300395256917,0.6036416397989154
GBoost-esm,GATA1,split2,F394P,0.7509881422924901,0.7207743519860952
GBoost-esm,GATA1,split2,H222R,0.6205533596837944,0.5402436682403866
GBoost-esm,GATA1,split2,"H222R,Y223C",0.9446640316205533,0.5544528049839149
GBoost-esm,GATA1,split2,"H232R,K233E",0.23715415019762842,0.4929384039940126
GBoost-esm,GATA1,split2,H289R,0.6600790513833992,0.685947699481964
GBoost-esm,GATA1,split2,H362R,0.5494071146245059,0.6964876903384934
GBoost-esm,GATA1,split2,H378R,0.2648221343873518,0.6237708404157126
GBoost-esm,GATA1,split2,I242T,0.031620553359683834,0.39596471666476146
GBoost-esm,GATA1,split2,I242V,0.37154150197628455,0.6864149748691276
GBoost-esm,GATA1,split2,I249T,0.7430830039525691,0.6498484312489234
GBoost-esm,GATA1,split2,"I249T,V250A",0.2055335968379447,0.5466386112551376
GBoost-esm,GATA1,split2,I249V,0.3517786561264822,0.6490968356810933
GBoost-esm,GATA1,split2,I302T,0.08300395256916993,0.48562119640708457
GBoost-esm,GATA1,split2,I302V,0.18181818181818177,0.48482246881052965
GBoost-esm,GATA1,split2,"K233R,M234V",0.6086956521739131,0.6039244557993394
GBoost-esm,GATA1,split2,K245G,0.03952569169960474,0.36906139847508956
GBoost-esm,GATA1,split2,K252G,0.2806324110671937,0.5682607601657638
GBoost-esm,GATA1,split2,K252R,0.18972332015810278,0.5108730886508005
GBoost-esm,GATA1,split2,K287G,0.11462450592885376,0.49606506794949357
GBoost-esm,GATA1,split2,K299E,0.849802371541502,0.6765248954240206
GBoost-esm,GATA1,split2,"K299R,D300G",0.5454545454545454,0.5940974531175346
GBoost-esm,GATA1,split2,K308G,0.3241106719367589,0.4144465922492841
GBoost-esm,GATA1,split2,K312G,0.03952569169960474,0.19710350399715595
GBoost-esm,GATA1,split2,K312R,0.19367588932806323,0.5298692684906059
GBoost-esm,GATA1,split2,"K314R,K315G",0.15019762845849804,0.34349126355871173
GBoost-esm,GATA1,split2,K316G,0.7786561264822134,0.5151176167382658
GBoost-esm,GATA1,split2,K316R,0.41501976284584985,0.661192325882253
GBoost-esm,GATA1,split2,"L214P,W215R",0.36363636363636365,0.3975890671383068
GBoost-esm,GATA1,split2,L224P,0.04347826086956519,0.4000265457372136
GBoost-esm,GATA1,split2,"L230P,Y231H",0.308300395256917,0.5684428118151212
GBoost-esm,GATA1,split2,L248P,0.7747035573122529,0.646370573925576
GBoost-esm,GATA1,split2,"L268P,W269R",0.7154150197628458,0.49150529750175254
GBoost-esm,GATA1,split2,"L284P,Y285H",0.02371541501976282,0.12585718628516862
GBoost-esm,GATA1,split2,L288P,0.450592885375494,0.6707929625964894
GBoost-esm,GATA1,split2,L295P,0.3596837944664032,0.42871583299236915
GBoost-esm,GATA1,split2,L355P,0.1462450592885376,0.5861061807708363
GBoost-esm,GATA1,split2,L363P,0.23715415019762842,0.6446077450072
GBoost-esm,GATA1,split2,"L363P,Y364H",0.8458498023715415,0.5800673771359411
GBoost-esm,GATA1,split2,L367P,0.3754940711462451,0.6891350403822651
GBoost-esm,GATA1,split2,"L372P,S373P",0.4861660079051383,0.6987974510563867
GBoost-esm,GATA1,split2,L379P,0.41501976284584985,0.6684445049105875
GBoost-esm,GATA1,split2,L386P,0.8537549407114624,0.7368149471977997
GBoost-esm,GATA1,split2,"L386P,L387P",0.5296442687747036,0.6547550640560095
GBoost-esm,GATA1,split2,L387P,0.7193675889328064,0.7122992543764931
GBoost-esm,GATA1,split2,L411P,0.7707509881422925,0.7059403915883131
GBoost-esm,GATA1,split2,M234T,0.6363636363636364,0.6409339507617346
GBoost-esm,GATA1,split2,"M234V,N235D",0.8695652173913043,0.6144473799373052
GBoost-esm,GATA1,split2,M297T,0.2845849802371542,0.5171775101927443
GBoost-esm,GATA1,split2,M335T,0.2490118577075099,0.5616877186874514
GBoost-esm,GATA1,split2,"M335T,V336A",0.22529644268774707,0.5348379921186824
GBoost-esm,GATA1,split2,M335V,0.8893280632411067,0.7180966387002313
GBoost-esm,GATA1,split2,M380T,0.5928853754940712,0.6830329600215811
GBoost-esm,GATA1,split2,M399T,0.7272727272727273,0.6924834123087478
GBoost-esm,GATA1,split2,M399V,0.9841897233201581,0.7070805331283239
GBoost-esm,GATA1,split2,N206G,0.8063241106719368,0.6182943365585503
GBoost-esm,GATA1,split2,"N238G,R239G",0.5652173913043479,0.6157663757389404
GBoost-esm,GATA1,split2,N272G,0.5375494071146245,0.46782580787752603
GBoost-esm,GATA1,split2,N292G,0.10671936758893286,0.4588572264464172
GBoost-esm,GATA1,split2,N292S,0.9090909090909091,0.7455295249227591
GBoost-esm,GATA1,split2,N306G,0.5098814229249011,0.6919014113173944
GBoost-esm,GATA1,split2,N345D,0.6205533596837944,0.46045003728905726
GBoost-esm,GATA1,split2,N345G,0.6482213438735178,0.7029262134744215
GBoost-esm,GATA1,split2,"Q237R,N238G",0.41501976284584985,0.48336389092234133
GBoost-esm,GATA1,split2,Q257R,0.5573122529644269,0.7006662451236192
GBoost-esm,GATA1,split2,"Q303R,T304A",0.5612648221343873,0.6226772991847519
GBoost-esm,GATA1,split2,Q365R,0.8300395256916996,0.6567495902761876
GBoost-esm,GATA1,split2,R271G,0.4031620553359684,0.5313443462031452
GBoost-esm,GATA1,split2,S274G,0.7075098814229249,0.47604368560994037
GBoost-esm,GATA1,split2,S310P,0.7509881422924901,0.6926553742427761
GBoost-esm,GATA1,split2,S320G,0.7193675889328064,0.6582260934063837
GBoost-esm,GATA1,split2,S341G,0.6837944664031621,0.7269173529232608
GBoost-esm,GATA1,split2,S343G,0.5375494071146245,0.6977152208545613
GBoost-esm,GATA1,split2,S389P,0.8735177865612649,0.754568033258823
GBoost-esm,GATA1,split2,S393P,0.8853754940711462,0.7446217327981343
GBoost-esm,GATA1,split2,S412G,0.1541501976284585,0.590149370615211
GBoost-esm,GATA1,split2,T210A,0.5533596837944664,0.6886560805553901
GBoost-esm,GATA1,split2,T212A,0.9051383399209486,0.7516783084907914
GBoost-esm,GATA1,split2,T220A,0.3003952569169961,0.6301530801308702
GBoost-esm,GATA1,split2,T256A,0.9525691699604744,0.7716925281774655
GBoost-esm,GATA1,split2,T259A,0.7114624505928854,0.71158982780057
GBoost-esm,GATA1,split2,"T263A,T264A",0.04743083003952564,0.4154003667482286
GBoost-esm,GATA1,split2,T264A,0.3162055335968379,0.6417128383207821
GBoost-esm,GATA1,split2,"T264A,T265A",0.6877470355731226,0.6227271274529884
GBoost-esm,GATA1,split2,T265A,0.9051383399209486,0.7544292004927491
GBoost-esm,GATA1,split2,"T265A,T266A",0.7628458498023716,0.7407274545193414
GBoost-esm,GATA1,split2,T266A,0.6403162055335969,0.7257904234303876
GBoost-esm,GATA1,split2,T267A,0.924901185770751,0.7668260365729863
GBoost-esm,GATA1,split2,T296A,0.20158102766798414,0.6395740254552484
GBoost-esm,GATA1,split2,T324A,0.09486166007905139,0.47868581192837817
GBoost-esm,GATA1,split2,T354A,0.7549407114624506,0.6783171418732254
GBoost-esm,GATA1,split2,T360A,0.32015810276679846,0.5909896388929803
GBoost-esm,GATA1,split2,T391A,0.48221343873517786,0.6124524950041141
GBoost-esm,GATA1,split2,T402A,0.541501976284585,0.6740227950768983
GBoost-esm,GATA1,split2,"T402A,T403A",0.8063241106719368,0.672903591602038
GBoost-esm,GATA1,split2,"T403A,S404G",0.9288537549407114,0.7489676198203681
GBoost-esm,GATA1,split2,"T405A,T406A",0.4189723320158103,0.6520936163312026
GBoost-esm,GATA1,split2,V250A,0.5494071146245059,0.6966286280238692
GBoost-esm,GATA1,split2,"V278A,C279R",0.1462450592885376,0.34190065449125345
GBoost-esm,GATA1,split2,V291A,0.40711462450592883,0.6015672175088614
GBoost-esm,GATA1,split2,"V336A,V337A",0.23320158102766797,0.5525130220808488
GBoost-esm,GATA1,split2,V349A,0.11462450592885376,0.5183640892566606
GBoost-esm,GATA1,split2,V370A,0.6284584980237153,0.712773115609561
GBoost-esm,GATA1,split2,"V371A,L372P",0.766798418972332,0.716931038063346
GBoost-esm,GATA1,split2,V407A,0.8893280632411067,0.7770543394483743
GBoost-esm,GATA1,split2,"V407A,V408A",0.43873517786561267,0.6100664867327262
GBoost-esm,GATA1,split2,V408A,0.22134387351778662,0.5744652636990499
GBoost-esm,GATA1,split2,W215R,0.8616600790513834,0.6585912180622273
GBoost-esm,GATA1,split2,W269R,0.5612648221343873,0.5782357013542476
GBoost-esm,GATA1,split2,Y223C,0.7193675889328064,0.5784063983146127
GBoost-esm,GATA1,split2,Y231C,0.3438735177865613,0.5699830916876776
GBoost-esm,GATA1,split2,Y285C,0.06719367588932801,0.3497945826167196
GBoost-esm,GATA1,split2,"Y285C,Y286C",0.01976284584980237,0.2828131190280812
GBoost-esm,GATA1,split2,"Y286C,K287E",0.46640316205533594,0.396603492142237
GBoost-esm,GATA1,split2,Y286H,0.13833992094861658,0.5510218081235937
GBoost-esm,GATA1,split2,"Y364C,Q365R",0.6996047430830039,0.7255156676672507
GBoost-esm,GATA1,split3,C204R,0.015810276679841917,0.42701047850547097
GBoost-esm,GATA1,split3,"C204R,V205A",0.7193675889328064,0.6747674959651394
GBoost-esm,GATA1,split3,C207R,0.0039525691699604515,0.41663384419086613
GBoost-esm,GATA1,split3,C225R,0.9920948616600791,0.7442757308557277
GBoost-esm,GATA1,split3,C228R,0.5454545454545454,0.5518431542882349
GBoost-esm,GATA1,split3,C258R,0.3952569169960475,0.452942950494436
GBoost-esm,GATA1,split3,C261R,0.17786561264822132,0.35861470543287427
GBoost-esm,GATA1,split3,D276G,0.2055335968379447,0.5462014508514283
GBoost-esm,GATA1,split3,H222R,0.3952569169960475,0.506484805079294
GBoost-esm,GATA1,split3,"H222R,Y223C",0.5138339920948616,0.43704760412812016
GBoost-esm,GATA1,split3,"L214P,W215R",0.9525691699604744,0.62350997185081
GBoost-esm,GATA1,split3,L224P,0.03952569169960474,0.49137166728486625
GBoost-esm,GATA1,split3,"L268P,W269R",0.9802371541501976,0.6957233764443189
GBoost-esm,GATA1,split3,N206G,0.5928853754940712,0.6024941651837035
GBoost-esm,GATA1,split3,N272G,0.6442687747035574,0.7100833529473453
GBoost-esm,GATA1,split3,R271G,0.26877470355731226,0.5850182852948375
GBoost-esm,GATA1,split3,S274G,0.541501976284585,0.621900430944121
GBoost-esm,GATA1,split3,T210A,0.7035573122529644,0.7371138064711515
GBoost-esm,GATA1,split3,T212A,0.9011857707509882,0.7483283583925165
GBoost-esm,GATA1,split3,T220A,0.24110671936758898,0.5923077554372445
GBoost-esm,GATA1,split3,T259A,0.7035573122529644,0.7397694910013516
GBoost-esm,GATA1,split3,"T263A,T264A",0.07509881422924902,0.5254607813788595
GBoost-esm,GATA1,split3,T264A,0.2727272727272727,0.6358374455742338
GBoost-esm,GATA1,split3,"T264A,T265A",0.5098814229249011,0.6390758848810831
GBoost-esm,GATA1,split3,T265A,0.8774703557312253,0.7534118229320035
GBoost-esm,GATA1,split3,"T265A,T266A",0.6996047430830039,0.6675984572091225
GBoost-esm,GATA1,split3,T266A,0.6521739130434783,0.6954556820509311
GBoost-esm,GATA1,split3,T267A,0.8458498023715415,0.7579911979372698
GBoost-esm,GATA1,split3,"V278A,C279R",0.2134387351778656,0.4061013191080013
GBoost-esm,GATA1,split3,W215R,0.83399209486166,0.6785055207812052
GBoost-esm,GATA1,split3,W269R,0.9881422924901185,0.7084904884613465
GBoost-esm,GATA1,split3,Y223C,0.7312252964426877,0.6613287254634715
GBoost-esm,GATA1,split5,C346R,0.3517786561264822,0.6297040322093316
GBoost-esm,GATA1,split5,E114G,0.21739130434782605,0.5721602932270162
GBoost-esm,GATA1,split5,"E114G,D115G",0.06719367588932801,0.46798753204244664
GBoost-esm,GATA1,split5,E134G,0.15019762845849804,0.5455877079786218
GBoost-esm,GATA1,split5,E13G,0.3241106719367589,0.6337878969590829
GBoost-esm,GATA1,split5,F168P,0.38735177865612647,0.6337880917827582
GBoost-esm,GATA1,split5,F172L,0.6798418972332017,0.7270704544640925
GBoost-esm,GATA1,split5,"F172S,F173P",0.22924901185770752,0.5639474861392025
GBoost-esm,GATA1,split5,"F33P,F34P",0.06324110671936756,0.4286106583605324
GBoost-esm,GATA1,split5,F3L,0.04743083003952564,0.48603179131131397
GBoost-esm,GATA1,split5,H222R,0.6521739130434783,0.706722878860458
GBoost-esm,GATA1,split5,I249T,0.7984189723320159,0.7467222148897148
GBoost-esm,GATA1,split5,I302V,0.16600790513833996,0.5563249350446251
GBoost-esm,GATA1,split5,"K100G,T101A",0.2569169960474308,0.5912965570587231
GBoost-esm,GATA1,split5,K245G,0.13043478260869568,0.5386254564347762
GBoost-esm,GATA1,split5,K252R,0.21739130434782605,0.5453779322049828
GBoost-esm,GATA1,split5,K287G,0.09881422924901184,0.5625510825228326
GBoost-esm,GATA1,split5,K312G,0.04347826086956519,0.4319103486436119
GBoost-esm,GATA1,split5,K312R,0.18181818181818177,0.51639808907651
GBoost-esm,GATA1,split5,"K314R,K315G",0.13043478260869568,0.5282011854594142
GBoost-esm,GATA1,split5,L136S,0.04347826086956519,0.3835354948535405
GBoost-esm,GATA1,split5,L141P,0.26877470355731226,0.6210963936547262
GBoost-esm,GATA1,split5,L196P,0.6521739130434783,0.7119040604316718
GBoost-esm,GATA1,split5,"L284P,Y285H",0.007905138339920903,0.2218948180958689
GBoost-esm,GATA1,split5,"L386P,L387P",0.5494071146245059,0.676180446995329
GBoost-esm,GATA1,split5,L80P,0.3517786561264822,0.5945380341814749
GBoost-esm,GATA1,split5,M335T,0.2569169960474308,0.5731498484029968
GBoost-esm,GATA1,split5,N160D,0.055335968379446654,0.4682373701191474
GBoost-esm,GATA1,split5,"Q237R,N238G",0.4545454545454546,0.6552883287271969
GBoost-esm,GATA1,split5,S12P,0.10671936758893286,0.510125855247026
GBoost-esm,GATA1,split5,S142G,0.21739130434782605,0.6023912021224772
GBoost-esm,GATA1,split5,S174P,0.04743083003952564,0.43380437357139345
GBoost-esm,GATA1,split5,S186P,0.22134387351778662,0.6156436059943065
GBoost-esm,GATA1,split5,S36P,0.0039525691699604515,0.12903710442693717
GBoost-esm,GATA1,split5,S46P,0.1620553359683794,0.5133801366436329
GBoost-esm,GATA1,split5,T171A,0.17391304347826086,0.5693804449937286
GBoost-esm,GATA1,split5,T220A,0.23320158102766797,0.6001405540932699
GBoost-esm,GATA1,split5,V250A,0.5019762845849802,0.7023285472202611
GBoost-esm,GATA1,split5,"V278A,C279R",0.47430830039525695,0.6498653080588616
GBoost-esm,GATA1,split5,"V32A,F33P",0.055335968379446654,0.4466784533171146
GBoost-esm,GATA1,split5,"V336A,V337A",0.3754940711462451,0.6500499072625064
GBoost-esm,GATA1,split5,Y285C,0.06324110671936756,0.46054937816563596
GBoost-esm,GATA1,split5,"Y285C,Y286C",0.007905138339920903,0.24962362023737233
GBoost-esm,GATA1,split5,Y286H,0.1462450592885376,0.5342582408681726
GBoost-esm,GATA1,split5,Y69H,0.22134387351778662,0.5954504791026037
GBoost-esm,GATA1,split6,C199R,0.6798418972332017,0.7411997924152878
GBoost-esm,GATA1,split6,C207R,0.011857707509881465,0.4218046924286176
GBoost-esm,GATA1,split6,C225R,1.0,0.776945279593903
GBoost-esm,GATA1,split6,E114G,0.2727272727272727,0.5955851998097605
GBoost-esm,GATA1,split6,E200G,0.5375494071146245,0.6684116362587942
GBoost-esm,GATA1,split6,E328G,0.4782608695652174,0.7074571660977619
GBoost-esm,GATA1,split6,E348G,0.8695652173913043,0.7716630368973003
GBoost-esm,GATA1,split6,F172P,0.47430830039525695,0.6445994771004802
GBoost-esm,GATA1,split6,H222R,0.36363636363636365,0.629936365552206
GBoost-esm,GATA1,split6,"I249T,V250A",0.19762845849802368,0.5402881091514914
GBoost-esm,GATA1,split6,I87T,0.07905138339920947,0.4930803873697564
GBoost-esm,GATA1,split6,"K100G,T101A",0.1620553359683794,0.5325226756774656
GBoost-esm,GATA1,split6,K137E,0.782608695652174,0.6464664114104266
GBoost-esm,GATA1,split6,K287G,0.1027667984189723,0.5782698002775831
GBoost-esm,GATA1,split6,"K299R,D300G",0.8300395256916996,0.6244223078931549
GBoost-esm,GATA1,split6,K312R,0.17391304347826086,0.5329884961551776
GBoost-esm,GATA1,split6,L146P,0.9051383399209486,0.7128493771137794
GBoost-esm,GATA1,split6,L190P,0.35573122529644263,0.6619076406568836
GBoost-esm,GATA1,split6,L224P,0.15019762845849804,0.5696539344995566
GBoost-esm,GATA1,split6,L355P,0.9169960474308301,0.7709932310632112
GBoost-esm,GATA1,split6,L363P,0.24110671936758898,0.6496578760054509
GBoost-esm,GATA1,split6,L387P,0.6521739130434783,0.7144792906855855
GBoost-esm,GATA1,split6,L6P,0.9604743083003953,0.7424089126698391
GBoost-esm,GATA1,split6,M1V,0.8814229249011858,0.7019237376109762
GBoost-esm,GATA1,split6,M335V,0.8181818181818181,0.7418256134742932
GBoost-esm,GATA1,split6,"N238G,R239G",0.9683794466403162,0.7227962502270773
GBoost-esm,GATA1,split6,Q257R,0.5019762845849802,0.6884457766691364
GBoost-esm,GATA1,split6,R271G,0.4980237154150198,0.6001961033029926
GBoost-esm,GATA1,split6,S155P,0.9288537549407114,0.7568287789548487
GBoost-esm,GATA1,split6,S161G,0.49011857707509876,0.7027466192652951
GBoost-esm,GATA1,split6,S174P,0.06324110671936756,0.4628880463814925
GBoost-esm,GATA1,split6,S178G,0.9288537549407114,0.7497682192592806
GBoost-esm,GATA1,split6,S310P,0.5849802371541502,0.647125760631068
GBoost-esm,GATA1,split6,S393P,0.8181818181818181,0.7392503234293026
GBoost-esm,GATA1,split6,S72P,0.5335968379446641,0.6974309967151106
GBoost-esm,GATA1,split6,T256A,0.7114624505928854,0.724260873287324
GBoost-esm,GATA1,split6,T264A,0.23715415019762842,0.5763933118065518
GBoost-esm,GATA1,split6,T324A,0.31225296442687744,0.6141900725906859
GBoost-esm,GATA1,split6,T391A,0.18181818181818177,0.6179382899397535
GBoost-esm,GATA1,split6,"V109A,C110R",0.33596837944664026,0.6164384729360313
GBoost-esm,GATA1,split6,V158A,0.25296442687747034,0.6283383495957356
GBoost-esm,GATA1,split6,V291A,0.6521739130434783,0.7548964037094744
GBoost-esm,GATA1,split6,V32A,0.5019762845849802,0.7356885540828242
GBoost-esm,GATA1,split6,"V32A,F33P",0.06719367588932801,0.4121161216403158
GBoost-esm,GATA1,split6,"V336A,V337A",0.383399209486166,0.6224971873669135
GBoost-esm,GATA1,split6,"V371A,L372P",0.7430830039525691,0.7543126143139324
GBoost-esm,GATA1,split6,"Y185H,S186P",0.9802371541501976,0.7497246213466917
GBoost-esm,GATA1,split6,Y285C,0.5296442687747036,0.5293826384729565
GBoost-esm,GATA1,split6,Y62C,0.8656126482213439,0.7735272698203057
GBoost-esm,GATA1,split6,Y62H,0.14229249011857703,0.5652280541015504
GBoost-esm,GATA1,split6,Y78H,0.5691699604743083,0.6505907824934974
GBoost-esm,GATA1,split6,Y93H,0.8379446640316206,0.6955796318514765
GBoost-esm,JAK1,split1,E762K,0.4,0.6917534760104938
GBoost-esm,JAK1,split1,"G1068E,G1068R",0.28,-0.022243118347763744
GBoost-esm,JAK1,split1,"G887R,G887E",0.8,0.14233697948986687
GBoost-esm,JAK1,split1,"P1118L,P1118S,P1121S",0.12,0.0993292826253599
GBoost-esm,JAK1,split1,Q387*,0.52,0.7396863753050976
GBoost-esm,JAK1,split1,Q437*,0.36,0.751639835382201
GBoost-esm,JAK1,split1,Q572*,0.96,0.8944305289074006
GBoost-esm,JAK1,split2,D775N,0.48,0.5553290872277867
GBoost-esm,JAK1,split2,E1051K,0.64,0.5951049859608585
GBoost-esm,JAK1,split2,"E706K,D707N",0.84,0.7223460020134694
GBoost-esm,JAK1,split2,E762K,0.43999999999999995,0.541556999536496
GBoost-esm,JAK1,split2,"G1068E,G1068R",0.6,0.6028821783145132
GBoost-esm,JAK1,split2,"G590E,G590R",0.48,0.7901510702119312
GBoost-esm,JAK1,split2,"G887R,G887E",0.92,0.6889182790319335
GBoost-esm,JAK1,split2,"P1118L,P1118S,P1121S",0.07999999999999996,0.08500749895710472
GBoost-esm,JAK1,split2,"P1121L,P1121S",0.19999999999999996,0.35358317256626937
GBoost-esm,JAK1,split2,P761S,0.8,0.616099086393544
GBoost-esm,JAK1,split2,S1062F,0.88,0.620920028802104
GBoost-esm,JAK1,split2,T717I,0.040000000000000036,0.022477692140067777
GBoost-esm,JAK1,split3,D775N,0.19999999999999996,-0.006461816879365255
GBoost-esm,JAK1,split3,E1051K,0.31999999999999995,0.014410140025689012
GBoost-esm,JAK1,split3,E447K,0.24,-0.02313446586854669
GBoost-esm,JAK1,split3,E486K,0.64,0.05363569553504373
GBoost-esm,JAK1,split3,"E706K,D707N",0.6799999999999999,-0.013248153363764635
GBoost-esm,JAK1,split3,E762K,0.0,-0.06629588558353801
GBoost-esm,JAK1,split3,"G1068E,G1068R",0.31999999999999995,0.03484088776737595
GBoost-esm,JAK1,split3,"G590E,G590R",0.16000000000000003,-0.02243157888590275
GBoost-esm,JAK1,split3,"G887R,G887E",0.72,0.15272599048495353
GBoost-esm,JAK1,split3,P761S,0.52,0.09181822836686616
GBoost-esm,JAK1,split3,Q387*,0.48,-0.03102888244641591
GBoost-esm,JAK1,split3,Q437*,0.040000000000000036,-0.07659174388319967
GBoost-esm,JAK1,split3,Q499*,0.6,-0.009209414323696784
GBoost-esm,JAK1,split3,Q545*,0.4,-0.0006461172458272822
GBoost-esm,JAK1,split3,Q572*,0.48,-0.008257513275476728
GBoost-esm,JAK1,split3,R108Q,0.72,0.10809288022311578
GBoost-esm,JAK1,split3,"R549Q,E550K",0.07999999999999996,0.06258109873678319
GBoost-esm,JAK1,split3,S1062F,0.31999999999999995,-0.039291874165455425
GBoost-esm,JAK1,split3,T558I,0.8,0.3034492492746814
GBoost-esm,JAK1,split5,D775N,0.6799999999999999,0.8850742037850454
GBoost-esm,JAK1,split5,E486K,0.4,0.8360452022786232
GBoost-esm,JAK1,split5,E762K,0.52,0.8248539212161972
GBoost-esm,JAK1,split5,"G590E,G590R",0.52,0.613583932500894
GBoost-esm,JAK1,split5,L321F,0.12,0.034939035829720896
GBoost-esm,JAK1,split5,"P1121L,P1121S",0.16000000000000003,0.21909286676648113
GBoost-esm,JAK1,split5,P761S,0.76,0.9017116626214927
GBoost-esm,JAK1,split5,Q387*,0.72,0.9105095476955117
GBoost-esm,JAK1,split5,Q437*,0.4,0.8385460922667729
GBoost-esm,JAK1,split5,Q499*,0.36,0.8347700227675148
GBoost-esm,JAK1,split5,Q545*,0.31999999999999995,0.8214621631876816
GBoost-esm,JAK1,split5,R108Q,0.28,0.7858409617394891
GBoost-esm,JAK1,split5,"R549Q,E550K",0.48,0.7362428424244861
GBoost-esm,JAK1,split5,T717I,0.040000000000000036,-0.07108877157678553
GBoost-theta,TP53,split1,A159P,0.6597938144329897,0.7388469946094748
GBoost-theta,TP53,split1,A159V,0.5567010309278351,0.7617496223070317
GBoost-theta,TP53,split1,C141Y,0.12371134020618557,0.7232623019904897
GBoost-theta,TP53,split1,C238Y,0.22680412371134018,0.6961301664574494
GBoost-theta,TP53,split1,G245V,0.4226804123711341,0.7474332473192047
GBoost-theta,TP53,split1,H179R,0.38144329896907214,0.7626283741950425
GBoost-theta,TP53,split1,P47S,0.2680412371134021,0.7186611380267172
GBoost-theta,TP53,split1,P58R,0.010309278350515427,0.6403456041902144
GBoost-theta,TP53,split1,Q5R,0.28865979381443296,0.7178929707039107
GBoost-theta,TP53,split1,R175H,0.7010309278350515,0.7747205130817931
GBoost-theta,TP53,split1,R273H,0.8969072164948454,0.8042166147308465
GBoost-theta,TP53,split1,S241C,0.6288659793814433,0.7883389682541733
GBoost-theta,TP53,split1,S366A,0.28865979381443296,0.7136293776199465
GBoost-theta,TP53,split1,T312S,0.7938144329896908,0.7835302700958627
GBoost-theta,TP53,split1,V31I,0.18556701030927836,0.6956510599198505
GBoost-theta,TP53,split1,Y220C,0.45360824742268047,0.7252373780933473
GBoost-theta,TP53,split2,C238F,0.8762886597938144,0.7216925809368303
GBoost-theta,TP53,split2,C238Y,0.24742268041237114,0.6594131057470476
GBoost-theta,TP53,split2,C242F,0.21649484536082475,0.7093480467718474
GBoost-theta,TP53,split2,C275F,0.05154639175257736,0.6451873955805091
GBoost-theta,TP53,split2,C275Y,0.04123711340206182,0.6790025306925872
GBoost-theta,TP53,split2,C277F,0.5567010309278351,0.7375133766770972
GBoost-theta,TP53,split2,E271K,0.2680412371134021,0.7038839312572107
GBoost-theta,TP53,split2,E285K,0.5567010309278351,0.728748266432913
GBoost-theta,TP53,split2,E286K,0.845360824742268,0.7454845938658553
GBoost-theta,TP53,split2,E339K,0.21649484536082475,0.6812587309377827
GBoost-theta,TP53,split2,G244C,0.45360824742268047,0.6710272942310738
GBoost-theta,TP53,split2,G245C,0.5876288659793815,0.7079137796885339
GBoost-theta,TP53,split2,G245D,0.8041237113402062,0.7234966872075486
GBoost-theta,TP53,split2,G245S,0.4948453608247423,0.7162312503281931
GBoost-theta,TP53,split2,G245V,0.4948453608247423,0.6923047412509041
GBoost-theta,TP53,split2,G266E,0.21649484536082475,0.6760195675867524
GBoost-theta,TP53,split2,G266R,0.3711340206185567,0.6827461109058183
GBoost-theta,TP53,split2,G266V,0.9072164948453608,0.6934890199176917
GBoost-theta,TP53,split2,G360V,0.6804123711340206,0.7375103936857847
GBoost-theta,TP53,split2,L344L,0.9278350515463918,0.8073204629664182
GBoost-theta,TP53,split2,M237I,0.6804123711340206,0.712875287315681
GBoost-theta,TP53,split2,M246V,0.6185567010309279,0.703767902611252
GBoost-theta,TP53,split2,P222P,0.12371134020618557,0.7435566004178747
GBoost-theta,TP53,split2,P250L,0.8969072164948454,0.7033134144630578
GBoost-theta,TP53,split2,P278L,0.5567010309278351,0.6703319051561196
GBoost-theta,TP53,split2,P278S,0.35051546391752575,0.6673610177961293
GBoost-theta,TP53,split2,P295P,0.8350515463917526,0.7936590628324196
GBoost-theta,TP53,split2,P301P,0.18556701030927836,0.7568412156799975
GBoost-theta,TP53,split2,P359P,0.5154639175257731,0.7778017138835518
GBoost-theta,TP53,split2,R248L,0.1649484536082474,0.7177809085124138
GBoost-theta,TP53,split2,R248W,0.25773195876288657,0.7280452685100606
GBoost-theta,TP53,split2,R249M,0.3608247422680413,0.7088707979266999
GBoost-theta,TP53,split2,R249S,0.1649484536082474,0.6601702213157887
GBoost-theta,TP53,split2,R273C,0.38144329896907214,0.748428559267489
GBoost-theta,TP53,split2,R273H,0.9587628865979382,0.7944395436823904
GBoost-theta,TP53,split2,R273L,0.2989690721649485,0.7396268767815813
GBoost-theta,TP53,split2,R280K,0.45360824742268047,0.7657600592018748
GBoost-theta,TP53,split2,R280T,0.4639175257731959,0.7433997196168194
GBoost-theta,TP53,split2,R282W,0.1649484536082474,0.6489061324743088
GBoost-theta,TP53,split2,R337C,0.23711340206185572,0.7260709079442238
GBoost-theta,TP53,split2,R337L,0.23711340206185572,0.7353178736489308
GBoost-theta,TP53,split2,S241C,0.6701030927835052,0.7804814885865392
GBoost-theta,TP53,split2,S241F,0.6804123711340206,0.750535757444289
GBoost-theta,TP53,split2,S366A,0.4226804123711341,0.6917918191006543
GBoost-theta,TP53,split2,T312S,0.865979381443299,0.738261412629028
GBoost-theta,TP53,split2,V272L,0.5154639175257731,0.6919466892215128
GBoost-theta,TP53,split2,V272M,0.28865979381443296,0.7097160812162276
GBoost-theta,TP53,split2,Y234C,0.6288659793814433,0.7304184235848531
GBoost-theta,TP53,split2,Y236C,0.7628865979381443,0.7381986125418766
GBoost-theta,TP53,split3,G245C,0.5567010309278351,0.7728037673764956
GBoost-theta,TP53,split3,G245D,0.8556701030927836,0.7857023675468155
GBoost-theta,TP53,split3,G245S,0.41237113402061853,0.7757320905239593
GBoost-theta,TP53,split3,G245V,0.4639175257731959,0.7767322193643698
GBoost-theta,TP53,split3,R175H,0.6494845360824743,0.7807030473907456
GBoost-theta,TP53,split3,R249M,0.27835051546391754,0.7327062010044315
GBoost-theta,TP53,split3,R249S,0.4329896907216495,0.7619414965765803
GBoost-theta,TP53,split3,R282W,0.35051546391752575,0.7435984094297742
GBoost-theta,TP53,split3,Y220C,0.6494845360824743,0.7796382406278077
GBoost-theta,TP53,split6,A159P,0.6391752577319587,0.7545048986863767
GBoost-theta,TP53,split6,A159V,0.6494845360824743,0.7834791570597223
GBoost-theta,TP53,split6,C141Y,0.12371134020618557,0.7228659484449346
GBoost-theta,TP53,split6,C238Y,0.17525773195876293,0.7041194620340817
GBoost-theta,TP53,split6,G245V,0.3402061855670103,0.7492271559243436
GBoost-theta,TP53,split6,H179R,0.3917525773195877,0.7588444164648764
GBoost-theta,TP53,split6,R175H,0.5979381443298969,0.7666403145664858
GBoost-theta,TP53,split6,R273H,0.8762886597938144,0.7977990341522918
GBoost-theta,TP53,split6,S241C,0.5773195876288659,0.7869847521724881
GBoost-theta,TP53,split6,Y220C,0.41237113402061853,0.7254166485107815
GBoost-theta,KRAS,split1,A146T,0.8351648351648352,0.6953968412296453
GBoost-theta,KRAS,split1,A146V,0.9340659340659341,0.7192727597770585
GBoost-theta,KRAS,split1,G12C,0.17582417582417587,0.5792573777040328
GBoost-theta,KRAS,split1,G12D,0.5054945054945055,0.6464147305512873
GBoost-theta,KRAS,split1,G12R,0.4285714285714286,0.6495951065243567
GBoost-theta,KRAS,split1,G12V,0.06593406593406592,0.5359325896547203
GBoost-theta,KRAS,split1,Q61H,0.6703296703296704,0.6732779977553673
GBoost-theta,KRAS,split1,Q61L,0.46153846153846156,0.6632854434118218
GBoost-theta,KRAS,split2,A130V,0.6813186813186813,0.6119976293277029
GBoost-theta,KRAS,split2,A146P,0.7142857142857143,0.643061111242241
GBoost-theta,KRAS,split2,A146T,0.7912087912087912,0.687474023262521
GBoost-theta,KRAS,split2,A146V,0.8131868131868132,0.6992475237685569
GBoost-theta,KRAS,split2,A155G,0.23076923076923073,0.5864327952632913
GBoost-theta,KRAS,split2,A66A,0.2637362637362637,0.6674004468223489
GBoost-theta,KRAS,split2,C118S,0.7802197802197802,0.647056019472381
GBoost-theta,KRAS,split2,D119G,0.13186813186813184,0.6451973691189644
GBoost-theta,KRAS,split2,D173D,0.03296703296703296,0.6482331715381059
GBoost-theta,KRAS,split2,E63K,0.23076923076923073,0.5312394644565659
GBoost-theta,KRAS,split2,F141L,0.09890109890109888,0.5478722680572029
GBoost-theta,KRAS,split2,G75A,0.1428571428571429,0.6106305979829054
GBoost-theta,KRAS,split2,G77A,0.31868131868131866,0.6303655834192339
GBoost-theta,KRAS,split2,I163S,0.4725274725274725,0.5684060932923332
GBoost-theta,KRAS,split2,K117N,0.6813186813186813,0.629177455743004
GBoost-theta,KRAS,split2,K117R,0.4065934065934066,0.6217345462233821
GBoost-theta,KRAS,split2,K147N,0.6703296703296704,0.6157438784614588
GBoost-theta,KRAS,split2,K147T,0.10989010989010994,0.5763773627954379
GBoost-theta,KRAS,split2,K169K,0.9010989010989011,0.7053649398855609
GBoost-theta,KRAS,split2,K176Q,0.6923076923076923,0.5782450331182661
GBoost-theta,KRAS,split2,K178K,0.7802197802197802,0.6944108466064993
GBoost-theta,KRAS,split2,K88K,0.18681318681318682,0.6568436819821887
GBoost-theta,KRAS,split2,L159S,0.7362637362637363,0.6265770566729785
GBoost-theta,KRAS,split2,L79I,0.5824175824175823,0.5780932735792703
GBoost-theta,KRAS,split2,M111L,0.10989010989010994,0.5919298285729918
GBoost-theta,KRAS,split2,P110S,0.4285714285714286,0.5687473403852774
GBoost-theta,KRAS,split2,Q99E,0.23076923076923073,0.5405269008778957
GBoost-theta,KRAS,split2,R135T,0.7472527472527473,0.6388341298196842
GBoost-theta,KRAS,split2,R149K,0.31868131868131866,0.5572606403356128
GBoost-theta,KRAS,split2,R164Q,0.48351648351648346,0.5602672437645623
GBoost-theta,KRAS,split2,R68S,0.29670329670329665,0.5897505773322453
GBoost-theta,KRAS,split2,S136N,0.8681318681318682,0.6720442058801331
GBoost-theta,KRAS,split2,T127T,0.19780219780219777,0.6512663997280852
GBoost-theta,KRAS,split2,T144P,0.4065934065934066,0.5504365844860744
GBoost-theta,KRAS,split2,T144T,0.2417582417582418,0.66952362890442
GBoost-theta,KRAS,split2,T158A,0.1208791208791209,0.6041418158006623
GBoost-theta,KRAS,split2,T158T,0.29670329670329665,0.6701244744147927
GBoost-theta,KRAS,split2,T74A,0.6813186813186813,0.6460692951567882
GBoost-theta,KRAS,split2,T74T,0.17582417582417587,0.6509141021846886
GBoost-theta,KRAS,split2,V112I,0.3296703296703297,0.595934381965982
GBoost-theta,KRAS,split2,Y166H,0.7582417582417582,0.6613095640754605
GBoost-theta,KRAS,split3,A146P,0.4505494505494505,0.6510594356771212
GBoost-theta,KRAS,split3,A146T,0.5494505494505495,0.6630271129462327
GBoost-theta,KRAS,split3,A146V,0.5824175824175823,0.6743511603736412
GBoost-theta,KRAS,split3,G12A,0.4285714285714286,0.6382580113737981
GBoost-theta,KRAS,split3,G12C,0.1428571428571429,0.6225427716712231
GBoost-theta,KRAS,split3,G12S,0.5934065934065934,0.6619720339046106
GBoost-theta,KRAS,split3,G13C,0.5494505494505495,0.676749028993211
GBoost-theta,KRAS,split3,K117R,0.5934065934065934,0.669955965059751
GBoost-theta,KRAS,split3,Q61H,0.8131868131868132,0.6739388896192902
GBoost-theta,KRAS,split3,Q61P,0.37362637362637363,0.6479878028342897
GBoost-theta,KRAS,split6,A146T,0.8351648351648352,0.6953968412296453
GBoost-theta,KRAS,split6,A146V,0.9340659340659341,0.7192727597770585
GBoost-theta,KRAS,split6,G12C,0.17582417582417587,0.5792573777040328
GBoost-theta,KRAS,split6,G12D,0.5054945054945055,0.6464147305512873
GBoost-theta,KRAS,split6,G12R,0.4285714285714286,0.6495951065243567
GBoost-theta,KRAS,split6,G12V,0.06593406593406592,0.5359325896547203
GBoost-theta,KRAS,split6,Q61H,0.6703296703296704,0.6732779977553673
GBoost-theta,KRAS,split6,Q61L,0.46153846153846156,0.6632854434118218
GBoost-theta,GATA1,split1,C199R,0.83399209486166,0.7286115085745553
GBoost-theta,GATA1,split1,C207R,0.7351778656126482,0.5440998254328675
GBoost-theta,GATA1,split1,C225R,0.39920948616600793,0.6309484238409405
GBoost-theta,GATA1,split1,E114G,0.2569169960474308,0.5944321224837217
GBoost-theta,GATA1,split1,E200G,0.6086956521739131,0.6970565010669677
GBoost-theta,GATA1,split1,E328G,0.35573122529644263,0.6751101124660178
GBoost-theta,GATA1,split1,E348G,0.9011857707509882,0.7698358691319409
GBoost-theta,GATA1,split1,F172P,0.26877470355731226,0.48681833823911885
GBoost-theta,GATA1,split1,H222R,0.5098814229249011,0.49254274563518613
GBoost-theta,GATA1,split1,"I249T,V250A",0.2569169960474308,0.6407209333015814
GBoost-theta,GATA1,split1,I87T,0.1541501976284585,0.6018260152960189
GBoost-theta,GATA1,split1,"K100G,T101A",0.21739130434782605,0.4637997258374228
GBoost-theta,GATA1,split1,K137E,0.3675889328063241,0.6631501131562325
GBoost-theta,GATA1,split1,K287G,0.766798418972332,0.4203601255265098
GBoost-theta,GATA1,split1,"K299R,D300G",0.691699604743083,0.6972729803746384
GBoost-theta,GATA1,split1,K312R,0.35573122529644263,0.482363290936551
GBoost-theta,GATA1,split1,L146P,0.7351778656126482,0.7689006724668688
GBoost-theta,GATA1,split1,L190P,0.450592885375494,0.7505705780094305
GBoost-theta,GATA1,split1,L224P,0.035573122529644285,0.4106599316244732
GBoost-theta,GATA1,split1,L355P,0.924901185770751,0.7859647914365978
GBoost-theta,GATA1,split1,L363P,0.19367588932806323,0.633926110628714
GBoost-theta,GATA1,split1,L387P,0.7035573122529644,0.7290936099261742
GBoost-theta,GATA1,split1,L6P,0.8577075098814229,0.7791256093667328
GBoost-theta,GATA1,split1,M1V,0.841897233201581,0.7483527778976586
GBoost-theta,GATA1,split1,M335V,0.7905138339920948,0.7319845466005294
GBoost-theta,GATA1,split1,"N238G,R239G",0.6363636363636364,0.6763768389578031
GBoost-theta,GATA1,split1,Q257R,0.5810276679841897,0.7010635659394651
GBoost-theta,GATA1,split1,R271G,0.6996047430830039,0.5733718248564753
GBoost-theta,GATA1,split1,S155P,0.7549407114624506,0.7546285269047223
GBoost-theta,GATA1,split1,S161G,0.5652173913043479,0.7167484746489723
GBoost-theta,GATA1,split1,S174P,0.0513833992094862,0.40278478439652887
GBoost-theta,GATA1,split1,S178G,0.9802371541501976,0.7837237001368498
GBoost-theta,GATA1,split1,S310P,0.8735177865612649,0.7577452525188416
GBoost-theta,GATA1,split1,S393P,0.8656126482213439,0.7622593841388589
GBoost-theta,GATA1,split1,S72P,0.46640316205533594,0.6801855261369318
GBoost-theta,GATA1,split1,T256A,0.8023715415019763,0.7413763409035552
GBoost-theta,GATA1,split1,T264A,0.2924901185770751,0.6592877411254061
GBoost-theta,GATA1,split1,T324A,0.39920948616600793,0.6772357144268866
GBoost-theta,GATA1,split1,T391A,0.1699604743083004,0.6219094073058365
GBoost-theta,GATA1,split1,"V109A,C110R",0.25296442687747034,0.5992642113615919
GBoost-theta,GATA1,split1,V158A,0.30434782608695654,0.6756450284990033
GBoost-theta,GATA1,split1,V291A,0.7747035573122529,0.7821756594914725
GBoost-theta,GATA1,split1,V32A,0.5019762845849802,0.7345765635754387
GBoost-theta,GATA1,split1,"V32A,F33P",0.011857707509881465,0.3925353315781313
GBoost-theta,GATA1,split1,"V336A,V337A",0.3517786561264822,0.6185408390550368
GBoost-theta,GATA1,split1,"V371A,L372P",0.6679841897233201,0.741341307422471
GBoost-theta,GATA1,split1,"Y185H,S186P",0.8656126482213439,0.7633127984594704
GBoost-theta,GATA1,split1,Y285C,0.9169960474308301,0.4564715457233938
GBoost-theta,GATA1,split1,Y62C,0.9090909090909091,0.7113986557423944
GBoost-theta,GATA1,split1,Y62H,0.1027667984189723,0.5243212997487435
GBoost-theta,GATA1,split1,Y78H,0.2964426877470355,0.6129413040026288
GBoost-theta,GATA1,split1,Y93H,0.6284584980237153,0.7324150487672343
GBoost-theta,GATA1,split2,C204R,0.02371541501976282,0.3247282942040429
GBoost-theta,GATA1,split2,"C204R,V205A",0.7786561264822134,0.5285869558143422
GBoost-theta,GATA1,split2,C207R,0.007905138339920903,0.32535894989435443
GBoost-theta,GATA1,split2,C225R,0.9130434782608696,0.7273328139539137
GBoost-theta,GATA1,split2,C228R,0.8537549407114624,0.7166407697573713
GBoost-theta,GATA1,split2,C258R,0.32806324110671936,0.6108551901100591
GBoost-theta,GATA1,split2,C261R,0.20158102766798414,0.5304357645482826
GBoost-theta,GATA1,split2,C346R,0.4782608695652174,0.6560256806746821
GBoost-theta,GATA1,split2,D276G,0.7430830039525691,0.7004975485675062
GBoost-theta,GATA1,split2,E328G,0.27667984189723316,0.5936419826081863
GBoost-theta,GATA1,split2,E348G,0.9644268774703557,0.7680598601654663
GBoost-theta,GATA1,split2,F382S,0.015810276679841917,0.057470987811259686
GBoost-theta,GATA1,split2,F394P,0.8379446640316206,0.7379027558789539
GBoost-theta,GATA1,split2,H222R,0.08695652173913049,0.4182795226072277
GBoost-theta,GATA1,split2,"H222R,Y223C",0.5098814229249011,0.6779657087051002
GBoost-theta,GATA1,split2,"H232R,K233E",0.09881422924901184,0.42251197201033674
GBoost-theta,GATA1,split2,H289R,0.7865612648221344,0.7053347691726831
GBoost-theta,GATA1,split2,H362R,0.47430830039525695,0.7128028690343681
GBoost-theta,GATA1,split2,H378R,0.18972332015810278,0.6202472193498716
GBoost-theta,GATA1,split2,I242T,0.4782608695652174,0.49771921521834345
GBoost-theta,GATA1,split2,I242V,0.4031620553359684,0.6953410785490908
GBoost-theta,GATA1,split2,I249T,0.14229249011857703,0.38147755627127533
GBoost-theta,GATA1,split2,"I249T,V250A",0.20948616600790515,0.5791360581609916
GBoost-theta,GATA1,split2,I249V,0.35573122529644263,0.6691156392731024
GBoost-theta,GATA1,split2,I302T,0.924901185770751,0.5961051825152756
GBoost-theta,GATA1,split2,I302V,0.3438735177865613,0.5520788968800646
GBoost-theta,GATA1,split2,"K233R,M234V",0.5573122529644269,0.6890987219886827
GBoost-theta,GATA1,split2,K245G,0.7035573122529644,0.3708348631265652
GBoost-theta,GATA1,split2,K252G,0.2885375494071146,0.47045470700134095
GBoost-theta,GATA1,split2,K252R,0.8972332015810277,0.5965222244212954
GBoost-theta,GATA1,split2,K287G,0.849802371541502,0.41316051790003244
GBoost-theta,GATA1,split2,K299E,0.7312252964426877,0.6251753275862173
GBoost-theta,GATA1,split2,"K299R,D300G",0.8537549407114624,0.6993622725780251
GBoost-theta,GATA1,split2,K308G,0.7430830039525691,0.5665607776683266
GBoost-theta,GATA1,split2,K312G,0.8577075098814229,0.4158229348632661
GBoost-theta,GATA1,split2,K312R,0.8458498023715415,0.5830341006445813
GBoost-theta,GATA1,split2,"K314R,K315G",0.19367588932806323,0.4362000439271766
GBoost-theta,GATA1,split2,K316G,0.13438735177865613,0.43414989703765117
GBoost-theta,GATA1,split2,K316R,0.3517786561264822,0.6051611937508242
GBoost-theta,GATA1,split2,"L214P,W215R",0.5059288537549407,0.6366776094651531
GBoost-theta,GATA1,split2,L224P,0.06324110671936756,0.5323096056065245
GBoost-theta,GATA1,split2,"L230P,Y231H",0.1620553359683794,0.44038064695664236
GBoost-theta,GATA1,split2,L248P,0.6205533596837944,0.6733101456388337
GBoost-theta,GATA1,split2,"L268P,W269R",0.7905138339920948,0.6750750851990722
GBoost-theta,GATA1,split2,"L284P,Y285H",0.015810276679841917,0.26482348501088865
GBoost-theta,GATA1,split2,L288P,0.6877470355731226,0.6813514338478346
GBoost-theta,GATA1,split2,L295P,0.6482213438735178,0.6814334342538114
GBoost-theta,GATA1,split2,L355P,0.8023715415019763,0.76207284468941
GBoost-theta,GATA1,split2,L363P,0.2134387351778656,0.6471994244468596
GBoost-theta,GATA1,split2,"L363P,Y364H",0.36363636363636365,0.5576434632630372
GBoost-theta,GATA1,split2,L367P,0.6403162055335969,0.7508759890304403
GBoost-theta,GATA1,split2,"L372P,S373P",0.9407114624505929,0.6740788240233587
GBoost-theta,GATA1,split2,L379P,0.5256916996047432,0.7169191268039324
GBoost-theta,GATA1,split2,L386P,0.9011857707509882,0.7442771909343556
GBoost-theta,GATA1,split2,"L386P,L387P",0.5296442687747036,0.7124761113760304
GBoost-theta,GATA1,split2,L387P,0.5928853754940712,0.6813597700006215
GBoost-theta,GATA1,split2,L411P,0.9169960474308301,0.7733550831725609
GBoost-theta,GATA1,split2,M234T,0.48221343873517786,0.649877944790198
GBoost-theta,GATA1,split2,"M234V,N235D",0.6877470355731226,0.6435912025783724
GBoost-theta,GATA1,split2,M297T,0.3952569169960475,0.6566953141794976
GBoost-theta,GATA1,split2,M335T,0.32806324110671936,0.6138362931382242
GBoost-theta,GATA1,split2,"M335T,V336A",0.26877470355731226,0.579434144860624
GBoost-theta,GATA1,split2,M335V,0.8300395256916996,0.7155283681039367
GBoost-theta,GATA1,split2,M380T,0.5454545454545454,0.7294503951277599
GBoost-theta,GATA1,split2,M399T,0.7628458498023716,0.742034990859597
GBoost-theta,GATA1,split2,M399V,0.8181818181818181,0.7125524374286131
GBoost-theta,GATA1,split2,N206G,0.4268774703557312,0.6822017213061311
GBoost-theta,GATA1,split2,"N238G,R239G",0.4861660079051383,0.5940270562253824
GBoost-theta,GATA1,split2,N272G,0.6600790513833992,0.7087090706749575
GBoost-theta,GATA1,split2,N292G,0.21739130434782605,0.5404721848456994
GBoost-theta,GATA1,split2,N292S,0.9090909090909091,0.6941630698793609
GBoost-theta,GATA1,split2,N306G,0.541501976284585,0.7279452071062654
GBoost-theta,GATA1,split2,N345D,0.7312252964426877,0.7002437545152521
GBoost-theta,GATA1,split2,N345G,0.9446640316205533,0.8068041864361091
GBoost-theta,GATA1,split2,"Q237R,N238G",0.4624505928853755,0.6262400127918009
GBoost-theta,GATA1,split2,Q257R,0.8142292490118577,0.681293825069444
GBoost-theta,GATA1,split2,"Q303R,T304A",0.5217391304347826,0.6784351145299004
GBoost-theta,GATA1,split2,Q365R,0.9367588932806324,0.7320220977623509
GBoost-theta,GATA1,split2,R271G,0.7984189723320159,0.5414447952887419
GBoost-theta,GATA1,split2,S274G,0.2964426877470355,0.6174512373583311
GBoost-theta,GATA1,split2,S310P,0.8300395256916996,0.7097946108982768
GBoost-theta,GATA1,split2,S320G,0.3913043478260869,0.6768996529500986
GBoost-theta,GATA1,split2,S341G,0.7707509881422925,0.7403745748197256
GBoost-theta,GATA1,split2,S343G,0.5731225296442688,0.7132133028036882
GBoost-theta,GATA1,split2,S389P,0.8972332015810277,0.7662718155103199
GBoost-theta,GATA1,split2,S393P,0.8932806324110671,0.76040986022649
GBoost-theta,GATA1,split2,S412G,0.15019762845849804,0.5831743835734975
GBoost-theta,GATA1,split2,T210A,0.9762845849802372,0.7101953307107434
GBoost-theta,GATA1,split2,T212A,0.9328063241106719,0.7063173028501155
GBoost-theta,GATA1,split2,T220A,0.308300395256917,0.4166630687201331
GBoost-theta,GATA1,split2,T256A,0.5612648221343873,0.6330225249204219
GBoost-theta,GATA1,split2,T259A,0.7391304347826086,0.6687105348883238
GBoost-theta,GATA1,split2,"T263A,T264A",0.18577075098814233,0.4324738403122992
GBoost-theta,GATA1,split2,T264A,0.3162055335968379,0.6143986371714852
GBoost-theta,GATA1,split2,"T264A,T265A",0.5177865612648221,0.4465358828215341
GBoost-theta,GATA1,split2,T265A,0.12252964426877466,0.35327978180379555
GBoost-theta,GATA1,split2,"T265A,T266A",0.7786561264822134,0.6705254313845541
GBoost-theta,GATA1,split2,T266A,0.7233201581027668,0.6684224036736428
GBoost-theta,GATA1,split2,T267A,0.7865612648221344,0.6690450125153311
GBoost-theta,GATA1,split2,T296A,0.18181818181818177,0.6122085213388423
GBoost-theta,GATA1,split2,T324A,0.4861660079051383,0.6282417932240096
GBoost-theta,GATA1,split2,T354A,0.8853754940711462,0.7332439421567739
GBoost-theta,GATA1,split2,T360A,0.2885375494071146,0.6191441848232508
GBoost-theta,GATA1,split2,T391A,0.18972332015810278,0.620520368872561
GBoost-theta,GATA1,split2,T402A,0.5296442687747036,0.6845062727527953
GBoost-theta,GATA1,split2,"T402A,T403A",0.9328063241106719,0.7421770641492085
GBoost-theta,GATA1,split2,"T403A,S404G",0.9169960474308301,0.7661882456531727
GBoost-theta,GATA1,split2,"T405A,T406A",0.7312252964426877,0.7141158955872311
GBoost-theta,GATA1,split2,V250A,0.39920948616600793,0.6321583565925464
GBoost-theta,GATA1,split2,"V278A,C279R",0.8972332015810277,0.5578039032120133
GBoost-theta,GATA1,split2,V291A,0.5335968379446641,0.6980527607549666
GBoost-theta,GATA1,split2,"V336A,V337A",0.2727272727272727,0.567630695489961
GBoost-theta,GATA1,split2,V349A,0.11067193675889331,0.5002873461955146
GBoost-theta,GATA1,split2,V370A,0.7233201581027668,0.7328524735871382
GBoost-theta,GATA1,split2,"V371A,L372P",0.6996047430830039,0.7417345693745133
GBoost-theta,GATA1,split2,V407A,0.8142292490118577,0.7575366038543929
GBoost-theta,GATA1,split2,"V407A,V408A",0.45849802371541504,0.6643024738699569
GBoost-theta,GATA1,split2,V408A,0.23320158102766797,0.5860160266027904
GBoost-theta,GATA1,split2,W215R,0.6798418972332017,0.6750168646252336
GBoost-theta,GATA1,split2,W269R,0.5138339920948616,0.6417556977818045
GBoost-theta,GATA1,split2,Y223C,0.9209486166007905,0.7603593157879448
GBoost-theta,GATA1,split2,Y231C,0.41501976284584985,0.652054107290179
GBoost-theta,GATA1,split2,Y285C,0.06324110671936756,0.44329359283548725
GBoost-theta,GATA1,split2,"Y285C,Y286C",0.007905138339920903,0.28476260120724234
GBoost-theta,GATA1,split2,"Y286C,K287E",0.6956521739130435,0.665758281123423
GBoost-theta,GATA1,split2,Y286H,0.08300395256916993,0.48824657390600673
GBoost-theta,GATA1,split2,"Y364C,Q365R",0.32806324110671936,0.6796696984839212
GBoost-theta,GATA1,split3,C204R,0.011857707509881465,0.21162987909401576
GBoost-theta,GATA1,split3,"C204R,V205A",0.8853754940711462,0.640891344496685
GBoost-theta,GATA1,split3,C207R,0.0,0.20972899930629088
GBoost-theta,GATA1,split3,C225R,0.9960474308300395,0.800234641047132
GBoost-theta,GATA1,split3,C228R,0.6126482213438735,0.6716708632350996
GBoost-theta,GATA1,split3,C258R,0.2490118577075099,0.5307127058476924
GBoost-theta,GATA1,split3,C261R,0.18181818181818177,0.4607815865322406
GBoost-theta,GATA1,split3,D276G,0.5177865612648221,0.6885444966557889
GBoost-theta,GATA1,split3,H222R,0.22924901185770752,0.4573947148326968
GBoost-theta,GATA1,split3,"H222R,Y223C",0.541501976284585,0.7149956030633847
GBoost-theta,GATA1,split3,"L214P,W215R",0.8695652173913043,0.7187712423072578
GBoost-theta,GATA1,split3,L224P,0.031620553359683834,0.3602294192975438
GBoost-theta,GATA1,split3,"L268P,W269R",0.9881422924901185,0.7487958466263764
GBoost-theta,GATA1,split3,N206G,0.45849802371541504,0.702551840633914
GBoost-theta,GATA1,split3,N272G,0.7905138339920948,0.7454403414193022
GBoost-theta,GATA1,split3,R271G,0.782608695652174,0.5809861743046315
GBoost-theta,GATA1,split3,S274G,0.4031620553359684,0.6834296016830459
GBoost-theta,GATA1,split3,T210A,0.8379446640316206,0.7462836704769499
GBoost-theta,GATA1,split3,T212A,0.8695652173913043,0.7709408844847959
GBoost-theta,GATA1,split3,T220A,0.21739130434782605,0.5131878417389794
GBoost-theta,GATA1,split3,T259A,0.6126482213438735,0.7279647064107032
GBoost-theta,GATA1,split3,"T263A,T264A",0.07905138339920947,0.4899764319590819
GBoost-theta,GATA1,split3,T264A,0.30434782608695654,0.660425443832407
GBoost-theta,GATA1,split3,"T264A,T265A",0.5335968379446641,0.5699982469804752
GBoost-theta,GATA1,split3,T265A,0.23320158102766797,0.5018367228850334
GBoost-theta,GATA1,split3,"T265A,T266A",0.8577075098814229,0.7594040390686067
GBoost-theta,GATA1,split3,T266A,0.7430830039525691,0.7498376494171815
GBoost-theta,GATA1,split3,T267A,0.8735177865612649,0.7537239475956482
GBoost-theta,GATA1,split3,"V278A,C279R",0.6442687747035574,0.593512755608614
GBoost-theta,GATA1,split3,W215R,0.7865612648221344,0.6993415148087422
GBoost-theta,GATA1,split3,W269R,0.6996047430830039,0.6927425360468158
GBoost-theta,GATA1,split3,Y223C,0.9011857707509882,0.7356100728406533
GBoost-theta,GATA1,split5,C346R,0.4189723320158103,0.6527223433943748
GBoost-theta,GATA1,split5,E114G,0.25296442687747034,0.5860722417331313
GBoost-theta,GATA1,split5,"E114G,D115G",0.15810276679841895,0.4868029313958483
GBoost-theta,GATA1,split5,E134G,0.13043478260869568,0.5148374475114733
GBoost-theta,GATA1,split5,E13G,0.43873517786561267,0.6459105496856282
GBoost-theta,GATA1,split5,F168P,0.4189723320158103,0.6161182986428003
GBoost-theta,GATA1,split5,F172L,0.7509881422924901,0.7320603591696263
GBoost-theta,GATA1,split5,"F172S,F173P",0.42292490118577075,0.6289441857420912
GBoost-theta,GATA1,split5,"F33P,F34P",0.06719367588932801,0.38104840177769767
GBoost-theta,GATA1,split5,F3L,0.07114624505928857,0.5296055548612176
GBoost-theta,GATA1,split5,H222R,0.6600790513833992,0.6519681858183737
GBoost-theta,GATA1,split5,I249T,0.07905138339920947,0.32068954091210755
GBoost-theta,GATA1,split5,I302V,0.23320158102766797,0.5480265643823329
GBoost-theta,GATA1,split5,"K100G,T101A",0.14229249011857703,0.5409025402162642
GBoost-theta,GATA1,split5,K245G,0.055335968379446654,0.4545377701423058
GBoost-theta,GATA1,split5,K252R,0.3003952569169961,0.565118285163789
GBoost-theta,GATA1,split5,K287G,0.13438735177865613,0.5833209322310782
GBoost-theta,GATA1,split5,K312G,0.06324110671936756,0.5325494290569225
GBoost-theta,GATA1,split5,K312R,0.16600790513833996,0.480462767601627
GBoost-theta,GATA1,split5,"K314R,K315G",0.15810276679841895,0.5506953164401257
GBoost-theta,GATA1,split5,L136S,0.04743083003952564,0.3283817576733839
GBoost-theta,GATA1,split5,L141P,0.2924901185770751,0.6382642277763554
GBoost-theta,GATA1,split5,L196P,0.3913043478260869,0.6400245721184211
GBoost-theta,GATA1,split5,"L284P,Y285H",0.0039525691699604515,0.20101173154865418
GBoost-theta,GATA1,split5,"L386P,L387P",0.5335968379446641,0.7159470483170558
GBoost-theta,GATA1,split5,L80P,0.27667984189723316,0.6061422220759619
GBoost-theta,GATA1,split5,M335T,0.32015810276679846,0.6182364111097182
GBoost-theta,GATA1,split5,N160D,0.06324110671936756,0.4518092653585758
GBoost-theta,GATA1,split5,"Q237R,N238G",0.38735177865612647,0.6418800456446174
GBoost-theta,GATA1,split5,S12P,0.11462450592885376,0.4925958368403768
GBoost-theta,GATA1,split5,S142G,0.2134387351778656,0.6136517238085046
GBoost-theta,GATA1,split5,S174P,0.04743083003952564,0.37285886321961925
GBoost-theta,GATA1,split5,S186P,0.2648221343873518,0.6019046512136274
GBoost-theta,GATA1,split5,S36P,0.0,0.214524826657746
GBoost-theta,GATA1,split5,S46P,0.17786561264822132,0.5257455594255435
GBoost-theta,GATA1,split5,T171A,0.11857707509881421,0.5228972856046055
GBoost-theta,GATA1,split5,T220A,0.25296442687747034,0.6022542123867648
GBoost-theta,GATA1,split5,V250A,0.5059288537549407,0.6419416277083919
GBoost-theta,GATA1,split5,"V278A,C279R",0.5533596837944664,0.6382831497652826
GBoost-theta,GATA1,split5,"V32A,F33P",0.059288537549407105,0.39465121424738203
GBoost-theta,GATA1,split5,"V336A,V337A",0.3003952569169961,0.6070723070558323
GBoost-theta,GATA1,split5,Y285C,0.07509881422924902,0.5169110873871449
GBoost-theta,GATA1,split5,"Y285C,Y286C",0.011857707509881465,0.3723410588957614
GBoost-theta,GATA1,split5,Y286H,0.08300395256916993,0.4773211801268902
GBoost-theta,GATA1,split5,Y69H,0.26086956521739135,0.5978865104709405
GBoost-theta,GATA1,split6,C199R,0.83399209486166,0.7286115085745553
GBoost-theta,GATA1,split6,C207R,0.7351778656126482,0.5440998254328675
GBoost-theta,GATA1,split6,C225R,0.39920948616600793,0.6309484238409405
GBoost-theta,GATA1,split6,E114G,0.2569169960474308,0.5944321224837217
GBoost-theta,GATA1,split6,E200G,0.6086956521739131,0.6970565010669677
GBoost-theta,GATA1,split6,E328G,0.35573122529644263,0.6751101124660178
GBoost-theta,GATA1,split6,E348G,0.9011857707509882,0.7698358691319409
GBoost-theta,GATA1,split6,F172P,0.26877470355731226,0.48681833823911885
GBoost-theta,GATA1,split6,H222R,0.5098814229249011,0.49254274563518613
GBoost-theta,GATA1,split6,"I249T,V250A",0.2569169960474308,0.6407209333015814
GBoost-theta,GATA1,split6,I87T,0.1541501976284585,0.6018260152960189
GBoost-theta,GATA1,split6,"K100G,T101A",0.21739130434782605,0.4637997258374228
GBoost-theta,GATA1,split6,K137E,0.3675889328063241,0.6631501131562325
GBoost-theta,GATA1,split6,K287G,0.766798418972332,0.4203601255265098
GBoost-theta,GATA1,split6,"K299R,D300G",0.691699604743083,0.6972729803746384
GBoost-theta,GATA1,split6,K312R,0.35573122529644263,0.482363290936551
GBoost-theta,GATA1,split6,L146P,0.7351778656126482,0.7689006724668688
GBoost-theta,GATA1,split6,L190P,0.450592885375494,0.7505705780094305
GBoost-theta,GATA1,split6,L224P,0.035573122529644285,0.4106599316244732
GBoost-theta,GATA1,split6,L355P,0.924901185770751,0.7859647914365978
GBoost-theta,GATA1,split6,L363P,0.19367588932806323,0.633926110628714
GBoost-theta,GATA1,split6,L387P,0.7035573122529644,0.7290936099261742
GBoost-theta,GATA1,split6,L6P,0.8577075098814229,0.7791256093667328
GBoost-theta,GATA1,split6,M1V,0.841897233201581,0.7483527778976586
GBoost-theta,GATA1,split6,M335V,0.7905138339920948,0.7319845466005294
GBoost-theta,GATA1,split6,"N238G,R239G",0.6363636363636364,0.6763768389578031
GBoost-theta,GATA1,split6,Q257R,0.5810276679841897,0.7010635659394651
GBoost-theta,GATA1,split6,R271G,0.6996047430830039,0.5733718248564753
GBoost-theta,GATA1,split6,S155P,0.7549407114624506,0.7546285269047223
GBoost-theta,GATA1,split6,S161G,0.5652173913043479,0.7167484746489723
GBoost-theta,GATA1,split6,S174P,0.0513833992094862,0.40278478439652887
GBoost-theta,GATA1,split6,S178G,0.9802371541501976,0.7837237001368498
GBoost-theta,GATA1,split6,S310P,0.8735177865612649,0.7577452525188416
GBoost-theta,GATA1,split6,S393P,0.8656126482213439,0.7622593841388589
GBoost-theta,GATA1,split6,S72P,0.46640316205533594,0.6801855261369318
GBoost-theta,GATA1,split6,T256A,0.8023715415019763,0.7413763409035552
GBoost-theta,GATA1,split6,T264A,0.2924901185770751,0.6592877411254061
GBoost-theta,GATA1,split6,T324A,0.39920948616600793,0.6772357144268866
GBoost-theta,GATA1,split6,T391A,0.1699604743083004,0.6219094073058365
GBoost-theta,GATA1,split6,"V109A,C110R",0.25296442687747034,0.5992642113615919
GBoost-theta,GATA1,split6,V158A,0.30434782608695654,0.6756450284990033
GBoost-theta,GATA1,split6,V291A,0.7747035573122529,0.7821756594914725
GBoost-theta,GATA1,split6,V32A,0.5019762845849802,0.7345765635754387
GBoost-theta,GATA1,split6,"V32A,F33P",0.011857707509881465,0.3925353315781313
GBoost-theta,GATA1,split6,"V336A,V337A",0.3517786561264822,0.6185408390550368
GBoost-theta,GATA1,split6,"V371A,L372P",0.6679841897233201,0.741341307422471
GBoost-theta,GATA1,split6,"Y185H,S186P",0.8656126482213439,0.7633127984594704
GBoost-theta,GATA1,split6,Y285C,0.9169960474308301,0.4564715457233938
GBoost-theta,GATA1,split6,Y62C,0.9090909090909091,0.7113986557423944
GBoost-theta,GATA1,split6,Y62H,0.1027667984189723,0.5243212997487435
GBoost-theta,GATA1,split6,Y78H,0.2964426877470355,0.6129413040026288
GBoost-theta,GATA1,split6,Y93H,0.6284584980237153,0.7324150487672343
GBoost-theta,JAK1,split1,E762K,0.6,0.8726625758478697
GBoost-theta,JAK1,split1,"G1068E,G1068R",0.8,0.9372965742390685
GBoost-theta,JAK1,split1,"G887R,G887E",0.56,0.8711485059434322
GBoost-theta,JAK1,split1,"P1118L,P1118S,P1121S",0.72,0.1419474393596569
GBoost-theta,JAK1,split1,Q387*,0.6,0.8363103377528667
GBoost-theta,JAK1,split1,Q437*,0.36,0.7935473994162147
GBoost-theta,JAK1,split1,Q572*,0.92,0.8994797278534226
GBoost-theta,JAK1,split1,splice_64850911,0.4,0.797826171606893
GBoost-theta,JAK1,split1,syn_N357,0.0,-0.09283212131942263
GBoost-theta,JAK1,split2,D775N,0.64,0.8622559873962213
GBoost-theta,JAK1,split2,E1051K,0.92,0.9498662840189114
GBoost-theta,JAK1,split2,"E706K,D707N",0.88,0.9405393364749245
GBoost-theta,JAK1,split2,E762K,0.6,0.8718748655613524
GBoost-theta,JAK1,split2,"G1068E,G1068R",0.8,0.8349351495523089
GBoost-theta,JAK1,split2,"G590E,G590R",0.64,0.8049114325342298
GBoost-theta,JAK1,split2,"G887R,G887E",0.52,0.7981716547936013
GBoost-theta,JAK1,split2,"P1118L,P1118S,P1121S",0.76,0.15219945373450788
GBoost-theta,JAK1,split2,"P1121L,P1121S",0.92,0.39312287494510106
GBoost-theta,JAK1,split2,P761S,0.8,0.8437252155113708
GBoost-theta,JAK1,split2,S1062F,0.48,0.13659725039310947
GBoost-theta,JAK1,split2,T717I,0.6,0.058455616171543115
GBoost-theta,JAK1,split2,splice_64850911,0.36,0.8537674798631321
GBoost-theta,JAK1,split3,D775N,0.6799999999999999,0.08232462943523475
GBoost-theta,JAK1,split3,E1051K,0.19999999999999996,0.12247914718354633
GBoost-theta,JAK1,split3,E447K,0.24,0.07303967098575369
GBoost-theta,JAK1,split3,E486K,0.64,0.05550582967285835
GBoost-theta,JAK1,split3,"E706K,D707N",0.31999999999999995,0.11895876215092784
GBoost-theta,JAK1,split3,E762K,0.0,0.06621809321168189
GBoost-theta,JAK1,split3,"G1068E,G1068R",0.31999999999999995,-0.07739261737972247
GBoost-theta,JAK1,split3,"G590E,G590R",0.16000000000000003,-0.09463968123462915
GBoost-theta,JAK1,split3,"G887R,G887E",0.76,0.020616926105906458
GBoost-theta,JAK1,split3,P761S,0.36,0.00010920278455071109
GBoost-theta,JAK1,split3,Q387*,0.43999999999999995,0.004242617545974199
GBoost-theta,JAK1,split3,Q437*,0.6799999999999999,0.04672593246574056
GBoost-theta,JAK1,split3,Q499*,0.28,-0.00298551542676512
GBoost-theta,JAK1,split3,Q545*,0.19999999999999996,-0.007631731166731974
GBoost-theta,JAK1,split3,Q572*,0.07999999999999996,-0.025545028344541722
GBoost-theta,JAK1,split3,R108Q,0.6799999999999999,-0.014100932801811966
GBoost-theta,JAK1,split3,"R549Q,E550K",0.0,-0.10086552466060557
GBoost-theta,JAK1,split3,S1062F,0.31999999999999995,-0.026835515697271512
GBoost-theta,JAK1,split3,T558I,0.8,-0.010942527526426188
GBoost-theta,JAK1,split3,splice_64850911,0.040000000000000036,-0.03168569955292277
GBoost-theta,JAK1,split5,D775N,0.6799999999999999,0.9010221824358183
GBoost-theta,JAK1,split5,E486K,0.4,0.8197639159744636
GBoost-theta,JAK1,split5,E762K,0.6,0.8612437338989523
GBoost-theta,JAK1,split5,"G590E,G590R",0.6,0.8874300708227937
GBoost-theta,JAK1,split5,L321F,0.12,-0.007301022205597608
GBoost-theta,JAK1,split5,"P1121L,P1121S",0.88,0.13105349656055354
GBoost-theta,JAK1,split5,P761S,0.76,0.9270046329443593
GBoost-theta,JAK1,split5,Q387*,0.72,0.9075708576204258
GBoost-theta,JAK1,split5,Q437*,0.4,0.8407489003335213
GBoost-theta,JAK1,split5,Q499*,0.36,0.8354630765477219
GBoost-theta,JAK1,split5,Q545*,0.31999999999999995,0.820315828366336
GBoost-theta,JAK1,split5,R108Q,0.28,0.799322138434893
GBoost-theta,JAK1,split5,"R549Q,E550K",0.6,0.8642998455161311
GBoost-theta,JAK1,split5,T717I,0.0,0.018892382489886925
GBoost-theta,JAK1,split5,splice_64850911,0.52,0.8652246917245323
GBoost-theta,JAK1,split5,syn_L158,0.16000000000000003,0.00849837561381007
GBoost-theta,JAK1,split5,syn_N357,0.0,-0.17528307816961008
Gene-mean,TP53,split1,A159P,0.8144329896907216,0.811476031709447
Gene-mean,TP53,split1,A159V,0.7628865979381443,0.8149498847310873
Gene-mean,TP53,split1,C141Y,0.21649484536082475,0.7817496341213626
Gene-mean,TP53,split1,C238Y,0.04123711340206182,0.7700200040293548
Gene-mean,TP53,split1,G245V,0.41237113402061853,0.7927339214686888
Gene-mean,TP53,split1,H179R,0.2989690721649485,0.7846212578963063
Gene-mean,TP53,split1,P47S,0.22680412371134018,0.7853279640211668
Gene-mean,TP53,split1,P58R,0.0,0.740235596798776
Gene-mean,TP53,split1,Q5R,0.35051546391752575,0.7912613501089779
Gene-mean,TP53,split1,R175H,0.6185567010309279,0.8027250408192541
Gene-mean,TP53,split1,R273H,1.0,0.838763384164749
Gene-mean,TP53,split1,S241C,0.5463917525773196,0.7997069580206597
Gene-mean,TP53,split1,S366A,0.15463917525773196,0.7809019803001486
Gene-mean,TP53,split1,T312S,0.6907216494845361,0.8043393055371918
Gene-mean,TP53,split1,V31I,0.11340206185567014,0.7796561641215722
Gene-mean,TP53,split1,Y220C,0.4948453608247423,0.7934812525799491
Gene-mean,TP53,split2,C238F,0.44329896907216493,0.7884696438414172
Gene-mean,TP53,split2,C238Y,0.05154639175257736,0.7671020693780088
Gene-mean,TP53,split2,C242F,0.3298969072164949,0.8002344621180508
Gene-mean,TP53,split2,C275F,0.0,0.7565357699268976
Gene-mean,TP53,split2,C275Y,0.061855670103092786,0.7615744264237041
Gene-mean,TP53,split2,C277F,0.711340206185567,0.8038828384060318
Gene-mean,TP53,split2,E271K,0.6597938144329897,0.8062002317149555
Gene-mean,TP53,split2,E285K,0.14432989690721654,0.7797235519113965
Gene-mean,TP53,split2,E286K,0.17525773195876293,0.7736203422424406
Gene-mean,TP53,split2,E339K,0.08247422680412375,0.7628204839340063
Gene-mean,TP53,split2,G244C,0.1649484536082474,0.7829777956832976
Gene-mean,TP53,split2,G245C,0.7628865979381443,0.8059903309539593
Gene-mean,TP53,split2,G245D,0.9072164948453608,0.8193116776293382
Gene-mean,TP53,split2,G245S,0.41237113402061853,0.7938776366214061
Gene-mean,TP53,split2,G245V,0.4226804123711341,0.7932606449267787
Gene-mean,TP53,split2,G266E,0.22680412371134018,0.7795786067909276
Gene-mean,TP53,split2,G266R,0.48453608247422686,0.7895308695026027
Gene-mean,TP53,split2,G266V,0.5670103092783505,0.809896045997377
Gene-mean,TP53,split2,G360V,0.6185567010309279,0.8007648484208413
Gene-mean,TP53,split2,L344L,0.7525773195876289,0.8060101455532691
Gene-mean,TP53,split2,M237I,0.30927835051546393,0.7959473248314605
Gene-mean,TP53,split2,M246V,0.6907216494845361,0.8007333775477312
Gene-mean,TP53,split2,P222P,0.28865979381443296,0.7795957966780334
Gene-mean,TP53,split2,P250L,0.865979381443299,0.8119947307073023
Gene-mean,TP53,split2,P278L,0.31958762886597936,0.7810291970193108
Gene-mean,TP53,split2,P278S,0.3608247422680413,0.7920673433954756
Gene-mean,TP53,split2,P295P,0.6391752577319587,0.8025087373016434
Gene-mean,TP53,split2,P301P,0.20618556701030932,0.784342499529919
Gene-mean,TP53,split2,P359P,0.6082474226804124,0.8042414803237231
Gene-mean,TP53,split2,R248L,0.09278350515463918,0.7678594317640476
Gene-mean,TP53,split2,R248W,0.5360824742268041,0.8045182408391055
Gene-mean,TP53,split2,R249M,0.2680412371134021,0.7786789894877804
Gene-mean,TP53,split2,R249S,0.21649484536082475,0.7785354409871652
Gene-mean,TP53,split2,R273C,0.07216494845360821,0.7648385536864838
Gene-mean,TP53,split2,R273H,1.0,0.8386010803580606
Gene-mean,TP53,split2,R273L,0.18556701030927836,0.7903215156024029
Gene-mean,TP53,split2,R280K,0.5567010309278351,0.7936935039188108
Gene-mean,TP53,split2,R280T,0.27835051546391754,0.7818766572598376
Gene-mean,TP53,split2,R282W,0.24742268041237114,0.7772405445951639
Gene-mean,TP53,split2,R337C,0.030927835051546393,0.7663344939228462
Gene-mean,TP53,split2,R337L,0.1030927835051546,0.7873578688309727
Gene-mean,TP53,split2,S241C,0.5876288659793815,0.7999262382708863
Gene-mean,TP53,split2,S241F,0.6804123711340206,0.804046696013474
Gene-mean,TP53,split2,S366A,0.15463917525773196,0.779723179994157
Gene-mean,TP53,split2,T312S,0.731958762886598,0.8052306718063754
Gene-mean,TP53,split2,V272L,0.5463917525773196,0.8048648842598071
Gene-mean,TP53,split2,V272M,0.45360824742268047,0.7897914892189859
Gene-mean,TP53,split2,Y234C,0.8247422680412371,0.809972996014119
Gene-mean,TP53,split2,Y236C,0.7938144329896908,0.811023153209556
Gene-mean,TP53,split3,G245C,0.6701030927835052,0.8044521187047113
Gene-mean,TP53,split3,G245D,0.9690721649484536,0.8232711128217991
Gene-mean,TP53,split3,G245S,0.4226804123711341,0.7958149801161478
Gene-mean,TP53,split3,G245V,0.4639175257731959,0.7953867592982782
Gene-mean,TP53,split3,R175H,0.6185567010309279,0.8031649536696805
Gene-mean,TP53,split3,R249M,0.17525773195876293,0.7787027987829083
Gene-mean,TP53,split3,R249S,0.21649484536082475,0.7811288612872785
Gene-mean,TP53,split3,R282W,0.15463917525773196,0.7767245160988946
Gene-mean,TP53,split3,Y220C,0.5567010309278351,0.7971176722345293
Gene-mean,TP53,split6,A159P,0.8144329896907216,0.8115403903909095
Gene-mean,TP53,split6,A159V,0.7731958762886598,0.8155584356150692
Gene-mean,TP53,split6,C141Y,0.20618556701030932,0.7823705185416445
Gene-mean,TP53,split6,C238Y,0.04123711340206182,0.771057631499413
Gene-mean,TP53,split6,G245V,0.4226804123711341,0.7943671987742907
Gene-mean,TP53,split6,H179R,0.2989690721649485,0.7845288732182504
Gene-mean,TP53,split6,R175H,0.6288659793814433,0.8036498920586014
Gene-mean,TP53,split6,R273H,1.0,0.8397186194872376
Gene-mean,TP53,split6,S241C,0.5463917525773196,0.8000471791580506
Gene-mean,TP53,split6,Y220C,0.5257731958762887,0.7948136312939071
Gene-mean,KRAS,split1,A146T,0.7692307692307692,0.7392430416371525
Gene-mean,KRAS,split1,A146V,0.8461538461538461,0.7497657044952366
Gene-mean,KRAS,split1,G12C,0.23076923076923073,0.7011071183001883
Gene-mean,KRAS,split1,G12D,0.43956043956043955,0.7248015551781781
Gene-mean,KRAS,split1,G12R,0.2417582417582418,0.7128358715286593
Gene-mean,KRAS,split1,G12V,0.1648351648351648,0.6997549605977816
Gene-mean,KRAS,split1,Q61H,0.9230769230769231,0.7565955501298782
Gene-mean,KRAS,split1,Q61L,0.6373626373626373,0.7296573072078193
Gene-mean,KRAS,split2,A130V,0.7252747252747253,0.7326960356158133
Gene-mean,KRAS,split2,A146P,0.5714285714285714,0.7242992076363521
Gene-mean,KRAS,split2,A146T,0.7912087912087912,0.7362067888994217
Gene-mean,KRAS,split2,A146V,0.8571428571428572,0.7455600781896643
Gene-mean,KRAS,split2,A155G,0.37362637362637363,0.7107462964074363
Gene-mean,KRAS,split2,A66A,0.3296703296703297,0.719839985726017
Gene-mean,KRAS,split2,C118S,0.5604395604395604,0.7226855424575942
Gene-mean,KRAS,split2,D119G,0.07692307692307687,0.6947461774301141
Gene-mean,KRAS,split2,D173D,0.03296703296703296,0.707137716332438
Gene-mean,KRAS,split2,E63K,0.6813186813186813,0.7294806185645806
Gene-mean,KRAS,split2,F141L,0.19780219780219777,0.7102697996054095
Gene-mean,KRAS,split2,G75A,0.15384615384615385,0.696225379334984
Gene-mean,KRAS,split2,G77A,0.6043956043956045,0.722281789122681
Gene-mean,KRAS,split2,I163S,0.6263736263736264,0.7220950035239494
Gene-mean,KRAS,split2,K117N,0.20879120879120883,0.6962735109185487
Gene-mean,KRAS,split2,K117R,0.7032967032967032,0.7339682298277669
Gene-mean,KRAS,split2,K147N,0.21978021978021978,0.7019304682506626
Gene-mean,KRAS,split2,K147T,0.02197802197802201,0.6962026227450064
Gene-mean,KRAS,split2,K169K,0.8131868131868132,0.7383029082356755
Gene-mean,KRAS,split2,K176Q,0.7362637362637363,0.7323135381676076
Gene-mean,KRAS,split2,K178K,0.6373626373626373,0.7263222560123234
Gene-mean,KRAS,split2,K88K,0.1428571428571429,0.6986743401478009
Gene-mean,KRAS,split2,L159S,0.9010989010989011,0.7468824080819297
Gene-mean,KRAS,split2,L79I,0.3846153846153846,0.7196889107849421
Gene-mean,KRAS,split2,M111L,0.01098901098901095,0.6809837358056995
Gene-mean,KRAS,split2,P110S,0.39560439560439564,0.7204787272501543
Gene-mean,KRAS,split2,Q99E,0.3516483516483516,0.7126117107831937
Gene-mean,KRAS,split2,R135T,0.6923076923076923,0.7324564797237624
Gene-mean,KRAS,split2,R149K,0.48351648351648346,0.7177920334582679
Gene-mean,KRAS,split2,R164Q,0.4065934065934066,0.7235675613219671
Gene-mean,KRAS,split2,R68S,0.25274725274725274,0.7058281417637379
Gene-mean,KRAS,split2,S136N,0.7582417582417582,0.7410728033009242
Gene-mean,KRAS,split2,T127T,0.23076923076923073,0.7030653725218028
Gene-mean,KRAS,split2,T144P,0.1208791208791209,0.6926738850570594
Gene-mean,KRAS,split2,T144T,0.2637362637362637,0.7220004658587013
Gene-mean,KRAS,split2,T158A,0.17582417582417587,0.7052325421126656
Gene-mean,KRAS,split2,T158T,0.10989010989010994,0.7024342975304035
Gene-mean,KRAS,split2,T74A,0.8351648351648352,0.7420395232614148
Gene-mean,KRAS,split2,T74T,0.4285714285714286,0.7177932345734627
Gene-mean,KRAS,split2,V112I,0.6593406593406593,0.7248205233940764
Gene-mean,KRAS,split2,Y166H,0.9340659340659341,0.7528697699338909
Gene-mean,KRAS,split3,A146P,0.5824175824175823,0.7286958415056665
Gene-mean,KRAS,split3,A146T,0.7582417582417582,0.7375056797761542
Gene-mean,KRAS,split3,A146V,0.8241758241758241,0.7468189059141114
Gene-mean,KRAS,split3,G12A,0.3076923076923077,0.7093923659550287
Gene-mean,KRAS,split3,G12C,0.17582417582417587,0.699168713506468
Gene-mean,KRAS,split3,G12S,0.9120879120879121,0.7498291506148155
Gene-mean,KRAS,split3,G13C,0.6813186813186813,0.7466720686409157
Gene-mean,KRAS,split3,K117R,0.7142857142857143,0.736932776189173
Gene-mean,KRAS,split3,Q61H,0.9340659340659341,0.7565241811976625
Gene-mean,KRAS,split3,Q61P,0.1428571428571429,0.6961582140334557
Gene-mean,KRAS,split6,A146T,0.7692307692307692,0.7392430416371525
Gene-mean,KRAS,split6,A146V,0.8461538461538461,0.7497657044952366
Gene-mean,KRAS,split6,G12C,0.23076923076923073,0.7011071183001883
Gene-mean,KRAS,split6,G12D,0.43956043956043955,0.7248015551781781
Gene-mean,KRAS,split6,G12R,0.2417582417582418,0.7128358715286593
Gene-mean,KRAS,split6,G12V,0.1648351648351648,0.6997549605977816
Gene-mean,KRAS,split6,Q61H,0.9230769230769231,0.7565955501298782
Gene-mean,KRAS,split6,Q61L,0.6373626373626373,0.7296573072078193
Gene-mean,GATA1,split1,C199R,0.6363636363636364,0.7525543231823949
Gene-mean,GATA1,split1,C207R,0.0,0.2757334409045651
Gene-mean,GATA1,split1,C225R,0.9881422924901185,0.7981130087686396
Gene-mean,GATA1,split1,E114G,0.2490118577075099,0.6040205760033386
Gene-mean,GATA1,split1,E200G,0.4268774703557312,0.6779331286724605
Gene-mean,GATA1,split1,E328G,0.4347826086956522,0.7120215411628444
Gene-mean,GATA1,split1,E348G,0.9367588932806324,0.7806112105525473
Gene-mean,GATA1,split1,F172P,0.2845849802371542,0.6362571377385798
Gene-mean,GATA1,split1,H222R,0.44664031620553357,0.678966193593886
Gene-mean,GATA1,split1,"I249T,V250A",0.2134387351778656,0.6423251420586696
Gene-mean,GATA1,split1,I87T,0.08300395256916993,0.5342057211613088
Gene-mean,GATA1,split1,"K100G,T101A",0.13438735177865613,0.5606449903461928
Gene-mean,GATA1,split1,K137E,0.37944664031620556,0.7004446944567286
Gene-mean,GATA1,split1,K287G,0.10671936758893286,0.6047204194143277
Gene-mean,GATA1,split1,"K299R,D300G",0.83399209486166,0.7613713740176313
Gene-mean,GATA1,split1,K312R,0.17786561264822132,0.5437654545951675
Gene-mean,GATA1,split1,L146P,0.7154150197628458,0.751004495536404
Gene-mean,GATA1,split1,L190P,0.5612648221343873,0.7626099264161355
Gene-mean,GATA1,split1,L224P,0.03952569169960474,0.4861156393514036
Gene-mean,GATA1,split1,L355P,0.8221343873517787,0.7667794449980257
Gene-mean,GATA1,split1,L363P,0.2055335968379447,0.6629728596370545
Gene-mean,GATA1,split1,L387P,0.616600790513834,0.7285636725993433
Gene-mean,GATA1,split1,L6P,0.9446640316205533,0.7819810574556207
Gene-mean,GATA1,split1,M1V,0.6086956521739131,0.7445341383418055
Gene-mean,GATA1,split1,M335V,0.7549407114624506,0.7532469862411155
Gene-mean,GATA1,split1,"N238G,R239G",0.7430830039525691,0.7421349230744894
Gene-mean,GATA1,split1,Q257R,0.5494071146245059,0.727767993194039
Gene-mean,GATA1,split1,R271G,0.20948616600790515,0.6382988923211221
Gene-mean,GATA1,split1,S155P,0.4980237154150198,0.7223389135852923
Gene-mean,GATA1,split1,S161G,0.5256916996047432,0.7146050880264749
Gene-mean,GATA1,split1,S174P,0.09881422924901184,0.4753253183490352
Gene-mean,GATA1,split1,S178G,0.9960474308300395,0.7980486270830295
Gene-mean,GATA1,split1,S310P,0.766798418972332,0.7486538041576386
Gene-mean,GATA1,split1,S393P,0.8063241106719368,0.7629485794149419
Gene-mean,GATA1,split1,S72P,0.5770750988142292,0.72134435959846
Gene-mean,GATA1,split1,T256A,0.9130434782608696,0.7708570875053711
Gene-mean,GATA1,split1,T264A,0.27667984189723316,0.6495281042867003
Gene-mean,GATA1,split1,T324A,0.3241106719367589,0.6476331885856287
Gene-mean,GATA1,split1,T391A,0.19367588932806323,0.6286064289215549
Gene-mean,GATA1,split1,"V109A,C110R",0.2569169960474308,0.6310563307946289
Gene-mean,GATA1,split1,V158A,0.2924901185770751,0.6837167014341091
Gene-mean,GATA1,split1,V291A,0.7312252964426877,0.7616147561678087
Gene-mean,GATA1,split1,V32A,0.46640316205533594,0.7269193301610377
Gene-mean,GATA1,split1,"V32A,F33P",0.08695652173913049,0.4925780132108982
Gene-mean,GATA1,split1,"V336A,V337A",0.3399209486166008,0.6445268104645598
Gene-mean,GATA1,split1,"V371A,L372P",0.6679841897233201,0.738288479140644
Gene-mean,GATA1,split1,"Y185H,S186P",0.9486166007905138,0.7827511854561363
Gene-mean,GATA1,split1,Y285C,0.06324110671936756,0.5014165833174437
Gene-mean,GATA1,split1,Y62C,0.7707509881422925,0.7528574464548844
Gene-mean,GATA1,split1,Y62H,0.09486166007905139,0.5575728337821995
Gene-mean,GATA1,split1,Y78H,0.3675889328063241,0.6683871941915231
Gene-mean,GATA1,split1,Y93H,0.4940711462450593,0.7220015476723977
Gene-mean,GATA1,split2,C204R,0.01976284584980237,0.36223488577961754
Gene-mean,GATA1,split2,"C204R,V205A",0.6837944664031621,0.7386612954156131
Gene-mean,GATA1,split2,C207R,0.0,0.27018106533366937
Gene-mean,GATA1,split2,C225R,0.9130434782608696,0.7788178159555014
Gene-mean,GATA1,split2,C228R,0.9011857707509882,0.774879258339837
Gene-mean,GATA1,split2,C258R,0.2924901185770751,0.65849362060178
Gene-mean,GATA1,split2,C261R,0.21739130434782605,0.6015248507885452
Gene-mean,GATA1,split2,C346R,0.4110671936758893,0.6896708602293156
Gene-mean,GATA1,split2,D276G,0.4782608695652174,0.6991855291550778
Gene-mean,GATA1,split2,E328G,0.43873517786561267,0.7095281393478217
Gene-mean,GATA1,split2,E348G,0.8695652173913043,0.7701093200166735
Gene-mean,GATA1,split2,F382S,0.6877470355731226,0.7585316670906702
Gene-mean,GATA1,split2,F394P,0.7707509881422925,0.7512038298333562
Gene-mean,GATA1,split2,H222R,0.39920948616600793,0.6698105628057488
Gene-mean,GATA1,split2,"H222R,Y223C",0.6679841897233201,0.7459795518511516
Gene-mean,GATA1,split2,"H232R,K233E",0.1027667984189723,0.532570831817455
Gene-mean,GATA1,split2,H289R,0.6482213438735178,0.7318152849199349
Gene-mean,GATA1,split2,H362R,0.41501976284584985,0.7151527709655365
Gene-mean,GATA1,split2,H378R,0.12648221343873522,0.6006931798696338
Gene-mean,GATA1,split2,I242T,0.02371541501976282,0.28968721576846007
Gene-mean,GATA1,split2,I242V,0.33596837944664026,0.6880229386104597
Gene-mean,GATA1,split2,I249T,0.7075098814229249,0.7471693861486475
Gene-mean,GATA1,split2,"I249T,V250A",0.2134387351778656,0.6349474921330441
Gene-mean,GATA1,split2,I249V,0.5256916996047432,0.7401125657149412
Gene-mean,GATA1,split2,I302T,0.06719367588932801,0.46948616130577836
Gene-mean,GATA1,split2,I302V,0.19762845849802368,0.5601147382514174
Gene-mean,GATA1,split2,"K233R,M234V",0.5494071146245059,0.7214926375298731
Gene-mean,GATA1,split2,K245G,0.031620553359683834,0.29935552449335917
Gene-mean,GATA1,split2,K252G,0.3241106719367589,0.6369104987342391
Gene-mean,GATA1,split2,K252R,0.13833992094861658,0.5206781251193128
Gene-mean,GATA1,split2,K287G,0.11462450592885376,0.6006178261365115
Gene-mean,GATA1,split2,K299E,0.8023715415019763,0.7551951178264455
Gene-mean,GATA1,split2,"K299R,D300G",0.7747035573122529,0.7526325756585025
Gene-mean,GATA1,split2,K308G,0.40711462450592883,0.6799447687379492
Gene-mean,GATA1,split2,K312G,0.035573122529644285,0.4480447048132651
Gene-mean,GATA1,split2,K312R,0.1541501976284585,0.5346215158072821
Gene-mean,GATA1,split2,"K314R,K315G",0.13438735177865613,0.5626135407096422
Gene-mean,GATA1,split2,K316G,0.8379446640316206,0.7674327186023471
Gene-mean,GATA1,split2,K316R,0.4189723320158103,0.6864628400755078
Gene-mean,GATA1,split2,"L214P,W215R",0.4426877470355731,0.6970605353846583
Gene-mean,GATA1,split2,L224P,0.03952569169960474,0.4877814164799479
Gene-mean,GATA1,split2,"L230P,Y231H",0.5612648221343873,0.7159474591023831
Gene-mean,GATA1,split2,L248P,0.7351778656126482,0.7436424240662902
Gene-mean,GATA1,split2,"L268P,W269R",0.8458498023715415,0.761628082887934
Gene-mean,GATA1,split2,"L284P,Y285H",0.011857707509881465,0.19546403169094637
Gene-mean,GATA1,split2,L288P,0.6363636363636364,0.74859044219964
Gene-mean,GATA1,split2,L295P,0.5138339920948616,0.704665100444585
Gene-mean,GATA1,split2,L355P,0.7628458498023716,0.760136455274179
Gene-mean,GATA1,split2,L363P,0.25296442687747034,0.6775440452838777
Gene-mean,GATA1,split2,"L363P,Y364H",0.3399209486166008,0.6728816153356203
Gene-mean,GATA1,split2,L367P,0.4980237154150198,0.7356843387027449
Gene-mean,GATA1,split2,"L372P,S373P",0.4347826086956522,0.7204737234687392
Gene-mean,GATA1,split2,L379P,0.4624505928853755,0.7066920649314126
Gene-mean,GATA1,split2,L386P,0.7905138339920948,0.753293680943843
Gene-mean,GATA1,split2,"L386P,L387P",0.49011857707509876,0.7071053875859185
Gene-mean,GATA1,split2,L387P,0.5652173913043479,0.7172756617812627
Gene-mean,GATA1,split2,L411P,0.9288537549407114,0.7718346819689084
Gene-mean,GATA1,split2,M234T,0.6442687747035574,0.7314051479279304
Gene-mean,GATA1,split2,"M234V,N235D",0.4268774703557312,0.6983574418130173
Gene-mean,GATA1,split2,M297T,0.27667984189723316,0.6490811084590958
Gene-mean,GATA1,split2,M335T,0.2490118577075099,0.6136350261459086
Gene-mean,GATA1,split2,"M335T,V336A",0.3952569169960475,0.6654720311228725
Gene-mean,GATA1,split2,M335V,0.766798418972332,0.7513977252123473
Gene-mean,GATA1,split2,M380T,0.6205533596837944,0.7469429360414036
Gene-mean,GATA1,split2,M399T,0.6086956521739131,0.7255627350097263
Gene-mean,GATA1,split2,M399V,0.8221343873517787,0.7591337357564034
Gene-mean,GATA1,split2,N206G,0.5573122529644269,0.7292305808089153
Gene-mean,GATA1,split2,"N238G,R239G",0.5928853754940712,0.7225404015704359
Gene-mean,GATA1,split2,N272G,0.5810276679841897,0.7229918110018221
Gene-mean,GATA1,split2,N292G,0.12252964426877466,0.5248748315403944
Gene-mean,GATA1,split2,N292S,0.9644268774703557,0.7869130774370543
Gene-mean,GATA1,split2,N306G,0.7154150197628458,0.7664921973759472
Gene-mean,GATA1,split2,N345D,0.5454545454545454,0.7201051827071133
Gene-mean,GATA1,split2,N345G,0.8616600790513834,0.772076816731332
Gene-mean,GATA1,split2,"Q237R,N238G",0.3517786561264822,0.6536651845777935
Gene-mean,GATA1,split2,Q257R,0.6007905138339921,0.734066101467196
Gene-mean,GATA1,split2,"Q303R,T304A",0.5059288537549407,0.7131325958276441
Gene-mean,GATA1,split2,Q365R,0.8853754940711462,0.7652217262658789
Gene-mean,GATA1,split2,R271G,0.20948616600790515,0.6335372137802204
Gene-mean,GATA1,split2,S274G,0.5968379446640316,0.7338172555318568
Gene-mean,GATA1,split2,S310P,0.7272727272727273,0.7424218053099279
Gene-mean,GATA1,split2,S320G,0.30434782608695654,0.6677834682716136
Gene-mean,GATA1,split2,S341G,0.7984189723320159,0.7532584117479285
Gene-mean,GATA1,split2,S343G,0.5533596837944664,0.7168724895576879
Gene-mean,GATA1,split2,S389P,0.7786561264822134,0.7566414238666975
Gene-mean,GATA1,split2,S393P,0.8735177865612649,0.7662404826286032
Gene-mean,GATA1,split2,S412G,0.15810276679841895,0.6096310841249347
Gene-mean,GATA1,split2,T210A,0.5770750988142292,0.7157734275191883
Gene-mean,GATA1,split2,T212A,0.7509881422924901,0.7590607458251853
Gene-mean,GATA1,split2,T220A,0.22924901185770752,0.6114861454502839
Gene-mean,GATA1,split2,T256A,0.9090909090909091,0.771750257433072
Gene-mean,GATA1,split2,T259A,0.691699604743083,0.7494209303285339
Gene-mean,GATA1,split2,"T263A,T264A",0.07114624505928857,0.4904384853037876
Gene-mean,GATA1,split2,T264A,0.2964426877470355,0.6634607857911867
Gene-mean,GATA1,split2,"T264A,T265A",0.5849802371541502,0.7249354654648481
Gene-mean,GATA1,split2,T265A,0.8893280632411067,0.7701940083530223
Gene-mean,GATA1,split2,"T265A,T266A",0.8260869565217391,0.7649967893469738
Gene-mean,GATA1,split2,T266A,0.6047430830039526,0.7375466460120199
Gene-mean,GATA1,split2,T267A,0.7549407114624506,0.7505607373480431
Gene-mean,GATA1,split2,T296A,0.18181818181818177,0.6526945865287676
Gene-mean,GATA1,split2,T324A,0.32015810276679846,0.6436982558909983
Gene-mean,GATA1,split2,T354A,0.7470355731225297,0.7565009740553355
Gene-mean,GATA1,split2,T360A,0.3754940711462451,0.6564792785426912
Gene-mean,GATA1,split2,T391A,0.18577075098814233,0.6240267445336899
Gene-mean,GATA1,split2,T402A,0.541501976284585,0.7081315730295508
Gene-mean,GATA1,split2,"T402A,T403A",0.9367588932806324,0.7846513156225328
Gene-mean,GATA1,split2,"T403A,S404G",0.8142292490118577,0.7660588136352751
Gene-mean,GATA1,split2,"T405A,T406A",0.4703557312252964,0.7146798901514263
Gene-mean,GATA1,split2,V250A,0.5098814229249011,0.7056981658811197
Gene-mean,GATA1,split2,"V278A,C279R",0.38735177865612647,0.6621287104384762
Gene-mean,GATA1,split2,V291A,0.7035573122529644,0.7536056800899535
Gene-mean,GATA1,split2,"V336A,V337A",0.2845849802371542,0.6287912939911768
Gene-mean,GATA1,split2,V349A,0.11067193675889331,0.5659844976652558
Gene-mean,GATA1,split2,V370A,0.7391304347826086,0.7481789388319521
Gene-mean,GATA1,split2,"V371A,L372P",0.7312252964426877,0.7459672945914387
Gene-mean,GATA1,split2,V407A,0.8577075098814229,0.7644294004094441
Gene-mean,GATA1,split2,"V407A,V408A",0.5217391304347826,0.7092198919297931
Gene-mean,GATA1,split2,V408A,0.23715415019762842,0.6342564504587647
Gene-mean,GATA1,split2,W215R,0.8972332015810277,0.7764674879192848
Gene-mean,GATA1,split2,W269R,0.5731225296442688,0.7236021351169796
Gene-mean,GATA1,split2,Y223C,0.9920948616600791,0.7930294758881864
Gene-mean,GATA1,split2,Y231C,0.2727272727272727,0.6350748794320509
Gene-mean,GATA1,split2,Y285C,0.06324110671936756,0.48808763179796477
Gene-mean,GATA1,split2,"Y285C,Y286C",0.015810276679841917,0.299614739086134
Gene-mean,GATA1,split2,"Y286C,K287E",0.4940711462450593,0.7083313408238683
Gene-mean,GATA1,split2,Y286H,0.11857707509881421,0.5494311382511704
Gene-mean,GATA1,split2,"Y364C,Q365R",0.37154150197628455,0.6982620545895208
Gene-mean,GATA1,split3,C204R,0.01976284584980237,0.36472996239991107
Gene-mean,GATA1,split3,"C204R,V205A",0.7707509881422925,0.7484926491813988
Gene-mean,GATA1,split3,C207R,0.0,0.27270638838100353
Gene-mean,GATA1,split3,C225R,0.9841897233201581,0.7974859632159229
Gene-mean,GATA1,split3,C228R,0.8221343873517787,0.7706204922458497
Gene-mean,GATA1,split3,C258R,0.2964426877470355,0.6568296453736421
Gene-mean,GATA1,split3,C261R,0.22134387351778662,0.603938480729944
Gene-mean,GATA1,split3,D276G,0.4624505928853755,0.6860968601842338
Gene-mean,GATA1,split3,H222R,0.43873517786561267,0.6806003137139186
Gene-mean,GATA1,split3,"H222R,Y223C",0.6561264822134387,0.7465737699838065
Gene-mean,GATA1,split3,"L214P,W215R",0.5098814229249011,0.7158970868116209
Gene-mean,GATA1,split3,L224P,0.03952569169960474,0.4860239354613492
Gene-mean,GATA1,split3,"L268P,W269R",0.9288537549407114,0.7777259172765972
Gene-mean,GATA1,split3,N206G,0.5019762845849802,0.724964697392082
Gene-mean,GATA1,split3,N272G,0.6363636363636364,0.7345645503221931
Gene-mean,GATA1,split3,R271G,0.20948616600790515,0.6391638786528223
Gene-mean,GATA1,split3,S274G,0.5454545454545454,0.7274527527836118
Gene-mean,GATA1,split3,T210A,0.6403162055335969,0.7294949564534372
Gene-mean,GATA1,split3,T212A,0.6996047430830039,0.7585096835106417
Gene-mean,GATA1,split3,T220A,0.2134387351778656,0.6086178860881195
Gene-mean,GATA1,split3,T259A,0.7272727272727273,0.7578280068659279
Gene-mean,GATA1,split3,"T263A,T264A",0.07114624505928857,0.5120915745912307
Gene-mean,GATA1,split3,T264A,0.27667984189723316,0.6505964287827473
Gene-mean,GATA1,split3,"T264A,T265A",0.6086956521739131,0.727148583297728
Gene-mean,GATA1,split3,T265A,0.8932806324110671,0.7707284856893749
Gene-mean,GATA1,split3,"T265A,T266A",0.8102766798418972,0.7682743127271779
Gene-mean,GATA1,split3,T266A,0.5533596837944664,0.7325731221591996
Gene-mean,GATA1,split3,T267A,0.8063241106719368,0.7597679654013559
Gene-mean,GATA1,split3,"V278A,C279R",0.38735177865612647,0.6702730375047387
Gene-mean,GATA1,split3,W215R,0.9486166007905138,0.7873731809882814
Gene-mean,GATA1,split3,W269R,0.6600790513833992,0.7433626282574474
Gene-mean,GATA1,split3,Y223C,0.9920948616600791,0.7963853443049862
Gene-mean,GATA1,split5,C346R,0.4189723320158103,0.6940095893197752
Gene-mean,GATA1,split5,E114G,0.24110671936758898,0.5970301359950004
Gene-mean,GATA1,split5,"E114G,D115G",0.20948616600790515,0.5835579967486062
Gene-mean,GATA1,split5,E134G,0.1462450592885376,0.569528510759507
Gene-mean,GATA1,split5,E13G,0.39920948616600793,0.6738886683291356
Gene-mean,GATA1,split5,F168P,0.36363636363636365,0.6494007075720624
Gene-mean,GATA1,split5,F172L,0.7470355731225297,0.7513841642084897
Gene-mean,GATA1,split5,"F172S,F173P",0.26086956521739135,0.6032268133787841
Gene-mean,GATA1,split5,"F33P,F34P",0.07114624505928857,0.42744180308332597
Gene-mean,GATA1,split5,F3L,0.055335968379446654,0.503790919347285
Gene-mean,GATA1,split5,H222R,0.4426877470355731,0.6827263475663414
Gene-mean,GATA1,split5,I249T,0.7786561264822134,0.7563498363928602
Gene-mean,GATA1,split5,I302V,0.24505928853754944,0.5787961002999782
Gene-mean,GATA1,split5,"K100G,T101A",0.13833992094861658,0.5591133686484607
Gene-mean,GATA1,split5,K245G,0.031620553359683834,0.3124944879054863
Gene-mean,GATA1,split5,K252R,0.17391304347826086,0.5454026156501752
Gene-mean,GATA1,split5,K287G,0.1027667984189723,0.6012546172921316
Gene-mean,GATA1,split5,K312G,0.03952569169960474,0.44760710519105934
Gene-mean,GATA1,split5,K312R,0.17786561264822132,0.5433292421584768
Gene-mean,GATA1,split5,"K314R,K315G",0.13043478260869568,0.5613622955677101
Gene-mean,GATA1,split5,L136S,0.04347826086956519,0.39102695531135484
Gene-mean,GATA1,split5,L141P,0.31225296442687744,0.6516933047976143
Gene-mean,GATA1,split5,L196P,0.4782608695652174,0.6964002386343875
Gene-mean,GATA1,split5,"L284P,Y285H",0.015810276679841917,0.206239159915292
Gene-mean,GATA1,split5,"L386P,L387P",0.4980237154150198,0.7086404784222019
Gene-mean,GATA1,split5,L80P,0.3241106719367589,0.6462954211600452
Gene-mean,GATA1,split5,M335T,0.25296442687747034,0.6157318112750672
Gene-mean,GATA1,split5,N160D,0.0513833992094862,0.47351492675897244
Gene-mean,GATA1,split5,"Q237R,N238G",0.3913043478260869,0.665979232344288
Gene-mean,GATA1,split5,S12P,0.11067193675889331,0.5266867918022944
Gene-mean,GATA1,split5,S142G,0.22529644268774707,0.6260292658459815
Gene-mean,GATA1,split5,S174P,0.09881422924901184,0.464324946639798
Gene-mean,GATA1,split5,S186P,0.19367588932806323,0.6412002372131274
Gene-mean,GATA1,split5,S36P,0.0,0.19969034536103059
Gene-mean,GATA1,split5,S46P,0.10671936758893286,0.5053072529645374
Gene-mean,GATA1,split5,T171A,0.1620553359683794,0.5496572493339087
Gene-mean,GATA1,split5,T220A,0.23320158102766797,0.6131444729260702
Gene-mean,GATA1,split5,V250A,0.5494071146245059,0.7129168137617229
Gene-mean,GATA1,split5,"V278A,C279R",0.4031620553359684,0.673310794170073
Gene-mean,GATA1,split5,"V32A,F33P",0.09090909090909094,0.49992860966191943
Gene-mean,GATA1,split5,"V336A,V337A",0.33596837944664026,0.6412159201944023
Gene-mean,GATA1,split5,Y285C,0.06324110671936756,0.4949912280146978
Gene-mean,GATA1,split5,"Y285C,Y286C",0.011857707509881465,0.3019419931796864
Gene-mean,GATA1,split5,Y286H,0.11462450592885376,0.5440403516919363
Gene-mean,GATA1,split5,Y69H,0.2964426877470355,0.628673609580498
Gene-mean,GATA1,split6,C199R,0.6363636363636364,0.7525543231823949
Gene-mean,GATA1,split6,C207R,0.0,0.2757334409045651
Gene-mean,GATA1,split6,C225R,0.9881422924901185,0.7981130087686396
Gene-mean,GATA1,split6,E114G,0.2490118577075099,0.6040205760033386
Gene-mean,GATA1,split6,E200G,0.4268774703557312,0.6779331286724605
Gene-mean,GATA1,split6,E328G,0.4347826086956522,0.7120215411628444
Gene-mean,GATA1,split6,E348G,0.9367588932806324,0.7806112105525473
Gene-mean,GATA1,split6,F172P,0.2845849802371542,0.6362571377385798
Gene-mean,GATA1,split6,H222R,0.44664031620553357,0.678966193593886
Gene-mean,GATA1,split6,"I249T,V250A",0.2134387351778656,0.6423251420586696
Gene-mean,GATA1,split6,I87T,0.08300395256916993,0.5342057211613088
Gene-mean,GATA1,split6,"K100G,T101A",0.13438735177865613,0.5606449903461928
Gene-mean,GATA1,split6,K137E,0.37944664031620556,0.7004446944567286
Gene-mean,GATA1,split6,K287G,0.10671936758893286,0.6047204194143277
Gene-mean,GATA1,split6,"K299R,D300G",0.83399209486166,0.7613713740176313
Gene-mean,GATA1,split6,K312R,0.17786561264822132,0.5437654545951675
Gene-mean,GATA1,split6,L146P,0.7154150197628458,0.751004495536404
Gene-mean,GATA1,split6,L190P,0.5612648221343873,0.7626099264161355
Gene-mean,GATA1,split6,L224P,0.03952569169960474,0.4861156393514036
Gene-mean,GATA1,split6,L355P,0.8221343873517787,0.7667794449980257
Gene-mean,GATA1,split6,L363P,0.2055335968379447,0.6629728596370545
Gene-mean,GATA1,split6,L387P,0.616600790513834,0.7285636725993433
Gene-mean,GATA1,split6,L6P,0.9446640316205533,0.7819810574556207
Gene-mean,GATA1,split6,M1V,0.6086956521739131,0.7445341383418055
Gene-mean,GATA1,split6,M335V,0.7549407114624506,0.7532469862411155
Gene-mean,GATA1,split6,"N238G,R239G",0.7430830039525691,0.7421349230744894
Gene-mean,GATA1,split6,Q257R,0.5494071146245059,0.727767993194039
Gene-mean,GATA1,split6,R271G,0.20948616600790515,0.6382988923211221
Gene-mean,GATA1,split6,S155P,0.4980237154150198,0.7223389135852923
Gene-mean,GATA1,split6,S161G,0.5256916996047432,0.7146050880264749
Gene-mean,GATA1,split6,S174P,0.09881422924901184,0.4753253183490352
Gene-mean,GATA1,split6,S178G,0.9960474308300395,0.7980486270830295
Gene-mean,GATA1,split6,S310P,0.766798418972332,0.7486538041576386
Gene-mean,GATA1,split6,S393P,0.8063241106719368,0.7629485794149419
Gene-mean,GATA1,split6,S72P,0.5770750988142292,0.72134435959846
Gene-mean,GATA1,split6,T256A,0.9130434782608696,0.7708570875053711
Gene-mean,GATA1,split6,T264A,0.27667984189723316,0.6495281042867003
Gene-mean,GATA1,split6,T324A,0.3241106719367589,0.6476331885856287
Gene-mean,GATA1,split6,T391A,0.19367588932806323,0.6286064289215549
Gene-mean,GATA1,split6,"V109A,C110R",0.2569169960474308,0.6310563307946289
Gene-mean,GATA1,split6,V158A,0.2924901185770751,0.6837167014341091
Gene-mean,GATA1,split6,V291A,0.7312252964426877,0.7616147561678087
Gene-mean,GATA1,split6,V32A,0.46640316205533594,0.7269193301610377
Gene-mean,GATA1,split6,"V32A,F33P",0.08695652173913049,0.4925780132108982
Gene-mean,GATA1,split6,"V336A,V337A",0.3399209486166008,0.6445268104645598
Gene-mean,GATA1,split6,"V371A,L372P",0.6679841897233201,0.738288479140644
Gene-mean,GATA1,split6,"Y185H,S186P",0.9486166007905138,0.7827511854561363
Gene-mean,GATA1,split6,Y285C,0.06324110671936756,0.5014165833174437
Gene-mean,GATA1,split6,Y62C,0.7707509881422925,0.7528574464548844
Gene-mean,GATA1,split6,Y62H,0.09486166007905139,0.5575728337821995
Gene-mean,GATA1,split6,Y78H,0.3675889328063241,0.6683871941915231
Gene-mean,GATA1,split6,Y93H,0.4940711462450593,0.7220015476723977
Gene-mean,JAK1,split1,E762K,0.43999999999999995,0.8584031683516121
Gene-mean,JAK1,split1,"G1068E,G1068R",0.76,0.9396785877206892
Gene-mean,JAK1,split1,"G887R,G887E",0.6,0.8967456313612381
Gene-mean,JAK1,split1,"P1118L,P1118S,P1121S",0.07999999999999996,0.08615882980848091
Gene-mean,JAK1,split1,Q387*,0.6799999999999999,0.904886183175412
Gene-mean,JAK1,split1,Q437*,0.28,0.8421514609177088
Gene-mean,JAK1,split1,Q572*,0.96,0.9613037197902391
Gene-mean,JAK1,split1,splice_64850911,0.4,0.855817775247034
Gene-mean,JAK1,split1,syn_N357,0.0,-0.1536656546955816
Gene-mean,JAK1,split2,D775N,0.6799999999999999,0.8960018312282194
Gene-mean,JAK1,split2,E1051K,0.88,0.9428222778792178
Gene-mean,JAK1,split2,"E706K,D707N",0.92,0.9490071823177171
Gene-mean,JAK1,split2,E762K,0.43999999999999995,0.8716671635725891
Gene-mean,JAK1,split2,"G1068E,G1068R",0.8,0.9346949555457554
Gene-mean,JAK1,split2,"G590E,G590R",0.56,0.8861566656802442
Gene-mean,JAK1,split2,"G887R,G887E",0.6,0.8876137241208579
Gene-mean,JAK1,split2,"P1118L,P1118S,P1121S",0.12,0.09212716527931675
Gene-mean,JAK1,split2,"P1121L,P1121S",0.24,0.19683895184892747
Gene-mean,JAK1,split2,P761S,0.76,0.926478467587861
Gene-mean,JAK1,split2,S1062F,0.84,0.9409295278319909
Gene-mean,JAK1,split2,T717I,0.0,-0.08248767396503039
Gene-mean,JAK1,split2,splice_64850911,0.28,0.8490254519531112
Gene-mean,JAK1,split3,D775N,0.36,-0.03201751041484501
Gene-mean,JAK1,split3,E1051K,0.19999999999999996,-0.04451004626172449
Gene-mean,JAK1,split3,E447K,0.07999999999999996,-0.054756393527299003
Gene-mean,JAK1,split3,E486K,0.64,0.022145023083138905
Gene-mean,JAK1,split3,"E706K,D707N",0.6,-0.007862709965356082
Gene-mean,JAK1,split3,E762K,0.0,-0.08505490357281266
Gene-mean,JAK1,split3,"G1068E,G1068R",0.28,-0.035925955435018184
Gene-mean,JAK1,split3,"G590E,G590R",0.16000000000000003,-0.05099698036144624
Gene-mean,JAK1,split3,"G887R,G887E",0.72,0.09008858870844177
Gene-mean,JAK1,split3,P761S,0.48,-0.017313839344363688
Gene-mean,JAK1,split3,Q387*,0.56,-0.01367076076194347
Gene-mean,JAK1,split3,Q437*,0.31999999999999995,-0.035595018607671114
Gene-mean,JAK1,split3,Q499*,0.52,-0.014513839913427503
Gene-mean,JAK1,split3,Q545*,0.4,-0.0296364815395975
Gene-mean,JAK1,split3,Q572*,0.24,-0.03654303262284928
Gene-mean,JAK1,split3,R108Q,0.6799999999999999,0.07491850496139962
Gene-mean,JAK1,split3,"R549Q,E550K",0.040000000000000036,-0.07134538019069386
Gene-mean,JAK1,split3,S1062F,0.43999999999999995,-0.028858248297828855
Gene-mean,JAK1,split3,T558I,0.76,0.2793224120857765
Gene-mean,JAK1,split3,splice_64850911,0.12,-0.05158993106373219
Gene-mean,JAK1,split5,D775N,0.6799999999999999,0.9108200076568002
Gene-mean,JAK1,split5,E486K,0.4,0.8566459943121363
Gene-mean,JAK1,split5,E762K,0.56,0.8769824500843939
Gene-mean,JAK1,split5,"G590E,G590R",0.6,0.9010350591478578
Gene-mean,JAK1,split5,L321F,0.12,0.06317944992447481
Gene-mean,JAK1,split5,"P1121L,P1121S",0.19999999999999996,0.15537376113539464
Gene-mean,JAK1,split5,P761S,0.76,0.9383921179820436
Gene-mean,JAK1,split5,Q387*,0.72,0.9120247106374577
Gene-mean,JAK1,split5,Q437*,0.43999999999999995,0.8589158633314034
Gene-mean,JAK1,split5,Q499*,0.36,0.8401368850582931
Gene-mean,JAK1,split5,Q545*,0.28,0.8206512009473143
Gene-mean,JAK1,split5,R108Q,0.31999999999999995,0.8246960877336359
Gene-mean,JAK1,split5,"R549Q,E550K",0.52,0.8729518884931896
Gene-mean,JAK1,split5,T717I,0.040000000000000036,-0.10063465534609446
Gene-mean,JAK1,split5,splice_64850911,0.48,0.8606235076244677
Gene-mean,JAK1,split5,syn_L158,0.07999999999999996,0.03869356426188575
Gene-mean,JAK1,split5,syn_N357,0.0,-0.13320305130737897
KNN-esm+theta,TP53,split1,A159P,0.7628865979381443,0.7480483271232659
KNN-esm+theta,TP53,split1,A159V,0.7525773195876289,0.7471947714950361
KNN-esm+theta,TP53,split1,C141Y,0.17525773195876293,0.7140677404985692
KNN-esm+theta,TP53,split1,C238Y,0.1030927835051546,0.7101582360110439
KNN-esm+theta,TP53,split1,G245V,0.5463917525773196,0.7375194553324341
KNN-esm+theta,TP53,split1,H179R,0.5567010309278351,0.7239958448937156
KNN-esm+theta,TP53,split1,P47S,0.7835051546391752,0.7427543874026032
KNN-esm+theta,TP53,split1,P58R,0.020618556701030966,0.6546156331514774
KNN-esm+theta,TP53,split1,Q5R,0.6082474226804124,0.7287582125044896
KNN-esm+theta,TP53,split1,R175H,0.5463917525773196,0.7170573892066875
KNN-esm+theta,TP53,split1,R273H,0.9690721649484536,0.770551784906278
KNN-esm+theta,TP53,split1,S241C,0.845360824742268,0.75960226309784
KNN-esm+theta,TP53,split1,S366A,0.35051546391752575,0.7218118097186917
KNN-esm+theta,TP53,split1,T312S,0.9175257731958762,0.7585843438837264
KNN-esm+theta,TP53,split1,V31I,0.45360824742268047,0.7302527922882878
KNN-esm+theta,TP53,split1,Y220C,0.3298969072164949,0.7246895673872742
KNN-esm+theta,TP53,split2,C238F,0.6597938144329897,0.7336241177853834
KNN-esm+theta,TP53,split2,C238Y,0.061855670103092786,0.689256895831974
KNN-esm+theta,TP53,split2,C242F,0.5051546391752577,0.7309013821208632
KNN-esm+theta,TP53,split2,C275F,0.061855670103092786,0.7102600953313627
KNN-esm+theta,TP53,split2,C275Y,0.010309278350515427,0.6822590991674623
KNN-esm+theta,TP53,split2,C277F,0.5979381443298969,0.7332002146886517
KNN-esm+theta,TP53,split2,E271K,0.3402061855670103,0.7114762175731247
KNN-esm+theta,TP53,split2,E285K,0.4948453608247423,0.7215462538652763
KNN-esm+theta,TP53,split2,E286K,0.9690721649484536,0.7458286792079274
KNN-esm+theta,TP53,split2,E339K,0.010309278350515427,0.6668065357016157
KNN-esm+theta,TP53,split2,G244C,0.5051546391752577,0.730568922219075
KNN-esm+theta,TP53,split2,G245C,0.5051546391752577,0.7293378228643925
KNN-esm+theta,TP53,split2,G245D,0.8762886597938144,0.7594192908887355
KNN-esm+theta,TP53,split2,G245S,0.6391752577319587,0.745189819907359
KNN-esm+theta,TP53,split2,G245V,0.5257731958762887,0.7335847395051059
KNN-esm+theta,TP53,split2,G266E,0.7731958762886598,0.7441069538963427
KNN-esm+theta,TP53,split2,G266R,0.31958762886597936,0.6954775165854039
KNN-esm+theta,TP53,split2,G266V,0.45360824742268047,0.7439099664875759
KNN-esm+theta,TP53,split2,G360V,0.9690721649484536,0.7703600085239466
KNN-esm+theta,TP53,split2,L344L,0.9690721649484536,0.7706259583072563
KNN-esm+theta,TP53,split2,M237I,0.5979381443298969,0.7386387159897643
KNN-esm+theta,TP53,split2,M246V,0.2989690721649485,0.7212976857117493
KNN-esm+theta,TP53,split2,P222P,0.030927835051546393,0.6844201928906101
KNN-esm+theta,TP53,split2,P250L,0.9381443298969072,0.7563615124140318
KNN-esm+theta,TP53,split2,P278L,0.4226804123711341,0.7119606085335014
KNN-esm+theta,TP53,split2,P278S,0.35051546391752575,0.7202102318906559
KNN-esm+theta,TP53,split2,P295P,0.8247422680412371,0.7428089226571797
KNN-esm+theta,TP53,split2,P301P,0.20618556701030932,0.7016479746682487
KNN-esm+theta,TP53,split2,P359P,0.5876288659793815,0.7313564801425047
KNN-esm+theta,TP53,split2,R248L,0.08247422680412375,0.7040778797745436
KNN-esm+theta,TP53,split2,R248W,0.9072164948453608,0.7520268064464396
KNN-esm+theta,TP53,split2,R249M,0.4020618556701031,0.7248551137506494
KNN-esm+theta,TP53,split2,R249S,0.15463917525773196,0.7107593993630033
KNN-esm+theta,TP53,split2,R273C,0.23711340206185572,0.7170075828497707
KNN-esm+theta,TP53,split2,R273H,0.9587628865979382,0.7560766721333032
KNN-esm+theta,TP53,split2,R273L,0.3298969072164949,0.7255522364315288
KNN-esm+theta,TP53,split2,R280K,0.5360824742268041,0.7279171425126851
KNN-esm+theta,TP53,split2,R280T,0.6494845360824743,0.7364810991536002
KNN-esm+theta,TP53,split2,R282W,0.11340206185567014,0.705222840926956
KNN-esm+theta,TP53,split2,R337C,0.11340206185567014,0.7152110085190991
KNN-esm+theta,TP53,split2,R337L,0.12371134020618557,0.7161402721310716
KNN-esm+theta,TP53,split2,S241C,0.7628865979381443,0.7462847474616913
KNN-esm+theta,TP53,split2,S241F,0.8247422680412371,0.7473961486594781
KNN-esm+theta,TP53,split2,S366A,0.5463917525773196,0.7325554553123275
KNN-esm+theta,TP53,split2,T312S,0.9587628865979382,0.7633882686384452
KNN-esm+theta,TP53,split2,V272L,0.5670103092783505,0.7465810725417698
KNN-esm+theta,TP53,split2,V272M,0.3402061855670103,0.7144862050178685
KNN-esm+theta,TP53,split2,Y234C,0.7835051546391752,0.7418491402010465
KNN-esm+theta,TP53,split2,Y236C,0.6082474226804124,0.7362083872158701
KNN-esm+theta,TP53,split3,G245C,0.5876288659793815,0.727969959971547
KNN-esm+theta,TP53,split3,G245D,0.7938144329896908,0.7509040741432471
KNN-esm+theta,TP53,split3,G245S,0.5670103092783505,0.7285236042951208
KNN-esm+theta,TP53,split3,G245V,0.4742268041237113,0.7245967245768077
KNN-esm+theta,TP53,split3,R175H,0.5154639175257731,0.7331244489553105
KNN-esm+theta,TP53,split3,R249M,0.19587628865979378,0.7041785052708293
KNN-esm+theta,TP53,split3,R249S,0.11340206185567014,0.6968372576317052
KNN-esm+theta,TP53,split3,R282W,0.05154639175257736,0.6852748450544945
KNN-esm+theta,TP53,split3,Y220C,0.5257731958762887,0.7248470398701837
KNN-esm+theta,TP53,split6,A159P,0.7628865979381443,0.7480483271232659
KNN-esm+theta,TP53,split6,A159V,0.7525773195876289,0.7471947714950361
KNN-esm+theta,TP53,split6,C141Y,0.17525773195876293,0.7140677404985692
KNN-esm+theta,TP53,split6,C238Y,0.1030927835051546,0.7101582360110439
KNN-esm+theta,TP53,split6,G245V,0.5463917525773196,0.7375194553324341
KNN-esm+theta,TP53,split6,H179R,0.5567010309278351,0.7239958448937156
KNN-esm+theta,TP53,split6,R175H,0.5463917525773196,0.7170573892066875
KNN-esm+theta,TP53,split6,R273H,0.9690721649484536,0.770551784906278
KNN-esm+theta,TP53,split6,S241C,0.845360824742268,0.75960226309784
KNN-esm+theta,TP53,split6,Y220C,0.3298969072164949,0.7246895673872742
KNN-esm+theta,KRAS,split1,A146T,0.9230769230769231,0.6776298049985775
KNN-esm+theta,KRAS,split1,A146V,0.8461538461538461,0.6555943611034437
KNN-esm+theta,KRAS,split1,G12C,0.5164835164835164,0.6363952353532867
KNN-esm+theta,KRAS,split1,G12D,0.4285714285714286,0.6218755033510712
KNN-esm+theta,KRAS,split1,G12R,0.39560439560439564,0.6335465804095057
KNN-esm+theta,KRAS,split1,G12V,0.25274725274725274,0.6013432843330889
KNN-esm+theta,KRAS,split1,Q61H,0.9120879120879121,0.6620535835528739
KNN-esm+theta,KRAS,split1,Q61L,0.4505494505494505,0.6228901937627869
KNN-esm+theta,KRAS,split2,A130V,0.9230769230769231,0.6728312242168218
KNN-esm+theta,KRAS,split2,A146P,0.41758241758241754,0.6316581425136226
KNN-esm+theta,KRAS,split2,A146T,0.8571428571428572,0.6658580747914217
KNN-esm+theta,KRAS,split2,A146V,0.945054945054945,0.6678281152486665
KNN-esm+theta,KRAS,split2,A155G,0.06593406593406592,0.5711195547537308
KNN-esm+theta,KRAS,split2,A66A,0.2417582417582418,0.6290889604968494
KNN-esm+theta,KRAS,split2,C118S,0.8131868131868132,0.6589200264413623
KNN-esm+theta,KRAS,split2,D119G,0.07692307692307687,0.6189946418649235
KNN-esm+theta,KRAS,split2,D173D,0.04395604395604391,0.6127001461403421
KNN-esm+theta,KRAS,split2,E63K,0.7582417582417582,0.6477980459764638
KNN-esm+theta,KRAS,split2,F141L,0.39560439560439564,0.6412646385063201
KNN-esm+theta,KRAS,split2,G75A,0.13186813186813184,0.6127658167342445
KNN-esm+theta,KRAS,split2,G77A,0.2857142857142857,0.6166069351700522
KNN-esm+theta,KRAS,split2,I163S,0.7472527472527473,0.6518054233347149
KNN-esm+theta,KRAS,split2,K117N,0.7252747252747253,0.641194120854314
KNN-esm+theta,KRAS,split2,K117R,0.7142857142857143,0.641551550678353
KNN-esm+theta,KRAS,split2,K147N,0.48351648351648346,0.6285196130351686
KNN-esm+theta,KRAS,split2,K147T,0.05494505494505497,0.6068015870165022
KNN-esm+theta,KRAS,split2,K169K,0.9120879120879121,0.6671948337313297
KNN-esm+theta,KRAS,split2,K176Q,0.4285714285714286,0.6218812708571729
KNN-esm+theta,KRAS,split2,K178K,0.5604395604395604,0.6452264270670174
KNN-esm+theta,KRAS,split2,K88K,0.2637362637362637,0.6261144840658288
KNN-esm+theta,KRAS,split2,L159S,0.5384615384615384,0.6211359983939879
KNN-esm+theta,KRAS,split2,L79I,0.5054945054945055,0.6362306786560203
KNN-esm+theta,KRAS,split2,M111L,0.08791208791208793,0.6024245031341553
KNN-esm+theta,KRAS,split2,P110S,0.48351648351648346,0.6455369951792769
KNN-esm+theta,KRAS,split2,Q99E,0.5604395604395604,0.6285489234340703
KNN-esm+theta,KRAS,split2,R135T,0.7692307692307692,0.6455268441047108
KNN-esm+theta,KRAS,split2,R149K,0.6703296703296704,0.649674214979631
KNN-esm+theta,KRAS,split2,R164Q,0.6043956043956045,0.6355088215960195
KNN-esm+theta,KRAS,split2,R68S,0.31868131868131866,0.6182728724734539
KNN-esm+theta,KRAS,split2,S136N,0.7472527472527473,0.6370541060522242
KNN-esm+theta,KRAS,split2,T127T,0.1208791208791209,0.6028094296637763
KNN-esm+theta,KRAS,split2,T144P,0.10989010989010994,0.5966819899908177
KNN-esm+theta,KRAS,split2,T144T,0.3076923076923077,0.6400899621969549
KNN-esm+theta,KRAS,split2,T158A,0.37362637362637363,0.6410798434603073
KNN-esm+theta,KRAS,split2,T158T,0.19780219780219777,0.6248042874022554
KNN-esm+theta,KRAS,split2,T74A,0.945054945054945,0.6796102624996823
KNN-esm+theta,KRAS,split2,T74T,0.18681318681318682,0.6118083771119814
KNN-esm+theta,KRAS,split2,V112I,0.7692307692307692,0.6505655388075486
KNN-esm+theta,KRAS,split2,Y166H,0.9340659340659341,0.6702574442774719
KNN-esm+theta,KRAS,split3,A146P,0.6923076923076923,0.6450406343390254
KNN-esm+theta,KRAS,split3,A146T,0.6043956043956045,0.6406564663774577
KNN-esm+theta,KRAS,split3,A146V,0.945054945054945,0.6678281152486665
KNN-esm+theta,KRAS,split3,G12A,0.3516483516483516,0.6148700288874385
KNN-esm+theta,KRAS,split3,G12C,0.39560439560439564,0.6161603484452185
KNN-esm+theta,KRAS,split3,G12S,0.7802197802197802,0.6517785548513749
KNN-esm+theta,KRAS,split3,G13C,0.7582417582417582,0.6531012582562533
KNN-esm+theta,KRAS,split3,K117R,0.7802197802197802,0.6456096215314816
KNN-esm+theta,KRAS,split3,Q61H,0.9560439560439561,0.6745438383714315
KNN-esm+theta,KRAS,split3,Q61P,0.02197802197802201,0.5837968314608363
KNN-esm+theta,KRAS,split6,A146T,0.9230769230769231,0.6776298049985775
KNN-esm+theta,KRAS,split6,A146V,0.8461538461538461,0.6555943611034437
KNN-esm+theta,KRAS,split6,G12C,0.5164835164835164,0.6363952353532867
KNN-esm+theta,KRAS,split6,G12D,0.4285714285714286,0.6218755033510712
KNN-esm+theta,KRAS,split6,G12R,0.39560439560439564,0.6335465804095057
KNN-esm+theta,KRAS,split6,G12V,0.25274725274725274,0.6013432843330889
KNN-esm+theta,KRAS,split6,Q61H,0.9120879120879121,0.6620535835528739
KNN-esm+theta,KRAS,split6,Q61L,0.4505494505494505,0.6228901937627869
KNN-esm+theta,GATA1,split1,C199R,0.6561264822134387,0.5901129926807049
KNN-esm+theta,GATA1,split1,C207R,0.41501976284584985,0.5399999767623966
KNN-esm+theta,GATA1,split1,C225R,0.18577075098814233,0.4771114528470202
KNN-esm+theta,GATA1,split1,E114G,0.2134387351778656,0.5226220498938122
KNN-esm+theta,GATA1,split1,E200G,0.43083003952569165,0.589021565311833
KNN-esm+theta,GATA1,split1,E328G,0.4624505928853755,0.6326789458212951
KNN-esm+theta,GATA1,split1,E348G,0.841897233201581,0.6814397351381601
KNN-esm+theta,GATA1,split1,F172P,0.2569169960474308,0.4422698536481968
KNN-esm+theta,GATA1,split1,H222R,0.3438735177865613,0.5696271889343708
KNN-esm+theta,GATA1,split1,"I249T,V250A",0.32806324110671936,0.6023764727791963
KNN-esm+theta,GATA1,split1,I87T,0.09486166007905139,0.4662594073010148
KNN-esm+theta,GATA1,split1,"K100G,T101A",0.4940711462450593,0.4529611981809757
KNN-esm+theta,GATA1,split1,K137E,0.3952569169960475,0.6296016408745758
KNN-esm+theta,GATA1,split1,K287G,0.35573122529644263,0.4899487024051979
KNN-esm+theta,GATA1,split1,"K299R,D300G",0.8853754940711462,0.6808274528387488
KNN-esm+theta,GATA1,split1,K312R,0.6324110671936759,0.4311292139228738
KNN-esm+theta,GATA1,split1,L146P,0.9644268774703557,0.6865004329713765
KNN-esm+theta,GATA1,split1,L190P,0.4545454545454546,0.6341172194495742
KNN-esm+theta,GATA1,split1,L224P,0.02766798418972327,0.2677431915305992
KNN-esm+theta,GATA1,split1,L355P,0.9169960474308301,0.7108595139444822
KNN-esm+theta,GATA1,split1,L363P,0.1620553359683794,0.5236467828532408
KNN-esm+theta,GATA1,split1,L387P,0.09881422924901184,0.4427431464890181
KNN-esm+theta,GATA1,split1,L6P,0.7786561264822134,0.6886516511732275
KNN-esm+theta,GATA1,split1,M1V,0.9169960474308301,0.6367298225174164
KNN-esm+theta,GATA1,split1,M335V,0.9090909090909091,0.6812551553856888
KNN-esm+theta,GATA1,split1,"N238G,R239G",0.7509881422924901,0.6854862548470003
KNN-esm+theta,GATA1,split1,Q257R,0.5691699604743083,0.6383360731252483
KNN-esm+theta,GATA1,split1,R271G,0.2055335968379447,0.5616914226494518
KNN-esm+theta,GATA1,split1,S155P,0.6047430830039526,0.6804410270719721
KNN-esm+theta,GATA1,split1,S161G,0.6126482213438735,0.658001756610688
KNN-esm+theta,GATA1,split1,S174P,0.2490118577075099,0.37215597179077264
KNN-esm+theta,GATA1,split1,S178G,0.8458498023715415,0.64387536040548
KNN-esm+theta,GATA1,split1,S310P,0.7114624505928854,0.6633518890859584
KNN-esm+theta,GATA1,split1,S393P,0.7430830039525691,0.6908477596225061
KNN-esm+theta,GATA1,split1,S72P,0.5217391304347826,0.6243012340092784
KNN-esm+theta,GATA1,split1,T256A,0.8458498023715415,0.6793414918590739
KNN-esm+theta,GATA1,split1,T264A,0.2885375494071146,0.5775963213470744
KNN-esm+theta,GATA1,split1,T324A,0.46640316205533594,0.6091736681712682
KNN-esm+theta,GATA1,split1,T391A,0.23320158102766797,0.5697160132837547
KNN-esm+theta,GATA1,split1,"V109A,C110R",0.30434782608695654,0.5660889782521653
KNN-esm+theta,GATA1,split1,V158A,0.2924901185770751,0.5998982478985214
KNN-esm+theta,GATA1,split1,V291A,0.9209486166007905,0.7539494679873596
KNN-esm+theta,GATA1,split1,V32A,0.7272727272727273,0.6859267336288126
KNN-esm+theta,GATA1,split1,"V32A,F33P",0.09090909090909094,0.357427204940358
KNN-esm+theta,GATA1,split1,"V336A,V337A",0.49011857707509876,0.5938427384081637
KNN-esm+theta,GATA1,split1,"V371A,L372P",0.3003952569169961,0.49145293876805113
KNN-esm+theta,GATA1,split1,"Y185H,S186P",0.6798418972332017,0.6285397806437872
KNN-esm+theta,GATA1,split1,Y285C,0.8814229249011858,0.4796912135817767
KNN-esm+theta,GATA1,split1,Y62C,0.2964426877470355,0.34078365269805405
KNN-esm+theta,GATA1,split1,Y62H,0.07114624505928857,0.43160380150963196
KNN-esm+theta,GATA1,split1,Y78H,0.27667984189723316,0.5517870325284584
KNN-esm+theta,GATA1,split1,Y93H,0.5573122529644269,0.6665896431334382
KNN-esm+theta,GATA1,split2,C204R,0.01976284584980237,0.3022362707446953
KNN-esm+theta,GATA1,split2,"C204R,V205A",0.6837944664031621,0.6323639226399481
KNN-esm+theta,GATA1,split2,C207R,0.007905138339920903,0.25455638711606016
KNN-esm+theta,GATA1,split2,C225R,0.9367588932806324,0.7090445325386889
KNN-esm+theta,GATA1,split2,C228R,0.7233201581027668,0.6596921908431355
KNN-esm+theta,GATA1,split2,C258R,0.32015810276679846,0.5653853376900008
KNN-esm+theta,GATA1,split2,C261R,0.17391304347826086,0.48823939351685586
KNN-esm+theta,GATA1,split2,C346R,0.383399209486166,0.5813285591925872
KNN-esm+theta,GATA1,split2,D276G,0.7470355731225297,0.637574303263106
KNN-esm+theta,GATA1,split2,E328G,0.26086956521739135,0.5264086735534839
KNN-esm+theta,GATA1,split2,E348G,0.9011857707509882,0.6892922034299878
KNN-esm+theta,GATA1,split2,F382S,0.8932806324110671,0.6658912182124153
KNN-esm+theta,GATA1,split2,F394P,0.7747035573122529,0.6483761094802049
KNN-esm+theta,GATA1,split2,H222R,0.3952569169960475,0.5699992936013308
KNN-esm+theta,GATA1,split2,"H222R,Y223C",0.616600790513834,0.6705228215989806
KNN-esm+theta,GATA1,split2,"H232R,K233E",0.1541501976284585,0.48276748074117415
KNN-esm+theta,GATA1,split2,H289R,0.9723320158102767,0.6706833863620467
KNN-esm+theta,GATA1,split2,H362R,0.5177865612648221,0.6251041775794056
KNN-esm+theta,GATA1,split2,H378R,0.26086956521739135,0.585896264952604
KNN-esm+theta,GATA1,split2,I242T,0.011857707509881465,0.2843960392615239
KNN-esm+theta,GATA1,split2,I242V,0.37944664031620556,0.6339677482546605
KNN-esm+theta,GATA1,split2,I249T,0.22529644268774707,0.5241165192393802
KNN-esm+theta,GATA1,split2,"I249T,V250A",0.541501976284585,0.6048722213777113
KNN-esm+theta,GATA1,split2,I249V,0.6284584980237153,0.6746824609171608
KNN-esm+theta,GATA1,split2,I302T,0.09486166007905139,0.38259044448900553
KNN-esm+theta,GATA1,split2,I302V,0.34782608695652173,0.5274985501116279
KNN-esm+theta,GATA1,split2,"K233R,M234V",0.5138339920948616,0.651126098570367
KNN-esm+theta,GATA1,split2,K245G,0.07114624505928857,0.3677058456753619
KNN-esm+theta,GATA1,split2,K252G,0.17391304347826086,0.4633129621694763
KNN-esm+theta,GATA1,split2,K252R,0.6956521739130435,0.4800319138986677
KNN-esm+theta,GATA1,split2,K287G,0.6996047430830039,0.5287808388240134
KNN-esm+theta,GATA1,split2,K299E,0.37154150197628455,0.5457908292414182
KNN-esm+theta,GATA1,split2,"K299R,D300G",0.8735177865612649,0.6995661652423458
KNN-esm+theta,GATA1,split2,K308G,0.7272727272727273,0.5665437218805891
KNN-esm+theta,GATA1,split2,K312G,0.4940711462450593,0.49324571230097475
KNN-esm+theta,GATA1,split2,K312R,0.5533596837944664,0.44545281355833183
KNN-esm+theta,GATA1,split2,"K314R,K315G",0.43873517786561267,0.49108575770980706
KNN-esm+theta,GATA1,split2,K316G,0.14229249011857703,0.47168998922943806
KNN-esm+theta,GATA1,split2,K316R,0.3320158102766798,0.5596683775545217
KNN-esm+theta,GATA1,split2,"L214P,W215R",0.4426877470355731,0.5576410010723875
KNN-esm+theta,GATA1,split2,L224P,0.07509881422924902,0.4658223822539214
KNN-esm+theta,GATA1,split2,"L230P,Y231H",0.39920948616600793,0.5943065903181222
KNN-esm+theta,GATA1,split2,L248P,0.7984189723320159,0.6684162273000406
KNN-esm+theta,GATA1,split2,"L268P,W269R",0.4703557312252964,0.5610338769360055
KNN-esm+theta,GATA1,split2,"L284P,Y285H",0.015810276679841917,0.06636034233395496
KNN-esm+theta,GATA1,split2,L288P,0.8300395256916996,0.6901584806851706
KNN-esm+theta,GATA1,split2,L295P,0.383399209486166,0.5577299032454257
KNN-esm+theta,GATA1,split2,L355P,0.7075098814229249,0.6824953205731993
KNN-esm+theta,GATA1,split2,L363P,0.20948616600790515,0.5599771869796615
KNN-esm+theta,GATA1,split2,"L363P,Y364H",0.41501976284584985,0.6201879068399108
KNN-esm+theta,GATA1,split2,L367P,0.616600790513834,0.6878611945668369
KNN-esm+theta,GATA1,split2,"L372P,S373P",0.43083003952569165,0.6394406651151652
KNN-esm+theta,GATA1,split2,L379P,0.5810276679841897,0.6456958586179933
KNN-esm+theta,GATA1,split2,L386P,0.4782608695652174,0.5460157661330778
KNN-esm+theta,GATA1,split2,"L386P,L387P",0.5968379446640316,0.6386494067635373
KNN-esm+theta,GATA1,split2,L387P,0.19367588932806323,0.4857874671801971
KNN-esm+theta,GATA1,split2,L411P,0.9802371541501976,0.7089861458898372
KNN-esm+theta,GATA1,split2,M234T,0.8260869565217391,0.7058282274467365
KNN-esm+theta,GATA1,split2,"M234V,N235D",0.35573122529644263,0.5816974874632934
KNN-esm+theta,GATA1,split2,M297T,0.2490118577075099,0.5471518110565035
KNN-esm+theta,GATA1,split2,M335T,0.2964426877470355,0.5148467919390393
KNN-esm+theta,GATA1,split2,"M335T,V336A",0.541501976284585,0.6192743881574067
KNN-esm+theta,GATA1,split2,M335V,0.8260869565217391,0.655049403510903
KNN-esm+theta,GATA1,split2,M380T,0.6482213438735178,0.6762275818013151
KNN-esm+theta,GATA1,split2,M399T,0.6284584980237153,0.6619230143897249
KNN-esm+theta,GATA1,split2,M399V,0.7707509881422925,0.6063317353975791
KNN-esm+theta,GATA1,split2,N206G,0.450592885375494,0.6247428463687694
KNN-esm+theta,GATA1,split2,"N238G,R239G",0.5098814229249011,0.5807515417734461
KNN-esm+theta,GATA1,split2,N272G,0.46640316205533594,0.5992385539352426
KNN-esm+theta,GATA1,split2,N292G,0.11067193675889331,0.36603062802586883
KNN-esm+theta,GATA1,split2,N292S,0.9723320158102767,0.690321918928301
KNN-esm+theta,GATA1,split2,N306G,0.5454545454545454,0.6678818094557288
KNN-esm+theta,GATA1,split2,N345D,0.8577075098814229,0.631793061724171
KNN-esm+theta,GATA1,split2,N345G,0.9011857707509882,0.7386066302924645
KNN-esm+theta,GATA1,split2,"Q237R,N238G",0.6482213438735178,0.6252024446757716
KNN-esm+theta,GATA1,split2,Q257R,0.541501976284585,0.6106185821492419
KNN-esm+theta,GATA1,split2,"Q303R,T304A",0.4624505928853755,0.6311519665690467
KNN-esm+theta,GATA1,split2,Q365R,0.9604743083003953,0.6673409312028202
KNN-esm+theta,GATA1,split2,R271G,0.7747035573122529,0.5430693694439886
KNN-esm+theta,GATA1,split2,S274G,0.616600790513834,0.6213133746208512
KNN-esm+theta,GATA1,split2,S310P,0.7114624505928854,0.6633518890859584
KNN-esm+theta,GATA1,split2,S320G,0.3241106719367589,0.5791823146751899
KNN-esm+theta,GATA1,split2,S341G,0.7272727272727273,0.6557146461679385
KNN-esm+theta,GATA1,split2,S343G,0.7628458498023716,0.6655024545765462
KNN-esm+theta,GATA1,split2,S389P,0.924901185770751,0.7400313776403372
KNN-esm+theta,GATA1,split2,S393P,0.7430830039525691,0.6885274793922409
KNN-esm+theta,GATA1,split2,S412G,0.12252964426877466,0.5207649519550354
KNN-esm+theta,GATA1,split2,T210A,0.5296442687747036,0.6196048738095957
KNN-esm+theta,GATA1,split2,T212A,0.6758893280632411,0.6663641559636982
KNN-esm+theta,GATA1,split2,T220A,0.26086956521739135,0.5177558495453227
KNN-esm+theta,GATA1,split2,T256A,0.9328063241106719,0.6984872996998508
KNN-esm+theta,GATA1,split2,T259A,0.9011857707509882,0.6768463941488762
KNN-esm+theta,GATA1,split2,"T263A,T264A",0.07509881422924902,0.41356210668524107
KNN-esm+theta,GATA1,split2,T264A,0.3320158102766798,0.5904379068967232
KNN-esm+theta,GATA1,split2,"T264A,T265A",0.5928853754940712,0.6102796444482973
KNN-esm+theta,GATA1,split2,T265A,0.9802371541501976,0.7152736795677171
KNN-esm+theta,GATA1,split2,"T265A,T266A",0.8023715415019763,0.6347339604659227
KNN-esm+theta,GATA1,split2,T266A,0.616600790513834,0.6554103066532472
KNN-esm+theta,GATA1,split2,T267A,0.4347826086956522,0.5983683392180525
KNN-esm+theta,GATA1,split2,T296A,0.3162055335968379,0.5829989053657604
KNN-esm+theta,GATA1,split2,T324A,0.2964426877470355,0.5551538853765431
KNN-esm+theta,GATA1,split2,T354A,0.9565217391304348,0.6552904557969798
KNN-esm+theta,GATA1,split2,T360A,0.40711462450592883,0.5776224280842692
KNN-esm+theta,GATA1,split2,T391A,0.2055335968379447,0.5585012391413161
KNN-esm+theta,GATA1,split2,T402A,0.5256916996047432,0.6174103718498287
KNN-esm+theta,GATA1,split2,"T402A,T403A",0.7984189723320159,0.6148499705039885
KNN-esm+theta,GATA1,split2,"T403A,S404G",0.7944664031620553,0.6343146318611482
KNN-esm+theta,GATA1,split2,"T405A,T406A",0.9011857707509882,0.6312651957959761
KNN-esm+theta,GATA1,split2,V250A,0.5810276679841897,0.597596820372889
KNN-esm+theta,GATA1,split2,"V278A,C279R",0.3913043478260869,0.5802373324943051
KNN-esm+theta,GATA1,split2,V291A,0.7430830039525691,0.6545707728608944
KNN-esm+theta,GATA1,split2,"V336A,V337A",0.32806324110671936,0.542163490950881
KNN-esm+theta,GATA1,split2,V349A,0.11067193675889331,0.4521372063100145
KNN-esm+theta,GATA1,split2,V370A,0.5573122529644269,0.6354682211541552
KNN-esm+theta,GATA1,split2,"V371A,L372P",0.2964426877470355,0.4363198965861094
KNN-esm+theta,GATA1,split2,V407A,0.9525691699604744,0.7736304944833075
KNN-esm+theta,GATA1,split2,"V407A,V408A",0.4347826086956522,0.6020393613893323
KNN-esm+theta,GATA1,split2,V408A,0.2924901185770751,0.5609608611919255
KNN-esm+theta,GATA1,split2,W215R,0.7154150197628458,0.6336116756012303
KNN-esm+theta,GATA1,split2,W269R,0.5889328063241106,0.6074398768240787
KNN-esm+theta,GATA1,split2,Y223C,0.9090909090909091,0.7383213420954288
KNN-esm+theta,GATA1,split2,Y231C,0.2806324110671937,0.5163691913415146
KNN-esm+theta,GATA1,split2,Y285C,0.1541501976284585,0.487236799614727
KNN-esm+theta,GATA1,split2,"Y285C,Y286C",0.04743083003952564,0.43392187839915936
KNN-esm+theta,GATA1,split2,"Y286C,K287E",0.5731225296442688,0.5370627194411247
KNN-esm+theta,GATA1,split2,Y286H,0.1462450592885376,0.443301887349897
KNN-esm+theta,GATA1,split2,"Y364C,Q365R",0.2845849802371542,0.6030604948782706
KNN-esm+theta,GATA1,split3,C204R,0.01976284584980237,0.20554209008619567
KNN-esm+theta,GATA1,split3,"C204R,V205A",0.9130434782608696,0.6617707122518053
KNN-esm+theta,GATA1,split3,C207R,0.0,0.1231999850705091
KNN-esm+theta,GATA1,split3,C225R,0.9209486166007905,0.73552036593549
KNN-esm+theta,GATA1,split3,C228R,0.7075098814229249,0.6788184126278547
KNN-esm+theta,GATA1,split3,C258R,0.25296442687747034,0.5266131475081606
KNN-esm+theta,GATA1,split3,C261R,0.1541501976284585,0.4421838267662004
KNN-esm+theta,GATA1,split3,D276G,0.7747035573122529,0.6327377320011186
KNN-esm+theta,GATA1,split3,H222R,0.5019762845849802,0.6241419868274348
KNN-esm+theta,GATA1,split3,"H222R,Y223C",0.5494071146245059,0.6383660629223263
KNN-esm+theta,GATA1,split3,"L214P,W215R",0.841897233201581,0.6877129686956442
KNN-esm+theta,GATA1,split3,L224P,0.02766798418972327,0.2677431915305992
KNN-esm+theta,GATA1,split3,"L268P,W269R",0.9644268774703557,0.7497143385188433
KNN-esm+theta,GATA1,split3,N206G,0.4268774703557312,0.6353936748907347
KNN-esm+theta,GATA1,split3,N272G,0.6600790513833992,0.6681468612177959
KNN-esm+theta,GATA1,split3,R271G,0.2055335968379447,0.5616914226494518
KNN-esm+theta,GATA1,split3,S274G,0.4110671936758893,0.566206908986194
KNN-esm+theta,GATA1,split3,T210A,0.7312252964426877,0.6777182797575046
KNN-esm+theta,GATA1,split3,T212A,0.8656126482213439,0.7019988862580474
KNN-esm+theta,GATA1,split3,T220A,0.5375494071146245,0.6207283517276903
KNN-esm+theta,GATA1,split3,T259A,0.5612648221343873,0.6366764149599468
KNN-esm+theta,GATA1,split3,"T263A,T264A",0.04743083003952564,0.2601232335825311
KNN-esm+theta,GATA1,split3,T264A,0.36363636363636365,0.6054222135853444
KNN-esm+theta,GATA1,split3,"T264A,T265A",0.9881422924901185,0.7193866462770238
KNN-esm+theta,GATA1,split3,T265A,0.6798418972332017,0.6055308256195414
KNN-esm+theta,GATA1,split3,"T265A,T266A",0.8537549407114624,0.6913018366973412
KNN-esm+theta,GATA1,split3,T266A,0.841897233201581,0.6949038719530145
KNN-esm+theta,GATA1,split3,T267A,0.7509881422924901,0.6685957787650074
KNN-esm+theta,GATA1,split3,"V278A,C279R",0.5612648221343873,0.5985447482808254
KNN-esm+theta,GATA1,split3,W215R,0.6798418972332017,0.6452454840837876
KNN-esm+theta,GATA1,split3,W269R,0.6679841897233201,0.6331161005616777
KNN-esm+theta,GATA1,split3,Y223C,0.8656126482213439,0.7379261448858899
KNN-esm+theta,GATA1,split5,C346R,0.30434782608695654,0.5345338672961681
KNN-esm+theta,GATA1,split5,E114G,0.2885375494071146,0.543734782970906
KNN-esm+theta,GATA1,split5,"E114G,D115G",0.23320158102766797,0.49863932992399396
KNN-esm+theta,GATA1,split5,E134G,0.1027667984189723,0.4372665986244206
KNN-esm+theta,GATA1,split5,E13G,0.47430830039525695,0.6170245345534151
KNN-esm+theta,GATA1,split5,F168P,0.6205533596837944,0.6142135800491266
KNN-esm+theta,GATA1,split5,F172L,0.9525691699604744,0.7504711300106692
KNN-esm+theta,GATA1,split5,"F172S,F173P",0.5573122529644269,0.6126547558515895
KNN-esm+theta,GATA1,split5,"F33P,F34P",0.13043478260869568,0.3205467420193167
KNN-esm+theta,GATA1,split5,F3L,0.06324110671936756,0.42309040730011355
KNN-esm+theta,GATA1,split5,H222R,0.5019762845849802,0.6241419868274348
KNN-esm+theta,GATA1,split5,I249T,0.40711462450592883,0.5454806985328647
KNN-esm+theta,GATA1,split5,I302V,0.04743083003952564,0.35605502214593104
KNN-esm+theta,GATA1,split5,"K100G,T101A",0.18577075098814233,0.5200611932306267
KNN-esm+theta,GATA1,split5,K245G,0.04743083003952564,0.29599966161337177
KNN-esm+theta,GATA1,split5,K252R,0.2134387351778656,0.4695013915066016
KNN-esm+theta,GATA1,split5,K287G,0.09486166007905139,0.49758033060762513
KNN-esm+theta,GATA1,split5,K312G,0.04347826086956519,0.3537346312452419
KNN-esm+theta,GATA1,split5,K312R,0.20158102766798414,0.45159426022955684
KNN-esm+theta,GATA1,split5,"K314R,K315G",0.1620553359683794,0.4962263618022966
KNN-esm+theta,GATA1,split5,L136S,0.09881422924901184,0.3744352421732016
KNN-esm+theta,GATA1,split5,L141P,0.2727272727272727,0.5422443475906241
KNN-esm+theta,GATA1,split5,L196P,0.5928853754940712,0.6125186604807701
KNN-esm+theta,GATA1,split5,"L284P,Y285H",0.4189723320158103,0.40644838603548
KNN-esm+theta,GATA1,split5,"L386P,L387P",0.6324110671936759,0.6485413839823685
KNN-esm+theta,GATA1,split5,L80P,0.5217391304347826,0.6021503566414682
KNN-esm+theta,GATA1,split5,M335T,0.32015810276679846,0.5810966383156053
KNN-esm+theta,GATA1,split5,N160D,0.059288537549407105,0.43224154533046766
KNN-esm+theta,GATA1,split5,"Q237R,N238G",0.5494071146245059,0.6282077112838302
KNN-esm+theta,GATA1,split5,S12P,0.1462450592885376,0.4397149305433585
KNN-esm+theta,GATA1,split5,S142G,0.24110671936758898,0.5460766792522741
KNN-esm+theta,GATA1,split5,S174P,0.06324110671936756,0.3092223460559398
KNN-esm+theta,GATA1,split5,S186P,0.19762845849802368,0.5524100101081426
KNN-esm+theta,GATA1,split5,S36P,0.007905138339920903,0.08882280963672314
KNN-esm+theta,GATA1,split5,S46P,0.1699604743083004,0.4389548859194095
KNN-esm+theta,GATA1,split5,T171A,0.20158102766798414,0.5238128383841685
KNN-esm+theta,GATA1,split5,T220A,0.2490118577075099,0.5243890440618938
KNN-esm+theta,GATA1,split5,V250A,0.8656126482213439,0.694953171951406
KNN-esm+theta,GATA1,split5,"V278A,C279R",0.5731225296442688,0.6095365366547332
KNN-esm+theta,GATA1,split5,"V32A,F33P",0.03952569169960474,0.3915643785992623
KNN-esm+theta,GATA1,split5,"V336A,V337A",0.49011857707509876,0.5938427384081637
KNN-esm+theta,GATA1,split5,Y285C,0.1541501976284585,0.487236799614727
KNN-esm+theta,GATA1,split5,"Y285C,Y286C",0.04743083003952564,0.43392187839915936
KNN-esm+theta,GATA1,split5,Y286H,0.09090909090909094,0.46114025476131154
KNN-esm+theta,GATA1,split5,Y69H,0.2134387351778656,0.5112563371253714
KNN-esm+theta,GATA1,split6,C199R,0.6561264822134387,0.5901129926807049
KNN-esm+theta,GATA1,split6,C207R,0.41501976284584985,0.5399999767623966
KNN-esm+theta,GATA1,split6,C225R,0.18577075098814233,0.4771114528470202
KNN-esm+theta,GATA1,split6,E114G,0.2134387351778656,0.5226220498938122
KNN-esm+theta,GATA1,split6,E200G,0.43083003952569165,0.589021565311833
KNN-esm+theta,GATA1,split6,E328G,0.4624505928853755,0.6326789458212951
KNN-esm+theta,GATA1,split6,E348G,0.841897233201581,0.6814397351381601
KNN-esm+theta,GATA1,split6,F172P,0.2569169960474308,0.4422698536481968
KNN-esm+theta,GATA1,split6,H222R,0.3438735177865613,0.5696271889343708
KNN-esm+theta,GATA1,split6,"I249T,V250A",0.32806324110671936,0.6023764727791963
KNN-esm+theta,GATA1,split6,I87T,0.09486166007905139,0.4662594073010148
KNN-esm+theta,GATA1,split6,"K100G,T101A",0.4940711462450593,0.4529611981809757
KNN-esm+theta,GATA1,split6,K137E,0.3952569169960475,0.6296016408745758
KNN-esm+theta,GATA1,split6,K287G,0.35573122529644263,0.4899487024051979
KNN-esm+theta,GATA1,split6,"K299R,D300G",0.8853754940711462,0.6808274528387488
KNN-esm+theta,GATA1,split6,K312R,0.6324110671936759,0.4311292139228738
KNN-esm+theta,GATA1,split6,L146P,0.9644268774703557,0.6865004329713765
KNN-esm+theta,GATA1,split6,L190P,0.4545454545454546,0.6341172194495742
KNN-esm+theta,GATA1,split6,L224P,0.02766798418972327,0.2677431915305992
KNN-esm+theta,GATA1,split6,L355P,0.9169960474308301,0.7108595139444822
KNN-esm+theta,GATA1,split6,L363P,0.1620553359683794,0.5236467828532408
KNN-esm+theta,GATA1,split6,L387P,0.09881422924901184,0.4427431464890181
KNN-esm+theta,GATA1,split6,L6P,0.7786561264822134,0.6886516511732275
KNN-esm+theta,GATA1,split6,M1V,0.9169960474308301,0.6367298225174164
KNN-esm+theta,GATA1,split6,M335V,0.9090909090909091,0.6812551553856888
KNN-esm+theta,GATA1,split6,"N238G,R239G",0.7509881422924901,0.6854862548470003
KNN-esm+theta,GATA1,split6,Q257R,0.5691699604743083,0.6383360731252483
KNN-esm+theta,GATA1,split6,R271G,0.2055335968379447,0.5616914226494518
KNN-esm+theta,GATA1,split6,S155P,0.6047430830039526,0.6804410270719721
KNN-esm+theta,GATA1,split6,S161G,0.6126482213438735,0.658001756610688
KNN-esm+theta,GATA1,split6,S174P,0.2490118577075099,0.37215597179077264
KNN-esm+theta,GATA1,split6,S178G,0.8458498023715415,0.64387536040548
KNN-esm+theta,GATA1,split6,S310P,0.7114624505928854,0.6633518890859584
KNN-esm+theta,GATA1,split6,S393P,0.7430830039525691,0.6908477596225061
KNN-esm+theta,GATA1,split6,S72P,0.5217391304347826,0.6243012340092784
KNN-esm+theta,GATA1,split6,T256A,0.8458498023715415,0.6793414918590739
KNN-esm+theta,GATA1,split6,T264A,0.2885375494071146,0.5775963213470744
KNN-esm+theta,GATA1,split6,T324A,0.46640316205533594,0.6091736681712682
KNN-esm+theta,GATA1,split6,T391A,0.23320158102766797,0.5697160132837547
KNN-esm+theta,GATA1,split6,"V109A,C110R",0.30434782608695654,0.5660889782521653
KNN-esm+theta,GATA1,split6,V158A,0.2924901185770751,0.5998982478985214
KNN-esm+theta,GATA1,split6,V291A,0.9209486166007905,0.7539494679873596
KNN-esm+theta,GATA1,split6,V32A,0.7272727272727273,0.6859267336288126
KNN-esm+theta,GATA1,split6,"V32A,F33P",0.09090909090909094,0.357427204940358
KNN-esm+theta,GATA1,split6,"V336A,V337A",0.49011857707509876,0.5938427384081637
KNN-esm+theta,GATA1,split6,"V371A,L372P",0.3003952569169961,0.49145293876805113
KNN-esm+theta,GATA1,split6,"Y185H,S186P",0.6798418972332017,0.6285397806437872
KNN-esm+theta,GATA1,split6,Y285C,0.8814229249011858,0.4796912135817767
KNN-esm+theta,GATA1,split6,Y62C,0.2964426877470355,0.34078365269805405
KNN-esm+theta,GATA1,split6,Y62H,0.07114624505928857,0.43160380150963196
KNN-esm+theta,GATA1,split6,Y78H,0.27667984189723316,0.5517870325284584
KNN-esm+theta,GATA1,split6,Y93H,0.5573122529644269,0.6665896431334382
KNN-esm+theta,JAK1,split1,E762K,0.52,0.8760586033839737
KNN-esm+theta,JAK1,split1,"G1068E,G1068R",0.8,0.9181343243382598
KNN-esm+theta,JAK1,split1,"G887R,G887E",0.64,0.8769018045446527
KNN-esm+theta,JAK1,split1,"P1118L,P1118S,P1121S",0.040000000000000036,0.10614176819747959
KNN-esm+theta,JAK1,split1,Q387*,0.6,0.8213941041487554
KNN-esm+theta,JAK1,split1,Q437*,0.36,0.7842449597017043
KNN-esm+theta,JAK1,split1,Q572*,0.92,0.8840932922284519
KNN-esm+theta,JAK1,split2,D775N,0.6,0.8879004708681251
KNN-esm+theta,JAK1,split2,E1051K,0.88,0.9379202436198728
KNN-esm+theta,JAK1,split2,"E706K,D707N",0.92,0.9393539749872811
KNN-esm+theta,JAK1,split2,E762K,0.52,0.8722966372296607
KNN-esm+theta,JAK1,split2,"G1068E,G1068R",0.76,0.9022327975974128
KNN-esm+theta,JAK1,split2,"G590E,G590R",0.6,0.864583440883162
KNN-esm+theta,JAK1,split2,"G887R,G887E",0.52,0.8442868519132565
KNN-esm+theta,JAK1,split2,"P1118L,P1118S,P1121S",0.12,0.06276340735291529
KNN-esm+theta,JAK1,split2,"P1121L,P1121S",0.16000000000000003,0.27885106085249606
KNN-esm+theta,JAK1,split2,P761S,0.72,0.8490218056434751
KNN-esm+theta,JAK1,split2,S1062F,0.88,0.7550816698674497
KNN-esm+theta,JAK1,split2,T717I,0.0,-0.10489222070941656
KNN-esm+theta,JAK1,split3,D775N,0.52,0.10399462313114738
KNN-esm+theta,JAK1,split3,E1051K,0.16000000000000003,0.08474599066068579
KNN-esm+theta,JAK1,split3,E447K,0.19999999999999996,0.08655248354187488
KNN-esm+theta,JAK1,split3,E486K,0.64,0.13915379887758397
KNN-esm+theta,JAK1,split3,"E706K,D707N",0.31999999999999995,0.0962515723546765
KNN-esm+theta,JAK1,split3,E762K,0.040000000000000036,0.055429946429386534
KNN-esm+theta,JAK1,split3,"G1068E,G1068R",0.48,0.10289034825621736
KNN-esm+theta,JAK1,split3,"G590E,G590R",0.4,0.09939844970323815
KNN-esm+theta,JAK1,split3,"G887R,G887E",0.76,0.21112873399872484
KNN-esm+theta,JAK1,split3,P761S,0.43999999999999995,0.10159436007795465
KNN-esm+theta,JAK1,split3,Q387*,0.28,0.09257724292849681
KNN-esm+theta,JAK1,split3,Q437*,0.6,0.1362393754837623
KNN-esm+theta,JAK1,split3,Q499*,0.24,0.08888026453397543
KNN-esm+theta,JAK1,split3,Q545*,0.36,0.09883917606258892
KNN-esm+theta,JAK1,split3,Q572*,0.12,0.08468476091059735
KNN-esm+theta,JAK1,split3,R108Q,0.72,0.18804982560054054
KNN-esm+theta,JAK1,split3,"R549Q,E550K",0.07999999999999996,0.06632095920664541
KNN-esm+theta,JAK1,split3,S1062F,0.4,0.005551201562902469
KNN-esm+theta,JAK1,split3,T558I,0.8,0.15271899324550078
KNN-esm+theta,JAK1,split5,D775N,0.72,0.8900442644471183
KNN-esm+theta,JAK1,split5,E486K,0.43999999999999995,0.8505117488798015
KNN-esm+theta,JAK1,split5,E762K,0.52,0.8760586033839737
KNN-esm+theta,JAK1,split5,"G590E,G590R",0.6,0.8967623037363084
KNN-esm+theta,JAK1,split5,L321F,0.12,0.050858530781821634
KNN-esm+theta,JAK1,split5,"P1121L,P1121S",0.16000000000000003,0.250527156542365
KNN-esm+theta,JAK1,split5,P761S,0.76,0.9095713161077615
KNN-esm+theta,JAK1,split5,Q387*,0.6799999999999999,0.8835528803580146
KNN-esm+theta,JAK1,split5,Q437*,0.48,0.8386722267361114
KNN-esm+theta,JAK1,split5,Q499*,0.36,0.8126640304106224
KNN-esm+theta,JAK1,split5,Q545*,0.31999999999999995,0.801357176419689
KNN-esm+theta,JAK1,split5,R108Q,0.36,0.6946768657250305
KNN-esm+theta,JAK1,split5,"R549Q,E550K",0.52,0.8375916881141127
KNN-esm+theta,JAK1,split5,T717I,0.0,-0.08404630082734778
KNN-esm,TP53,split1,A159P,0.6701030927835052,0.7300708201368477
KNN-esm,TP53,split1,A159V,0.5567010309278351,0.7291625391206831
KNN-esm,TP53,split1,C141Y,0.5154639175257731,0.7312905562548252
KNN-esm,TP53,split1,C238Y,0.08247422680412375,0.7088327694989696
KNN-esm,TP53,split1,G245V,0.4329896907216495,0.7300238580363595
KNN-esm,TP53,split1,H179R,0.4742268041237113,0.7279024310432366
KNN-esm,TP53,split1,P47S,0.2680412371134021,0.7065379480097815
KNN-esm,TP53,split1,P58R,0.1649484536082474,0.6943894928216954
KNN-esm,TP53,split1,Q5R,0.845360824742268,0.7502803015949223
KNN-esm,TP53,split1,R175H,0.8556701030927836,0.7493288394399137
KNN-esm,TP53,split1,R273H,0.9381443298969072,0.7650323242522652
KNN-esm,TP53,split1,S241C,0.5567010309278351,0.7316999923846126
KNN-esm,TP53,split1,S366A,0.09278350515463918,0.6851903928350053
KNN-esm,TP53,split1,T312S,0.6494845360824743,0.7339962525772837
KNN-esm,TP53,split1,V31I,0.12371134020618557,0.6945498194420149
KNN-esm,TP53,split1,Y220C,0.5257731958762887,0.7248470398701837
KNN-esm,TP53,split2,C238F,0.45360824742268047,0.726306754402744
KNN-esm,TP53,split2,C238Y,0.1030927835051546,0.7056797004797514
KNN-esm,TP53,split2,C242F,0.5360824742268041,0.7386987497789568
KNN-esm,TP53,split2,C275F,0.020618556701030966,0.6833130144809826
KNN-esm,TP53,split2,C275Y,0.5463917525773196,0.7298220753812967
KNN-esm,TP53,split2,C277F,0.35051546391752575,0.7180663838802618
KNN-esm,TP53,split2,E271K,0.845360824742268,0.7401773823033996
KNN-esm,TP53,split2,E285K,0.48453608247422686,0.7332993484876071
KNN-esm,TP53,split2,E286K,0.3711340206185567,0.7062966977047853
KNN-esm,TP53,split2,E339K,0.20618556701030932,0.7088531460240372
KNN-esm,TP53,split2,G244C,0.061855670103092786,0.6888754263986757
KNN-esm,TP53,split2,G245C,0.5463917525773196,0.7342806900840136
KNN-esm,TP53,split2,G245D,0.8865979381443299,0.7635091615257653
KNN-esm,TP53,split2,G245S,0.5051546391752577,0.7384134065518052
KNN-esm,TP53,split2,G245V,0.45360824742268047,0.7324176745915314
KNN-esm,TP53,split2,G266E,0.38144329896907214,0.7191532636819405
KNN-esm,TP53,split2,G266R,0.18556701030927836,0.7012016902736657
KNN-esm,TP53,split2,G266V,0.731958762886598,0.7483155174889231
KNN-esm,TP53,split2,G360V,0.44329896907216493,0.722178760220114
KNN-esm,TP53,split2,L344L,0.9690721649484536,0.7706259583840751
KNN-esm,TP53,split2,M237I,0.5567010309278351,0.7323997464725778
KNN-esm,TP53,split2,M246V,0.6494845360824743,0.7357864929742141
KNN-esm,TP53,split2,P222P,0.030927835051546393,0.6844201918372547
KNN-esm,TP53,split2,P250L,0.8041237113402062,0.742199664333425
KNN-esm,TP53,split2,P278L,0.5773195876288659,0.7317880311555007
KNN-esm,TP53,split2,P278S,0.3298969072164949,0.7181209833074069
KNN-esm,TP53,split2,P295P,0.8247422680412371,0.7428089218208439
KNN-esm,TP53,split2,P301P,0.20618556701030932,0.7016479751345425
KNN-esm,TP53,split2,P359P,0.5876288659793815,0.7313564803020433
KNN-esm,TP53,split2,R248L,0.3608247422680413,0.7154307143920067
KNN-esm,TP53,split2,R248W,0.6597938144329897,0.7426511624991596
KNN-esm,TP53,split2,R249M,0.19587628865979378,0.7044341771772779
KNN-esm,TP53,split2,R249S,0.4020618556701031,0.7259746838760951
KNN-esm,TP53,split2,R273C,0.020618556701030966,0.6795833481388854
KNN-esm,TP53,split2,R273H,0.9587628865979382,0.7675999242508396
KNN-esm,TP53,split2,R273L,0.3608247422680413,0.7316934150001924
KNN-esm,TP53,split2,R280K,0.3608247422680413,0.7195125285782034
KNN-esm,TP53,split2,R280T,0.28865979381443296,0.7267594183184846
KNN-esm,TP53,split2,R282W,0.6804123711340206,0.7416040576423483
KNN-esm,TP53,split2,R337C,0.020618556701030966,0.6811618439824878
KNN-esm,TP53,split2,R337L,0.1649484536082474,0.7270005628716436
KNN-esm,TP53,split2,S241C,0.7835051546391752,0.7482083685045579
KNN-esm,TP53,split2,S241F,0.8247422680412371,0.7417233737848467
KNN-esm,TP53,split2,S366A,0.134020618556701,0.6915716479765477
KNN-esm,TP53,split2,T312S,0.711340206185567,0.7374091422372864
KNN-esm,TP53,split2,V272L,0.7628865979381443,0.7401858450323416
KNN-esm,TP53,split2,V272M,0.6082474226804124,0.7324494422674848
KNN-esm,TP53,split2,Y234C,0.711340206185567,0.7404271177516161
KNN-esm,TP53,split2,Y236C,0.9484536082474226,0.7668292087681421
KNN-esm,TP53,split3,G245C,0.5876288659793815,0.736766230131888
KNN-esm,TP53,split3,G245D,0.9587628865979382,0.7709191782783981
KNN-esm,TP53,split3,G245S,0.45360824742268047,0.7355328816073037
KNN-esm,TP53,split3,G245V,0.5567010309278351,0.7483633644528827
KNN-esm,TP53,split3,R175H,0.8556701030927836,0.7493288394399137
KNN-esm,TP53,split3,R249M,0.24742268041237114,0.7099920322352421
KNN-esm,TP53,split3,R249S,0.22680412371134018,0.715147291454055
KNN-esm,TP53,split3,R282W,0.8865979381443299,0.7540462336447419
KNN-esm,TP53,split3,Y220C,0.5257731958762887,0.7248470398701837
KNN-esm,TP53,split6,A159P,0.6701030927835052,0.7300708201368477
KNN-esm,TP53,split6,A159V,0.5567010309278351,0.7291625391206831
KNN-esm,TP53,split6,C141Y,0.5154639175257731,0.7312905562548252
KNN-esm,TP53,split6,C238Y,0.08247422680412375,0.7088327694989696
KNN-esm,TP53,split6,G245V,0.4329896907216495,0.7300238580363595
KNN-esm,TP53,split6,H179R,0.4742268041237113,0.7279024310432366
KNN-esm,TP53,split6,R175H,0.8556701030927836,0.7493288394399137
KNN-esm,TP53,split6,R273H,0.9381443298969072,0.7650323242522652
KNN-esm,TP53,split6,S241C,0.5567010309278351,0.7316999923846126
KNN-esm,TP53,split6,Y220C,0.5257731958762887,0.7248470398701837
KNN-esm,KRAS,split1,A146T,0.7692307692307692,0.6472128114944993
KNN-esm,KRAS,split1,A146V,0.5604395604395604,0.6282973380196738
KNN-esm,KRAS,split1,G12C,0.46153846153846156,0.6218707876713632
KNN-esm,KRAS,split1,G12D,0.46153846153846156,0.639839126626657
KNN-esm,KRAS,split1,G12R,0.3076923076923077,0.6296773479542853
KNN-esm,KRAS,split1,G12V,0.25274725274725274,0.60134328482022
KNN-esm,KRAS,split1,Q61H,0.967032967032967,0.6741162037395312
KNN-esm,KRAS,split1,Q61L,0.5824175824175823,0.6240654608901146
KNN-esm,KRAS,split2,A130V,0.8791208791208791,0.6609138832278681
KNN-esm,KRAS,split2,A146P,0.41758241758241754,0.631658143394116
KNN-esm,KRAS,split2,A146T,0.9010989010989011,0.6681028388259581
KNN-esm,KRAS,split2,A146V,0.5604395604395604,0.6282973380196738
KNN-esm,KRAS,split2,A155G,0.18681318681318682,0.6123005577398102
KNN-esm,KRAS,split2,A66A,0.2417582417582418,0.6290889591253589
KNN-esm,KRAS,split2,C118S,0.8131868131868132,0.6589200266200572
KNN-esm,KRAS,split2,D119G,0.18681318681318682,0.6276084233715137
KNN-esm,KRAS,split2,D173D,0.04395604395604391,0.6127001429138488
KNN-esm,KRAS,split2,E63K,0.7912087912087912,0.6510677556823918
KNN-esm,KRAS,split2,F141L,0.39560439560439564,0.6412646393504542
KNN-esm,KRAS,split2,G75A,0.37362637362637363,0.6242922181521672
KNN-esm,KRAS,split2,G77A,0.29670329670329665,0.6037546090763461
KNN-esm,KRAS,split2,I163S,0.7472527472527473,0.6518054215644443
KNN-esm,KRAS,split2,K117N,0.4725274725274725,0.6275452209300013
KNN-esm,KRAS,split2,K117R,0.945054945054945,0.6707621016694945
KNN-esm,KRAS,split2,K147N,0.17582417582417587,0.61248841745282
KNN-esm,KRAS,split2,K147T,0.19780219780219777,0.6312696945599242
KNN-esm,KRAS,split2,K169K,0.9120879120879121,0.6671948339643746
KNN-esm,KRAS,split2,K176Q,0.5494505494505495,0.6375498964716726
KNN-esm,KRAS,split2,K178K,0.5604395604395604,0.645226426455661
KNN-esm,KRAS,split2,K88K,0.2637362637362637,0.6261144854777736
KNN-esm,KRAS,split2,L159S,0.945054945054945,0.6751388178440698
KNN-esm,KRAS,split2,L79I,0.8021978021978022,0.662276945935045
KNN-esm,KRAS,split2,M111L,0.18681318681318682,0.6238803815343444
KNN-esm,KRAS,split2,P110S,0.8021978021978022,0.6624069237372788
KNN-esm,KRAS,split2,Q99E,0.5384615384615384,0.64201091755084
KNN-esm,KRAS,split2,R135T,0.4725274725274725,0.6377035563704839
KNN-esm,KRAS,split2,R149K,0.6703296703296704,0.649674214925998
KNN-esm,KRAS,split2,R164Q,0.8241758241758241,0.6682121392589591
KNN-esm,KRAS,split2,R68S,0.2857142857142857,0.62760904623667
KNN-esm,KRAS,split2,S136N,0.7582417582417582,0.6596361116356612
KNN-esm,KRAS,split2,T127T,0.1208791208791209,0.60280942916187
KNN-esm,KRAS,split2,T144P,0.07692307692307687,0.5948495048777043
KNN-esm,KRAS,split2,T144T,0.3076923076923077,0.6400899616282129
KNN-esm,KRAS,split2,T158A,0.37362637362637363,0.6410798442182419
KNN-esm,KRAS,split2,T158T,0.19780219780219777,0.6248042863373001
KNN-esm,KRAS,split2,T74A,0.8901098901098901,0.6704771349018707
KNN-esm,KRAS,split2,T74T,0.18681318681318682,0.6118083768129147
KNN-esm,KRAS,split2,V112I,0.7692307692307692,0.650565538021816
KNN-esm,KRAS,split2,Y166H,0.9340659340659341,0.6702574437856883
KNN-esm,KRAS,split3,A146P,0.3516483516483516,0.6296866320485162
KNN-esm,KRAS,split3,A146T,0.7692307692307692,0.6472128114944993
KNN-esm,KRAS,split3,A146V,0.5604395604395604,0.6282973380196738
KNN-esm,KRAS,split3,G12A,0.27472527472527475,0.6148433989099417
KNN-esm,KRAS,split3,G12C,0.2417582417582418,0.5988298808028832
KNN-esm,KRAS,split3,G12S,0.8131868131868132,0.6344223600063835
KNN-esm,KRAS,split3,G13C,0.3846153846153846,0.6280392118487539
KNN-esm,KRAS,split3,K117R,0.6703296703296704,0.6525913763662362
KNN-esm,KRAS,split3,Q61H,0.967032967032967,0.6741162037395312
KNN-esm,KRAS,split3,Q61P,0.27472527472527475,0.6153738152638302
KNN-esm,KRAS,split6,A146T,0.7692307692307692,0.6472128114944993
KNN-esm,KRAS,split6,A146V,0.5604395604395604,0.6282973380196738
KNN-esm,KRAS,split6,G12C,0.46153846153846156,0.6218707876713632
KNN-esm,KRAS,split6,G12D,0.46153846153846156,0.639839126626657
KNN-esm,KRAS,split6,G12R,0.3076923076923077,0.6296773479542853
KNN-esm,KRAS,split6,G12V,0.25274725274725274,0.60134328482022
KNN-esm,KRAS,split6,Q61H,0.967032967032967,0.6741162037395312
KNN-esm,KRAS,split6,Q61L,0.5824175824175823,0.6240654608901146
KNN-esm,GATA1,split1,C199R,0.383399209486166,0.5766275562562148
KNN-esm,GATA1,split1,C207R,0.015810276679841917,0.4616023198818063
KNN-esm,GATA1,split1,C225R,0.9841897233201581,0.7083263979611784
KNN-esm,GATA1,split1,E114G,0.18972332015810278,0.4443432135492102
KNN-esm,GATA1,split1,E200G,0.8063241106719368,0.591991110070268
KNN-esm,GATA1,split1,E328G,0.6324110671936759,0.6832873193633874
KNN-esm,GATA1,split1,E348G,0.9090909090909091,0.7010147225538077
KNN-esm,GATA1,split1,F172P,0.49011857707509876,0.6244784423931146
KNN-esm,GATA1,split1,H222R,0.17786561264822132,0.3993377591888221
KNN-esm,GATA1,split1,"I249T,V250A",0.22924901185770752,0.5475352128048473
KNN-esm,GATA1,split1,I87T,0.09090909090909094,0.4678745596073939
KNN-esm,GATA1,split1,"K100G,T101A",0.11462450592885376,0.4703457842864564
KNN-esm,GATA1,split1,K137E,0.8379446640316206,0.5550071244147387
KNN-esm,GATA1,split1,K287G,0.09486166007905139,0.48537847032920456
KNN-esm,GATA1,split1,"K299R,D300G",0.7075098814229249,0.673938043689052
KNN-esm,GATA1,split1,K312R,0.17391304347826086,0.4727261173832063
KNN-esm,GATA1,split1,L146P,0.6640316205533596,0.5709032988618111
KNN-esm,GATA1,split1,L190P,0.37944664031620556,0.6473880907212721
KNN-esm,GATA1,split1,L224P,0.055335968379446654,0.48269018160337757
KNN-esm,GATA1,split1,L355P,0.9209486166007905,0.6639687011888278
KNN-esm,GATA1,split1,L363P,0.16600790513833996,0.5041865308028721
KNN-esm,GATA1,split1,L387P,0.8972332015810277,0.7284722740142867
KNN-esm,GATA1,split1,L6P,0.5928853754940712,0.6091288447131834
KNN-esm,GATA1,split1,M1V,0.7193675889328064,0.5757561928305222
KNN-esm,GATA1,split1,M335V,0.7549407114624506,0.6523519312946384
KNN-esm,GATA1,split1,"N238G,R239G",0.9288537549407114,0.6206369321675471
KNN-esm,GATA1,split1,Q257R,0.37154150197628455,0.5114313334564221
KNN-esm,GATA1,split1,R271G,0.20158102766798414,0.5564258017112698
KNN-esm,GATA1,split1,S155P,0.6758893280632411,0.6423131817126349
KNN-esm,GATA1,split1,S161G,0.6126482213438735,0.658001756610688
KNN-esm,GATA1,split1,S174P,0.02766798418972327,0.3364644655826876
KNN-esm,GATA1,split1,S178G,0.9881422924901185,0.7033516690389766
KNN-esm,GATA1,split1,S310P,0.4782608695652174,0.5644337461094646
KNN-esm,GATA1,split1,S393P,0.7786561264822134,0.6824381271675075
KNN-esm,GATA1,split1,S72P,0.5928853754940712,0.6243565620260534
KNN-esm,GATA1,split1,T256A,0.8932806324110671,0.6698923763524787
KNN-esm,GATA1,split1,T264A,0.18972332015810278,0.520751794833905
KNN-esm,GATA1,split1,T324A,0.30434782608695654,0.5464636903640412
KNN-esm,GATA1,split1,T391A,0.23320158102766797,0.5697160132837547
KNN-esm,GATA1,split1,"V109A,C110R",0.26877470355731226,0.5465425325399335
KNN-esm,GATA1,split1,V158A,0.2924901185770751,0.5998982478985214
KNN-esm,GATA1,split1,V291A,0.42292490118577075,0.546001968575021
KNN-esm,GATA1,split1,V32A,0.7272727272727273,0.6859267336288126
KNN-esm,GATA1,split1,"V32A,F33P",0.04743083003952564,0.4094707473634521
KNN-esm,GATA1,split1,"V336A,V337A",0.49011857707509876,0.5938427384081637
KNN-esm,GATA1,split1,"V371A,L372P",0.83399209486166,0.7191828693944338
KNN-esm,GATA1,split1,"Y185H,S186P",0.9802371541501976,0.7000569307139889
KNN-esm,GATA1,split1,Y285C,0.48221343873517786,0.4705754867622922
KNN-esm,GATA1,split1,Y62C,0.6600790513833992,0.6583016167416739
KNN-esm,GATA1,split1,Y62H,0.07114624505928857,0.43160380150963196
KNN-esm,GATA1,split1,Y78H,0.34782608695652173,0.5521639023731645
KNN-esm,GATA1,split1,Y93H,0.5454545454545454,0.6468545033151468
KNN-esm,GATA1,split2,C204R,0.031620553359683834,0.36121860215441964
KNN-esm,GATA1,split2,"C204R,V205A",0.6482213438735178,0.585520613496219
KNN-esm,GATA1,split2,C207R,0.007905138339920903,0.42132415584070043
KNN-esm,GATA1,split2,C225R,0.8023715415019763,0.6936888927197438
KNN-esm,GATA1,split2,C228R,0.6956521739130435,0.7014125863656457
KNN-esm,GATA1,split2,C258R,0.3162055335968379,0.5161469120618423
KNN-esm,GATA1,split2,C261R,0.21739130434782605,0.45712486380186995
KNN-esm,GATA1,split2,C346R,0.3913043478260869,0.5852726146592137
KNN-esm,GATA1,split2,D276G,0.8893280632411067,0.6815098738224038
KNN-esm,GATA1,split2,E328G,0.5849802371541502,0.5955699588852958
KNN-esm,GATA1,split2,E348G,0.6245059288537549,0.6266797403579619
KNN-esm,GATA1,split2,F382S,0.8972332015810277,0.7267215756784946
KNN-esm,GATA1,split2,F394P,0.8063241106719368,0.6759781492023654
KNN-esm,GATA1,split2,H222R,0.3754940711462451,0.577934459168033
KNN-esm,GATA1,split2,"H222R,Y223C",0.6758893280632411,0.5938388765781004
KNN-esm,GATA1,split2,"H232R,K233E",0.19762845849802368,0.5276313186756107
KNN-esm,GATA1,split2,H289R,0.5454545454545454,0.6200889540963209
KNN-esm,GATA1,split2,H362R,0.43083003952569165,0.6416862035600086
KNN-esm,GATA1,split2,H378R,0.17391304347826086,0.5500596542882309
KNN-esm,GATA1,split2,I242T,0.01976284584980237,0.22622200902057354
KNN-esm,GATA1,split2,I242V,0.2727272727272727,0.5640424726099785
KNN-esm,GATA1,split2,I249T,0.9051383399209486,0.7262653488387552
KNN-esm,GATA1,split2,"I249T,V250A",0.2055335968379447,0.5109615708358598
KNN-esm,GATA1,split2,I249V,0.3517786561264822,0.5791025613208758
KNN-esm,GATA1,split2,I302T,0.04743083003952564,0.33685609795318844
KNN-esm,GATA1,split2,I302V,0.09486166007905139,0.41655086202344527
KNN-esm,GATA1,split2,"K233R,M234V",0.5138339920948616,0.6318663844982594
KNN-esm,GATA1,split2,K245G,0.03952569169960474,0.37524793642883386
KNN-esm,GATA1,split2,K252G,0.5454545454545454,0.5313069430860897
KNN-esm,GATA1,split2,K252R,0.13438735177865613,0.4330357399049961
KNN-esm,GATA1,split2,K287G,0.13833992094861658,0.5236398331272294
KNN-esm,GATA1,split2,K299E,0.6007905138339921,0.6112845738928153
KNN-esm,GATA1,split2,"K299R,D300G",0.7786561264822134,0.6567499814983445
KNN-esm,GATA1,split2,K308G,0.2648221343873518,0.5197858104401473
KNN-esm,GATA1,split2,K312G,0.03952569169960474,0.3275050464746903
KNN-esm,GATA1,split2,K312R,0.22529644268774707,0.4867885611799232
KNN-esm,GATA1,split2,"K314R,K315G",0.15810276679841895,0.46081564151696724
KNN-esm,GATA1,split2,K316G,0.5256916996047432,0.6509696783823467
KNN-esm,GATA1,split2,K316R,0.4426877470355731,0.6156159297642834
KNN-esm,GATA1,split2,"L214P,W215R",0.38735177865612647,0.5796663288950781
KNN-esm,GATA1,split2,L224P,0.031620553359683834,0.35313157600082545
KNN-esm,GATA1,split2,"L230P,Y231H",0.45849802371541504,0.5860393708645638
KNN-esm,GATA1,split2,L248P,0.6719367588932806,0.6290241917234297
KNN-esm,GATA1,split2,"L268P,W269R",0.7035573122529644,0.6817043913278932
KNN-esm,GATA1,split2,"L284P,Y285H",0.015810276679841917,0.15435812377143598
KNN-esm,GATA1,split2,L288P,0.8458498023715415,0.6884919365440918
KNN-esm,GATA1,split2,L295P,0.7154150197628458,0.5514614025832463
KNN-esm,GATA1,split2,L355P,0.6521739130434783,0.6130317413896771
KNN-esm,GATA1,split2,L363P,0.20948616600790515,0.5599771869796615
KNN-esm,GATA1,split2,"L363P,Y364H",0.8932806324110671,0.6930641771289425
KNN-esm,GATA1,split2,L367P,0.45849802371541504,0.6620950651428246
KNN-esm,GATA1,split2,"L372P,S373P",0.5849802371541502,0.6312583313428753
KNN-esm,GATA1,split2,L379P,0.5810276679841897,0.6456958586179933
KNN-esm,GATA1,split2,L386P,0.8814229249011858,0.6755695252143723
KNN-esm,GATA1,split2,"L386P,L387P",0.5968379446640316,0.6386494067635373
KNN-esm,GATA1,split2,L387P,0.5652173913043479,0.593498438153451
KNN-esm,GATA1,split2,L411P,0.83399209486166,0.6548072785906747
KNN-esm,GATA1,split2,M234T,0.9051383399209486,0.6978288928755595
KNN-esm,GATA1,split2,"M234V,N235D",0.27667984189723316,0.5120270548224214
KNN-esm,GATA1,split2,M297T,0.4426877470355731,0.5940421407288282
KNN-esm,GATA1,split2,M335T,0.1541501976284585,0.49842567053796233
KNN-esm,GATA1,split2,"M335T,V336A",0.541501976284585,0.6192743881574067
KNN-esm,GATA1,split2,M335V,0.7707509881422925,0.6600836228942631
KNN-esm,GATA1,split2,M380T,0.5652173913043479,0.5914992117226808
KNN-esm,GATA1,split2,M399T,0.9841897233201581,0.6638951971656641
KNN-esm,GATA1,split2,M399V,0.9762845849802372,0.695613972486402
KNN-esm,GATA1,split2,N206G,0.9169960474308301,0.6326658879181114
KNN-esm,GATA1,split2,"N238G,R239G",0.41501976284584985,0.5863901973716404
KNN-esm,GATA1,split2,N272G,0.4268774703557312,0.6076768198893723
KNN-esm,GATA1,split2,N292G,0.2055335968379447,0.428351900879357
KNN-esm,GATA1,split2,N292S,0.8616600790513834,0.7209634228303264
KNN-esm,GATA1,split2,N306G,0.6205533596837944,0.6607222059960952
KNN-esm,GATA1,split2,N345D,0.5098814229249011,0.6146387180482102
KNN-esm,GATA1,split2,N345G,0.9011857707509882,0.7386066302924645
KNN-esm,GATA1,split2,"Q237R,N238G",0.3241106719367589,0.548140414879968
KNN-esm,GATA1,split2,Q257R,0.6482213438735178,0.6403109631184815
KNN-esm,GATA1,split2,"Q303R,T304A",0.5335968379446641,0.6350552730560328
KNN-esm,GATA1,split2,Q365R,0.9723320158102767,0.6525595639385775
KNN-esm,GATA1,split2,R271G,0.19762845849802368,0.5047874757823336
KNN-esm,GATA1,split2,S274G,0.1541501976284585,0.475300359232098
KNN-esm,GATA1,split2,S310P,0.766798418972332,0.6765480390930996
KNN-esm,GATA1,split2,S320G,0.849802371541502,0.5204771848494063
KNN-esm,GATA1,split2,S341G,0.6996047430830039,0.672490755116904
KNN-esm,GATA1,split2,S343G,0.616600790513834,0.6632978447947432
KNN-esm,GATA1,split2,S389P,0.9209486166007905,0.7082190457952054
KNN-esm,GATA1,split2,S393P,0.7905138339920948,0.677264469221684
KNN-esm,GATA1,split2,S412G,0.18972332015810278,0.5438317420320767
KNN-esm,GATA1,split2,T210A,0.5612648221343873,0.6080229570170479
KNN-esm,GATA1,split2,T212A,0.6996047430830039,0.666573961880405
KNN-esm,GATA1,split2,T220A,0.32806324110671936,0.568150188904702
KNN-esm,GATA1,split2,T256A,0.9723320158102767,0.7085071743960465
KNN-esm,GATA1,split2,T259A,0.8458498023715415,0.6397465190074915
KNN-esm,GATA1,split2,"T263A,T264A",0.07114624505928857,0.4253569785367719
KNN-esm,GATA1,split2,T264A,0.32015810276679846,0.5647004981097764
KNN-esm,GATA1,split2,"T264A,T265A",0.2964426877470355,0.5221385934784467
KNN-esm,GATA1,split2,T265A,0.9130434782608696,0.686906222667124
KNN-esm,GATA1,split2,"T265A,T266A",0.7786561264822134,0.6362042115831167
KNN-esm,GATA1,split2,T266A,0.6245059288537549,0.6457385277758828
KNN-esm,GATA1,split2,T267A,0.8181818181818181,0.6427617384254946
KNN-esm,GATA1,split2,T296A,0.22529644268774707,0.5873472514245218
KNN-esm,GATA1,split2,T324A,0.2964426877470355,0.5551538853765431
KNN-esm,GATA1,split2,T354A,0.9565217391304348,0.6552904557969798
KNN-esm,GATA1,split2,T360A,0.40711462450592883,0.5776224280842692
KNN-esm,GATA1,split2,T391A,0.2055335968379447,0.5585012391413161
KNN-esm,GATA1,split2,T402A,0.7747035573122529,0.6107493568132314
KNN-esm,GATA1,split2,"T402A,T403A",0.7984189723320159,0.6148499705039885
KNN-esm,GATA1,split2,"T403A,S404G",0.5335968379446641,0.569088406740121
KNN-esm,GATA1,split2,"T405A,T406A",0.9011857707509882,0.6312651957959761
KNN-esm,GATA1,split2,V250A,0.2806324110671937,0.5931923720635903
KNN-esm,GATA1,split2,"V278A,C279R",0.4426877470355731,0.5941967753646425
KNN-esm,GATA1,split2,V291A,0.5296442687747036,0.6292437258466699
KNN-esm,GATA1,split2,"V336A,V337A",0.32806324110671936,0.542163490950881
KNN-esm,GATA1,split2,V349A,0.11067193675889331,0.4521372063100145
KNN-esm,GATA1,split2,V370A,0.5573122529644269,0.6354682211541552
KNN-esm,GATA1,split2,"V371A,L372P",0.7509881422924901,0.6994950390015431
KNN-esm,GATA1,split2,V407A,0.9328063241106719,0.7778375247194895
KNN-esm,GATA1,split2,"V407A,V408A",0.4347826086956522,0.6020393613893323
KNN-esm,GATA1,split2,V408A,0.22134387351778662,0.5358618840893975
KNN-esm,GATA1,split2,W215R,0.8735177865612649,0.6587317671426054
KNN-esm,GATA1,split2,W269R,0.42292490118577075,0.6028407811563546
KNN-esm,GATA1,split2,Y223C,0.8616600790513834,0.6871968614659825
KNN-esm,GATA1,split2,Y231C,0.43873517786561267,0.5954297578853189
KNN-esm,GATA1,split2,Y285C,0.06324110671936756,0.36183995916693273
KNN-esm,GATA1,split2,"Y285C,Y286C",0.011857707509881465,0.07364125472497174
KNN-esm,GATA1,split2,"Y286C,K287E",0.49011857707509876,0.6007591323390248
KNN-esm,GATA1,split2,Y286H,0.14229249011857703,0.47662395980709116
KNN-esm,GATA1,split2,"Y364C,Q365R",0.31225296442687744,0.5882313541553416
KNN-esm,GATA1,split3,C204R,0.01976284584980237,0.257972249611026
KNN-esm,GATA1,split3,"C204R,V205A",0.7944664031620553,0.6717637175330737
KNN-esm,GATA1,split3,C207R,0.007905138339920903,0.42132415584070043
KNN-esm,GATA1,split3,C225R,0.9920948616600791,0.7750980290902719
KNN-esm,GATA1,split3,C228R,0.7154150197628458,0.6548515059474145
KNN-esm,GATA1,split3,C258R,0.5810276679841897,0.5220028301790214
KNN-esm,GATA1,split3,C261R,0.8695652173913043,0.5724098810219566
KNN-esm,GATA1,split3,D276G,0.5335968379446641,0.47468678882365534
KNN-esm,GATA1,split3,H222R,0.11462450592885376,0.49795159960867585
KNN-esm,GATA1,split3,"H222R,Y223C",0.47430830039525695,0.5582359457721866
KNN-esm,GATA1,split3,"L214P,W215R",0.5177865612648221,0.6233870236861612
KNN-esm,GATA1,split3,L224P,0.055335968379446654,0.48269018160337757
KNN-esm,GATA1,split3,"L268P,W269R",0.7430830039525691,0.6137456174494816
KNN-esm,GATA1,split3,N206G,0.41501976284584985,0.6174823064193886
KNN-esm,GATA1,split3,N272G,0.5454545454545454,0.640098634986107
KNN-esm,GATA1,split3,R271G,0.17391304347826086,0.48417432530358223
KNN-esm,GATA1,split3,S274G,0.308300395256917,0.5381660615356647
KNN-esm,GATA1,split3,T210A,0.7193675889328064,0.6514196358313246
KNN-esm,GATA1,split3,T212A,0.5928853754940712,0.6830419946181568
KNN-esm,GATA1,split3,T220A,0.39920948616600793,0.5884607295661424
KNN-esm,GATA1,split3,T259A,0.5652173913043479,0.6179545933681462
KNN-esm,GATA1,split3,"T263A,T264A",0.06719367588932801,0.40790393503236555
KNN-esm,GATA1,split3,T264A,0.26086956521739135,0.5243884160570816
KNN-esm,GATA1,split3,"T264A,T265A",0.7747035573122529,0.6594613425717922
KNN-esm,GATA1,split3,T265A,0.7786561264822134,0.6459038795927441
KNN-esm,GATA1,split3,"T265A,T266A",0.6996047430830039,0.6686502451755021
KNN-esm,GATA1,split3,T266A,0.6086956521739131,0.657923649705928
KNN-esm,GATA1,split3,T267A,0.9169960474308301,0.6871710333167187
KNN-esm,GATA1,split3,"V278A,C279R",0.37154150197628455,0.5684869815995227
KNN-esm,GATA1,split3,W215R,0.9446640316205533,0.7325693666665981
KNN-esm,GATA1,split3,W269R,0.42292490118577075,0.6028407811563546
KNN-esm,GATA1,split3,Y223C,0.9090909090909091,0.7128226705406906
KNN-esm,GATA1,split5,C346R,0.42292490118577075,0.6085150108694566
KNN-esm,GATA1,split5,E114G,0.18972332015810278,0.4443432135492102
KNN-esm,GATA1,split5,"E114G,D115G",0.22529644268774707,0.4941248642576545
KNN-esm,GATA1,split5,E134G,0.16600790513833996,0.5115997278646301
KNN-esm,GATA1,split5,E13G,0.42292490118577075,0.5971393107438406
KNN-esm,GATA1,split5,F168P,0.39920948616600793,0.573880681240539
KNN-esm,GATA1,split5,F172L,0.8814229249011858,0.669233017755716
KNN-esm,GATA1,split5,"F172S,F173P",0.37944664031620556,0.5872758714136521
KNN-esm,GATA1,split5,"F33P,F34P",0.09486166007905139,0.392309843416247
KNN-esm,GATA1,split5,F3L,0.059288537549407105,0.450652659453903
KNN-esm,GATA1,split5,H222R,0.11462450592885376,0.49795159960867585
KNN-esm,GATA1,split5,I249T,0.3438735177865613,0.6111399826998931
KNN-esm,GATA1,split5,I302V,0.15019762845849804,0.4345161111357959
KNN-esm,GATA1,split5,"K100G,T101A",0.09090909090909094,0.41478848599754814
KNN-esm,GATA1,split5,K245G,0.0513833992094862,0.36826909896485643
KNN-esm,GATA1,split5,K252R,0.21739130434782605,0.4514493961054348
KNN-esm,GATA1,split5,K287G,0.14229249011857703,0.5015833255799785
KNN-esm,GATA1,split5,K312G,0.03952569169960474,0.3060520737119903
KNN-esm,GATA1,split5,K312R,0.14229249011857703,0.4668187032264545
KNN-esm,GATA1,split5,"K314R,K315G",0.12648221343873522,0.46994040944867166
KNN-esm,GATA1,split5,L136S,0.04347826086956519,0.2949797671974388
KNN-esm,GATA1,split5,L141P,0.4110671936758893,0.5529624351694464
KNN-esm,GATA1,split5,L196P,0.6324110671936759,0.6517508827166398
KNN-esm,GATA1,split5,"L284P,Y285H",0.011857707509881465,0.17681400726508414
KNN-esm,GATA1,split5,"L386P,L387P",0.5968379446640316,0.6413931130027021
KNN-esm,GATA1,split5,L80P,0.6126482213438735,0.6128926319220052
KNN-esm,GATA1,split5,M335T,0.26877470355731226,0.5456854290500431
KNN-esm,GATA1,split5,N160D,0.055335968379446654,0.3884826526599594
KNN-esm,GATA1,split5,"Q237R,N238G",0.541501976284585,0.584739795326155
KNN-esm,GATA1,split5,S12P,0.1462450592885376,0.4397149305433585
KNN-esm,GATA1,split5,S142G,0.23320158102766797,0.5403228340286704
KNN-esm,GATA1,split5,S174P,0.06324110671936756,0.34293098153051965
KNN-esm,GATA1,split5,S186P,0.19762845849802368,0.5524100101081426
KNN-esm,GATA1,split5,S36P,0.007905138339920903,0.08882280963672314
KNN-esm,GATA1,split5,S46P,0.1699604743083004,0.4389548859194095
KNN-esm,GATA1,split5,T171A,0.20158102766798414,0.5238128383841685
KNN-esm,GATA1,split5,T220A,0.3320158102766798,0.5827305417182602
KNN-esm,GATA1,split5,V250A,0.6363636363636364,0.6476536574875401
KNN-esm,GATA1,split5,"V278A,C279R",0.40711462450592883,0.5688298563870335
KNN-esm,GATA1,split5,"V32A,F33P",0.06324110671936756,0.42842367411276794
KNN-esm,GATA1,split5,"V336A,V337A",0.49011857707509876,0.5938427384081637
KNN-esm,GATA1,split5,Y285C,0.09881422924901184,0.5072325376242429
KNN-esm,GATA1,split5,"Y285C,Y286C",0.011857707509881465,0.24132193884154413
KNN-esm,GATA1,split5,Y286H,0.08300395256916993,0.477085495821622
KNN-esm,GATA1,split5,Y69H,0.2134387351778656,0.5112563371253714
KNN-esm,GATA1,split6,C199R,0.383399209486166,0.5766275562562148
KNN-esm,GATA1,split6,C207R,0.015810276679841917,0.4616023198818063
KNN-esm,GATA1,split6,C225R,0.9841897233201581,0.7083263979611784
KNN-esm,GATA1,split6,E114G,0.18972332015810278,0.4443432135492102
KNN-esm,GATA1,split6,E200G,0.8063241106719368,0.591991110070268
KNN-esm,GATA1,split6,E328G,0.6324110671936759,0.6832873193633874
KNN-esm,GATA1,split6,E348G,0.9090909090909091,0.7010147225538077
KNN-esm,GATA1,split6,F172P,0.49011857707509876,0.6244784423931146
KNN-esm,GATA1,split6,H222R,0.17786561264822132,0.3993377591888221
KNN-esm,GATA1,split6,"I249T,V250A",0.22924901185770752,0.5475352128048473
KNN-esm,GATA1,split6,I87T,0.09090909090909094,0.4678745596073939
KNN-esm,GATA1,split6,"K100G,T101A",0.11462450592885376,0.4703457842864564
KNN-esm,GATA1,split6,K137E,0.8379446640316206,0.5550071244147387
KNN-esm,GATA1,split6,K287G,0.09486166007905139,0.48537847032920456
KNN-esm,GATA1,split6,"K299R,D300G",0.7075098814229249,0.673938043689052
KNN-esm,GATA1,split6,K312R,0.17391304347826086,0.4727261173832063
KNN-esm,GATA1,split6,L146P,0.6640316205533596,0.5709032988618111
KNN-esm,GATA1,split6,L190P,0.37944664031620556,0.6473880907212721
KNN-esm,GATA1,split6,L224P,0.055335968379446654,0.48269018160337757
KNN-esm,GATA1,split6,L355P,0.9209486166007905,0.6639687011888278
KNN-esm,GATA1,split6,L363P,0.16600790513833996,0.5041865308028721
KNN-esm,GATA1,split6,L387P,0.8972332015810277,0.7284722740142867
KNN-esm,GATA1,split6,L6P,0.5928853754940712,0.6091288447131834
KNN-esm,GATA1,split6,M1V,0.7193675889328064,0.5757561928305222
KNN-esm,GATA1,split6,M335V,0.7549407114624506,0.6523519312946384
KNN-esm,GATA1,split6,"N238G,R239G",0.9288537549407114,0.6206369321675471
KNN-esm,GATA1,split6,Q257R,0.37154150197628455,0.5114313334564221
KNN-esm,GATA1,split6,R271G,0.20158102766798414,0.5564258017112698
KNN-esm,GATA1,split6,S155P,0.6758893280632411,0.6423131817126349
KNN-esm,GATA1,split6,S161G,0.6126482213438735,0.658001756610688
KNN-esm,GATA1,split6,S174P,0.02766798418972327,0.3364644655826876
KNN-esm,GATA1,split6,S178G,0.9881422924901185,0.7033516690389766
KNN-esm,GATA1,split6,S310P,0.4782608695652174,0.5644337461094646
KNN-esm,GATA1,split6,S393P,0.7786561264822134,0.6824381271675075
KNN-esm,GATA1,split6,S72P,0.5928853754940712,0.6243565620260534
KNN-esm,GATA1,split6,T256A,0.8932806324110671,0.6698923763524787
KNN-esm,GATA1,split6,T264A,0.18972332015810278,0.520751794833905
KNN-esm,GATA1,split6,T324A,0.30434782608695654,0.5464636903640412
KNN-esm,GATA1,split6,T391A,0.23320158102766797,0.5697160132837547
KNN-esm,GATA1,split6,"V109A,C110R",0.26877470355731226,0.5465425325399335
KNN-esm,GATA1,split6,V158A,0.2924901185770751,0.5998982478985214
KNN-esm,GATA1,split6,V291A,0.42292490118577075,0.546001968575021
KNN-esm,GATA1,split6,V32A,0.7272727272727273,0.6859267336288126
KNN-esm,GATA1,split6,"V32A,F33P",0.04743083003952564,0.4094707473634521
KNN-esm,GATA1,split6,"V336A,V337A",0.49011857707509876,0.5938427384081637
KNN-esm,GATA1,split6,"V371A,L372P",0.83399209486166,0.7191828693944338
KNN-esm,GATA1,split6,"Y185H,S186P",0.9802371541501976,0.7000569307139889
KNN-esm,GATA1,split6,Y285C,0.48221343873517786,0.4705754867622922
KNN-esm,GATA1,split6,Y62C,0.6600790513833992,0.6583016167416739
KNN-esm,GATA1,split6,Y62H,0.07114624505928857,0.43160380150963196
KNN-esm,GATA1,split6,Y78H,0.34782608695652173,0.5521639023731645
KNN-esm,GATA1,split6,Y93H,0.5454545454545454,0.6468545033151468
KNN-esm,JAK1,split1,E762K,0.31999999999999995,0.5514587768200037
KNN-esm,JAK1,split1,"G1068E,G1068R",0.72,0.6439266003694301
KNN-esm,JAK1,split1,"G887R,G887E",0.88,0.6620137080571736
KNN-esm,JAK1,split1,"P1118L,P1118S,P1121S",0.07999999999999996,0.13962627087188187
KNN-esm,JAK1,split1,Q387*,0.6,0.8758124862256076
KNN-esm,JAK1,split1,Q437*,0.36,0.8258289123104245
KNN-esm,JAK1,split1,Q572*,0.92,0.8840932922284519
KNN-esm,JAK1,split2,D775N,0.6,0.839219891605401
KNN-esm,JAK1,split2,E1051K,0.8,0.8851231103433015
KNN-esm,JAK1,split2,"E706K,D707N",0.76,0.8848172006004744
KNN-esm,JAK1,split2,E762K,0.56,0.8383291094442797
KNN-esm,JAK1,split2,"G1068E,G1068R",0.72,0.8743065187241406
KNN-esm,JAK1,split2,"G590E,G590R",0.52,0.834809744171236
KNN-esm,JAK1,split2,"G887R,G887E",0.48,0.8264830557922069
KNN-esm,JAK1,split2,"P1118L,P1118S,P1121S",0.12,0.08047209009125046
KNN-esm,JAK1,split2,"P1121L,P1121S",0.19999999999999996,0.1854316927564966
KNN-esm,JAK1,split2,P761S,0.6799999999999999,0.8683179148833287
KNN-esm,JAK1,split2,S1062F,0.88,0.889146537260399
KNN-esm,JAK1,split2,T717I,0.0,-0.11050642772426504
KNN-esm,JAK1,split3,D775N,0.31999999999999995,-0.002093744214563708
KNN-esm,JAK1,split3,E1051K,0.16000000000000003,-0.020364925460696362
KNN-esm,JAK1,split3,E447K,0.07999999999999996,-0.05683376750701309
KNN-esm,JAK1,split3,E486K,0.64,0.020613063245975897
KNN-esm,JAK1,split3,"E706K,D707N",0.6,0.03341384979309667
KNN-esm,JAK1,split3,E762K,0.0,-0.06763654372408913
KNN-esm,JAK1,split3,"G1068E,G1068R",0.36,0.00031029940058833555
KNN-esm,JAK1,split3,"G590E,G590R",0.12,-0.02328172276731304
KNN-esm,JAK1,split3,"G887R,G887E",0.72,0.09967784261466425
KNN-esm,JAK1,split3,P761S,0.52,0.01703131547802846
KNN-esm,JAK1,split3,Q387*,0.48,-0.004381320531079702
KNN-esm,JAK1,split3,Q437*,0.24,-0.03608592773146932
KNN-esm,JAK1,split3,Q499*,0.48,-0.02008256365226743
KNN-esm,JAK1,split3,Q545*,0.43999999999999995,-0.02650538425511641
KNN-esm,JAK1,split3,Q572*,0.43999999999999995,-0.009933504774860684
KNN-esm,JAK1,split3,R108Q,0.6799999999999999,0.05339302856098557
KNN-esm,JAK1,split3,"R549Q,E550K",0.040000000000000036,-0.04867323988814322
KNN-esm,JAK1,split3,S1062F,0.4,0.005551201562902469
KNN-esm,JAK1,split3,T558I,0.8,0.1527189922710711
KNN-esm,JAK1,split5,D775N,0.6799999999999999,0.8577378875276999
KNN-esm,JAK1,split5,E486K,0.4,0.8252868600950478
KNN-esm,JAK1,split5,E762K,0.52,0.8097331254240995
KNN-esm,JAK1,split5,"G590E,G590R",0.6,0.8754403863207146
KNN-esm,JAK1,split5,L321F,0.16000000000000003,0.08312566885338625
KNN-esm,JAK1,split5,"P1121L,P1121S",0.19999999999999996,0.18698071932908625
KNN-esm,JAK1,split5,P761S,0.72,0.8762231900932647
KNN-esm,JAK1,split5,Q387*,0.72,0.8914860448215776
KNN-esm,JAK1,split5,Q437*,0.43999999999999995,0.8368869138274594
KNN-esm,JAK1,split5,Q499*,0.36,0.8180195592513506
KNN-esm,JAK1,split5,Q545*,0.31999999999999995,0.8074611976014938
KNN-esm,JAK1,split5,R108Q,0.4,0.809144494442874
KNN-esm,JAK1,split5,"R549Q,E550K",0.52,0.8559950412415627
KNN-esm,JAK1,split5,T717I,0.040000000000000036,-0.06710547666956884
KNN-theta,TP53,split1,A159P,0.7628865979381443,0.7480483271232659
KNN-theta,TP53,split1,A159V,0.8865979381443299,0.7478826038024556
KNN-theta,TP53,split1,C141Y,0.17525773195876293,0.7140677404985692
KNN-theta,TP53,split1,C238Y,0.04123711340206182,0.6921220811593205
KNN-theta,TP53,split1,G245V,0.5463917525773196,0.7375194553324341
KNN-theta,TP53,split1,H179R,0.5567010309278351,0.7239958448937156
KNN-theta,TP53,split1,P47S,0.7835051546391752,0.7427543874026032
KNN-theta,TP53,split1,P58R,0.020618556701030966,0.6546156331514774
KNN-theta,TP53,split1,Q5R,0.6082474226804124,0.7287582121262269
KNN-theta,TP53,split1,R175H,0.5463917525773196,0.7170573894958725
KNN-theta,TP53,split1,R273H,0.9587628865979382,0.7672554958179281
KNN-theta,TP53,split1,S241C,0.5979381443298969,0.7435690624612068
KNN-theta,TP53,split1,S366A,0.35051546391752575,0.7218118097186917
KNN-theta,TP53,split1,T312S,0.8556701030927836,0.7528441633133225
KNN-theta,TP53,split1,V31I,0.45360824742268047,0.7302527922882878
KNN-theta,TP53,split1,Y220C,0.5979381443298969,0.7345535149410651
KNN-theta,TP53,split2,C238F,0.7628865979381443,0.7351833066848367
KNN-theta,TP53,split2,C238Y,0.030927835051546393,0.7032530459363847
KNN-theta,TP53,split2,C242F,0.4226804123711341,0.738721834995965
KNN-theta,TP53,split2,C275F,0.061855670103092786,0.7102600953313627
KNN-theta,TP53,split2,C275Y,0.010309278350515427,0.6822590991674623
KNN-theta,TP53,split2,C277F,0.7731958762886598,0.7406946437193878
KNN-theta,TP53,split2,E271K,0.3402061855670103,0.7114762175731247
KNN-theta,TP53,split2,E285K,0.4948453608247423,0.7215462538652763
KNN-theta,TP53,split2,E286K,0.9690721649484536,0.7458286792079274
KNN-theta,TP53,split2,E339K,0.24742268041237114,0.6985762229487366
KNN-theta,TP53,split2,G244C,0.44329896907216493,0.7238512404986398
KNN-theta,TP53,split2,G245C,0.44329896907216493,0.7254395722777974
KNN-theta,TP53,split2,G245D,0.8762886597938144,0.7594192908887355
KNN-theta,TP53,split2,G245S,0.4329896907216495,0.7312903930545968
KNN-theta,TP53,split2,G245V,0.5257731958762887,0.7335847395051059
KNN-theta,TP53,split2,G266E,0.7731958762886598,0.7441069538963427
KNN-theta,TP53,split2,G266R,0.31958762886597936,0.6954775165854039
KNN-theta,TP53,split2,G266V,0.45360824742268047,0.7439099671202825
KNN-theta,TP53,split2,G360V,0.9690721649484536,0.7703600085239466
KNN-theta,TP53,split2,L344L,0.9690721649484536,0.7706259583072563
KNN-theta,TP53,split2,M237I,0.5979381443298969,0.7386387159897643
KNN-theta,TP53,split2,M246V,0.2989690721649485,0.7212976857117493
KNN-theta,TP53,split2,P222P,0.030927835051546393,0.6844201928906101
KNN-theta,TP53,split2,P250L,0.9381443298969072,0.7563615124140318
KNN-theta,TP53,split2,P278L,0.4226804123711341,0.7119606085335014
KNN-theta,TP53,split2,P278S,0.35051546391752575,0.7202102318906559
KNN-theta,TP53,split2,P295P,0.8247422680412371,0.7428089226571797
KNN-theta,TP53,split2,P301P,0.20618556701030932,0.7016479746682487
KNN-theta,TP53,split2,P359P,0.5876288659793815,0.7313564801425047
KNN-theta,TP53,split2,R248L,0.08247422680412375,0.7040778797745436
KNN-theta,TP53,split2,R248W,0.9072164948453608,0.7520268064464396
KNN-theta,TP53,split2,R249M,0.4020618556701031,0.7248551137506494
KNN-theta,TP53,split2,R249S,0.1649484536082474,0.7110471754587122
KNN-theta,TP53,split2,R273C,0.23711340206185572,0.7170075828497707
KNN-theta,TP53,split2,R273H,0.9587628865979382,0.7560766721333032
KNN-theta,TP53,split2,R273L,0.3298969072164949,0.7255522364315288
KNN-theta,TP53,split2,R280K,0.6701030927835052,0.7286894069918609
KNN-theta,TP53,split2,R280T,0.6494845360824743,0.7364810991536002
KNN-theta,TP53,split2,R282W,0.11340206185567014,0.705222840926956
KNN-theta,TP53,split2,R337C,0.11340206185567014,0.7152110085190991
KNN-theta,TP53,split2,R337L,0.12371134020618557,0.7161402721310716
KNN-theta,TP53,split2,S241C,0.5670103092783505,0.7434619875321921
KNN-theta,TP53,split2,S241F,0.5567010309278351,0.7411469313633564
KNN-theta,TP53,split2,S366A,0.5463917525773196,0.7325554553123275
KNN-theta,TP53,split2,T312S,0.9278350515463918,0.7572242359733014
KNN-theta,TP53,split2,V272L,0.6288659793814433,0.7427835509925126
KNN-theta,TP53,split2,V272M,0.3402061855670103,0.7144862050178685
KNN-theta,TP53,split2,Y234C,0.7835051546391752,0.7418491402010465
KNN-theta,TP53,split2,Y236C,0.6082474226804124,0.7362083872158701
KNN-theta,TP53,split3,G245C,0.8350515463917526,0.7385274500724864
KNN-theta,TP53,split3,G245D,0.9175257731958762,0.767245926169512
KNN-theta,TP53,split3,G245S,0.5257731958762887,0.7207492315130913
KNN-theta,TP53,split3,G245V,0.28865979381443296,0.7097736715819913
KNN-theta,TP53,split3,R175H,0.5154639175257731,0.7331244496749928
KNN-theta,TP53,split3,R249M,0.21649484536082475,0.7083592828792099
KNN-theta,TP53,split3,R249S,0.12371134020618557,0.6991677738582545
KNN-theta,TP53,split3,R282W,0.15463917525773196,0.7013091945743252
KNN-theta,TP53,split3,Y220C,0.11340206185567014,0.6913030907203421
KNN-theta,TP53,split6,A159P,0.7628865979381443,0.7480483252515785
KNN-theta,TP53,split6,A159V,0.8865979381443299,0.7478826038024556
KNN-theta,TP53,split6,C141Y,0.17525773195876293,0.7140677404985692
KNN-theta,TP53,split6,C238Y,0.19587628865979378,0.7129974911635151
KNN-theta,TP53,split6,G245V,0.5463917525773196,0.7375194553324341
KNN-theta,TP53,split6,H179R,0.5567010309278351,0.7239958448937156
KNN-theta,TP53,split6,R175H,0.5463917525773196,0.7170573894958725
KNN-theta,TP53,split6,R273H,0.9587628865979382,0.7672554958179281
KNN-theta,TP53,split6,S241C,0.8762886597938144,0.7588630464446221
KNN-theta,TP53,split6,Y220C,0.25773195876288657,0.7071001214900284
KNN-theta,KRAS,split1,A146T,0.945054945054945,0.6796647471177368
KNN-theta,KRAS,split1,A146V,0.8571428571428572,0.6601661812209675
KNN-theta,KRAS,split1,G12C,0.5494505494505495,0.6203466291915799
KNN-theta,KRAS,split1,G12D,0.4065934065934066,0.629628207292249
KNN-theta,KRAS,split1,G12R,0.4505494505494505,0.6263227443082201
KNN-theta,KRAS,split1,G12V,0.01098901098901095,0.5768592226993374
KNN-theta,KRAS,split1,Q61H,0.9230769230769231,0.6745897203183477
KNN-theta,KRAS,split1,Q61L,0.4505494505494505,0.6249256142837056
KNN-theta,KRAS,split2,A130V,0.8571428571428572,0.6509677830307902
KNN-theta,KRAS,split2,A146P,0.9340659340659341,0.654710867034069
KNN-theta,KRAS,split2,A146T,0.7802197802197802,0.6375177552606875
KNN-theta,KRAS,split2,A146V,0.967032967032967,0.6845471741192662
KNN-theta,KRAS,split2,A155G,0.06593406593406592,0.5711195547537308
KNN-theta,KRAS,split2,A66A,0.2417582417582418,0.6290889591253589
KNN-theta,KRAS,split2,C118S,0.9120879120879121,0.6463834306969382
KNN-theta,KRAS,split2,D119G,0.07692307692307687,0.6189946418649235
KNN-theta,KRAS,split2,D173D,0.04395604395604391,0.6127001429138488
KNN-theta,KRAS,split2,E63K,0.7582417582417582,0.6477980461851973
KNN-theta,KRAS,split2,F141L,0.17582417582417587,0.6272472328582137
KNN-theta,KRAS,split2,G75A,0.04395604395604391,0.5921375879370548
KNN-theta,KRAS,split2,G77A,0.5164835164835164,0.6215765165652515
KNN-theta,KRAS,split2,I163S,0.3846153846153846,0.6078066725530898
KNN-theta,KRAS,split2,K117N,0.7252747252747253,0.641194120854314
KNN-theta,KRAS,split2,K117R,0.9120879120879121,0.6618256020968296
KNN-theta,KRAS,split2,K147N,0.48351648351648346,0.6285196130351686
KNN-theta,KRAS,split2,K147T,0.18681318681318682,0.6246538642963234
KNN-theta,KRAS,split2,K169K,0.9120879120879121,0.6671948339643746
KNN-theta,KRAS,split2,K176Q,0.7912087912087912,0.6453482064730687
KNN-theta,KRAS,split2,K178K,0.5604395604395604,0.645226426455661
KNN-theta,KRAS,split2,K88K,0.2637362637362637,0.6261144854777736
KNN-theta,KRAS,split2,L159S,0.5384615384615384,0.6211359986010085
KNN-theta,KRAS,split2,L79I,0.6373626373626373,0.6550199409238047
KNN-theta,KRAS,split2,M111L,0.21978021978021978,0.6075781910229356
KNN-theta,KRAS,split2,P110S,0.25274725274725274,0.6287912345105685
KNN-theta,KRAS,split2,Q99E,0.5604395604395604,0.6305557501550442
KNN-theta,KRAS,split2,R135T,0.5054945054945055,0.6268204841397312
KNN-theta,KRAS,split2,R149K,0.6153846153846154,0.6470670814017998
KNN-theta,KRAS,split2,R164Q,0.43956043956043955,0.6269048619462093
KNN-theta,KRAS,split2,R68S,0.31868131868131866,0.615728005758263
KNN-theta,KRAS,split2,S136N,0.7472527472527473,0.6370541060522242
KNN-theta,KRAS,split2,T127T,0.1208791208791209,0.60280942916187
KNN-theta,KRAS,split2,T144P,0.5164835164835164,0.6160962297053681
KNN-theta,KRAS,split2,T144T,0.3076923076923077,0.6400899616282129
KNN-theta,KRAS,split2,T158A,0.25274725274725274,0.6259568217788433
KNN-theta,KRAS,split2,T158T,0.19780219780219777,0.6248042863373001
KNN-theta,KRAS,split2,T74A,0.967032967032967,0.6887105532494726
KNN-theta,KRAS,split2,T74T,0.18681318681318682,0.6118083768129147
KNN-theta,KRAS,split2,V112I,0.7692307692307692,0.650565538021816
KNN-theta,KRAS,split2,Y166H,0.7362637362637363,0.6366021698008036
KNN-theta,KRAS,split3,A146P,0.7472527472527473,0.6559077514001129
KNN-theta,KRAS,split3,A146T,0.8791208791208791,0.6628311369591764
KNN-theta,KRAS,split3,A146V,0.967032967032967,0.6845471741192662
KNN-theta,KRAS,split3,G12A,0.2857142857142857,0.6145307462373394
KNN-theta,KRAS,split3,G12C,0.18681318681318682,0.6054290628608915
KNN-theta,KRAS,split3,G12S,0.8791208791208791,0.6532962805732556
KNN-theta,KRAS,split3,G13C,0.7582417582417582,0.6531012582562533
KNN-theta,KRAS,split3,K117R,0.9120879120879121,0.6618256020968296
KNN-theta,KRAS,split3,Q61H,0.8241758241758241,0.6588424592721213
KNN-theta,KRAS,split3,Q61P,0.13186813186813184,0.6011135976552319
KNN-theta,KRAS,split6,A146T,0.945054945054945,0.6796647471177368
KNN-theta,KRAS,split6,A146V,0.8571428571428572,0.6601661812209675
KNN-theta,KRAS,split6,G12C,0.5494505494505495,0.6203466291915799
KNN-theta,KRAS,split6,G12D,0.4065934065934066,0.629628207292249
KNN-theta,KRAS,split6,G12R,0.4505494505494505,0.6263227443082201
KNN-theta,KRAS,split6,G12V,0.01098901098901095,0.5768592226993374
KNN-theta,KRAS,split6,Q61H,0.9230769230769231,0.6745897203183477
KNN-theta,KRAS,split6,Q61L,0.4505494505494505,0.6249256142837056
KNN-theta,GATA1,split1,C199R,0.5533596837944664,0.6444417160648875
KNN-theta,GATA1,split1,C207R,0.007905138339920903,0.38803839890236347
KNN-theta,GATA1,split1,C225R,0.5968379446640316,0.6035346977926213
KNN-theta,GATA1,split1,E114G,0.2134387351778656,0.5226220498938122
KNN-theta,GATA1,split1,E200G,0.43083003952569165,0.5890215643217781
KNN-theta,GATA1,split1,E328G,0.4624505928853755,0.6326789458212951
KNN-theta,GATA1,split1,E348G,0.841897233201581,0.6814397351381601
KNN-theta,GATA1,split1,F172P,0.2569169960474308,0.44226985321449913
KNN-theta,GATA1,split1,H222R,0.3438735177865613,0.569627188905449
KNN-theta,GATA1,split1,"I249T,V250A",0.32806324110671936,0.6023764744752599
KNN-theta,GATA1,split1,I87T,0.09090909090909094,0.45214108609760034
KNN-theta,GATA1,split1,"K100G,T101A",0.4940711462450593,0.4529611981809757
KNN-theta,GATA1,split1,K137E,0.3952569169960475,0.6296016408745758
KNN-theta,GATA1,split1,K287G,0.35573122529644263,0.4899487024051979
KNN-theta,GATA1,split1,"K299R,D300G",0.8853754940711462,0.6808274528387488
KNN-theta,GATA1,split1,K312R,0.46640316205533594,0.5144195121913706
KNN-theta,GATA1,split1,L146P,0.7588932806324111,0.7081530774683463
KNN-theta,GATA1,split1,L190P,0.42292490118577075,0.6674675753133916
KNN-theta,GATA1,split1,L224P,0.02766798418972327,0.2677431915305992
KNN-theta,GATA1,split1,L355P,0.8379446640316206,0.7175092889590533
KNN-theta,GATA1,split1,L363P,0.19762845849802368,0.5599465663789222
KNN-theta,GATA1,split1,L387P,0.8181818181818181,0.6843949164938922
KNN-theta,GATA1,split1,L6P,0.8063241106719368,0.7078490364260451
KNN-theta,GATA1,split1,M1V,0.8814229249011858,0.68683049995359
KNN-theta,GATA1,split1,M335V,0.7747035573122529,0.6680494712396884
KNN-theta,GATA1,split1,"N238G,R239G",0.8300395256916996,0.6610776439672535
KNN-theta,GATA1,split1,Q257R,0.5770750988142292,0.6427001795293485
KNN-theta,GATA1,split1,R271G,0.18972332015810278,0.5470211183244283
KNN-theta,GATA1,split1,S155P,0.8695652173913043,0.6825918332383148
KNN-theta,GATA1,split1,S161G,0.48221343873517786,0.6016854681298357
KNN-theta,GATA1,split1,S174P,0.035573122529644285,0.30664064007214537
KNN-theta,GATA1,split1,S178G,0.9723320158102767,0.6674813916078053
KNN-theta,GATA1,split1,S310P,0.7549407114624506,0.6689141735562525
KNN-theta,GATA1,split1,S393P,0.8616600790513834,0.6852556343538876
KNN-theta,GATA1,split1,S72P,0.4347826086956522,0.6061804025288012
KNN-theta,GATA1,split1,T256A,0.8814229249011858,0.7000070328817553
KNN-theta,GATA1,split1,T264A,0.2885375494071146,0.58800128340324
KNN-theta,GATA1,split1,T324A,0.41501976284584985,0.606911386936678
KNN-theta,GATA1,split1,T391A,0.38735177865612647,0.5735168311560492
KNN-theta,GATA1,split1,"V109A,C110R",0.31225296442687744,0.5778713709960732
KNN-theta,GATA1,split1,V158A,0.3399209486166008,0.6258359797085233
KNN-theta,GATA1,split1,V291A,0.8221343873517787,0.7619923669040712
KNN-theta,GATA1,split1,V32A,0.5770750988142292,0.684852318789627
KNN-theta,GATA1,split1,"V32A,F33P",0.09090909090909094,0.357427204940358
KNN-theta,GATA1,split1,"V336A,V337A",0.30434782608695654,0.5349832919623746
KNN-theta,GATA1,split1,"V371A,L372P",0.3003952569169961,0.49145293876805113
KNN-theta,GATA1,split1,"Y185H,S186P",0.6798418972332017,0.6285397806437872
KNN-theta,GATA1,split1,Y285C,0.8814229249011858,0.4796912135817767
KNN-theta,GATA1,split1,Y62C,0.2964426877470355,0.34078365269805405
KNN-theta,GATA1,split1,Y62H,0.09486166007905139,0.47025231683826835
KNN-theta,GATA1,split1,Y78H,0.2845849802371542,0.5539770496542322
KNN-theta,GATA1,split1,Y93H,0.7391304347826086,0.6714169418853699
KNN-theta,GATA1,split2,C204R,0.01976284584980237,0.3022362707446953
KNN-theta,GATA1,split2,"C204R,V205A",0.6837944664031621,0.6323639226399481
KNN-theta,GATA1,split2,C207R,0.007905138339920903,0.25455638711606016
KNN-theta,GATA1,split2,C225R,0.9367588932806324,0.7090445325386889
KNN-theta,GATA1,split2,C228R,0.7233201581027668,0.6596921908431355
KNN-theta,GATA1,split2,C258R,0.32015810276679846,0.5653853376900008
KNN-theta,GATA1,split2,C261R,0.17391304347826086,0.48823939351685586
KNN-theta,GATA1,split2,C346R,0.383399209486166,0.5813285591925872
KNN-theta,GATA1,split2,D276G,0.7470355731225297,0.637574303263106
KNN-theta,GATA1,split2,E328G,0.32015810276679846,0.5897278422519132
KNN-theta,GATA1,split2,E348G,0.9011857707509882,0.6892922034299878
KNN-theta,GATA1,split2,F382S,0.8932806324110671,0.6658912183697477
KNN-theta,GATA1,split2,F394P,0.7747035573122529,0.6483761099333252
KNN-theta,GATA1,split2,H222R,0.3952569169960475,0.5699992936013308
KNN-theta,GATA1,split2,"H222R,Y223C",0.6047430830039526,0.6614496520659842
KNN-theta,GATA1,split2,"H232R,K233E",0.1541501976284585,0.48276748074117415
KNN-theta,GATA1,split2,H289R,0.9723320158102767,0.6706833863620467
KNN-theta,GATA1,split2,H362R,0.5177865612648221,0.6251041775794056
KNN-theta,GATA1,split2,H378R,0.26086956521739135,0.585896264952604
KNN-theta,GATA1,split2,I242T,0.02766798418972327,0.2203764096619165
KNN-theta,GATA1,split2,I242V,0.3003952569169961,0.612831393398571
KNN-theta,GATA1,split2,I249T,0.8695652173913043,0.6663140924235096
KNN-theta,GATA1,split2,"I249T,V250A",0.541501976284585,0.6048722213777113
KNN-theta,GATA1,split2,I249V,0.46640316205533594,0.681516229539818
KNN-theta,GATA1,split2,I302T,0.07114624505928857,0.3489272400811128
KNN-theta,GATA1,split2,I302V,0.43083003952569165,0.5466356895207378
KNN-theta,GATA1,split2,"K233R,M234V",0.5296442687747036,0.6555018844798021
KNN-theta,GATA1,split2,K245G,0.07114624505928857,0.3677058456753619
KNN-theta,GATA1,split2,K252G,0.17391304347826086,0.4633129621694763
KNN-theta,GATA1,split2,K252R,0.9288537549407114,0.6033944791165066
KNN-theta,GATA1,split2,K287G,0.6996047430830039,0.5287808388240134
KNN-theta,GATA1,split2,K299E,0.37154150197628455,0.5457908292414182
KNN-theta,GATA1,split2,"K299R,D300G",0.8577075098814229,0.6892501306610767
KNN-theta,GATA1,split2,K308G,0.7272727272727273,0.5665437218805891
KNN-theta,GATA1,split2,K312G,0.4940711462450593,0.49324571230097475
KNN-theta,GATA1,split2,K312R,0.45849802371541504,0.4983287968598811
KNN-theta,GATA1,split2,"K314R,K315G",0.19367588932806323,0.4793790023596894
KNN-theta,GATA1,split2,K316G,0.14229249011857703,0.47168998922943806
KNN-theta,GATA1,split2,K316R,0.34782608695652173,0.5754863323817264
KNN-theta,GATA1,split2,"L214P,W215R",0.5810276679841897,0.593120654003757
KNN-theta,GATA1,split2,L224P,0.08300395256916993,0.49341977345821886
KNN-theta,GATA1,split2,"L230P,Y231H",0.6798418972332017,0.6731710538511976
KNN-theta,GATA1,split2,L248P,0.4940711462450593,0.5989745148927859
KNN-theta,GATA1,split2,"L268P,W269R",0.7747035573122529,0.6159105482670837
KNN-theta,GATA1,split2,"L284P,Y285H",0.0,0.13401290535598365
KNN-theta,GATA1,split2,L288P,0.5335968379446641,0.6222230554165361
KNN-theta,GATA1,split2,L295P,0.34782608695652173,0.5588276567209461
KNN-theta,GATA1,split2,L355P,0.6719367588932806,0.6474073789805165
KNN-theta,GATA1,split2,L363P,0.21739130434782605,0.5678208019901745
KNN-theta,GATA1,split2,"L363P,Y364H",0.24110671936758898,0.5492869785510753
KNN-theta,GATA1,split2,L367P,0.5652173913043479,0.6436832221018726
KNN-theta,GATA1,split2,"L372P,S373P",0.9169960474308301,0.6649600561357859
KNN-theta,GATA1,split2,L379P,0.616600790513834,0.6387118158697971
KNN-theta,GATA1,split2,L386P,0.8656126482213439,0.6779010718067007
KNN-theta,GATA1,split2,"L386P,L387P",0.6521739130434783,0.6408297799191723
KNN-theta,GATA1,split2,L387P,0.9565217391304348,0.7057274350853208
KNN-theta,GATA1,split2,L411P,0.9130434782608696,0.6832279252865883
KNN-theta,GATA1,split2,M234T,0.7272727272727273,0.6934520241362703
KNN-theta,GATA1,split2,"M234V,N235D",0.3596837944664032,0.6106435408572981
KNN-theta,GATA1,split2,M297T,0.2806324110671937,0.5432646313737391
KNN-theta,GATA1,split2,M335T,0.2964426877470355,0.5148467919390393
KNN-theta,GATA1,split2,"M335T,V336A",0.541501976284585,0.6192743881574067
KNN-theta,GATA1,split2,M335V,0.7747035573122529,0.6164985179519668
KNN-theta,GATA1,split2,M380T,0.4426877470355731,0.6491178698941978
KNN-theta,GATA1,split2,M399T,0.7865612648221344,0.7074026414942823
KNN-theta,GATA1,split2,M399V,0.7944664031620553,0.622771139327074
KNN-theta,GATA1,split2,N206G,0.7312252964426877,0.655459669971781
KNN-theta,GATA1,split2,"N238G,R239G",0.5335968379446641,0.5793246107167613
KNN-theta,GATA1,split2,N272G,0.6284584980237153,0.6392616363875935
KNN-theta,GATA1,split2,N292G,0.1027667984189723,0.4624800740346507
KNN-theta,GATA1,split2,N292S,0.5177865612648221,0.5592741485066524
KNN-theta,GATA1,split2,N306G,0.9288537549407114,0.6921627928026074
KNN-theta,GATA1,split2,N345D,0.6363636363636364,0.6098608196465516
KNN-theta,GATA1,split2,N345G,0.6600790513833992,0.6605416709964079
KNN-theta,GATA1,split2,"Q237R,N238G",0.541501976284585,0.6107241037030776
KNN-theta,GATA1,split2,Q257R,0.541501976284585,0.6106185821492419
KNN-theta,GATA1,split2,"Q303R,T304A",0.4980237154150198,0.6418985822153732
KNN-theta,GATA1,split2,Q365R,0.9604743083003953,0.6673409312028202
KNN-theta,GATA1,split2,R271G,0.7747035573122529,0.5430693694439886
KNN-theta,GATA1,split2,S274G,0.4940711462450593,0.6491760152720394
KNN-theta,GATA1,split2,S310P,0.8142292490118577,0.6852712027035326
KNN-theta,GATA1,split2,S320G,0.308300395256917,0.5897459915734531
KNN-theta,GATA1,split2,S341G,0.6719367588932806,0.6735182860145466
KNN-theta,GATA1,split2,S343G,0.6403162055335969,0.6722070034639827
KNN-theta,GATA1,split2,S389P,0.9604743083003953,0.7252775623576663
KNN-theta,GATA1,split2,S393P,0.8853754940711462,0.69990837627417
KNN-theta,GATA1,split2,S412G,0.1027667984189723,0.4746774902539545
KNN-theta,GATA1,split2,T210A,0.5059288537549407,0.5637017449810834
KNN-theta,GATA1,split2,T212A,0.849802371541502,0.5966490348150227
KNN-theta,GATA1,split2,T220A,0.26086956521739135,0.5177558497066886
KNN-theta,GATA1,split2,T256A,0.13438735177865613,0.4749604951477946
KNN-theta,GATA1,split2,T259A,0.9525691699604744,0.6184743178062087
KNN-theta,GATA1,split2,"T263A,T264A",0.07509881422924902,0.41356210668524107
KNN-theta,GATA1,split2,T264A,0.4980237154150198,0.5362290905082456
KNN-theta,GATA1,split2,"T264A,T265A",0.5928853754940712,0.6102796444482973
KNN-theta,GATA1,split2,T265A,0.9802371541501976,0.7152736795677171
KNN-theta,GATA1,split2,"T265A,T266A",0.5217391304347826,0.5489058573057926
KNN-theta,GATA1,split2,T266A,0.6561264822134387,0.5605075903145383
KNN-theta,GATA1,split2,T267A,0.19762845849802368,0.5045240623943528
KNN-theta,GATA1,split2,T296A,0.7430830039525691,0.5827406894740169
KNN-theta,GATA1,split2,T324A,0.21739130434782605,0.4780199024722134
KNN-theta,GATA1,split2,T354A,0.9367588932806324,0.614371325471966
KNN-theta,GATA1,split2,T360A,0.2806324110671937,0.5208281906663191
KNN-theta,GATA1,split2,T391A,0.6679841897233201,0.560309161492389
KNN-theta,GATA1,split2,T402A,0.6521739130434783,0.5863901627728209
KNN-theta,GATA1,split2,"T402A,T403A",0.7391304347826086,0.5813593523237821
KNN-theta,GATA1,split2,"T403A,S404G",0.7944664031620553,0.6343146318611482
KNN-theta,GATA1,split2,"T405A,T406A",0.9841897233201581,0.6420141667871638
KNN-theta,GATA1,split2,V250A,0.5375494071146245,0.5827527349055094
KNN-theta,GATA1,split2,"V278A,C279R",0.3913043478260869,0.5802373324943051
KNN-theta,GATA1,split2,V291A,0.7114624505928854,0.7244099934128843
KNN-theta,GATA1,split2,"V336A,V337A",0.3517786561264822,0.5436210165544201
KNN-theta,GATA1,split2,V349A,0.1027667984189723,0.4483691191639446
KNN-theta,GATA1,split2,V370A,0.8300395256916996,0.7177624190392107
KNN-theta,GATA1,split2,"V371A,L372P",0.2964426877470355,0.4363198965861094
KNN-theta,GATA1,split2,V407A,0.83399209486166,0.7382692200985542
KNN-theta,GATA1,split2,"V407A,V408A",0.5296442687747036,0.6295506852060626
KNN-theta,GATA1,split2,V408A,0.22924901185770752,0.5311778961795476
KNN-theta,GATA1,split2,W215R,0.7154150197628458,0.6336116756012303
KNN-theta,GATA1,split2,W269R,0.8893280632411067,0.6480722187376277
KNN-theta,GATA1,split2,Y223C,0.8814229249011858,0.7541441438544124
KNN-theta,GATA1,split2,Y231C,0.2964426877470355,0.5084662246560546
KNN-theta,GATA1,split2,Y285C,0.1541501976284585,0.4872367990121837
KNN-theta,GATA1,split2,"Y285C,Y286C",0.04743083003952564,0.4339218785687278
KNN-theta,GATA1,split2,"Y286C,K287E",0.5731225296442688,0.5370627194411247
KNN-theta,GATA1,split2,Y286H,0.09090909090909094,0.4053767336551129
KNN-theta,GATA1,split2,"Y364C,Q365R",0.2885375494071146,0.5983715546473451
KNN-theta,GATA1,split3,C204R,0.01976284584980237,0.20554208977944802
KNN-theta,GATA1,split3,"C204R,V205A",0.9130434782608696,0.6617707122518053
KNN-theta,GATA1,split3,C207R,0.0,0.1231999850705091
KNN-theta,GATA1,split3,C225R,0.9209486166007905,0.735520365321513
KNN-theta,GATA1,split3,C228R,0.7075098814229249,0.6788184109793443
KNN-theta,GATA1,split3,C258R,0.25296442687747034,0.5266131465558402
KNN-theta,GATA1,split3,C261R,0.1541501976284585,0.4421838254441923
KNN-theta,GATA1,split3,D276G,0.7747035573122529,0.632737732077399
KNN-theta,GATA1,split3,H222R,0.3596837944664032,0.5750202946622125
KNN-theta,GATA1,split3,"H222R,Y223C",0.5494071146245059,0.6383660629223263
KNN-theta,GATA1,split3,"L214P,W215R",0.841897233201581,0.6877129686956442
KNN-theta,GATA1,split3,L224P,0.02766798418972327,0.2677431915305992
KNN-theta,GATA1,split3,"L268P,W269R",0.9920948616600791,0.7575210433573554
KNN-theta,GATA1,split3,N206G,0.5138339920948616,0.578770866474572
KNN-theta,GATA1,split3,N272G,0.9051383399209486,0.6417881651587259
KNN-theta,GATA1,split3,R271G,0.18972332015810278,0.5470211183244283
KNN-theta,GATA1,split3,S274G,0.4110671936758893,0.566206908986194
KNN-theta,GATA1,split3,T210A,0.7470355731225297,0.6654004463789284
KNN-theta,GATA1,split3,T212A,0.8656126482213439,0.7019988862580474
KNN-theta,GATA1,split3,T220A,0.7075098814229249,0.5848636360628802
KNN-theta,GATA1,split3,T259A,0.5612648221343873,0.6366764143626066
KNN-theta,GATA1,split3,"T263A,T264A",0.0513833992094862,0.3474166516180071
KNN-theta,GATA1,split3,T264A,0.36363636363636365,0.6054222135853444
KNN-theta,GATA1,split3,"T264A,T265A",0.7707509881422925,0.615937956697417
KNN-theta,GATA1,split3,T265A,0.23715415019762842,0.47746435953546906
KNN-theta,GATA1,split3,"T265A,T266A",0.8537549407114624,0.6913018366973412
KNN-theta,GATA1,split3,T266A,0.841897233201581,0.6949038719530145
KNN-theta,GATA1,split3,T267A,0.7509881422924901,0.6685957786270694
KNN-theta,GATA1,split3,"V278A,C279R",0.5533596837944664,0.6073452270723234
KNN-theta,GATA1,split3,W215R,0.6798418972332017,0.6452454840837876
KNN-theta,GATA1,split3,W269R,0.6679841897233201,0.6331161005616777
KNN-theta,GATA1,split3,Y223C,0.841897233201581,0.7154861756658796
KNN-theta,GATA1,split5,C346R,0.3913043478260869,0.594984747590342
KNN-theta,GATA1,split5,E114G,0.2885375494071146,0.543734782970906
KNN-theta,GATA1,split5,"E114G,D115G",0.23320158102766797,0.49863932992399396
KNN-theta,GATA1,split5,E134G,0.1027667984189723,0.4372665986244206
KNN-theta,GATA1,split5,E13G,0.47430830039525695,0.6170245345534151
KNN-theta,GATA1,split5,F168P,0.383399209486166,0.588263901606777
KNN-theta,GATA1,split5,F172L,0.9525691699604744,0.7504711286961209
KNN-theta,GATA1,split5,"F172S,F173P",0.4624505928853755,0.5940779552537367
KNN-theta,GATA1,split5,"F33P,F34P",0.07905138339920947,0.39091764705827914
KNN-theta,GATA1,split5,F3L,0.06324110671936756,0.42309040722510854
KNN-theta,GATA1,split5,H222R,0.3596837944664032,0.5750202946622125
KNN-theta,GATA1,split5,I249T,0.07509881422924902,0.18354412141859444
KNN-theta,GATA1,split5,I302V,0.04743083003952564,0.35605502214593104
KNN-theta,GATA1,split5,"K100G,T101A",0.18577075098814233,0.5200611932306267
KNN-theta,GATA1,split5,K245G,0.04743083003952564,0.29599966240304887
KNN-theta,GATA1,split5,K252R,0.2924901185770751,0.5480502574174406
KNN-theta,GATA1,split5,K287G,0.09486166007905139,0.4975803295434149
KNN-theta,GATA1,split5,K312G,0.04347826086956519,0.3537346313119809
KNN-theta,GATA1,split5,K312R,0.20948616600790515,0.48672648179775724
KNN-theta,GATA1,split5,"K314R,K315G",0.1620553359683794,0.4962263618022966
KNN-theta,GATA1,split5,L136S,0.07509881422924902,0.3761072457614586
KNN-theta,GATA1,split5,L141P,0.30434782608695654,0.569998216583857
KNN-theta,GATA1,split5,L196P,0.7272727272727273,0.6729833957446496
KNN-theta,GATA1,split5,"L284P,Y285H",0.4189723320158103,0.40644838603548
KNN-theta,GATA1,split5,"L386P,L387P",0.4624505928853755,0.6203100779943072
KNN-theta,GATA1,split5,L80P,0.6086956521739131,0.6472075856812589
KNN-theta,GATA1,split5,M335T,0.2845849802371542,0.5619740958285383
KNN-theta,GATA1,split5,N160D,0.059288537549407105,0.43224154533046766
KNN-theta,GATA1,split5,"Q237R,N238G",0.5494071146245059,0.6282077112838302
KNN-theta,GATA1,split5,S12P,0.08300395256916993,0.4161677921279309
KNN-theta,GATA1,split5,S142G,0.24110671936758898,0.5460766794295117
KNN-theta,GATA1,split5,S174P,0.04347826086956519,0.3223786319283903
KNN-theta,GATA1,split5,S186P,0.2648221343873518,0.5686820635123951
KNN-theta,GATA1,split5,S36P,0.0,0.17267442312828019
KNN-theta,GATA1,split5,S46P,0.13833992094861658,0.4761367120492944
KNN-theta,GATA1,split5,T171A,0.18181818181818177,0.5081356123888795
KNN-theta,GATA1,split5,T220A,0.2490118577075099,0.5243890440618938
KNN-theta,GATA1,split5,V250A,0.8656126482213439,0.694953171951406
KNN-theta,GATA1,split5,"V278A,C279R",0.5731225296442688,0.6095365366547332
KNN-theta,GATA1,split5,"V32A,F33P",0.03952569169960474,0.3915643785992623
KNN-theta,GATA1,split5,"V336A,V337A",0.32806324110671936,0.5421634923419366
KNN-theta,GATA1,split5,Y285C,0.1541501976284585,0.487236799614727
KNN-theta,GATA1,split5,"Y285C,Y286C",0.04743083003952564,0.43392187839915936
KNN-theta,GATA1,split5,Y286H,0.09090909090909094,0.46114025476131154
KNN-theta,GATA1,split5,Y69H,0.22924901185770752,0.5258066289926122
KNN-theta,GATA1,split6,C199R,0.5533596837944664,0.6444417160648875
KNN-theta,GATA1,split6,C207R,0.007905138339920903,0.38803839890236347
KNN-theta,GATA1,split6,C225R,0.5968379446640316,0.6035346977926213
KNN-theta,GATA1,split6,E114G,0.2134387351778656,0.5226220498938122
KNN-theta,GATA1,split6,E200G,0.43083003952569165,0.5890215643217781
KNN-theta,GATA1,split6,E328G,0.4624505928853755,0.6326789458212951
KNN-theta,GATA1,split6,E348G,0.841897233201581,0.6814397351381601
KNN-theta,GATA1,split6,F172P,0.2569169960474308,0.44226985321449913
KNN-theta,GATA1,split6,H222R,0.3438735177865613,0.569627188905449
KNN-theta,GATA1,split6,"I249T,V250A",0.32806324110671936,0.6023764744752599
KNN-theta,GATA1,split6,I87T,0.09090909090909094,0.45214108609760034
KNN-theta,GATA1,split6,"K100G,T101A",0.4940711462450593,0.4529611981809757
KNN-theta,GATA1,split6,K137E,0.3952569169960475,0.6296016408745758
KNN-theta,GATA1,split6,K287G,0.35573122529644263,0.4899487024051979
KNN-theta,GATA1,split6,"K299R,D300G",0.8853754940711462,0.6808274528387488
KNN-theta,GATA1,split6,K312R,0.46640316205533594,0.5144195121913706
KNN-theta,GATA1,split6,L146P,0.7588932806324111,0.7081530774683463
KNN-theta,GATA1,split6,L190P,0.42292490118577075,0.6674675753133916
KNN-theta,GATA1,split6,L224P,0.02766798418972327,0.2677431915305992
KNN-theta,GATA1,split6,L355P,0.8379446640316206,0.7175092889590533
KNN-theta,GATA1,split6,L363P,0.19762845849802368,0.5599465663789222
KNN-theta,GATA1,split6,L387P,0.8181818181818181,0.6843949164938922
KNN-theta,GATA1,split6,L6P,0.8063241106719368,0.7078490364260451
KNN-theta,GATA1,split6,M1V,0.8814229249011858,0.68683049995359
KNN-theta,GATA1,split6,M335V,0.7747035573122529,0.6680494712396884
KNN-theta,GATA1,split6,"N238G,R239G",0.8300395256916996,0.6610776439672535
KNN-theta,GATA1,split6,Q257R,0.5770750988142292,0.6427001795293485
KNN-theta,GATA1,split6,R271G,0.18972332015810278,0.5470211183244283
KNN-theta,GATA1,split6,S155P,0.8695652173913043,0.6825918332383148
KNN-theta,GATA1,split6,S161G,0.48221343873517786,0.6016854681298357
KNN-theta,GATA1,split6,S174P,0.035573122529644285,0.30664064007214537
KNN-theta,GATA1,split6,S178G,0.9723320158102767,0.6674813916078053
KNN-theta,GATA1,split6,S310P,0.7549407114624506,0.6689141735562525
KNN-theta,GATA1,split6,S393P,0.8616600790513834,0.6852556343538876
KNN-theta,GATA1,split6,S72P,0.4347826086956522,0.6061804025288012
KNN-theta,GATA1,split6,T256A,0.8814229249011858,0.7000070328817553
KNN-theta,GATA1,split6,T264A,0.2885375494071146,0.58800128340324
KNN-theta,GATA1,split6,T324A,0.41501976284584985,0.606911386936678
KNN-theta,GATA1,split6,T391A,0.38735177865612647,0.5735168311560492
KNN-theta,GATA1,split6,"V109A,C110R",0.31225296442687744,0.5778713709960732
KNN-theta,GATA1,split6,V158A,0.3399209486166008,0.6258359797085233
KNN-theta,GATA1,split6,V291A,0.8221343873517787,0.7619923669040712
KNN-theta,GATA1,split6,V32A,0.5770750988142292,0.684852318789627
KNN-theta,GATA1,split6,"V32A,F33P",0.09090909090909094,0.357427204940358
KNN-theta,GATA1,split6,"V336A,V337A",0.30434782608695654,0.5349832919623746
KNN-theta,GATA1,split6,"V371A,L372P",0.3003952569169961,0.49145293876805113
KNN-theta,GATA1,split6,"Y185H,S186P",0.6798418972332017,0.6285397806437872
KNN-theta,GATA1,split6,Y285C,0.8814229249011858,0.4796912135817767
KNN-theta,GATA1,split6,Y62C,0.2964426877470355,0.34078365269805405
KNN-theta,GATA1,split6,Y62H,0.09486166007905139,0.47025231683826835
KNN-theta,GATA1,split6,Y78H,0.2845849802371542,0.5539770496542322
KNN-theta,GATA1,split6,Y93H,0.7391304347826086,0.6714169418853699
KNN-theta,JAK1,split1,E762K,0.52,0.8661540224086997
KNN-theta,JAK1,split1,"G1068E,G1068R",0.76,0.8827948606130095
KNN-theta,JAK1,split1,"G887R,G887E",0.64,0.845838798155037
KNN-theta,JAK1,split1,"P1118L,P1118S,P1121S",0.12,0.0777025165199109
KNN-theta,JAK1,split1,Q387*,0.6,0.8746944676260225
KNN-theta,JAK1,split1,Q437*,0.31999999999999995,0.8230883749224798
KNN-theta,JAK1,split1,Q572*,0.96,0.9346774784772681
KNN-theta,JAK1,split1,splice_64850911,0.4,0.8321532296669115
KNN-theta,JAK1,split1,syn_N357,0.0,-0.04377644055027316
KNN-theta,JAK1,split2,D775N,0.6,0.8837601104135854
KNN-theta,JAK1,split2,E1051K,0.88,0.9379202436198728
KNN-theta,JAK1,split2,"E706K,D707N",0.92,0.9393539749872811
KNN-theta,JAK1,split2,E762K,0.52,0.8722966372296607
KNN-theta,JAK1,split2,"G1068E,G1068R",0.72,0.8904966859163918
KNN-theta,JAK1,split2,"G590E,G590R",0.56,0.8357011958421426
KNN-theta,JAK1,split2,"G887R,G887E",0.6,0.8433235987537084
KNN-theta,JAK1,split2,"P1118L,P1118S,P1121S",0.16000000000000003,0.07851059919768417
KNN-theta,JAK1,split2,"P1121L,P1121S",0.24,0.12141653842576526
KNN-theta,JAK1,split2,P761S,0.64,0.9089504691552656
KNN-theta,JAK1,split2,S1062F,0.72,0.8920985304142273
KNN-theta,JAK1,split2,T717I,0.76,0.20527601861100983
KNN-theta,JAK1,split2,splice_64850911,0.4,0.8370681298214699
KNN-theta,JAK1,split3,D775N,0.4,-0.05644740675035588
KNN-theta,JAK1,split3,E1051K,0.36,-0.057653323398684925
KNN-theta,JAK1,split3,E447K,0.24,-0.06420282530822247
KNN-theta,JAK1,split3,E486K,0.64,-0.018102481717619325
KNN-theta,JAK1,split3,"E706K,D707N",0.43999999999999995,-0.05432989046848117
KNN-theta,JAK1,split3,E762K,0.040000000000000036,-0.0759135924343391
KNN-theta,JAK1,split3,"G1068E,G1068R",0.16000000000000003,-0.06651034750904537
KNN-theta,JAK1,split3,"G590E,G590R",0.19999999999999996,-0.06611684693520636
KNN-theta,JAK1,split3,"G887R,G887E",0.72,0.046963285237104045
KNN-theta,JAK1,split3,P761S,0.36,-0.02918284111793575
KNN-theta,JAK1,split3,Q387*,0.6,-0.03974851459546157
KNN-theta,JAK1,split3,Q437*,0.56,-0.0432794622302153
KNN-theta,JAK1,split3,Q499*,0.52,-0.048313892258856
KNN-theta,JAK1,split3,Q545*,0.12,-0.06589702299929874
KNN-theta,JAK1,split3,Q572*,0.28,-0.06331853112156671
KNN-theta,JAK1,split3,R108Q,0.6799999999999999,0.007549606321329575
KNN-theta,JAK1,split3,"R549Q,E550K",0.07999999999999996,-0.07329271752976527
KNN-theta,JAK1,split3,S1062F,0.4,0.005551201562902469
KNN-theta,JAK1,split3,T558I,0.8,0.15271899324550078
KNN-theta,JAK1,split3,splice_64850911,0.0,-0.0761518934803657
KNN-theta,JAK1,split5,D775N,0.6799999999999999,0.9102464535037149
KNN-theta,JAK1,split5,E486K,0.43999999999999995,0.8505117488798015
KNN-theta,JAK1,split5,E762K,0.52,0.8760586034288078
KNN-theta,JAK1,split5,"G590E,G590R",0.6,0.8996175019203021
KNN-theta,JAK1,split5,L321F,0.07999999999999996,0.05206104211363287
KNN-theta,JAK1,split5,"P1121L,P1121S",0.16000000000000003,0.23885164292370858
KNN-theta,JAK1,split5,P761S,0.76,0.9104228834844327
KNN-theta,JAK1,split5,Q387*,0.6799999999999999,0.8874694830693955
KNN-theta,JAK1,split5,Q437*,0.43999999999999995,0.8358947217790772
KNN-theta,JAK1,split5,Q499*,0.36,0.8157408779591141
KNN-theta,JAK1,split5,Q545*,0.31999999999999995,0.8010311831676682
KNN-theta,JAK1,split5,R108Q,0.36,0.694676864387132
KNN-theta,JAK1,split5,"R549Q,E550K",0.48,0.8374754780402276
KNN-theta,JAK1,split5,T717I,0.0,-0.08404630082734778
KNN-theta,JAK1,split5,splice_64850911,0.52,0.8370409427985286
KNN-theta,JAK1,split5,syn_L158,0.12,0.06083162253997559
KNN-theta,JAK1,split5,syn_N357,0.0,-0.13639340474768247
Lasso-esm+theta,TP53,split1,A159P,0.8041237113402062,0.8114774885983252
Lasso-esm+theta,TP53,split1,A159V,0.7525773195876289,0.814944214771398
Lasso-esm+theta,TP53,split1,C141Y,0.21649484536082475,0.781740894405456
Lasso-esm+theta,TP53,split1,C238Y,0.04123711340206182,0.7700068023815319
Lasso-esm+theta,TP53,split1,G245V,0.41237113402061853,0.7927463741506288
Lasso-esm+theta,TP53,split1,H179R,0.31958762886597936,0.7848722924054762
Lasso-esm+theta,TP53,split1,P47S,0.22680412371134018,0.7853223888171633
Lasso-esm+theta,TP53,split1,P58R,0.0,0.7404779300101049
Lasso-esm+theta,TP53,split1,Q5R,0.3608247422680413,0.7915397200565015
Lasso-esm+theta,TP53,split1,R175H,0.6082474226804124,0.8023473393888971
Lasso-esm+theta,TP53,split1,R273H,1.0,0.8386570649106945
Lasso-esm+theta,TP53,split1,S241C,0.5463917525773196,0.7997166394964111
Lasso-esm+theta,TP53,split1,S366A,0.15463917525773196,0.780887742513751
Lasso-esm+theta,TP53,split1,T312S,0.6907216494845361,0.8044129434238727
Lasso-esm+theta,TP53,split1,V31I,0.11340206185567014,0.7796683156939372
Lasso-esm+theta,TP53,split1,Y220C,0.4948453608247423,0.7934974161489963
Lasso-esm+theta,TP53,split2,C238F,0.44329896907216493,0.7884690057642357
Lasso-esm+theta,TP53,split2,C238Y,0.05154639175257736,0.767102301080046
Lasso-esm+theta,TP53,split2,C242F,0.3298969072164949,0.8002273949916969
Lasso-esm+theta,TP53,split2,C275F,0.0,0.7564681596436108
Lasso-esm+theta,TP53,split2,C275Y,0.061855670103092786,0.7615771113516753
Lasso-esm+theta,TP53,split2,C277F,0.711340206185567,0.803881090983085
Lasso-esm+theta,TP53,split2,E271K,0.6494845360824743,0.80542756093477
Lasso-esm+theta,TP53,split2,E285K,0.15463917525773196,0.7798908319620187
Lasso-esm+theta,TP53,split2,E286K,0.21649484536082475,0.7737737407693827
Lasso-esm+theta,TP53,split2,E339K,0.08247422680412375,0.7616167861739814
Lasso-esm+theta,TP53,split2,G244C,0.1649484536082474,0.7829072978550922
Lasso-esm+theta,TP53,split2,G245C,0.7628865979381443,0.8059928303180575
Lasso-esm+theta,TP53,split2,G245D,0.8969072164948454,0.818688823875604
Lasso-esm+theta,TP53,split2,G245S,0.41237113402061853,0.7938893331287423
Lasso-esm+theta,TP53,split2,G245V,0.4226804123711341,0.7932457468741525
Lasso-esm+theta,TP53,split2,G266E,0.24742268041237114,0.7800399615747369
Lasso-esm+theta,TP53,split2,G266R,0.48453608247422686,0.7894014307941221
Lasso-esm+theta,TP53,split2,G266V,0.5670103092783505,0.8098999843126408
Lasso-esm+theta,TP53,split2,G360V,0.6185567010309279,0.8007646353860595
Lasso-esm+theta,TP53,split2,L344L,0.7525773195876289,0.8060022365228892
Lasso-esm+theta,TP53,split2,M237I,0.30927835051546393,0.7959496821928915
Lasso-esm+theta,TP53,split2,M246V,0.7010309278350515,0.8007161864440419
Lasso-esm+theta,TP53,split2,P222P,0.28865979381443296,0.7795890572006361
Lasso-esm+theta,TP53,split2,P250L,0.865979381443299,0.8119541464222023
Lasso-esm+theta,TP53,split2,P278L,0.31958762886597936,0.7810630866542853
Lasso-esm+theta,TP53,split2,P278S,0.35051546391752575,0.7920688316789796
Lasso-esm+theta,TP53,split2,P295P,0.6391752577319587,0.8024595043029458
Lasso-esm+theta,TP53,split2,P301P,0.20618556701030932,0.7843542784204895
Lasso-esm+theta,TP53,split2,P359P,0.6082474226804124,0.8042836967251127
Lasso-esm+theta,TP53,split2,R248L,0.09278350515463918,0.7677024921914674
Lasso-esm+theta,TP53,split2,R248W,0.5773195876288659,0.8044523898519491
Lasso-esm+theta,TP53,split2,R249M,0.28865979381443296,0.7793710807021479
Lasso-esm+theta,TP53,split2,R249S,0.21649484536082475,0.7785488645508956
Lasso-esm+theta,TP53,split2,R273C,0.07216494845360821,0.7648074741553545
Lasso-esm+theta,TP53,split2,R273H,1.0,0.8384331897525638
Lasso-esm+theta,TP53,split2,R273L,0.18556701030927836,0.7901065987062914
Lasso-esm+theta,TP53,split2,R280K,0.5567010309278351,0.7937012553738845
Lasso-esm+theta,TP53,split2,R280T,0.27835051546391754,0.7817716187896002
Lasso-esm+theta,TP53,split2,R282W,0.23711340206185572,0.7768260989157291
Lasso-esm+theta,TP53,split2,R337C,0.030927835051546393,0.766963981657676
Lasso-esm+theta,TP53,split2,R337L,0.1030927835051546,0.7868323569577513
Lasso-esm+theta,TP53,split2,S241C,0.5876288659793815,0.7999240915707413
Lasso-esm+theta,TP53,split2,S241F,0.6804123711340206,0.8040521752915007
Lasso-esm+theta,TP53,split2,S366A,0.15463917525773196,0.7797106127605217
Lasso-esm+theta,TP53,split2,T312S,0.731958762886598,0.8051837059446435
Lasso-esm+theta,TP53,split2,V272L,0.5463917525773196,0.8048860438634068
Lasso-esm+theta,TP53,split2,V272M,0.44329896907216493,0.7897405225508625
Lasso-esm+theta,TP53,split2,Y234C,0.8247422680412371,0.8099606611963679
Lasso-esm+theta,TP53,split2,Y236C,0.7938144329896908,0.8109998439556617
Lasso-esm+theta,TP53,split3,G245C,0.6701030927835052,0.8044518754628541
Lasso-esm+theta,TP53,split3,G245D,0.9690721649484536,0.8230764618587811
Lasso-esm+theta,TP53,split3,G245S,0.4226804123711341,0.7958197468009803
Lasso-esm+theta,TP53,split3,G245V,0.4639175257731959,0.7953906148807264
Lasso-esm+theta,TP53,split3,R175H,0.6185567010309279,0.8029397844599698
Lasso-esm+theta,TP53,split3,R249M,0.17525773195876293,0.7789847611702643
Lasso-esm+theta,TP53,split3,R249S,0.20618556701030932,0.7808401147734796
Lasso-esm+theta,TP53,split3,R282W,0.15463917525773196,0.7767403286056374
Lasso-esm+theta,TP53,split3,Y220C,0.5567010309278351,0.7971155263661701
Lasso-esm+theta,TP53,split6,A159P,0.8144329896907216,0.8115519586207657
Lasso-esm+theta,TP53,split6,A159V,0.7731958762886598,0.8155640503172485
Lasso-esm+theta,TP53,split6,C141Y,0.20618556701030932,0.7823592137016921
Lasso-esm+theta,TP53,split6,C238Y,0.04123711340206182,0.7710544856915538
Lasso-esm+theta,TP53,split6,G245V,0.4329896907216495,0.7943682430876454
Lasso-esm+theta,TP53,split6,H179R,0.31958762886597936,0.7846952577444791
Lasso-esm+theta,TP53,split6,R175H,0.6288659793814433,0.8033802836440661
Lasso-esm+theta,TP53,split6,R273H,1.0,0.839555743543918
Lasso-esm+theta,TP53,split6,S241C,0.5463917525773196,0.8000503751367806
Lasso-esm+theta,TP53,split6,Y220C,0.5257731958762887,0.7948179662379842
Lasso-esm+theta,KRAS,split1,A146T,0.7692307692307692,0.7392534538758626
Lasso-esm+theta,KRAS,split1,A146V,0.8461538461538461,0.7497613946682213
Lasso-esm+theta,KRAS,split1,G12C,0.23076923076923073,0.7011136168883563
Lasso-esm+theta,KRAS,split1,G12D,0.46153846153846156,0.7254343671095949
Lasso-esm+theta,KRAS,split1,G12R,0.2417582417582418,0.7128654643970744
Lasso-esm+theta,KRAS,split1,G12V,0.1648351648351648,0.6997476166440805
Lasso-esm+theta,KRAS,split1,Q61H,0.9230769230769231,0.7567110987865805
Lasso-esm+theta,KRAS,split1,Q61L,0.6373626373626373,0.7296394336349201
Lasso-esm+theta,KRAS,split2,A130V,0.7252747252747253,0.7320656181334017
Lasso-esm+theta,KRAS,split2,A146P,0.5714285714285714,0.7244085331290904
Lasso-esm+theta,KRAS,split2,A146T,0.7912087912087912,0.7364000106965493
Lasso-esm+theta,KRAS,split2,A146V,0.8571428571428572,0.7456048927056336
Lasso-esm+theta,KRAS,split2,A155G,0.37362637362637363,0.7107703052558968
Lasso-esm+theta,KRAS,split2,A66A,0.3296703296703297,0.7199371856916404
Lasso-esm+theta,KRAS,split2,C118S,0.5604395604395604,0.7225690077937461
Lasso-esm+theta,KRAS,split2,D119G,0.07692307692307687,0.6937365815659307
Lasso-esm+theta,KRAS,split2,D173D,0.03296703296703296,0.7067455379392682
Lasso-esm+theta,KRAS,split2,E63K,0.6923076923076923,0.7272583781056775
Lasso-esm+theta,KRAS,split2,F141L,0.19780219780219777,0.7102653454786609
Lasso-esm+theta,KRAS,split2,G75A,0.15384615384615385,0.6960661091422666
Lasso-esm+theta,KRAS,split2,G77A,0.5824175824175823,0.722308745551021
Lasso-esm+theta,KRAS,split2,I163S,0.6153846153846154,0.7216381149041443
Lasso-esm+theta,KRAS,split2,K117N,0.23076923076923073,0.6963856265552701
Lasso-esm+theta,KRAS,split2,K117R,0.7032967032967032,0.7342924025044891
Lasso-esm+theta,KRAS,split2,K147N,0.2417582417582418,0.7034586140285128
Lasso-esm+theta,KRAS,split2,K147T,0.04395604395604391,0.6968084717015712
Lasso-esm+theta,KRAS,split2,K169K,0.8021978021978022,0.7381589959508528
Lasso-esm+theta,KRAS,split2,K176Q,0.7252747252747253,0.729585358359822
Lasso-esm+theta,KRAS,split2,K178K,0.6373626373626373,0.7262033528347427
Lasso-esm+theta,KRAS,split2,K88K,0.13186813186813184,0.6986418728948669
Lasso-esm+theta,KRAS,split2,L159S,0.9230769230769231,0.747236055667906
Lasso-esm+theta,KRAS,split2,L79I,0.3846153846153846,0.7197077914277692
Lasso-esm+theta,KRAS,split2,M111L,0.01098901098901095,0.681233305173814
Lasso-esm+theta,KRAS,split2,P110S,0.39560439560439564,0.7206790339330373
Lasso-esm+theta,KRAS,split2,Q99E,0.39560439560439564,0.7091079101557449
Lasso-esm+theta,KRAS,split2,R135T,0.6923076923076923,0.7311702861045477
Lasso-esm+theta,KRAS,split2,R149K,0.48351648351648346,0.717725919483801
Lasso-esm+theta,KRAS,split2,R164Q,0.3846153846153846,0.7187502575925493
Lasso-esm+theta,KRAS,split2,R68S,0.25274725274725274,0.7032768895724316
Lasso-esm+theta,KRAS,split2,S136N,0.7582417582417582,0.7406806525478752
Lasso-esm+theta,KRAS,split2,T127T,0.2417582417582418,0.7030750831699665
Lasso-esm+theta,KRAS,split2,T144P,0.1208791208791209,0.6926337414232117
Lasso-esm+theta,KRAS,split2,T144T,0.2637362637362637,0.7218241701172652
Lasso-esm+theta,KRAS,split2,T158A,0.17582417582417587,0.7053331458271136
Lasso-esm+theta,KRAS,split2,T158T,0.10989010989010994,0.7022868069394446
Lasso-esm+theta,KRAS,split2,T74A,0.8351648351648352,0.7418904307431139
Lasso-esm+theta,KRAS,split2,T74T,0.43956043956043955,0.7175530362565858
Lasso-esm+theta,KRAS,split2,V112I,0.6593406593406593,0.724850314020459
Lasso-esm+theta,KRAS,split2,Y166H,0.9340659340659341,0.7528703260082328
Lasso-esm+theta,KRAS,split3,A146P,0.5824175824175823,0.7286989532747488
Lasso-esm+theta,KRAS,split3,A146T,0.7692307692307692,0.7375228747485676
Lasso-esm+theta,KRAS,split3,A146V,0.8241758241758241,0.7468183818679361
Lasso-esm+theta,KRAS,split3,G12A,0.3076923076923077,0.7093933565764969
Lasso-esm+theta,KRAS,split3,G12C,0.17582417582417587,0.6991718455932988
Lasso-esm+theta,KRAS,split3,G12S,0.9120879120879121,0.749828220349175
Lasso-esm+theta,KRAS,split3,G13C,0.6813186813186813,0.7466566864049714
Lasso-esm+theta,KRAS,split3,K117R,0.7142857142857143,0.7369435063486172
Lasso-esm+theta,KRAS,split3,Q61H,0.9340659340659341,0.7567418135902675
Lasso-esm+theta,KRAS,split3,Q61P,0.1428571428571429,0.6961638197864126
Lasso-esm+theta,KRAS,split6,A146T,0.7692307692307692,0.7392534538758626
Lasso-esm+theta,KRAS,split6,A146V,0.8461538461538461,0.7497613946682213
Lasso-esm+theta,KRAS,split6,G12C,0.23076923076923073,0.7011136168883563
Lasso-esm+theta,KRAS,split6,G12D,0.46153846153846156,0.7254343671095949
Lasso-esm+theta,KRAS,split6,G12R,0.2417582417582418,0.7128654643970744
Lasso-esm+theta,KRAS,split6,G12V,0.1648351648351648,0.6997476166440805
Lasso-esm+theta,KRAS,split6,Q61H,0.9230769230769231,0.7567110987865805
Lasso-esm+theta,KRAS,split6,Q61L,0.6373626373626373,0.7296394336349201
Lasso-esm+theta,GATA1,split1,C199R,0.6245059288537549,0.7497981810716222
Lasso-esm+theta,GATA1,split1,C207R,0.0,0.2751181484306007
Lasso-esm+theta,GATA1,split1,C225R,0.9920948616600791,0.7988281137372683
Lasso-esm+theta,GATA1,split1,E114G,0.2490118577075099,0.6044284528706528
Lasso-esm+theta,GATA1,split1,E200G,0.4347826086956522,0.6791169928183989
Lasso-esm+theta,GATA1,split1,E328G,0.43083003952569165,0.710869632573614
Lasso-esm+theta,GATA1,split1,E348G,0.9407114624505929,0.7807660327287257
Lasso-esm+theta,GATA1,split1,F172P,0.2845849802371542,0.6366700406625008
Lasso-esm+theta,GATA1,split1,H222R,0.4347826086956522,0.6792677287130744
Lasso-esm+theta,GATA1,split1,"I249T,V250A",0.2134387351778656,0.6421527690867006
Lasso-esm+theta,GATA1,split1,I87T,0.08300395256916993,0.5340077791008172
Lasso-esm+theta,GATA1,split1,"K100G,T101A",0.13438735177865613,0.5626486143611477
Lasso-esm+theta,GATA1,split1,K137E,0.383399209486166,0.7012589035984986
Lasso-esm+theta,GATA1,split1,K287G,0.10671936758893286,0.6047168333645069
Lasso-esm+theta,GATA1,split1,"K299R,D300G",0.83399209486166,0.7616619236097794
Lasso-esm+theta,GATA1,split1,K312R,0.17786561264822132,0.5431626996474237
Lasso-esm+theta,GATA1,split1,L146P,0.7233201581027668,0.7508387056201432
Lasso-esm+theta,GATA1,split1,L190P,0.5612648221343873,0.7628839903179048
Lasso-esm+theta,GATA1,split1,L224P,0.03952569169960474,0.48602072356989484
Lasso-esm+theta,GATA1,split1,L355P,0.8260869565217391,0.7670773008794909
Lasso-esm+theta,GATA1,split1,L363P,0.2055335968379447,0.6626020311138195
Lasso-esm+theta,GATA1,split1,L387P,0.6284584980237153,0.72863703547372
Lasso-esm+theta,GATA1,split1,L6P,0.9446640316205533,0.7824628424202804
Lasso-esm+theta,GATA1,split1,M1V,0.6284584980237153,0.7444186197079272
Lasso-esm+theta,GATA1,split1,M335V,0.7549407114624506,0.7528482322969566
Lasso-esm+theta,GATA1,split1,"N238G,R239G",0.7470355731225297,0.742003493906303
Lasso-esm+theta,GATA1,split1,Q257R,0.5573122529644269,0.7267619614942933
Lasso-esm+theta,GATA1,split1,R271G,0.20948616600790515,0.6385374157036495
Lasso-esm+theta,GATA1,split1,S155P,0.4980237154150198,0.7204673655526128
Lasso-esm+theta,GATA1,split1,S161G,0.5296442687747036,0.715095353498231
Lasso-esm+theta,GATA1,split1,S174P,0.09486166007905139,0.47342036372286583
Lasso-esm+theta,GATA1,split1,S178G,0.9960474308300395,0.7977788398293154
Lasso-esm+theta,GATA1,split1,S310P,0.7786561264822134,0.7518950979948392
Lasso-esm+theta,GATA1,split1,S393P,0.8181818181818181,0.7625424044000251
Lasso-esm+theta,GATA1,split1,S72P,0.5731225296442688,0.7196254657806561
Lasso-esm+theta,GATA1,split1,T256A,0.9130434782608696,0.7702867078292882
Lasso-esm+theta,GATA1,split1,T264A,0.27667984189723316,0.6493618315467861
Lasso-esm+theta,GATA1,split1,T324A,0.3241106719367589,0.6480388307379892
Lasso-esm+theta,GATA1,split1,T391A,0.19762845849802368,0.629145450645875
Lasso-esm+theta,GATA1,split1,"V109A,C110R",0.2648221343873518,0.631515203235032
Lasso-esm+theta,GATA1,split1,V158A,0.2924901185770751,0.6836879861322652
Lasso-esm+theta,GATA1,split1,V291A,0.7312252964426877,0.7617223885636526
Lasso-esm+theta,GATA1,split1,V32A,0.46640316205533594,0.7267029285314265
Lasso-esm+theta,GATA1,split1,"V32A,F33P",0.08695652173913049,0.49350559416763295
Lasso-esm+theta,GATA1,split1,"V336A,V337A",0.3399209486166008,0.6439425630496092
Lasso-esm+theta,GATA1,split1,"V371A,L372P",0.6679841897233201,0.7386646603123942
Lasso-esm+theta,GATA1,split1,"Y185H,S186P",0.9486166007905138,0.7819100996201758
Lasso-esm+theta,GATA1,split1,Y285C,0.06324110671936756,0.5015327689484234
Lasso-esm+theta,GATA1,split1,Y62C,0.782608695652174,0.7543642076624621
Lasso-esm+theta,GATA1,split1,Y62H,0.09486166007905139,0.5575570671045941
Lasso-esm+theta,GATA1,split1,Y78H,0.3675889328063241,0.6684026610665106
Lasso-esm+theta,GATA1,split1,Y93H,0.49011857707509876,0.7219706083982634
Lasso-esm+theta,GATA1,split2,C204R,0.02371541501976282,0.35257767244808624
Lasso-esm+theta,GATA1,split2,"C204R,V205A",0.691699604743083,0.7391584644072454
Lasso-esm+theta,GATA1,split2,C207R,0.0,0.26184994387437854
Lasso-esm+theta,GATA1,split2,C225R,0.9407114624505929,0.7810170914030864
Lasso-esm+theta,GATA1,split2,C228R,0.8656126482213439,0.7709834901976743
Lasso-esm+theta,GATA1,split2,C258R,0.2845849802371542,0.6519691700306152
Lasso-esm+theta,GATA1,split2,C261R,0.2055335968379447,0.590992644130916
Lasso-esm+theta,GATA1,split2,C346R,0.43083003952569165,0.6910706216898663
Lasso-esm+theta,GATA1,split2,D276G,0.4861660079051383,0.6975951218157265
Lasso-esm+theta,GATA1,split2,E328G,0.4347826086956522,0.707354876177602
Lasso-esm+theta,GATA1,split2,E348G,0.8814229249011858,0.7716003025216885
Lasso-esm+theta,GATA1,split2,F382S,0.6877470355731226,0.7557076475391333
Lasso-esm+theta,GATA1,split2,F394P,0.7747035573122529,0.7502550053025432
Lasso-esm+theta,GATA1,split2,H222R,0.41501976284584985,0.6757684163908371
Lasso-esm+theta,GATA1,split2,"H222R,Y223C",0.6640316205533596,0.7462483093728791
Lasso-esm+theta,GATA1,split2,"H232R,K233E",0.1027667984189723,0.5360985727132953
Lasso-esm+theta,GATA1,split2,H289R,0.6798418972332017,0.7364427112780213
Lasso-esm+theta,GATA1,split2,H362R,0.4110671936758893,0.7159439396532418
Lasso-esm+theta,GATA1,split2,H378R,0.13043478260869568,0.6032050515891569
Lasso-esm+theta,GATA1,split2,I242T,0.01976284584980237,0.28781861879340004
Lasso-esm+theta,GATA1,split2,I242V,0.33596837944664026,0.6890330385961876
Lasso-esm+theta,GATA1,split2,I249T,0.7035573122529644,0.7462607253394751
Lasso-esm+theta,GATA1,split2,"I249T,V250A",0.2134387351778656,0.6337108428194043
Lasso-esm+theta,GATA1,split2,I249V,0.5296442687747036,0.7401912461537594
Lasso-esm+theta,GATA1,split2,I302T,0.06324110671936756,0.4679402150858309
Lasso-esm+theta,GATA1,split2,I302V,0.19762845849802368,0.5599948129533252
Lasso-esm+theta,GATA1,split2,"K233R,M234V",0.5612648221343873,0.722780812635239
Lasso-esm+theta,GATA1,split2,K245G,0.031620553359683834,0.30507803594518595
Lasso-esm+theta,GATA1,split2,K252G,0.2964426877470355,0.6360930000961178
Lasso-esm+theta,GATA1,split2,K252R,0.13833992094861658,0.5212571136513071
Lasso-esm+theta,GATA1,split2,K287G,0.12252964426877466,0.6011703148304489
Lasso-esm+theta,GATA1,split2,K299E,0.766798418972332,0.7439278178796281
Lasso-esm+theta,GATA1,split2,"K299R,D300G",0.7865612648221344,0.753871235844634
Lasso-esm+theta,GATA1,split2,K308G,0.4268774703557312,0.6843305015560938
Lasso-esm+theta,GATA1,split2,K312G,0.03952569169960474,0.4531801154424522
Lasso-esm+theta,GATA1,split2,K312R,0.1541501976284585,0.5345059662078147
Lasso-esm+theta,GATA1,split2,"K314R,K315G",0.13833992094861658,0.5634665336108492
Lasso-esm+theta,GATA1,split2,K316G,0.8260869565217391,0.7620016920458629
Lasso-esm+theta,GATA1,split2,K316R,0.41501976284584985,0.6852402014146983
Lasso-esm+theta,GATA1,split2,"L214P,W215R",0.4426877470355731,0.6966823671513107
Lasso-esm+theta,GATA1,split2,L224P,0.03952569169960474,0.48758424826087154
Lasso-esm+theta,GATA1,split2,"L230P,Y231H",0.5652173913043479,0.7158021268028314
Lasso-esm+theta,GATA1,split2,L248P,0.7312252964426877,0.7427656700091374
Lasso-esm+theta,GATA1,split2,"L268P,W269R",0.841897233201581,0.761258043133767
Lasso-esm+theta,GATA1,split2,"L284P,Y285H",0.011857707509881465,0.1956311365010371
Lasso-esm+theta,GATA1,split2,L288P,0.6363636363636364,0.7470979330179943
Lasso-esm+theta,GATA1,split2,L295P,0.5138339920948616,0.70321924594929
Lasso-esm+theta,GATA1,split2,L355P,0.7628458498023716,0.7588804365363707
Lasso-esm+theta,GATA1,split2,L363P,0.25296442687747034,0.6769758138939523
Lasso-esm+theta,GATA1,split2,"L363P,Y364H",0.3399209486166008,0.6719822454329522
Lasso-esm+theta,GATA1,split2,L367P,0.4940711462450593,0.7355904769385685
Lasso-esm+theta,GATA1,split2,"L372P,S373P",0.4347826086956522,0.7201903773255899
Lasso-esm+theta,GATA1,split2,L379P,0.4624505928853755,0.7055905788472633
Lasso-esm+theta,GATA1,split2,L386P,0.7944664031620553,0.7534624609252469
Lasso-esm+theta,GATA1,split2,"L386P,L387P",0.49011857707509876,0.7071933307169938
Lasso-esm+theta,GATA1,split2,L387P,0.5573122529644269,0.716005886582992
Lasso-esm+theta,GATA1,split2,L411P,0.9209486166007905,0.7715556069597397
Lasso-esm+theta,GATA1,split2,M234T,0.6403162055335969,0.7308304441388163
Lasso-esm+theta,GATA1,split2,"M234V,N235D",0.4268774703557312,0.6971913322287444
Lasso-esm+theta,GATA1,split2,M297T,0.27667984189723316,0.6489358442815747
Lasso-esm+theta,GATA1,split2,M335T,0.24505928853754944,0.61321688060648
Lasso-esm+theta,GATA1,split2,"M335T,V336A",0.3952569169960475,0.6645375487409075
Lasso-esm+theta,GATA1,split2,M335V,0.766798418972332,0.7510982927466321
Lasso-esm+theta,GATA1,split2,M380T,0.6205533596837944,0.7467177062461224
Lasso-esm+theta,GATA1,split2,M399T,0.6047430830039526,0.7255683505253425
Lasso-esm+theta,GATA1,split2,M399V,0.83399209486166,0.7594113237776812
Lasso-esm+theta,GATA1,split2,N206G,0.5612648221343873,0.7292954031732899
Lasso-esm+theta,GATA1,split2,"N238G,R239G",0.5928853754940712,0.7219610941512277
Lasso-esm+theta,GATA1,split2,N272G,0.5849802371541502,0.7240509113168453
Lasso-esm+theta,GATA1,split2,N292G,0.12648221343873522,0.5269280699675235
Lasso-esm+theta,GATA1,split2,N292S,0.9644268774703557,0.786470953911939
Lasso-esm+theta,GATA1,split2,N306G,0.7351778656126482,0.7671291780450951
Lasso-esm+theta,GATA1,split2,N345D,0.541501976284585,0.718703591955715
Lasso-esm+theta,GATA1,split2,N345G,0.8458498023715415,0.7696853813083475
Lasso-esm+theta,GATA1,split2,"Q237R,N238G",0.3675889328063241,0.6544808699121534
Lasso-esm+theta,GATA1,split2,Q257R,0.5889328063241106,0.7314153801126804
Lasso-esm+theta,GATA1,split2,"Q303R,T304A",0.4980237154150198,0.7127201807926246
Lasso-esm+theta,GATA1,split2,Q365R,0.8814229249011858,0.766980362174956
Lasso-esm+theta,GATA1,split2,R271G,0.20948616600790515,0.6329016791576778
Lasso-esm+theta,GATA1,split2,S274G,0.5889328063241106,0.7331982788214636
Lasso-esm+theta,GATA1,split2,S310P,0.7470355731225297,0.7437063314723963
Lasso-esm+theta,GATA1,split2,S320G,0.30434782608695654,0.6678362137438534
Lasso-esm+theta,GATA1,split2,S341G,0.7984189723320159,0.753103790678082
Lasso-esm+theta,GATA1,split2,S343G,0.5573122529644269,0.7171694630407498
Lasso-esm+theta,GATA1,split2,S389P,0.7984189723320159,0.7590159743749055
Lasso-esm+theta,GATA1,split2,S393P,0.8774703557312253,0.7664346723870242
Lasso-esm+theta,GATA1,split2,S412G,0.1620553359683794,0.6105533504950114
Lasso-esm+theta,GATA1,split2,T210A,0.5731225296442688,0.7155309194709959
Lasso-esm+theta,GATA1,split2,T212A,0.7628458498023716,0.7598549197586537
Lasso-esm+theta,GATA1,split2,T220A,0.22529644268774707,0.6115584585965073
Lasso-esm+theta,GATA1,split2,T256A,0.9011857707509882,0.7700361250923665
Lasso-esm+theta,GATA1,split2,T259A,0.6996047430830039,0.7493355841693555
Lasso-esm+theta,GATA1,split2,"T263A,T264A",0.07114624505928857,0.49292401202548497
Lasso-esm+theta,GATA1,split2,T264A,0.2924901185770751,0.6628976092909327
Lasso-esm+theta,GATA1,split2,"T264A,T265A",0.5810276679841897,0.7241901017604664
Lasso-esm+theta,GATA1,split2,T265A,0.8853754940711462,0.7686700954226838
Lasso-esm+theta,GATA1,split2,"T265A,T266A",0.8300395256916996,0.764070507271206
Lasso-esm+theta,GATA1,split2,T266A,0.6126482213438735,0.7374770859544132
Lasso-esm+theta,GATA1,split2,T267A,0.7430830039525691,0.7502598529538679
Lasso-esm+theta,GATA1,split2,T296A,0.18181818181818177,0.653341832900127
Lasso-esm+theta,GATA1,split2,T324A,0.3162055335968379,0.6441120309892254
Lasso-esm+theta,GATA1,split2,T354A,0.7588932806324111,0.7573065243827131
Lasso-esm+theta,GATA1,split2,T360A,0.3754940711462451,0.6569514668363616
Lasso-esm+theta,GATA1,split2,T391A,0.18577075098814233,0.6243625833443402
Lasso-esm+theta,GATA1,split2,T402A,0.5375494071146245,0.708065666161959
Lasso-esm+theta,GATA1,split2,"T402A,T403A",0.9367588932806324,0.783560540172447
Lasso-esm+theta,GATA1,split2,"T403A,S404G",0.8142292490118577,0.7647213563917726
Lasso-esm+theta,GATA1,split2,"T405A,T406A",0.4782608695652174,0.7147535944042883
Lasso-esm+theta,GATA1,split2,V250A,0.4980237154150198,0.7050973579317588
Lasso-esm+theta,GATA1,split2,"V278A,C279R",0.3913043478260869,0.6630708395397296
Lasso-esm+theta,GATA1,split2,V291A,0.6956521739130435,0.7526581546497554
Lasso-esm+theta,GATA1,split2,"V336A,V337A",0.2845849802371542,0.6284556967709298
Lasso-esm+theta,GATA1,split2,V349A,0.11067193675889331,0.5651688089274656
Lasso-esm+theta,GATA1,split2,V370A,0.7430830039525691,0.7484844378811399
Lasso-esm+theta,GATA1,split2,"V371A,L372P",0.7351778656126482,0.7455209519935684
Lasso-esm+theta,GATA1,split2,V407A,0.8577075098814229,0.7636667079695203
Lasso-esm+theta,GATA1,split2,"V407A,V408A",0.5177865612648221,0.7092090716052551
Lasso-esm+theta,GATA1,split2,V408A,0.23715415019762842,0.6342260402807468
Lasso-esm+theta,GATA1,split2,W215R,0.8972332015810277,0.7773555887936465
Lasso-esm+theta,GATA1,split2,W269R,0.5652173913043479,0.7224364837787222
Lasso-esm+theta,GATA1,split2,Y223C,0.9920948616600791,0.7933527830437942
Lasso-esm+theta,GATA1,split2,Y231C,0.27667984189723316,0.6368039226195873
Lasso-esm+theta,GATA1,split2,Y285C,0.06324110671936756,0.4893085479532767
Lasso-esm+theta,GATA1,split2,"Y285C,Y286C",0.015810276679841917,0.3004976681210976
Lasso-esm+theta,GATA1,split2,"Y286C,K287E",0.5138339920948616,0.7093754076998906
Lasso-esm+theta,GATA1,split2,Y286H,0.11857707509881421,0.549634313939915
Lasso-esm+theta,GATA1,split2,"Y364C,Q365R",0.37944664031620556,0.6992077094522886
Lasso-esm+theta,GATA1,split3,C204R,0.01976284584980237,0.35334126534067456
Lasso-esm+theta,GATA1,split3,"C204R,V205A",0.7588932806324111,0.7485843667443117
Lasso-esm+theta,GATA1,split3,C207R,0.0,0.26039189038477784
Lasso-esm+theta,GATA1,split3,C225R,0.9841897233201581,0.7989591201347901
Lasso-esm+theta,GATA1,split3,C228R,0.8142292490118577,0.7693044359048843
Lasso-esm+theta,GATA1,split3,C258R,0.2924901185770751,0.6531264304181015
Lasso-esm+theta,GATA1,split3,C261R,0.2134387351778656,0.5937145616834116
Lasso-esm+theta,GATA1,split3,D276G,0.4624505928853755,0.6860496850417269
Lasso-esm+theta,GATA1,split3,H222R,0.43873517786561267,0.6834456554633825
Lasso-esm+theta,GATA1,split3,"H222R,Y223C",0.6561264822134387,0.7467312038311303
Lasso-esm+theta,GATA1,split3,"L214P,W215R",0.49011857707509876,0.7132153016615428
Lasso-esm+theta,GATA1,split3,L224P,0.03952569169960474,0.48312677902354806
Lasso-esm+theta,GATA1,split3,"L268P,W269R",0.9209486166007905,0.7768415372318641
Lasso-esm+theta,GATA1,split3,N206G,0.5019762845849802,0.7250222530803292
Lasso-esm+theta,GATA1,split3,N272G,0.6561264822134387,0.7361931262731893
Lasso-esm+theta,GATA1,split3,R271G,0.2134387351778656,0.6422383736175538
Lasso-esm+theta,GATA1,split3,S274G,0.5454545454545454,0.7269721260851625
Lasso-esm+theta,GATA1,split3,T210A,0.6442687747035574,0.7295270529409423
Lasso-esm+theta,GATA1,split3,T212A,0.7075098814229249,0.7586307343421806
Lasso-esm+theta,GATA1,split3,T220A,0.2134387351778656,0.6077278259935929
Lasso-esm+theta,GATA1,split3,T259A,0.7312252964426877,0.7577792118049675
Lasso-esm+theta,GATA1,split3,"T263A,T264A",0.07114624505928857,0.5158474003636092
Lasso-esm+theta,GATA1,split3,T264A,0.27667984189723316,0.649872523003929
Lasso-esm+theta,GATA1,split3,"T264A,T265A",0.6047430830039526,0.7254772747905803
Lasso-esm+theta,GATA1,split3,T265A,0.8774703557312253,0.7686246240969281
Lasso-esm+theta,GATA1,split3,"T265A,T266A",0.8102766798418972,0.7674136339474118
Lasso-esm+theta,GATA1,split3,T266A,0.5533596837944664,0.7320442757973992
Lasso-esm+theta,GATA1,split3,T267A,0.8063241106719368,0.7590920397981711
Lasso-esm+theta,GATA1,split3,"V278A,C279R",0.38735177865612647,0.6703804063522611
Lasso-esm+theta,GATA1,split3,W215R,0.9446640316205533,0.7881795830674863
Lasso-esm+theta,GATA1,split3,W269R,0.6284584980237153,0.7411335710435837
Lasso-esm+theta,GATA1,split3,Y223C,0.9920948616600791,0.7962715390749704
Lasso-esm+theta,GATA1,split5,C346R,0.41501976284584985,0.6943246088580406
Lasso-esm+theta,GATA1,split5,E114G,0.24110671936758898,0.5980400903036085
Lasso-esm+theta,GATA1,split5,"E114G,D115G",0.2134387351778656,0.5837251669844377
Lasso-esm+theta,GATA1,split5,E134G,0.15019762845849804,0.5691900498711748
Lasso-esm+theta,GATA1,split5,E13G,0.3952569169960475,0.6739228026926662
Lasso-esm+theta,GATA1,split5,F168P,0.3596837944664032,0.6488403509422973
Lasso-esm+theta,GATA1,split5,F172L,0.7470355731225297,0.7514209925538883
Lasso-esm+theta,GATA1,split5,"F172S,F173P",0.2569169960474308,0.6025259597134319
Lasso-esm+theta,GATA1,split5,"F33P,F34P",0.07114624505928857,0.4273263630089179
Lasso-esm+theta,GATA1,split5,F3L,0.055335968379446654,0.5034338160271707
Lasso-esm+theta,GATA1,split5,H222R,0.4426877470355731,0.6824156890512866
Lasso-esm+theta,GATA1,split5,I249T,0.7786561264822134,0.75625993962151
Lasso-esm+theta,GATA1,split5,I302V,0.24505928853754944,0.5786891966367511
Lasso-esm+theta,GATA1,split5,"K100G,T101A",0.13833992094861658,0.5601719189686489
Lasso-esm+theta,GATA1,split5,K245G,0.031620553359683834,0.3116039051457055
Lasso-esm+theta,GATA1,split5,K252R,0.17391304347826086,0.5453022149336151
Lasso-esm+theta,GATA1,split5,K287G,0.1027667984189723,0.5996245566612273
Lasso-esm+theta,GATA1,split5,K312G,0.03952569169960474,0.4464066837015631
Lasso-esm+theta,GATA1,split5,K312R,0.17786561264822132,0.5433076428887572
Lasso-esm+theta,GATA1,split5,"K314R,K315G",0.13043478260869568,0.5607902163302108
Lasso-esm+theta,GATA1,split5,L136S,0.03952569169960474,0.3909232088439526
Lasso-esm+theta,GATA1,split5,L141P,0.31225296442687744,0.651828751889335
Lasso-esm+theta,GATA1,split5,L196P,0.4782608695652174,0.6957157023383274
Lasso-esm+theta,GATA1,split5,"L284P,Y285H",0.015810276679841917,0.20704249317696055
Lasso-esm+theta,GATA1,split5,"L386P,L387P",0.4980237154150198,0.7088066624360787
Lasso-esm+theta,GATA1,split5,L80P,0.3162055335968379,0.64439948274194
Lasso-esm+theta,GATA1,split5,M335T,0.25296442687747034,0.6157657315412998
Lasso-esm+theta,GATA1,split5,N160D,0.0513833992094862,0.4737693666652075
Lasso-esm+theta,GATA1,split5,"Q237R,N238G",0.3952569169960475,0.6663842119679967
Lasso-esm+theta,GATA1,split5,S12P,0.11067193675889331,0.5270727283521138
Lasso-esm+theta,GATA1,split5,S142G,0.22529644268774707,0.625843197515499
Lasso-esm+theta,GATA1,split5,S174P,0.09881422924901184,0.4635913625932958
Lasso-esm+theta,GATA1,split5,S186P,0.19367588932806323,0.6410564895383749
Lasso-esm+theta,GATA1,split5,S36P,0.0,0.20078049891547245
Lasso-esm+theta,GATA1,split5,S46P,0.10671936758893286,0.5051986246209371
Lasso-esm+theta,GATA1,split5,T171A,0.16600790513833996,0.5507197116918517
Lasso-esm+theta,GATA1,split5,T220A,0.23715415019762842,0.6140030651434342
Lasso-esm+theta,GATA1,split5,V250A,0.5494071146245059,0.7126209242885287
Lasso-esm+theta,GATA1,split5,"V278A,C279R",0.4031620553359684,0.6736975870691855
Lasso-esm+theta,GATA1,split5,"V32A,F33P",0.09090909090909094,0.499748400013775
Lasso-esm+theta,GATA1,split5,"V336A,V337A",0.33596837944664026,0.6411430672878143
Lasso-esm+theta,GATA1,split5,Y285C,0.06324110671936756,0.49400037562386606
Lasso-esm+theta,GATA1,split5,"Y285C,Y286C",0.011857707509881465,0.2998657407656627
Lasso-esm+theta,GATA1,split5,Y286H,0.11462450592885376,0.5437071162359599
Lasso-esm+theta,GATA1,split5,Y69H,0.2964426877470355,0.6284997518086375
Lasso-esm+theta,GATA1,split6,C199R,0.6245059288537549,0.7497981810716222
Lasso-esm+theta,GATA1,split6,C207R,0.0,0.2751181484306007
Lasso-esm+theta,GATA1,split6,C225R,0.9920948616600791,0.7988281137372683
Lasso-esm+theta,GATA1,split6,E114G,0.2490118577075099,0.6044284528706528
Lasso-esm+theta,GATA1,split6,E200G,0.4347826086956522,0.6791169928183989
Lasso-esm+theta,GATA1,split6,E328G,0.43083003952569165,0.710869632573614
Lasso-esm+theta,GATA1,split6,E348G,0.9407114624505929,0.7807660327287257
Lasso-esm+theta,GATA1,split6,F172P,0.2845849802371542,0.6366700406625008
Lasso-esm+theta,GATA1,split6,H222R,0.4347826086956522,0.6792677287130744
Lasso-esm+theta,GATA1,split6,"I249T,V250A",0.2134387351778656,0.6421527690867006
Lasso-esm+theta,GATA1,split6,I87T,0.08300395256916993,0.5340077791008172
Lasso-esm+theta,GATA1,split6,"K100G,T101A",0.13438735177865613,0.5626486143611477
Lasso-esm+theta,GATA1,split6,K137E,0.383399209486166,0.7012589035984986
Lasso-esm+theta,GATA1,split6,K287G,0.10671936758893286,0.6047168333645069
Lasso-esm+theta,GATA1,split6,"K299R,D300G",0.83399209486166,0.7616619236097794
Lasso-esm+theta,GATA1,split6,K312R,0.17786561264822132,0.5431626996474237
Lasso-esm+theta,GATA1,split6,L146P,0.7233201581027668,0.7508387056201432
Lasso-esm+theta,GATA1,split6,L190P,0.5612648221343873,0.7628839903179048
Lasso-esm+theta,GATA1,split6,L224P,0.03952569169960474,0.48602072356989484
Lasso-esm+theta,GATA1,split6,L355P,0.8260869565217391,0.7670773008794909
Lasso-esm+theta,GATA1,split6,L363P,0.2055335968379447,0.6626020311138195
Lasso-esm+theta,GATA1,split6,L387P,0.6284584980237153,0.72863703547372
Lasso-esm+theta,GATA1,split6,L6P,0.9446640316205533,0.7824628424202804
Lasso-esm+theta,GATA1,split6,M1V,0.6284584980237153,0.7444186197079272
Lasso-esm+theta,GATA1,split6,M335V,0.7549407114624506,0.7528482322969566
Lasso-esm+theta,GATA1,split6,"N238G,R239G",0.7470355731225297,0.742003493906303
Lasso-esm+theta,GATA1,split6,Q257R,0.5573122529644269,0.7267619614942933
Lasso-esm+theta,GATA1,split6,R271G,0.20948616600790515,0.6385374157036495
Lasso-esm+theta,GATA1,split6,S155P,0.4980237154150198,0.7204673655526128
Lasso-esm+theta,GATA1,split6,S161G,0.5296442687747036,0.715095353498231
Lasso-esm+theta,GATA1,split6,S174P,0.09486166007905139,0.47342036372286583
Lasso-esm+theta,GATA1,split6,S178G,0.9960474308300395,0.7977788398293154
Lasso-esm+theta,GATA1,split6,S310P,0.7786561264822134,0.7518950979948392
Lasso-esm+theta,GATA1,split6,S393P,0.8181818181818181,0.7625424044000251
Lasso-esm+theta,GATA1,split6,S72P,0.5731225296442688,0.7196254657806561
Lasso-esm+theta,GATA1,split6,T256A,0.9130434782608696,0.7702867078292882
Lasso-esm+theta,GATA1,split6,T264A,0.27667984189723316,0.6493618315467861
Lasso-esm+theta,GATA1,split6,T324A,0.3241106719367589,0.6480388307379892
Lasso-esm+theta,GATA1,split6,T391A,0.19762845849802368,0.629145450645875
Lasso-esm+theta,GATA1,split6,"V109A,C110R",0.2648221343873518,0.631515203235032
Lasso-esm+theta,GATA1,split6,V158A,0.2924901185770751,0.6836879861322652
Lasso-esm+theta,GATA1,split6,V291A,0.7312252964426877,0.7617223885636526
Lasso-esm+theta,GATA1,split6,V32A,0.46640316205533594,0.7267029285314265
Lasso-esm+theta,GATA1,split6,"V32A,F33P",0.08695652173913049,0.49350559416763295
Lasso-esm+theta,GATA1,split6,"V336A,V337A",0.3399209486166008,0.6439425630496092
Lasso-esm+theta,GATA1,split6,"V371A,L372P",0.6679841897233201,0.7386646603123942
Lasso-esm+theta,GATA1,split6,"Y185H,S186P",0.9486166007905138,0.7819100996201758
Lasso-esm+theta,GATA1,split6,Y285C,0.06324110671936756,0.5015327689484234
Lasso-esm+theta,GATA1,split6,Y62C,0.782608695652174,0.7543642076624621
Lasso-esm+theta,GATA1,split6,Y62H,0.09486166007905139,0.5575570671045941
Lasso-esm+theta,GATA1,split6,Y78H,0.3675889328063241,0.6684026610665106
Lasso-esm+theta,GATA1,split6,Y93H,0.49011857707509876,0.7219706083982634
Lasso-esm+theta,JAK1,split1,E762K,0.52,0.8785016663516148
Lasso-esm+theta,JAK1,split1,"G1068E,G1068R",0.76,0.931590380133509
Lasso-esm+theta,JAK1,split1,"G887R,G887E",0.56,0.861000222960844
Lasso-esm+theta,JAK1,split1,"P1118L,P1118S,P1121S",0.07999999999999996,0.13965085882119585
Lasso-esm+theta,JAK1,split1,Q387*,0.56,0.8637850604380951
Lasso-esm+theta,JAK1,split1,Q437*,0.36,0.828807820106573
Lasso-esm+theta,JAK1,split1,Q572*,1.0,0.9428109897022405
Lasso-esm+theta,JAK1,split2,D775N,0.56,0.887303214316209
Lasso-esm+theta,JAK1,split2,E1051K,0.88,0.934329742325827
Lasso-esm+theta,JAK1,split2,"E706K,D707N",0.92,0.9439934705032934
Lasso-esm+theta,JAK1,split2,E762K,0.52,0.8657452855443448
Lasso-esm+theta,JAK1,split2,"G1068E,G1068R",0.16000000000000003,-0.34054538666910583
Lasso-esm+theta,JAK1,split2,"G590E,G590R",0.16000000000000003,-0.3287556027230618
Lasso-esm+theta,JAK1,split2,"G887R,G887E",0.64,-0.30907295039286986
Lasso-esm+theta,JAK1,split2,"P1118L,P1118S,P1121S",0.12,0.1296695562534503
Lasso-esm+theta,JAK1,split2,"P1121L,P1121S",0.16000000000000003,0.364374553497686
Lasso-esm+theta,JAK1,split2,P761S,0.6799999999999999,0.8950891855083984
Lasso-esm+theta,JAK1,split2,S1062F,0.19999999999999996,-0.48162233834435425
Lasso-esm+theta,JAK1,split2,T717I,0.76,0.11844816165558962
Lasso-esm+theta,JAK1,split3,D775N,0.6,0.12327604908970693
Lasso-esm+theta,JAK1,split3,E1051K,0.31999999999999995,0.02681286519947313
Lasso-esm+theta,JAK1,split3,E447K,0.28,-0.00538849206826398
Lasso-esm+theta,JAK1,split3,E486K,0.64,0.03486147479393072
Lasso-esm+theta,JAK1,split3,"E706K,D707N",0.19999999999999996,0.06406139854918019
Lasso-esm+theta,JAK1,split3,E762K,0.0,-0.03680959797539392
Lasso-esm+theta,JAK1,split3,"G1068E,G1068R",0.19999999999999996,-0.053121605619622085
Lasso-esm+theta,JAK1,split3,"G590E,G590R",0.16000000000000003,-0.06923737252925993
Lasso-esm+theta,JAK1,split3,"G887R,G887E",0.72,0.009727426253265663
Lasso-esm+theta,JAK1,split3,P761S,0.31999999999999995,0.083157112096044
Lasso-esm+theta,JAK1,split3,Q387*,0.24,0.12395905139429349
Lasso-esm+theta,JAK1,split3,Q437*,0.76,0.20110389898499406
Lasso-esm+theta,JAK1,split3,Q499*,0.16000000000000003,0.11546961386749784
Lasso-esm+theta,JAK1,split3,Q545*,0.31999999999999995,0.1322336626600413
Lasso-esm+theta,JAK1,split3,Q572*,0.19999999999999996,0.119523965945186
Lasso-esm+theta,JAK1,split3,R108Q,0.12,0.05962222779201092
Lasso-esm+theta,JAK1,split3,"R549Q,E550K",0.12,0.04004434556103047
Lasso-esm+theta,JAK1,split3,S1062F,0.28,-0.0960226847339322
Lasso-esm+theta,JAK1,split3,T558I,0.8,-0.017857114089978126
Lasso-esm+theta,JAK1,split5,D775N,0.6799999999999999,0.8980499781351472
Lasso-esm+theta,JAK1,split5,E486K,0.43999999999999995,0.8364836205797987
Lasso-esm+theta,JAK1,split5,E762K,0.56,0.8772445456431527
Lasso-esm+theta,JAK1,split5,"G590E,G590R",0.64,0.876176749910017
Lasso-esm+theta,JAK1,split5,L321F,0.6799999999999999,0.13033114500133766
Lasso-esm+theta,JAK1,split5,"P1121L,P1121S",0.16000000000000003,0.18365477060897176
Lasso-esm+theta,JAK1,split5,P761S,0.76,0.8185071634821027
Lasso-esm+theta,JAK1,split5,Q387*,0.72,0.9078023724516612
Lasso-esm+theta,JAK1,split5,Q437*,0.43999999999999995,0.8562724866484324
Lasso-esm+theta,JAK1,split5,Q499*,0.36,0.8370303407544245
Lasso-esm+theta,JAK1,split5,Q545*,0.31999999999999995,0.8198546090736393
Lasso-esm+theta,JAK1,split5,R108Q,0.8,0.49153790136531794
Lasso-esm+theta,JAK1,split5,"R549Q,E550K",0.48,0.7363541714158224
Lasso-esm+theta,JAK1,split5,T717I,0.72,0.049686497585287016
Lasso-esm,TP53,split1,A159P,0.8144329896907216,0.8114760321781471
Lasso-esm,TP53,split1,A159V,0.7628865979381443,0.8149498812846054
Lasso-esm,TP53,split1,C141Y,0.21649484536082475,0.7817496385906476
Lasso-esm,TP53,split1,C238Y,0.04123711340206182,0.7700199972972761
Lasso-esm,TP53,split1,G245V,0.41237113402061853,0.792733923302111
Lasso-esm,TP53,split1,H179R,0.2989690721649485,0.7846212556707578
Lasso-esm,TP53,split1,P47S,0.22680412371134018,0.7853279640922837
Lasso-esm,TP53,split1,P58R,0.0,0.7402355939101687
Lasso-esm,TP53,split1,Q5R,0.35051546391752575,0.7912613488024902
Lasso-esm,TP53,split1,R175H,0.6185567010309279,0.8027250406428038
Lasso-esm,TP53,split1,R273H,1.0,0.838763380509991
Lasso-esm,TP53,split1,S241C,0.5463917525773196,0.7997069571346165
Lasso-esm,TP53,split1,S366A,0.15463917525773196,0.7809019756492951
Lasso-esm,TP53,split1,T312S,0.6907216494845361,0.8043393090550283
Lasso-esm,TP53,split1,V31I,0.11340206185567014,0.7796561589402627
Lasso-esm,TP53,split1,Y220C,0.4948453608247423,0.7934812531440543
Lasso-esm,TP53,split2,C238F,0.44329896907216493,0.7884696418600493
Lasso-esm,TP53,split2,C238Y,0.05154639175257736,0.7671020750841538
Lasso-esm,TP53,split2,C242F,0.3298969072164949,0.8002344624222044
Lasso-esm,TP53,split2,C275F,0.0,0.7565357725976788
Lasso-esm,TP53,split2,C275Y,0.061855670103092786,0.7615744263558594
Lasso-esm,TP53,split2,C277F,0.711340206185567,0.8038828384415615
Lasso-esm,TP53,split2,E271K,0.6597938144329897,0.8062002308635222
Lasso-esm,TP53,split2,E285K,0.14432989690721654,0.7797235533650149
Lasso-esm,TP53,split2,E286K,0.17525773195876293,0.7736203409231358
Lasso-esm,TP53,split2,E339K,0.08247422680412375,0.7628204867395623
Lasso-esm,TP53,split2,G244C,0.1649484536082474,0.7829777989873957
Lasso-esm,TP53,split2,G245C,0.7628865979381443,0.8059903261497444
Lasso-esm,TP53,split2,G245D,0.9072164948453608,0.8193116792528041
Lasso-esm,TP53,split2,G245S,0.41237113402061853,0.7938776387291083
Lasso-esm,TP53,split2,G245V,0.4226804123711341,0.7932606454042508
Lasso-esm,TP53,split2,G266E,0.22680412371134018,0.7795786065064455
Lasso-esm,TP53,split2,G266R,0.48453608247422686,0.7895308697183591
Lasso-esm,TP53,split2,G266V,0.5670103092783505,0.8098960497473181
Lasso-esm,TP53,split2,G360V,0.6185567010309279,0.8007648499619591
Lasso-esm,TP53,split2,L344L,0.7525773195876289,0.8060101432027094
Lasso-esm,TP53,split2,M237I,0.30927835051546393,0.7959473255817754
Lasso-esm,TP53,split2,M246V,0.6907216494845361,0.8007333789065878
Lasso-esm,TP53,split2,P222P,0.28865979381443296,0.7795957984601942
Lasso-esm,TP53,split2,P250L,0.865979381443299,0.8119947323831999
Lasso-esm,TP53,split2,P278L,0.31958762886597936,0.781029197800853
Lasso-esm,TP53,split2,P278S,0.3608247422680413,0.7920673431890606
Lasso-esm,TP53,split2,P295P,0.6391752577319587,0.8025087426919514
Lasso-esm,TP53,split2,P301P,0.20618556701030932,0.784342499645613
Lasso-esm,TP53,split2,P359P,0.6082474226804124,0.8042414804682111
Lasso-esm,TP53,split2,R248L,0.09278350515463918,0.7678594354950667
Lasso-esm,TP53,split2,R248W,0.5360824742268041,0.8045182406432514
Lasso-esm,TP53,split2,R249M,0.2680412371134021,0.7786789885901272
Lasso-esm,TP53,split2,R249S,0.21649484536082475,0.7785354439054056
Lasso-esm,TP53,split2,R273C,0.07216494845360821,0.764838553067192
Lasso-esm,TP53,split2,R273H,1.0,0.8386010810923997
Lasso-esm,TP53,split2,R273L,0.18556701030927836,0.790321513520886
Lasso-esm,TP53,split2,R280K,0.5567010309278351,0.7936935050944468
Lasso-esm,TP53,split2,R280T,0.27835051546391754,0.781876658409092
Lasso-esm,TP53,split2,R282W,0.24742268041237114,0.7772405429421148
Lasso-esm,TP53,split2,R337C,0.030927835051546393,0.7663344941833282
Lasso-esm,TP53,split2,R337L,0.1030927835051546,0.7873578626329899
Lasso-esm,TP53,split2,S241C,0.5876288659793815,0.7999262380773557
Lasso-esm,TP53,split2,S241F,0.6804123711340206,0.8040466982546683
Lasso-esm,TP53,split2,S366A,0.15463917525773196,0.7797231828103878
Lasso-esm,TP53,split2,T312S,0.731958762886598,0.8052306748372382
Lasso-esm,TP53,split2,V272L,0.5463917525773196,0.8048648844964152
Lasso-esm,TP53,split2,V272M,0.45360824742268047,0.789791487443506
Lasso-esm,TP53,split2,Y234C,0.8247422680412371,0.809972995594809
Lasso-esm,TP53,split2,Y236C,0.7938144329896908,0.8110231509284204
Lasso-esm,TP53,split3,G245C,0.6701030927835052,0.8044521153199489
Lasso-esm,TP53,split3,G245D,0.9690721649484536,0.8232711151874971
Lasso-esm,TP53,split3,G245S,0.4226804123711341,0.7958149739912687
Lasso-esm,TP53,split3,G245V,0.4639175257731959,0.7953867567479883
Lasso-esm,TP53,split3,R175H,0.6185567010309279,0.8031649574187893
Lasso-esm,TP53,split3,R249M,0.17525773195876293,0.7787028005259458
Lasso-esm,TP53,split3,R249S,0.21649484536082475,0.7811288639213715
Lasso-esm,TP53,split3,R282W,0.15463917525773196,0.776724511005519
Lasso-esm,TP53,split3,Y220C,0.5567010309278351,0.7971176684768903
Lasso-esm,TP53,split6,A159P,0.8144329896907216,0.8115403891468495
Lasso-esm,TP53,split6,A159V,0.7731958762886598,0.8155584295787875
Lasso-esm,TP53,split6,C141Y,0.20618556701030932,0.782370522932094
Lasso-esm,TP53,split6,C238Y,0.04123711340206182,0.7710576295521412
Lasso-esm,TP53,split6,G245V,0.4226804123711341,0.7943671975708183
Lasso-esm,TP53,split6,H179R,0.2989690721649485,0.78452887140289
Lasso-esm,TP53,split6,R175H,0.6288659793814433,0.8036498953903721
Lasso-esm,TP53,split6,R273H,1.0,0.8397186182900384
Lasso-esm,TP53,split6,S241C,0.5463917525773196,0.8000471743279427
Lasso-esm,TP53,split6,Y220C,0.5257731958762887,0.7948136274346831
Lasso-esm,KRAS,split1,A146T,0.7692307692307692,0.7392430449811979
Lasso-esm,KRAS,split1,A146V,0.8461538461538461,0.7497657073169417
Lasso-esm,KRAS,split1,G12C,0.23076923076923073,0.7011071210065782
Lasso-esm,KRAS,split1,G12D,0.43956043956043955,0.7248015544934003
Lasso-esm,KRAS,split1,G12R,0.2417582417582418,0.7128358705414677
Lasso-esm,KRAS,split1,G12V,0.1648351648351648,0.6997549633992812
Lasso-esm,KRAS,split1,Q61H,0.9230769230769231,0.7565955469668058
Lasso-esm,KRAS,split1,Q61L,0.6373626373626373,0.7296573001529443
Lasso-esm,KRAS,split2,A130V,0.7252747252747253,0.7326960360611907
Lasso-esm,KRAS,split2,A146P,0.5714285714285714,0.7242992087624501
Lasso-esm,KRAS,split2,A146T,0.7912087912087912,0.7362067883332875
Lasso-esm,KRAS,split2,A146V,0.8571428571428572,0.7455600754206538
Lasso-esm,KRAS,split2,A155G,0.37362637362637363,0.7107462974329667
Lasso-esm,KRAS,split2,A66A,0.3296703296703297,0.7198399913805846
Lasso-esm,KRAS,split2,C118S,0.5604395604395604,0.7226855413683356
Lasso-esm,KRAS,split2,D119G,0.07692307692307687,0.694746174705578
Lasso-esm,KRAS,split2,D173D,0.03296703296703296,0.7071377159659121
Lasso-esm,KRAS,split2,E63K,0.6813186813186813,0.7294806188318714
Lasso-esm,KRAS,split2,F141L,0.19780219780219777,0.7102698007346645
Lasso-esm,KRAS,split2,G75A,0.15384615384615385,0.6962253773070831
Lasso-esm,KRAS,split2,G77A,0.6043956043956045,0.7222817909560462
Lasso-esm,KRAS,split2,I163S,0.6263736263736264,0.7220950039620657
Lasso-esm,KRAS,split2,K117N,0.20879120879120883,0.6962735115849927
Lasso-esm,KRAS,split2,K117R,0.7032967032967032,0.7339682282957498
Lasso-esm,KRAS,split2,K147N,0.21978021978021978,0.7019304729402043
Lasso-esm,KRAS,split2,K147T,0.02197802197802201,0.6962026176333682
Lasso-esm,KRAS,split2,K169K,0.8131868131868132,0.7383029080762123
Lasso-esm,KRAS,split2,K176Q,0.7362637362637363,0.7323135386268596
Lasso-esm,KRAS,split2,K178K,0.6373626373626373,0.7263222550713775
Lasso-esm,KRAS,split2,K88K,0.1428571428571429,0.6986743410510566
Lasso-esm,KRAS,split2,L159S,0.9010989010989011,0.74688240495224
Lasso-esm,KRAS,split2,L79I,0.3846153846153846,0.719688907210455
Lasso-esm,KRAS,split2,M111L,0.01098901098901095,0.6809837346189115
Lasso-esm,KRAS,split2,P110S,0.39560439560439564,0.7204787288931583
Lasso-esm,KRAS,split2,Q99E,0.3516483516483516,0.7126117105678919
Lasso-esm,KRAS,split2,R135T,0.6923076923076923,0.7324564826537927
Lasso-esm,KRAS,split2,R149K,0.48351648351648346,0.7177920295466201
Lasso-esm,KRAS,split2,R164Q,0.4065934065934066,0.7235675611395507
Lasso-esm,KRAS,split2,R68S,0.25274725274725274,0.7058281413803863
Lasso-esm,KRAS,split2,S136N,0.7582417582417582,0.7410727996761568
Lasso-esm,KRAS,split2,T127T,0.23076923076923073,0.7030653699277072
Lasso-esm,KRAS,split2,T144P,0.1208791208791209,0.6926738902576062
Lasso-esm,KRAS,split2,T144T,0.2637362637362637,0.7220004694722731
Lasso-esm,KRAS,split2,T158A,0.17582417582417587,0.705232538677294
Lasso-esm,KRAS,split2,T158T,0.10989010989010994,0.7024342983299957
Lasso-esm,KRAS,split2,T74A,0.8351648351648352,0.7420395218371907
Lasso-esm,KRAS,split2,T74T,0.4285714285714286,0.7177932367148213
Lasso-esm,KRAS,split2,V112I,0.6593406593406593,0.7248205177591287
Lasso-esm,KRAS,split2,Y166H,0.9340659340659341,0.752869771668777
Lasso-esm,KRAS,split3,A146P,0.5824175824175823,0.7286958441295861
Lasso-esm,KRAS,split3,A146T,0.7582417582417582,0.737505684679053
Lasso-esm,KRAS,split3,A146V,0.8241758241758241,0.746818908438209
Lasso-esm,KRAS,split3,G12A,0.3076923076923077,0.70939235959819
Lasso-esm,KRAS,split3,G12C,0.17582417582417587,0.6991687157117875
Lasso-esm,KRAS,split3,G12S,0.9120879120879121,0.7498291516582715
Lasso-esm,KRAS,split3,G13C,0.6813186813186813,0.7466720734610126
Lasso-esm,KRAS,split3,K117R,0.7142857142857143,0.7369327762785968
Lasso-esm,KRAS,split3,Q61H,0.9340659340659341,0.7565241823012236
Lasso-esm,KRAS,split3,Q61P,0.1428571428571429,0.6961582206774598
Lasso-esm,KRAS,split6,A146T,0.7692307692307692,0.7392430449811979
Lasso-esm,KRAS,split6,A146V,0.8461538461538461,0.7497657073169417
Lasso-esm,KRAS,split6,G12C,0.23076923076923073,0.7011071210065782
Lasso-esm,KRAS,split6,G12D,0.43956043956043955,0.7248015544934003
Lasso-esm,KRAS,split6,G12R,0.2417582417582418,0.7128358705414677
Lasso-esm,KRAS,split6,G12V,0.1648351648351648,0.6997549633992812
Lasso-esm,KRAS,split6,Q61H,0.9230769230769231,0.7565955469668058
Lasso-esm,KRAS,split6,Q61L,0.6373626373626373,0.7296573001529443
Lasso-esm,GATA1,split1,C199R,0.6363636363636364,0.7525543281428473
Lasso-esm,GATA1,split1,C207R,0.0,0.2757334300447277
Lasso-esm,GATA1,split1,C225R,0.9881422924901185,0.7981130139241676
Lasso-esm,GATA1,split1,E114G,0.2490118577075099,0.604020572826485
Lasso-esm,GATA1,split1,E200G,0.4268774703557312,0.6779331209020363
Lasso-esm,GATA1,split1,E328G,0.4347826086956522,0.7120215396127961
Lasso-esm,GATA1,split1,E348G,0.9367588932806324,0.7806112122694814
Lasso-esm,GATA1,split1,F172P,0.2845849802371542,0.6362571357695663
Lasso-esm,GATA1,split1,H222R,0.44664031620553357,0.6789661985592578
Lasso-esm,GATA1,split1,"I249T,V250A",0.2134387351778656,0.642325142182981
Lasso-esm,GATA1,split1,I87T,0.08300395256916993,0.5342057174180127
Lasso-esm,GATA1,split1,"K100G,T101A",0.13438735177865613,0.5606449913820756
Lasso-esm,GATA1,split1,K137E,0.37944664031620556,0.7004446893872429
Lasso-esm,GATA1,split1,K287G,0.10671936758893286,0.6047204159196958
Lasso-esm,GATA1,split1,"K299R,D300G",0.83399209486166,0.7613713767006492
Lasso-esm,GATA1,split1,K312R,0.17786561264822132,0.5437654556238094
Lasso-esm,GATA1,split1,L146P,0.7154150197628458,0.7510044945175437
Lasso-esm,GATA1,split1,L190P,0.5612648221343873,0.7626099270993205
Lasso-esm,GATA1,split1,L224P,0.03952569169960474,0.4861156351761128
Lasso-esm,GATA1,split1,L355P,0.8221343873517787,0.7667794465199912
Lasso-esm,GATA1,split1,L363P,0.2055335968379447,0.662972861702475
Lasso-esm,GATA1,split1,L387P,0.616600790513834,0.7285636711961373
Lasso-esm,GATA1,split1,L6P,0.9446640316205533,0.7819810546374855
Lasso-esm,GATA1,split1,M1V,0.6086956521739131,0.7445341422640603
Lasso-esm,GATA1,split1,M335V,0.7549407114624506,0.7532469846779379
Lasso-esm,GATA1,split1,"N238G,R239G",0.7430830039525691,0.7421349215228801
Lasso-esm,GATA1,split1,Q257R,0.5494071146245059,0.7277679910376524
Lasso-esm,GATA1,split1,R271G,0.20948616600790515,0.6382988904743973
Lasso-esm,GATA1,split1,S155P,0.4980237154150198,0.7223389197789923
Lasso-esm,GATA1,split1,S161G,0.5256916996047432,0.7146050941464938
Lasso-esm,GATA1,split1,S174P,0.09881422924901184,0.4753253111380296
Lasso-esm,GATA1,split1,S178G,0.9960474308300395,0.7980486263472734
Lasso-esm,GATA1,split1,S310P,0.766798418972332,0.7486538043283639
Lasso-esm,GATA1,split1,S393P,0.8063241106719368,0.7629485842606245
Lasso-esm,GATA1,split1,S72P,0.5770750988142292,0.7213443537166729
Lasso-esm,GATA1,split1,T256A,0.9130434782608696,0.7708570911634187
Lasso-esm,GATA1,split1,T264A,0.27667984189723316,0.6495281082969734
Lasso-esm,GATA1,split1,T324A,0.3241106719367589,0.6476331875242931
Lasso-esm,GATA1,split1,T391A,0.19367588932806323,0.6286064324831657
Lasso-esm,GATA1,split1,"V109A,C110R",0.2569169960474308,0.631056328865853
Lasso-esm,GATA1,split1,V158A,0.2924901185770751,0.6837167054948482
Lasso-esm,GATA1,split1,V291A,0.7312252964426877,0.7616147608187182
Lasso-esm,GATA1,split1,V32A,0.46640316205533594,0.7269193363119492
Lasso-esm,GATA1,split1,"V32A,F33P",0.08695652173913049,0.4925780164523616
Lasso-esm,GATA1,split1,"V336A,V337A",0.3399209486166008,0.6445268088607231
Lasso-esm,GATA1,split1,"V371A,L372P",0.6679841897233201,0.7382884842246785
Lasso-esm,GATA1,split1,"Y185H,S186P",0.9486166007905138,0.7827511874270862
Lasso-esm,GATA1,split1,Y285C,0.06324110671936756,0.5014165857998476
Lasso-esm,GATA1,split1,Y62C,0.7707509881422925,0.7528574478429426
Lasso-esm,GATA1,split1,Y62H,0.09486166007905139,0.5575728363633713
Lasso-esm,GATA1,split1,Y78H,0.3675889328063241,0.6683871944259494
Lasso-esm,GATA1,split1,Y93H,0.4940711462450593,0.7220015485228344
Lasso-esm,GATA1,split2,C204R,0.01976284584980237,0.36223488326522346
Lasso-esm,GATA1,split2,"C204R,V205A",0.6837944664031621,0.7386612938199402
Lasso-esm,GATA1,split2,C207R,0.0,0.27018106766627203
Lasso-esm,GATA1,split2,C225R,0.9130434782608696,0.7788178187954644
Lasso-esm,GATA1,split2,C228R,0.9011857707509882,0.7748792578896646
Lasso-esm,GATA1,split2,C258R,0.2924901185770751,0.6584936253687922
Lasso-esm,GATA1,split2,C261R,0.21739130434782605,0.6015248505670521
Lasso-esm,GATA1,split2,C346R,0.4110671936758893,0.6896708622029405
Lasso-esm,GATA1,split2,D276G,0.4782608695652174,0.6991855278554858
Lasso-esm,GATA1,split2,E328G,0.43873517786561267,0.7095281402466349
Lasso-esm,GATA1,split2,E348G,0.8695652173913043,0.7701093162243363
Lasso-esm,GATA1,split2,F382S,0.6877470355731226,0.7585316664628935
Lasso-esm,GATA1,split2,F394P,0.7707509881422925,0.7512038310948262
Lasso-esm,GATA1,split2,H222R,0.39920948616600793,0.6698105633245754
Lasso-esm,GATA1,split2,"H222R,Y223C",0.6679841897233201,0.7459795524931392
Lasso-esm,GATA1,split2,"H232R,K233E",0.1027667984189723,0.5325708289088824
Lasso-esm,GATA1,split2,H289R,0.6482213438735178,0.7318152855614606
Lasso-esm,GATA1,split2,H362R,0.41501976284584985,0.7151527711794836
Lasso-esm,GATA1,split2,H378R,0.12648221343873522,0.6006931816419817
Lasso-esm,GATA1,split2,I242T,0.02371541501976282,0.2896872123225832
Lasso-esm,GATA1,split2,I242V,0.33596837944664026,0.6880229434927553
Lasso-esm,GATA1,split2,I249T,0.7075098814229249,0.7471693899109002
Lasso-esm,GATA1,split2,"I249T,V250A",0.2134387351778656,0.6349474915209599
Lasso-esm,GATA1,split2,I249V,0.5256916996047432,0.7401125668339484
Lasso-esm,GATA1,split2,I302T,0.06719367588932801,0.46948616006979327
Lasso-esm,GATA1,split2,I302V,0.19762845849802368,0.5601147353539662
Lasso-esm,GATA1,split2,"K233R,M234V",0.5494071146245059,0.7214926326732517
Lasso-esm,GATA1,split2,K245G,0.031620553359683834,0.29935552302445284
Lasso-esm,GATA1,split2,K252G,0.3241106719367589,0.6369104968642681
Lasso-esm,GATA1,split2,K252R,0.13833992094861658,0.5206781247610327
Lasso-esm,GATA1,split2,K287G,0.11462450592885376,0.6006178253966311
Lasso-esm,GATA1,split2,K299E,0.8023715415019763,0.7551951206109963
Lasso-esm,GATA1,split2,"K299R,D300G",0.7747035573122529,0.7526325727286277
Lasso-esm,GATA1,split2,K308G,0.40711462450592883,0.6799447687322323
Lasso-esm,GATA1,split2,K312G,0.035573122529644285,0.44804470643293554
Lasso-esm,GATA1,split2,K312R,0.1541501976284585,0.5346215141853271
Lasso-esm,GATA1,split2,"K314R,K315G",0.13438735177865613,0.562613541930363
Lasso-esm,GATA1,split2,K316G,0.8379446640316206,0.7674327179835276
Lasso-esm,GATA1,split2,K316R,0.4189723320158103,0.6864628386794646
Lasso-esm,GATA1,split2,"L214P,W215R",0.4426877470355731,0.6970605343600195
Lasso-esm,GATA1,split2,L224P,0.03952569169960474,0.4877814184023008
Lasso-esm,GATA1,split2,"L230P,Y231H",0.5612648221343873,0.7159474583504262
Lasso-esm,GATA1,split2,L248P,0.7351778656126482,0.7436424243571489
Lasso-esm,GATA1,split2,"L268P,W269R",0.8458498023715415,0.7616280840458083
Lasso-esm,GATA1,split2,"L284P,Y285H",0.011857707509881465,0.19546403365168324
Lasso-esm,GATA1,split2,L288P,0.6363636363636364,0.7485904412495966
Lasso-esm,GATA1,split2,L295P,0.5138339920948616,0.7046650976597345
Lasso-esm,GATA1,split2,L355P,0.7628458498023716,0.7601364590072398
Lasso-esm,GATA1,split2,L363P,0.25296442687747034,0.6775440451958175
Lasso-esm,GATA1,split2,"L363P,Y364H",0.3399209486166008,0.6728816165043252
Lasso-esm,GATA1,split2,L367P,0.4980237154150198,0.7356843357274523
Lasso-esm,GATA1,split2,"L372P,S373P",0.4347826086956522,0.7204737292903579
Lasso-esm,GATA1,split2,L379P,0.4624505928853755,0.7066920650183263
Lasso-esm,GATA1,split2,L386P,0.7905138339920948,0.7532936849489381
Lasso-esm,GATA1,split2,"L386P,L387P",0.49011857707509876,0.7071053902078747
Lasso-esm,GATA1,split2,L387P,0.5652173913043479,0.717275660633202
Lasso-esm,GATA1,split2,L411P,0.9288537549407114,0.7718346835346511
Lasso-esm,GATA1,split2,M234T,0.6442687747035574,0.7314051468484162
Lasso-esm,GATA1,split2,"M234V,N235D",0.4268774703557312,0.6983574408333197
Lasso-esm,GATA1,split2,M297T,0.27667984189723316,0.6490811053220891
Lasso-esm,GATA1,split2,M335T,0.2490118577075099,0.613635029719667
Lasso-esm,GATA1,split2,"M335T,V336A",0.3952569169960475,0.6654720302381637
Lasso-esm,GATA1,split2,M335V,0.766798418972332,0.7513977234297802
Lasso-esm,GATA1,split2,M380T,0.6205533596837944,0.7469429329536013
Lasso-esm,GATA1,split2,M399T,0.6086956521739131,0.7255627338820758
Lasso-esm,GATA1,split2,M399V,0.8221343873517787,0.759133733357901
Lasso-esm,GATA1,split2,N206G,0.5573122529644269,0.7292305844414302
Lasso-esm,GATA1,split2,"N238G,R239G",0.5928853754940712,0.7225404035957277
Lasso-esm,GATA1,split2,N272G,0.5810276679841897,0.7229918080465092
Lasso-esm,GATA1,split2,N292G,0.12252964426877466,0.5248748337471812
Lasso-esm,GATA1,split2,N292S,0.9644268774703557,0.7869130764144235
Lasso-esm,GATA1,split2,N306G,0.7154150197628458,0.7664921957273373
Lasso-esm,GATA1,split2,N345D,0.5454545454545454,0.720105182410788
Lasso-esm,GATA1,split2,N345G,0.8616600790513834,0.7720768137997196
Lasso-esm,GATA1,split2,"Q237R,N238G",0.3517786561264822,0.6536651864051687
Lasso-esm,GATA1,split2,Q257R,0.6007905138339921,0.7340661006591165
Lasso-esm,GATA1,split2,"Q303R,T304A",0.5059288537549407,0.7131325968294351
Lasso-esm,GATA1,split2,Q365R,0.8853754940711462,0.765221723974271
Lasso-esm,GATA1,split2,R271G,0.20948616600790515,0.6335372157923435
Lasso-esm,GATA1,split2,S274G,0.5968379446640316,0.7338172550391245
Lasso-esm,GATA1,split2,S310P,0.7272727272727273,0.7424218035417365
Lasso-esm,GATA1,split2,S320G,0.30434782608695654,0.667783470109411
Lasso-esm,GATA1,split2,S341G,0.7984189723320159,0.7532584092578098
Lasso-esm,GATA1,split2,S343G,0.5533596837944664,0.716872487199652
Lasso-esm,GATA1,split2,S389P,0.7786561264822134,0.7566414266623641
Lasso-esm,GATA1,split2,S393P,0.8735177865612649,0.7662404839407716
Lasso-esm,GATA1,split2,S412G,0.15810276679841895,0.609631085027001
Lasso-esm,GATA1,split2,T210A,0.5770750988142292,0.7157734284936561
Lasso-esm,GATA1,split2,T212A,0.7509881422924901,0.759060746417799
Lasso-esm,GATA1,split2,T220A,0.22924901185770752,0.6114861491213561
Lasso-esm,GATA1,split2,T256A,0.9090909090909091,0.7717502587720999
Lasso-esm,GATA1,split2,T259A,0.691699604743083,0.7494209332742678
Lasso-esm,GATA1,split2,"T263A,T264A",0.07114624505928857,0.49043848385082994
Lasso-esm,GATA1,split2,T264A,0.2964426877470355,0.6634607851203149
Lasso-esm,GATA1,split2,"T264A,T265A",0.5849802371541502,0.7249354646387665
Lasso-esm,GATA1,split2,T265A,0.8893280632411067,0.7701940056084461
Lasso-esm,GATA1,split2,"T265A,T266A",0.8260869565217391,0.7649967862522681
Lasso-esm,GATA1,split2,T266A,0.6047430830039526,0.737546648039606
Lasso-esm,GATA1,split2,T267A,0.7549407114624506,0.7505607384079771
Lasso-esm,GATA1,split2,T296A,0.18181818181818177,0.6526945886450763
Lasso-esm,GATA1,split2,T324A,0.32015810276679846,0.6436982557325771
Lasso-esm,GATA1,split2,T354A,0.7470355731225297,0.7565009749513371
Lasso-esm,GATA1,split2,T360A,0.3754940711462451,0.6564792779474645
Lasso-esm,GATA1,split2,T391A,0.18577075098814233,0.6240267421808793
Lasso-esm,GATA1,split2,T402A,0.541501976284585,0.7081315731991036
Lasso-esm,GATA1,split2,"T402A,T403A",0.9367588932806324,0.7846513153678529
Lasso-esm,GATA1,split2,"T403A,S404G",0.8142292490118577,0.7660588106972971
Lasso-esm,GATA1,split2,"T405A,T406A",0.4703557312252964,0.7146798913944605
Lasso-esm,GATA1,split2,V250A,0.5098814229249011,0.7056981638876979
Lasso-esm,GATA1,split2,"V278A,C279R",0.38735177865612647,0.662128709329707
Lasso-esm,GATA1,split2,V291A,0.7035573122529644,0.7536056775734756
Lasso-esm,GATA1,split2,"V336A,V337A",0.2845849802371542,0.6287912963264461
Lasso-esm,GATA1,split2,V349A,0.11067193675889331,0.5659844985471912
Lasso-esm,GATA1,split2,V370A,0.7391304347826086,0.7481789366696873
Lasso-esm,GATA1,split2,"V371A,L372P",0.7312252964426877,0.7459672900832554
Lasso-esm,GATA1,split2,V407A,0.8577075098814229,0.7644294007481789
Lasso-esm,GATA1,split2,"V407A,V408A",0.5217391304347826,0.7092198900048736
Lasso-esm,GATA1,split2,V408A,0.23715415019762842,0.6342564502814465
Lasso-esm,GATA1,split2,W215R,0.8972332015810277,0.776467484719672
Lasso-esm,GATA1,split2,W269R,0.5731225296442688,0.723602134684333
Lasso-esm,GATA1,split2,Y223C,0.9920948616600791,0.7930294739209902
Lasso-esm,GATA1,split2,Y231C,0.2727272727272727,0.6350748771382414
Lasso-esm,GATA1,split2,Y285C,0.06324110671936756,0.4880876359871882
Lasso-esm,GATA1,split2,"Y285C,Y286C",0.015810276679841917,0.29961474704765795
Lasso-esm,GATA1,split2,"Y286C,K287E",0.4940711462450593,0.7083313384376858
Lasso-esm,GATA1,split2,Y286H,0.11857707509881421,0.5494311395145285
Lasso-esm,GATA1,split2,"Y364C,Q365R",0.37154150197628455,0.698262054226714
Lasso-esm,GATA1,split3,C204R,0.01976284584980237,0.3647299551877294
Lasso-esm,GATA1,split3,"C204R,V205A",0.7707509881422925,0.7484926485645385
Lasso-esm,GATA1,split3,C207R,0.0,0.2727063822559086
Lasso-esm,GATA1,split3,C225R,0.9841897233201581,0.7974859653721562
Lasso-esm,GATA1,split3,C228R,0.8221343873517787,0.7706204906539785
Lasso-esm,GATA1,split3,C258R,0.2964426877470355,0.6568296397616245
Lasso-esm,GATA1,split3,C261R,0.22134387351778662,0.603938483453412
Lasso-esm,GATA1,split3,D276G,0.4624505928853755,0.6860968609239674
Lasso-esm,GATA1,split3,H222R,0.43873517786561267,0.6806003141386099
Lasso-esm,GATA1,split3,"H222R,Y223C",0.6561264822134387,0.7465737681863124
Lasso-esm,GATA1,split3,"L214P,W215R",0.5098814229249011,0.7158970879068518
Lasso-esm,GATA1,split3,L224P,0.03952569169960474,0.4860239414564716
Lasso-esm,GATA1,split3,"L268P,W269R",0.9288537549407114,0.7777259160144516
Lasso-esm,GATA1,split3,N206G,0.5019762845849802,0.7249646945408945
Lasso-esm,GATA1,split3,N272G,0.6363636363636364,0.7345645531181005
Lasso-esm,GATA1,split3,R271G,0.20948616600790515,0.6391638777600107
Lasso-esm,GATA1,split3,S274G,0.5454545454545454,0.7274527489461815
Lasso-esm,GATA1,split3,T210A,0.6403162055335969,0.7294949569764375
Lasso-esm,GATA1,split3,T212A,0.6996047430830039,0.7585096890736351
Lasso-esm,GATA1,split3,T220A,0.2134387351778656,0.6086178866131842
Lasso-esm,GATA1,split3,T259A,0.7272727272727273,0.7578280112070226
Lasso-esm,GATA1,split3,"T263A,T264A",0.07114624505928857,0.5120915722898643
Lasso-esm,GATA1,split3,T264A,0.27667984189723316,0.6505964327909897
Lasso-esm,GATA1,split3,"T264A,T265A",0.6086956521739131,0.727148583994801
Lasso-esm,GATA1,split3,T265A,0.8932806324110671,0.7707284840676274
Lasso-esm,GATA1,split3,"T265A,T266A",0.8102766798418972,0.7682743175071426
Lasso-esm,GATA1,split3,T266A,0.5533596837944664,0.7325731253761952
Lasso-esm,GATA1,split3,T267A,0.8063241106719368,0.7597679688942975
Lasso-esm,GATA1,split3,"V278A,C279R",0.38735177865612647,0.6702730384035738
Lasso-esm,GATA1,split3,W215R,0.9486166007905138,0.7873731846755331
Lasso-esm,GATA1,split3,W269R,0.6600790513833992,0.7433626322459834
Lasso-esm,GATA1,split3,Y223C,0.9920948616600791,0.7963853378417918
Lasso-esm,GATA1,split5,C346R,0.4189723320158103,0.6940095891266674
Lasso-esm,GATA1,split5,E114G,0.24110671936758898,0.5970301316059244
Lasso-esm,GATA1,split5,"E114G,D115G",0.20948616600790515,0.5835579956617426
Lasso-esm,GATA1,split5,E134G,0.1462450592885376,0.569528512663487
Lasso-esm,GATA1,split5,E13G,0.39920948616600793,0.6738886705246043
Lasso-esm,GATA1,split5,F168P,0.36363636363636365,0.6494007089323868
Lasso-esm,GATA1,split5,F172L,0.7470355731225297,0.751384167153251
Lasso-esm,GATA1,split5,"F172S,F173P",0.26086956521739135,0.6032268156628154
Lasso-esm,GATA1,split5,"F33P,F34P",0.07114624505928857,0.42744180793560627
Lasso-esm,GATA1,split5,F3L,0.055335968379446654,0.5037909235539747
Lasso-esm,GATA1,split5,H222R,0.4426877470355731,0.6827263535830406
Lasso-esm,GATA1,split5,I249T,0.7786561264822134,0.7563498485202532
Lasso-esm,GATA1,split5,I302V,0.24505928853754944,0.5787961054145829
Lasso-esm,GATA1,split5,"K100G,T101A",0.13833992094861658,0.5591133675856714
Lasso-esm,GATA1,split5,K245G,0.031620553359683834,0.3124944865615699
Lasso-esm,GATA1,split5,K252R,0.17391304347826086,0.5454026177580673
Lasso-esm,GATA1,split5,K287G,0.1027667984189723,0.6012546170664276
Lasso-esm,GATA1,split5,K312G,0.03952569169960474,0.4476071016528683
Lasso-esm,GATA1,split5,K312R,0.17786561264822132,0.5433292388649096
Lasso-esm,GATA1,split5,"K314R,K315G",0.13043478260869568,0.5613622845546523
Lasso-esm,GATA1,split5,L136S,0.04347826086956519,0.3910269514903894
Lasso-esm,GATA1,split5,L141P,0.31225296442687744,0.6516933018126219
Lasso-esm,GATA1,split5,L196P,0.4782608695652174,0.6964002384443593
Lasso-esm,GATA1,split5,"L284P,Y285H",0.015810276679841917,0.20623915247805627
Lasso-esm,GATA1,split5,"L386P,L387P",0.4980237154150198,0.7086404817487258
Lasso-esm,GATA1,split5,L80P,0.3241106719367589,0.6462954192828655
Lasso-esm,GATA1,split5,M335T,0.25296442687747034,0.615731817224514
Lasso-esm,GATA1,split5,N160D,0.0513833992094862,0.47351491909642873
Lasso-esm,GATA1,split5,"Q237R,N238G",0.3913043478260869,0.665979237813164
Lasso-esm,GATA1,split5,S12P,0.11067193675889331,0.5266867915565175
Lasso-esm,GATA1,split5,S142G,0.22529644268774707,0.626029266991481
Lasso-esm,GATA1,split5,S174P,0.09881422924901184,0.4643249413654742
Lasso-esm,GATA1,split5,S186P,0.19367588932806323,0.6412002412125075
Lasso-esm,GATA1,split5,S36P,0.0,0.1996903360783993
Lasso-esm,GATA1,split5,S46P,0.10671936758893286,0.5053072564500659
Lasso-esm,GATA1,split5,T171A,0.1620553359683794,0.5496572426372557
Lasso-esm,GATA1,split5,T220A,0.23320158102766797,0.6131444697357219
Lasso-esm,GATA1,split5,V250A,0.5494071146245059,0.7129168180139762
Lasso-esm,GATA1,split5,"V278A,C279R",0.4031620553359684,0.673310792773865
Lasso-esm,GATA1,split5,"V32A,F33P",0.09090909090909094,0.4999286124121542
Lasso-esm,GATA1,split5,"V336A,V337A",0.33596837944664026,0.6412159175186573
Lasso-esm,GATA1,split5,Y285C,0.06324110671936756,0.49499123040767395
Lasso-esm,GATA1,split5,"Y285C,Y286C",0.011857707509881465,0.3019419932104854
Lasso-esm,GATA1,split5,Y286H,0.11462450592885376,0.5440403502505162
Lasso-esm,GATA1,split5,Y69H,0.2964426877470355,0.6286736006831283
Lasso-esm,GATA1,split6,C199R,0.6363636363636364,0.7525543281428473
Lasso-esm,GATA1,split6,C207R,0.0,0.2757334300447277
Lasso-esm,GATA1,split6,C225R,0.9881422924901185,0.7981130139241676
Lasso-esm,GATA1,split6,E114G,0.2490118577075099,0.604020572826485
Lasso-esm,GATA1,split6,E200G,0.4268774703557312,0.6779331209020363
Lasso-esm,GATA1,split6,E328G,0.4347826086956522,0.7120215396127961
Lasso-esm,GATA1,split6,E348G,0.9367588932806324,0.7806112122694814
Lasso-esm,GATA1,split6,F172P,0.2845849802371542,0.6362571357695663
Lasso-esm,GATA1,split6,H222R,0.44664031620553357,0.6789661985592578
Lasso-esm,GATA1,split6,"I249T,V250A",0.2134387351778656,0.642325142182981
Lasso-esm,GATA1,split6,I87T,0.08300395256916993,0.5342057174180127
Lasso-esm,GATA1,split6,"K100G,T101A",0.13438735177865613,0.5606449913820756
Lasso-esm,GATA1,split6,K137E,0.37944664031620556,0.7004446893872429
Lasso-esm,GATA1,split6,K287G,0.10671936758893286,0.6047204159196958
Lasso-esm,GATA1,split6,"K299R,D300G",0.83399209486166,0.7613713767006492
Lasso-esm,GATA1,split6,K312R,0.17786561264822132,0.5437654556238094
Lasso-esm,GATA1,split6,L146P,0.7154150197628458,0.7510044945175437
Lasso-esm,GATA1,split6,L190P,0.5612648221343873,0.7626099270993205
Lasso-esm,GATA1,split6,L224P,0.03952569169960474,0.4861156351761128
Lasso-esm,GATA1,split6,L355P,0.8221343873517787,0.7667794465199912
Lasso-esm,GATA1,split6,L363P,0.2055335968379447,0.662972861702475
Lasso-esm,GATA1,split6,L387P,0.616600790513834,0.7285636711961373
Lasso-esm,GATA1,split6,L6P,0.9446640316205533,0.7819810546374855
Lasso-esm,GATA1,split6,M1V,0.6086956521739131,0.7445341422640603
Lasso-esm,GATA1,split6,M335V,0.7549407114624506,0.7532469846779379
Lasso-esm,GATA1,split6,"N238G,R239G",0.7430830039525691,0.7421349215228801
Lasso-esm,GATA1,split6,Q257R,0.5494071146245059,0.7277679910376524
Lasso-esm,GATA1,split6,R271G,0.20948616600790515,0.6382988904743973
Lasso-esm,GATA1,split6,S155P,0.4980237154150198,0.7223389197789923
Lasso-esm,GATA1,split6,S161G,0.5256916996047432,0.7146050941464938
Lasso-esm,GATA1,split6,S174P,0.09881422924901184,0.4753253111380296
Lasso-esm,GATA1,split6,S178G,0.9960474308300395,0.7980486263472734
Lasso-esm,GATA1,split6,S310P,0.766798418972332,0.7486538043283639
Lasso-esm,GATA1,split6,S393P,0.8063241106719368,0.7629485842606245
Lasso-esm,GATA1,split6,S72P,0.5770750988142292,0.7213443537166729
Lasso-esm,GATA1,split6,T256A,0.9130434782608696,0.7708570911634187
Lasso-esm,GATA1,split6,T264A,0.27667984189723316,0.6495281082969734
Lasso-esm,GATA1,split6,T324A,0.3241106719367589,0.6476331875242931
Lasso-esm,GATA1,split6,T391A,0.19367588932806323,0.6286064324831657
Lasso-esm,GATA1,split6,"V109A,C110R",0.2569169960474308,0.631056328865853
Lasso-esm,GATA1,split6,V158A,0.2924901185770751,0.6837167054948482
Lasso-esm,GATA1,split6,V291A,0.7312252964426877,0.7616147608187182
Lasso-esm,GATA1,split6,V32A,0.46640316205533594,0.7269193363119492
Lasso-esm,GATA1,split6,"V32A,F33P",0.08695652173913049,0.4925780164523616
Lasso-esm,GATA1,split6,"V336A,V337A",0.3399209486166008,0.6445268088607231
Lasso-esm,GATA1,split6,"V371A,L372P",0.6679841897233201,0.7382884842246785
Lasso-esm,GATA1,split6,"Y185H,S186P",0.9486166007905138,0.7827511874270862
Lasso-esm,GATA1,split6,Y285C,0.06324110671936756,0.5014165857998476
Lasso-esm,GATA1,split6,Y62C,0.7707509881422925,0.7528574478429426
Lasso-esm,GATA1,split6,Y62H,0.09486166007905139,0.5575728363633713
Lasso-esm,GATA1,split6,Y78H,0.3675889328063241,0.6683871944259494
Lasso-esm,GATA1,split6,Y93H,0.4940711462450593,0.7220015485228344
Lasso-esm,JAK1,split1,E762K,0.48,0.8626239349170011
Lasso-esm,JAK1,split1,"G1068E,G1068R",0.76,0.9420838976323536
Lasso-esm,JAK1,split1,"G887R,G887E",0.6,0.8975044335374219
Lasso-esm,JAK1,split1,"P1118L,P1118S,P1121S",0.12,0.08657073614583632
Lasso-esm,JAK1,split1,Q387*,0.56,0.859297064481545
Lasso-esm,JAK1,split1,Q437*,0.36,0.8245378428107961
Lasso-esm,JAK1,split1,Q572*,1.0,0.9395763278443078
Lasso-esm,JAK1,split2,D775N,0.52,0.8420452622136374
Lasso-esm,JAK1,split2,E1051K,0.8,0.8909986123455399
Lasso-esm,JAK1,split2,"E706K,D707N",0.88,0.8952417582973782
Lasso-esm,JAK1,split2,E762K,0.43999999999999995,0.8306821748764709
Lasso-esm,JAK1,split2,"G1068E,G1068R",0.72,0.8803094155008505
Lasso-esm,JAK1,split2,"G590E,G590R",0.56,0.8640801635232254
Lasso-esm,JAK1,split2,"G887R,G887E",0.64,0.863893947025871
Lasso-esm,JAK1,split2,"P1118L,P1118S,P1121S",0.12,0.08603262835045071
Lasso-esm,JAK1,split2,"P1121L,P1121S",0.19999999999999996,0.23959438880848263
Lasso-esm,JAK1,split2,P761S,0.6799999999999999,0.8779447998658889
Lasso-esm,JAK1,split2,S1062F,0.92,0.8979285370632967
Lasso-esm,JAK1,split2,T717I,0.0,-0.08753682303146905
Lasso-esm,JAK1,split3,D775N,0.28,-0.0044912493376590545
Lasso-esm,JAK1,split3,E1051K,0.16000000000000003,-0.019342250079893507
Lasso-esm,JAK1,split3,E447K,0.12,0.01901182644824307
Lasso-esm,JAK1,split3,E486K,0.64,0.09154497621275728
Lasso-esm,JAK1,split3,"E706K,D707N",0.6,0.029416309668383104
Lasso-esm,JAK1,split3,E762K,0.0,-0.07067685557357793
Lasso-esm,JAK1,split3,"G1068E,G1068R",0.31999999999999995,-0.0018460177537796749
Lasso-esm,JAK1,split3,"G590E,G590R",0.16000000000000003,-0.008179514800332313
Lasso-esm,JAK1,split3,"G887R,G887E",0.76,0.11405027062093373
Lasso-esm,JAK1,split3,P761S,0.56,0.015986867322831236
Lasso-esm,JAK1,split3,Q387*,0.24,0.052247544509386394
Lasso-esm,JAK1,split3,Q437*,0.6,0.06444114004368343
Lasso-esm,JAK1,split3,Q499*,0.31999999999999995,0.05386007992404604
Lasso-esm,JAK1,split3,Q545*,0.36,0.06234804090355507
Lasso-esm,JAK1,split3,Q572*,0.48,0.06375204446206134
Lasso-esm,JAK1,split3,R108Q,0.6799999999999999,0.1431710123555204
Lasso-esm,JAK1,split3,"R549Q,E550K",0.040000000000000036,-0.030507464662223246
Lasso-esm,JAK1,split3,S1062F,0.4,0.007940912840451012
Lasso-esm,JAK1,split3,T558I,0.8,0.23205766653466112
Lasso-esm,JAK1,split5,D775N,0.64,0.9080291523378942
Lasso-esm,JAK1,split5,E486K,0.4,0.8579167262876841
Lasso-esm,JAK1,split5,E762K,0.56,0.8731706267347571
Lasso-esm,JAK1,split5,"G590E,G590R",0.6,0.9003132501312541
Lasso-esm,JAK1,split5,L321F,0.12,0.05931554535647661
Lasso-esm,JAK1,split5,"P1121L,P1121S",0.16000000000000003,0.16269564964497593
Lasso-esm,JAK1,split5,P761S,0.76,0.9353088027939419
Lasso-esm,JAK1,split5,Q387*,0.72,0.9125765578940015
Lasso-esm,JAK1,split5,Q437*,0.43999999999999995,0.8571162671411341
Lasso-esm,JAK1,split5,Q499*,0.36,0.8416662742894868
Lasso-esm,JAK1,split5,Q545*,0.31999999999999995,0.8247594777022579
Lasso-esm,JAK1,split5,R108Q,0.31999999999999995,0.8240711776512603
Lasso-esm,JAK1,split5,"R549Q,E550K",0.52,0.8726023127900738
Lasso-esm,JAK1,split5,T717I,0.040000000000000036,-0.09739878710642018
Lasso-theta,TP53,split1,A159P,0.8041237113402062,0.8114774885983252
Lasso-theta,TP53,split1,A159V,0.7525773195876289,0.814944214771398
Lasso-theta,TP53,split1,C141Y,0.21649484536082475,0.781740894405456
Lasso-theta,TP53,split1,C238Y,0.04123711340206182,0.7700068023815319
Lasso-theta,TP53,split1,G245V,0.41237113402061853,0.7927463741506288
Lasso-theta,TP53,split1,H179R,0.31958762886597936,0.7848722924054762
Lasso-theta,TP53,split1,P47S,0.22680412371134018,0.7853223888171633
Lasso-theta,TP53,split1,P58R,0.0,0.7404779300101049
Lasso-theta,TP53,split1,Q5R,0.3608247422680413,0.7915397200565015
Lasso-theta,TP53,split1,R175H,0.6082474226804124,0.8023473393888971
Lasso-theta,TP53,split1,R273H,1.0,0.8386570649106945
Lasso-theta,TP53,split1,S241C,0.5463917525773196,0.7997166394964111
Lasso-theta,TP53,split1,S366A,0.15463917525773196,0.780887742513751
Lasso-theta,TP53,split1,T312S,0.6907216494845361,0.8044129434238727
Lasso-theta,TP53,split1,V31I,0.11340206185567014,0.7796683156939372
Lasso-theta,TP53,split1,Y220C,0.4948453608247423,0.7934974161489963
Lasso-theta,TP53,split2,C238F,0.44329896907216493,0.7884690057642357
Lasso-theta,TP53,split2,C238Y,0.05154639175257736,0.767102301080046
Lasso-theta,TP53,split2,C242F,0.3298969072164949,0.8002273949916969
Lasso-theta,TP53,split2,C275F,0.0,0.7564681596436108
Lasso-theta,TP53,split2,C275Y,0.061855670103092786,0.7615771113516753
Lasso-theta,TP53,split2,C277F,0.711340206185567,0.803881090983085
Lasso-theta,TP53,split2,E271K,0.6494845360824743,0.80542756093477
Lasso-theta,TP53,split2,E285K,0.15463917525773196,0.7798908319620187
Lasso-theta,TP53,split2,E286K,0.21649484536082475,0.7737737407693827
Lasso-theta,TP53,split2,E339K,0.08247422680412375,0.7616167861739814
Lasso-theta,TP53,split2,G244C,0.1649484536082474,0.7829072978550922
Lasso-theta,TP53,split2,G245C,0.7628865979381443,0.8059928303180575
Lasso-theta,TP53,split2,G245D,0.8969072164948454,0.818688823875604
Lasso-theta,TP53,split2,G245S,0.41237113402061853,0.7938893331287423
Lasso-theta,TP53,split2,G245V,0.4226804123711341,0.7932457468741525
Lasso-theta,TP53,split2,G266E,0.24742268041237114,0.7800399615747369
Lasso-theta,TP53,split2,G266R,0.48453608247422686,0.7894014307941221
Lasso-theta,TP53,split2,G266V,0.5670103092783505,0.8098999843126408
Lasso-theta,TP53,split2,G360V,0.6185567010309279,0.8007646353860595
Lasso-theta,TP53,split2,L344L,0.7525773195876289,0.8060022365228892
Lasso-theta,TP53,split2,M237I,0.30927835051546393,0.7959496821928915
Lasso-theta,TP53,split2,M246V,0.7010309278350515,0.8007161864440419
Lasso-theta,TP53,split2,P222P,0.28865979381443296,0.7795890572006361
Lasso-theta,TP53,split2,P250L,0.865979381443299,0.8119541464222023
Lasso-theta,TP53,split2,P278L,0.31958762886597936,0.7810630866542853
Lasso-theta,TP53,split2,P278S,0.35051546391752575,0.7920688316789796
Lasso-theta,TP53,split2,P295P,0.6391752577319587,0.8024595043029458
Lasso-theta,TP53,split2,P301P,0.20618556701030932,0.7843542784204895
Lasso-theta,TP53,split2,P359P,0.6082474226804124,0.8042836967251127
Lasso-theta,TP53,split2,R248L,0.09278350515463918,0.7677024921914674
Lasso-theta,TP53,split2,R248W,0.5773195876288659,0.8044523898519491
Lasso-theta,TP53,split2,R249M,0.28865979381443296,0.7793710807021479
Lasso-theta,TP53,split2,R249S,0.21649484536082475,0.7785488645508956
Lasso-theta,TP53,split2,R273C,0.07216494845360821,0.7648074741553545
Lasso-theta,TP53,split2,R273H,1.0,0.8384331897525638
Lasso-theta,TP53,split2,R273L,0.18556701030927836,0.7901065987062914
Lasso-theta,TP53,split2,R280K,0.5567010309278351,0.7937012553738845
Lasso-theta,TP53,split2,R280T,0.27835051546391754,0.7817716187896002
Lasso-theta,TP53,split2,R282W,0.23711340206185572,0.7768260989157291
Lasso-theta,TP53,split2,R337C,0.030927835051546393,0.766963981657676
Lasso-theta,TP53,split2,R337L,0.1030927835051546,0.7868323569577513
Lasso-theta,TP53,split2,S241C,0.5876288659793815,0.7999240915707413
Lasso-theta,TP53,split2,S241F,0.6804123711340206,0.8040521752915007
Lasso-theta,TP53,split2,S366A,0.15463917525773196,0.7797106127605217
Lasso-theta,TP53,split2,T312S,0.731958762886598,0.8051837059446435
Lasso-theta,TP53,split2,V272L,0.5463917525773196,0.8048860438634068
Lasso-theta,TP53,split2,V272M,0.44329896907216493,0.7897405225508625
Lasso-theta,TP53,split2,Y234C,0.8247422680412371,0.8099606611963679
Lasso-theta,TP53,split2,Y236C,0.7938144329896908,0.8109998439556617
Lasso-theta,TP53,split3,G245C,0.6701030927835052,0.8044518754628541
Lasso-theta,TP53,split3,G245D,0.9690721649484536,0.8230764618587811
Lasso-theta,TP53,split3,G245S,0.4226804123711341,0.7958197468009803
Lasso-theta,TP53,split3,G245V,0.4639175257731959,0.7953906148807264
Lasso-theta,TP53,split3,R175H,0.6185567010309279,0.8029397844599698
Lasso-theta,TP53,split3,R249M,0.17525773195876293,0.7789847611702643
Lasso-theta,TP53,split3,R249S,0.20618556701030932,0.7808401147734796
Lasso-theta,TP53,split3,R282W,0.15463917525773196,0.7767403286056374
Lasso-theta,TP53,split3,Y220C,0.5567010309278351,0.7971155263661701
Lasso-theta,TP53,split6,A159P,0.8144329896907216,0.8115519586207657
Lasso-theta,TP53,split6,A159V,0.7731958762886598,0.8155640503172485
Lasso-theta,TP53,split6,C141Y,0.20618556701030932,0.7823592137016921
Lasso-theta,TP53,split6,C238Y,0.04123711340206182,0.7710544856915538
Lasso-theta,TP53,split6,G245V,0.4329896907216495,0.7943682430876454
Lasso-theta,TP53,split6,H179R,0.31958762886597936,0.7846952577444791
Lasso-theta,TP53,split6,R175H,0.6288659793814433,0.8033802836440661
Lasso-theta,TP53,split6,R273H,1.0,0.839555743543918
Lasso-theta,TP53,split6,S241C,0.5463917525773196,0.8000503751367806
Lasso-theta,TP53,split6,Y220C,0.5257731958762887,0.7948179662379842
Lasso-theta,KRAS,split1,A146T,0.7692307692307692,0.7392534538758626
Lasso-theta,KRAS,split1,A146V,0.8461538461538461,0.7497613946682213
Lasso-theta,KRAS,split1,G12C,0.23076923076923073,0.7011136168883563
Lasso-theta,KRAS,split1,G12D,0.46153846153846156,0.7254343671095949
Lasso-theta,KRAS,split1,G12R,0.2417582417582418,0.7128654643970744
Lasso-theta,KRAS,split1,G12V,0.1648351648351648,0.6997476166440805
Lasso-theta,KRAS,split1,Q61H,0.9230769230769231,0.7567110987865805
Lasso-theta,KRAS,split1,Q61L,0.6373626373626373,0.7296394336349201
Lasso-theta,KRAS,split2,A130V,0.7252747252747253,0.7320656181334017
Lasso-theta,KRAS,split2,A146P,0.5714285714285714,0.7244085331290904
Lasso-theta,KRAS,split2,A146T,0.7912087912087912,0.7364000106965493
Lasso-theta,KRAS,split2,A146V,0.8571428571428572,0.7456048927056336
Lasso-theta,KRAS,split2,A155G,0.37362637362637363,0.7107703052558968
Lasso-theta,KRAS,split2,A66A,0.3296703296703297,0.7199371856916404
Lasso-theta,KRAS,split2,C118S,0.5604395604395604,0.7225690077937461
Lasso-theta,KRAS,split2,D119G,0.07692307692307687,0.6937365815659307
Lasso-theta,KRAS,split2,D173D,0.03296703296703296,0.7067455379392682
Lasso-theta,KRAS,split2,E63K,0.6923076923076923,0.7272583781056775
Lasso-theta,KRAS,split2,F141L,0.19780219780219777,0.7102653454786609
Lasso-theta,KRAS,split2,G75A,0.15384615384615385,0.6960661091422666
Lasso-theta,KRAS,split2,G77A,0.5824175824175823,0.722308745551021
Lasso-theta,KRAS,split2,I163S,0.6153846153846154,0.7216381149041443
Lasso-theta,KRAS,split2,K117N,0.23076923076923073,0.6963856265552701
Lasso-theta,KRAS,split2,K117R,0.7032967032967032,0.7342924025044891
Lasso-theta,KRAS,split2,K147N,0.2417582417582418,0.7034586140285128
Lasso-theta,KRAS,split2,K147T,0.04395604395604391,0.6968084717015712
Lasso-theta,KRAS,split2,K169K,0.8021978021978022,0.7381589959508528
Lasso-theta,KRAS,split2,K176Q,0.7252747252747253,0.729585358359822
Lasso-theta,KRAS,split2,K178K,0.6373626373626373,0.7262033528347427
Lasso-theta,KRAS,split2,K88K,0.13186813186813184,0.6986418728948669
Lasso-theta,KRAS,split2,L159S,0.9230769230769231,0.747236055667906
Lasso-theta,KRAS,split2,L79I,0.3846153846153846,0.7197077914277692
Lasso-theta,KRAS,split2,M111L,0.01098901098901095,0.681233305173814
Lasso-theta,KRAS,split2,P110S,0.39560439560439564,0.7206790339330373
Lasso-theta,KRAS,split2,Q99E,0.39560439560439564,0.7091079101557449
Lasso-theta,KRAS,split2,R135T,0.6923076923076923,0.7311702861045477
Lasso-theta,KRAS,split2,R149K,0.48351648351648346,0.717725919483801
Lasso-theta,KRAS,split2,R164Q,0.3846153846153846,0.7187502575925493
Lasso-theta,KRAS,split2,R68S,0.25274725274725274,0.7032768895724316
Lasso-theta,KRAS,split2,S136N,0.7582417582417582,0.7406806525478752
Lasso-theta,KRAS,split2,T127T,0.2417582417582418,0.7030750831699665
Lasso-theta,KRAS,split2,T144P,0.1208791208791209,0.6926337414232117
Lasso-theta,KRAS,split2,T144T,0.2637362637362637,0.7218241701172652
Lasso-theta,KRAS,split2,T158A,0.17582417582417587,0.7053331458271136
Lasso-theta,KRAS,split2,T158T,0.10989010989010994,0.7022868069394446
Lasso-theta,KRAS,split2,T74A,0.8351648351648352,0.7418904307431139
Lasso-theta,KRAS,split2,T74T,0.43956043956043955,0.7175530362565858
Lasso-theta,KRAS,split2,V112I,0.6593406593406593,0.724850314020459
Lasso-theta,KRAS,split2,Y166H,0.9340659340659341,0.7528703260082328
Lasso-theta,KRAS,split3,A146P,0.5824175824175823,0.7286989532747488
Lasso-theta,KRAS,split3,A146T,0.7692307692307692,0.7375228747485676
Lasso-theta,KRAS,split3,A146V,0.8241758241758241,0.7468183818679361
Lasso-theta,KRAS,split3,G12A,0.3076923076923077,0.7093933565764969
Lasso-theta,KRAS,split3,G12C,0.17582417582417587,0.6991718455932988
Lasso-theta,KRAS,split3,G12S,0.9120879120879121,0.749828220349175
Lasso-theta,KRAS,split3,G13C,0.6813186813186813,0.7466566864049714
Lasso-theta,KRAS,split3,K117R,0.7142857142857143,0.7369435063486172
Lasso-theta,KRAS,split3,Q61H,0.9340659340659341,0.7567418135902675
Lasso-theta,KRAS,split3,Q61P,0.1428571428571429,0.6961638197864126
Lasso-theta,KRAS,split6,A146T,0.7692307692307692,0.7392534538758626
Lasso-theta,KRAS,split6,A146V,0.8461538461538461,0.7497613946682213
Lasso-theta,KRAS,split6,G12C,0.23076923076923073,0.7011136168883563
Lasso-theta,KRAS,split6,G12D,0.46153846153846156,0.7254343671095949
Lasso-theta,KRAS,split6,G12R,0.2417582417582418,0.7128654643970744
Lasso-theta,KRAS,split6,G12V,0.1648351648351648,0.6997476166440805
Lasso-theta,KRAS,split6,Q61H,0.9230769230769231,0.7567110987865805
Lasso-theta,KRAS,split6,Q61L,0.6373626373626373,0.7296394336349201
Lasso-theta,GATA1,split1,C199R,0.6245059288537549,0.7497981810716222
Lasso-theta,GATA1,split1,C207R,0.0,0.2751181484306007
Lasso-theta,GATA1,split1,C225R,0.9920948616600791,0.7988281137372683
Lasso-theta,GATA1,split1,E114G,0.2490118577075099,0.6044284528706528
Lasso-theta,GATA1,split1,E200G,0.4347826086956522,0.6791169928183989
Lasso-theta,GATA1,split1,E328G,0.43083003952569165,0.710869632573614
Lasso-theta,GATA1,split1,E348G,0.9407114624505929,0.7807660327287257
Lasso-theta,GATA1,split1,F172P,0.2845849802371542,0.6366700406625008
Lasso-theta,GATA1,split1,H222R,0.4347826086956522,0.6792677287130744
Lasso-theta,GATA1,split1,"I249T,V250A",0.2134387351778656,0.6421527690867006
Lasso-theta,GATA1,split1,I87T,0.08300395256916993,0.5340077791008172
Lasso-theta,GATA1,split1,"K100G,T101A",0.13438735177865613,0.5626486143611477
Lasso-theta,GATA1,split1,K137E,0.383399209486166,0.7012589035984986
Lasso-theta,GATA1,split1,K287G,0.10671936758893286,0.6047168333645069
Lasso-theta,GATA1,split1,"K299R,D300G",0.83399209486166,0.7616619236097794
Lasso-theta,GATA1,split1,K312R,0.17786561264822132,0.5431626996474237
Lasso-theta,GATA1,split1,L146P,0.7233201581027668,0.7508387056201432
Lasso-theta,GATA1,split1,L190P,0.5612648221343873,0.7628839903179048
Lasso-theta,GATA1,split1,L224P,0.03952569169960474,0.48602072356989484
Lasso-theta,GATA1,split1,L355P,0.8260869565217391,0.7670773008794909
Lasso-theta,GATA1,split1,L363P,0.2055335968379447,0.6626020311138195
Lasso-theta,GATA1,split1,L387P,0.6284584980237153,0.72863703547372
Lasso-theta,GATA1,split1,L6P,0.9446640316205533,0.7824628424202804
Lasso-theta,GATA1,split1,M1V,0.6284584980237153,0.7444186197079272
Lasso-theta,GATA1,split1,M335V,0.7549407114624506,0.7528482322969566
Lasso-theta,GATA1,split1,"N238G,R239G",0.7470355731225297,0.742003493906303
Lasso-theta,GATA1,split1,Q257R,0.5573122529644269,0.7267619614942933
Lasso-theta,GATA1,split1,R271G,0.20948616600790515,0.6385374157036495
Lasso-theta,GATA1,split1,S155P,0.4980237154150198,0.7204673655526128
Lasso-theta,GATA1,split1,S161G,0.5296442687747036,0.715095353498231
Lasso-theta,GATA1,split1,S174P,0.09486166007905139,0.47342036372286583
Lasso-theta,GATA1,split1,S178G,0.9960474308300395,0.7977788398293154
Lasso-theta,GATA1,split1,S310P,0.7786561264822134,0.7518950979948392
Lasso-theta,GATA1,split1,S393P,0.8181818181818181,0.7625424044000251
Lasso-theta,GATA1,split1,S72P,0.5731225296442688,0.7196254657806561
Lasso-theta,GATA1,split1,T256A,0.9130434782608696,0.7702867078292882
Lasso-theta,GATA1,split1,T264A,0.27667984189723316,0.6493618315467861
Lasso-theta,GATA1,split1,T324A,0.3241106719367589,0.6480388307379892
Lasso-theta,GATA1,split1,T391A,0.19762845849802368,0.629145450645875
Lasso-theta,GATA1,split1,"V109A,C110R",0.2648221343873518,0.631515203235032
Lasso-theta,GATA1,split1,V158A,0.2924901185770751,0.6836879861322652
Lasso-theta,GATA1,split1,V291A,0.7312252964426877,0.7617223885636526
Lasso-theta,GATA1,split1,V32A,0.46640316205533594,0.7267029285314265
Lasso-theta,GATA1,split1,"V32A,F33P",0.08695652173913049,0.49350559416763295
Lasso-theta,GATA1,split1,"V336A,V337A",0.3399209486166008,0.6439425630496092
Lasso-theta,GATA1,split1,"V371A,L372P",0.6679841897233201,0.7386646603123942
Lasso-theta,GATA1,split1,"Y185H,S186P",0.9486166007905138,0.7819100996201758
Lasso-theta,GATA1,split1,Y285C,0.06324110671936756,0.5015327689484234
Lasso-theta,GATA1,split1,Y62C,0.782608695652174,0.7543642076624621
Lasso-theta,GATA1,split1,Y62H,0.09486166007905139,0.5575570671045941
Lasso-theta,GATA1,split1,Y78H,0.3675889328063241,0.6684026610665106
Lasso-theta,GATA1,split1,Y93H,0.49011857707509876,0.7219706083982634
Lasso-theta,GATA1,split2,C204R,0.02371541501976282,0.35257767244808624
Lasso-theta,GATA1,split2,"C204R,V205A",0.691699604743083,0.7391584644072454
Lasso-theta,GATA1,split2,C207R,0.0,0.26184994387437854
Lasso-theta,GATA1,split2,C225R,0.9407114624505929,0.7810170914030864
Lasso-theta,GATA1,split2,C228R,0.8656126482213439,0.7709834901976743
Lasso-theta,GATA1,split2,C258R,0.2845849802371542,0.6519691700306152
Lasso-theta,GATA1,split2,C261R,0.2055335968379447,0.590992644130916
Lasso-theta,GATA1,split2,C346R,0.43083003952569165,0.6910706216898663
Lasso-theta,GATA1,split2,D276G,0.4861660079051383,0.6975951218157265
Lasso-theta,GATA1,split2,E328G,0.4347826086956522,0.707354876177602
Lasso-theta,GATA1,split2,E348G,0.8814229249011858,0.7716003025216885
Lasso-theta,GATA1,split2,F382S,0.6877470355731226,0.7557076475391333
Lasso-theta,GATA1,split2,F394P,0.7747035573122529,0.7502550053025432
Lasso-theta,GATA1,split2,H222R,0.41501976284584985,0.6757684163908371
Lasso-theta,GATA1,split2,"H222R,Y223C",0.6640316205533596,0.7462483093728791
Lasso-theta,GATA1,split2,"H232R,K233E",0.1027667984189723,0.5360985727132953
Lasso-theta,GATA1,split2,H289R,0.6798418972332017,0.7364427112780213
Lasso-theta,GATA1,split2,H362R,0.4110671936758893,0.7159439396532418
Lasso-theta,GATA1,split2,H378R,0.13043478260869568,0.6032050515891569
Lasso-theta,GATA1,split2,I242T,0.01976284584980237,0.28781861879340004
Lasso-theta,GATA1,split2,I242V,0.33596837944664026,0.6890330385961876
Lasso-theta,GATA1,split2,I249T,0.7035573122529644,0.7462607253394751
Lasso-theta,GATA1,split2,"I249T,V250A",0.2134387351778656,0.6337108428194043
Lasso-theta,GATA1,split2,I249V,0.5296442687747036,0.7401912461537594
Lasso-theta,GATA1,split2,I302T,0.06324110671936756,0.4679402150858309
Lasso-theta,GATA1,split2,I302V,0.19762845849802368,0.5599948129533252
Lasso-theta,GATA1,split2,"K233R,M234V",0.5612648221343873,0.722780812635239
Lasso-theta,GATA1,split2,K245G,0.031620553359683834,0.30507803594518595
Lasso-theta,GATA1,split2,K252G,0.2964426877470355,0.6360930000961178
Lasso-theta,GATA1,split2,K252R,0.13833992094861658,0.5212571136513071
Lasso-theta,GATA1,split2,K287G,0.12252964426877466,0.6011703148304489
Lasso-theta,GATA1,split2,K299E,0.766798418972332,0.7439278178796281
Lasso-theta,GATA1,split2,"K299R,D300G",0.7865612648221344,0.753871235844634
Lasso-theta,GATA1,split2,K308G,0.4268774703557312,0.6843305015560938
Lasso-theta,GATA1,split2,K312G,0.03952569169960474,0.4531801154424522
Lasso-theta,GATA1,split2,K312R,0.1541501976284585,0.5345059662078147
Lasso-theta,GATA1,split2,"K314R,K315G",0.13833992094861658,0.5634665336108492
Lasso-theta,GATA1,split2,K316G,0.8260869565217391,0.7620016920458629
Lasso-theta,GATA1,split2,K316R,0.41501976284584985,0.6852402014146983
Lasso-theta,GATA1,split2,"L214P,W215R",0.4426877470355731,0.6966823671513107
Lasso-theta,GATA1,split2,L224P,0.03952569169960474,0.48758424826087154
Lasso-theta,GATA1,split2,"L230P,Y231H",0.5652173913043479,0.7158021268028314
Lasso-theta,GATA1,split2,L248P,0.7312252964426877,0.7427656700091374
Lasso-theta,GATA1,split2,"L268P,W269R",0.841897233201581,0.761258043133767
Lasso-theta,GATA1,split2,"L284P,Y285H",0.011857707509881465,0.1956311365010371
Lasso-theta,GATA1,split2,L288P,0.6363636363636364,0.7470979330179943
Lasso-theta,GATA1,split2,L295P,0.5138339920948616,0.70321924594929
Lasso-theta,GATA1,split2,L355P,0.7628458498023716,0.7588804365363707
Lasso-theta,GATA1,split2,L363P,0.25296442687747034,0.6769758138939523
Lasso-theta,GATA1,split2,"L363P,Y364H",0.3399209486166008,0.6719822454329522
Lasso-theta,GATA1,split2,L367P,0.4940711462450593,0.7355904769385685
Lasso-theta,GATA1,split2,"L372P,S373P",0.4347826086956522,0.7201903773255899
Lasso-theta,GATA1,split2,L379P,0.4624505928853755,0.7055905788472633
Lasso-theta,GATA1,split2,L386P,0.7944664031620553,0.7534624609252469
Lasso-theta,GATA1,split2,"L386P,L387P",0.49011857707509876,0.7071933307169938
Lasso-theta,GATA1,split2,L387P,0.5573122529644269,0.716005886582992
Lasso-theta,GATA1,split2,L411P,0.9209486166007905,0.7715556069597397
Lasso-theta,GATA1,split2,M234T,0.6403162055335969,0.7308304441388163
Lasso-theta,GATA1,split2,"M234V,N235D",0.4268774703557312,0.6971913322287444
Lasso-theta,GATA1,split2,M297T,0.27667984189723316,0.6489358442815747
Lasso-theta,GATA1,split2,M335T,0.24505928853754944,0.61321688060648
Lasso-theta,GATA1,split2,"M335T,V336A",0.3952569169960475,0.6645375487409075
Lasso-theta,GATA1,split2,M335V,0.766798418972332,0.7510982927466321
Lasso-theta,GATA1,split2,M380T,0.6205533596837944,0.7467177062461224
Lasso-theta,GATA1,split2,M399T,0.6047430830039526,0.7255683505253425
Lasso-theta,GATA1,split2,M399V,0.83399209486166,0.7594113237776812
Lasso-theta,GATA1,split2,N206G,0.5612648221343873,0.7292954031732899
Lasso-theta,GATA1,split2,"N238G,R239G",0.5928853754940712,0.7219610941512277
Lasso-theta,GATA1,split2,N272G,0.5849802371541502,0.7240509113168453
Lasso-theta,GATA1,split2,N292G,0.12648221343873522,0.5269280699675235
Lasso-theta,GATA1,split2,N292S,0.9644268774703557,0.786470953911939
Lasso-theta,GATA1,split2,N306G,0.7351778656126482,0.7671291780450951
Lasso-theta,GATA1,split2,N345D,0.541501976284585,0.718703591955715
Lasso-theta,GATA1,split2,N345G,0.8458498023715415,0.7696853813083475
Lasso-theta,GATA1,split2,"Q237R,N238G",0.3675889328063241,0.6544808699121534
Lasso-theta,GATA1,split2,Q257R,0.5889328063241106,0.7314153801126804
Lasso-theta,GATA1,split2,"Q303R,T304A",0.4980237154150198,0.7127201807926246
Lasso-theta,GATA1,split2,Q365R,0.8814229249011858,0.766980362174956
Lasso-theta,GATA1,split2,R271G,0.20948616600790515,0.6329016791576778
Lasso-theta,GATA1,split2,S274G,0.5889328063241106,0.7331982788214636
Lasso-theta,GATA1,split2,S310P,0.7470355731225297,0.7437063314723963
Lasso-theta,GATA1,split2,S320G,0.30434782608695654,0.6678362137438534
Lasso-theta,GATA1,split2,S341G,0.7984189723320159,0.753103790678082
Lasso-theta,GATA1,split2,S343G,0.5573122529644269,0.7171694630407498
Lasso-theta,GATA1,split2,S389P,0.7984189723320159,0.7590159743749055
Lasso-theta,GATA1,split2,S393P,0.8774703557312253,0.7664346723870242
Lasso-theta,GATA1,split2,S412G,0.1620553359683794,0.6105533504950114
Lasso-theta,GATA1,split2,T210A,0.5731225296442688,0.7155309194709959
Lasso-theta,GATA1,split2,T212A,0.7628458498023716,0.7598549197586537
Lasso-theta,GATA1,split2,T220A,0.22529644268774707,0.6115584585965073
Lasso-theta,GATA1,split2,T256A,0.9011857707509882,0.7700361250923665
Lasso-theta,GATA1,split2,T259A,0.6996047430830039,0.7493355841693555
Lasso-theta,GATA1,split2,"T263A,T264A",0.07114624505928857,0.49292401202548497
Lasso-theta,GATA1,split2,T264A,0.2924901185770751,0.6628976092909327
Lasso-theta,GATA1,split2,"T264A,T265A",0.5810276679841897,0.7241901017604664
Lasso-theta,GATA1,split2,T265A,0.8853754940711462,0.7686700954226838
Lasso-theta,GATA1,split2,"T265A,T266A",0.8300395256916996,0.764070507271206
Lasso-theta,GATA1,split2,T266A,0.6126482213438735,0.7374770859544132
Lasso-theta,GATA1,split2,T267A,0.7430830039525691,0.7502598529538679
Lasso-theta,GATA1,split2,T296A,0.18181818181818177,0.653341832900127
Lasso-theta,GATA1,split2,T324A,0.3162055335968379,0.6441120309892254
Lasso-theta,GATA1,split2,T354A,0.7588932806324111,0.7573065243827131
Lasso-theta,GATA1,split2,T360A,0.3754940711462451,0.6569514668363616
Lasso-theta,GATA1,split2,T391A,0.18577075098814233,0.6243625833443402
Lasso-theta,GATA1,split2,T402A,0.5375494071146245,0.708065666161959
Lasso-theta,GATA1,split2,"T402A,T403A",0.9367588932806324,0.783560540172447
Lasso-theta,GATA1,split2,"T403A,S404G",0.8142292490118577,0.7647213563917726
Lasso-theta,GATA1,split2,"T405A,T406A",0.4782608695652174,0.7147535944042883
Lasso-theta,GATA1,split2,V250A,0.4980237154150198,0.7050973579317588
Lasso-theta,GATA1,split2,"V278A,C279R",0.3913043478260869,0.6630708395397296
Lasso-theta,GATA1,split2,V291A,0.6956521739130435,0.7526581546497554
Lasso-theta,GATA1,split2,"V336A,V337A",0.2845849802371542,0.6284556967709298
Lasso-theta,GATA1,split2,V349A,0.11067193675889331,0.5651688089274656
Lasso-theta,GATA1,split2,V370A,0.7430830039525691,0.7484844378811399
Lasso-theta,GATA1,split2,"V371A,L372P",0.7351778656126482,0.7455209519935684
Lasso-theta,GATA1,split2,V407A,0.8577075098814229,0.7636667079695203
Lasso-theta,GATA1,split2,"V407A,V408A",0.5177865612648221,0.7092090716052551
Lasso-theta,GATA1,split2,V408A,0.23715415019762842,0.6342260402807468
Lasso-theta,GATA1,split2,W215R,0.8972332015810277,0.7773555887936465
Lasso-theta,GATA1,split2,W269R,0.5652173913043479,0.7224364837787222
Lasso-theta,GATA1,split2,Y223C,0.9920948616600791,0.7933527830437942
Lasso-theta,GATA1,split2,Y231C,0.27667984189723316,0.6368039226195873
Lasso-theta,GATA1,split2,Y285C,0.06324110671936756,0.4893085479532767
Lasso-theta,GATA1,split2,"Y285C,Y286C",0.015810276679841917,0.3004976681210976
Lasso-theta,GATA1,split2,"Y286C,K287E",0.5138339920948616,0.7093754076998906
Lasso-theta,GATA1,split2,Y286H,0.11857707509881421,0.549634313939915
Lasso-theta,GATA1,split2,"Y364C,Q365R",0.37944664031620556,0.6992077094522886
Lasso-theta,GATA1,split3,C204R,0.01976284584980237,0.35334126534067456
Lasso-theta,GATA1,split3,"C204R,V205A",0.7588932806324111,0.7485843667443117
Lasso-theta,GATA1,split3,C207R,0.0,0.26039189038477784
Lasso-theta,GATA1,split3,C225R,0.9841897233201581,0.7989591201347901
Lasso-theta,GATA1,split3,C228R,0.8142292490118577,0.7693044359048843
Lasso-theta,GATA1,split3,C258R,0.2924901185770751,0.6531264304181015
Lasso-theta,GATA1,split3,C261R,0.2134387351778656,0.5937145616834116
Lasso-theta,GATA1,split3,D276G,0.4624505928853755,0.6860496850417269
Lasso-theta,GATA1,split3,H222R,0.43873517786561267,0.6834456554633825
Lasso-theta,GATA1,split3,"H222R,Y223C",0.6561264822134387,0.7467312038311303
Lasso-theta,GATA1,split3,"L214P,W215R",0.49011857707509876,0.7132153016615428
Lasso-theta,GATA1,split3,L224P,0.03952569169960474,0.48312677902354806
Lasso-theta,GATA1,split3,"L268P,W269R",0.9209486166007905,0.7768415372318641
Lasso-theta,GATA1,split3,N206G,0.5019762845849802,0.7250222530803292
Lasso-theta,GATA1,split3,N272G,0.6561264822134387,0.7361931262731893
Lasso-theta,GATA1,split3,R271G,0.2134387351778656,0.6422383736175538
Lasso-theta,GATA1,split3,S274G,0.5454545454545454,0.7269721260851625
Lasso-theta,GATA1,split3,T210A,0.6442687747035574,0.7295270529409423
Lasso-theta,GATA1,split3,T212A,0.7075098814229249,0.7586307343421806
Lasso-theta,GATA1,split3,T220A,0.2134387351778656,0.6077278259935929
Lasso-theta,GATA1,split3,T259A,0.7312252964426877,0.7577792118049675
Lasso-theta,GATA1,split3,"T263A,T264A",0.07114624505928857,0.5158474003636092
Lasso-theta,GATA1,split3,T264A,0.27667984189723316,0.649872523003929
Lasso-theta,GATA1,split3,"T264A,T265A",0.6047430830039526,0.7254772747905803
Lasso-theta,GATA1,split3,T265A,0.8774703557312253,0.7686246240969281
Lasso-theta,GATA1,split3,"T265A,T266A",0.8102766798418972,0.7674136339474118
Lasso-theta,GATA1,split3,T266A,0.5533596837944664,0.7320442757973992
Lasso-theta,GATA1,split3,T267A,0.8063241106719368,0.7590920397981711
Lasso-theta,GATA1,split3,"V278A,C279R",0.38735177865612647,0.6703804063522611
Lasso-theta,GATA1,split3,W215R,0.9446640316205533,0.7881795830674863
Lasso-theta,GATA1,split3,W269R,0.6284584980237153,0.7411335710435837
Lasso-theta,GATA1,split3,Y223C,0.9920948616600791,0.7962715390749704
Lasso-theta,GATA1,split5,C346R,0.41501976284584985,0.6943246088580406
Lasso-theta,GATA1,split5,E114G,0.24110671936758898,0.5980400903036085
Lasso-theta,GATA1,split5,"E114G,D115G",0.2134387351778656,0.5837251669844377
Lasso-theta,GATA1,split5,E134G,0.15019762845849804,0.5691900498711748
Lasso-theta,GATA1,split5,E13G,0.3952569169960475,0.6739228026926662
Lasso-theta,GATA1,split5,F168P,0.3596837944664032,0.6488403509422973
Lasso-theta,GATA1,split5,F172L,0.7470355731225297,0.7514209925538883
Lasso-theta,GATA1,split5,"F172S,F173P",0.2569169960474308,0.6025259597134319
Lasso-theta,GATA1,split5,"F33P,F34P",0.07114624505928857,0.4273263630089179
Lasso-theta,GATA1,split5,F3L,0.055335968379446654,0.5034338160271707
Lasso-theta,GATA1,split5,H222R,0.4426877470355731,0.6824156890512866
Lasso-theta,GATA1,split5,I249T,0.7786561264822134,0.75625993962151
Lasso-theta,GATA1,split5,I302V,0.24505928853754944,0.5786891966367511
Lasso-theta,GATA1,split5,"K100G,T101A",0.13833992094861658,0.5601719189686489
Lasso-theta,GATA1,split5,K245G,0.031620553359683834,0.3116039051457055
Lasso-theta,GATA1,split5,K252R,0.17391304347826086,0.5453022149336151
Lasso-theta,GATA1,split5,K287G,0.1027667984189723,0.5996245566612273
Lasso-theta,GATA1,split5,K312G,0.03952569169960474,0.4464066837015631
Lasso-theta,GATA1,split5,K312R,0.17786561264822132,0.5433076428887572
Lasso-theta,GATA1,split5,"K314R,K315G",0.13043478260869568,0.5607902163302108
Lasso-theta,GATA1,split5,L136S,0.03952569169960474,0.3909232088439526
Lasso-theta,GATA1,split5,L141P,0.31225296442687744,0.651828751889335
Lasso-theta,GATA1,split5,L196P,0.4782608695652174,0.6957157023383274
Lasso-theta,GATA1,split5,"L284P,Y285H",0.015810276679841917,0.20704249317696055
Lasso-theta,GATA1,split5,"L386P,L387P",0.4980237154150198,0.7088066624360787
Lasso-theta,GATA1,split5,L80P,0.3162055335968379,0.64439948274194
Lasso-theta,GATA1,split5,M335T,0.25296442687747034,0.6157657315412998
Lasso-theta,GATA1,split5,N160D,0.0513833992094862,0.4737693666652075
Lasso-theta,GATA1,split5,"Q237R,N238G",0.3952569169960475,0.6663842119679967
Lasso-theta,GATA1,split5,S12P,0.11067193675889331,0.5270727283521138
Lasso-theta,GATA1,split5,S142G,0.22529644268774707,0.625843197515499
Lasso-theta,GATA1,split5,S174P,0.09881422924901184,0.4635913625932958
Lasso-theta,GATA1,split5,S186P,0.19367588932806323,0.6410564895383749
Lasso-theta,GATA1,split5,S36P,0.0,0.20078049891547245
Lasso-theta,GATA1,split5,S46P,0.10671936758893286,0.5051986246209371
Lasso-theta,GATA1,split5,T171A,0.16600790513833996,0.5507197116918517
Lasso-theta,GATA1,split5,T220A,0.23715415019762842,0.6140030651434342
Lasso-theta,GATA1,split5,V250A,0.5494071146245059,0.7126209242885287
Lasso-theta,GATA1,split5,"V278A,C279R",0.4031620553359684,0.6736975870691855
Lasso-theta,GATA1,split5,"V32A,F33P",0.09090909090909094,0.499748400013775
Lasso-theta,GATA1,split5,"V336A,V337A",0.33596837944664026,0.6411430672878143
Lasso-theta,GATA1,split5,Y285C,0.06324110671936756,0.49400037562386606
Lasso-theta,GATA1,split5,"Y285C,Y286C",0.011857707509881465,0.2998657407656627
Lasso-theta,GATA1,split5,Y286H,0.11462450592885376,0.5437071162359599
Lasso-theta,GATA1,split5,Y69H,0.2964426877470355,0.6284997518086375
Lasso-theta,GATA1,split6,C199R,0.6245059288537549,0.7497981810716222
Lasso-theta,GATA1,split6,C207R,0.0,0.2751181484306007
Lasso-theta,GATA1,split6,C225R,0.9920948616600791,0.7988281137372683
Lasso-theta,GATA1,split6,E114G,0.2490118577075099,0.6044284528706528
Lasso-theta,GATA1,split6,E200G,0.4347826086956522,0.6791169928183989
Lasso-theta,GATA1,split6,E328G,0.43083003952569165,0.710869632573614
Lasso-theta,GATA1,split6,E348G,0.9407114624505929,0.7807660327287257
Lasso-theta,GATA1,split6,F172P,0.2845849802371542,0.6366700406625008
Lasso-theta,GATA1,split6,H222R,0.4347826086956522,0.6792677287130744
Lasso-theta,GATA1,split6,"I249T,V250A",0.2134387351778656,0.6421527690867006
Lasso-theta,GATA1,split6,I87T,0.08300395256916993,0.5340077791008172
Lasso-theta,GATA1,split6,"K100G,T101A",0.13438735177865613,0.5626486143611477
Lasso-theta,GATA1,split6,K137E,0.383399209486166,0.7012589035984986
Lasso-theta,GATA1,split6,K287G,0.10671936758893286,0.6047168333645069
Lasso-theta,GATA1,split6,"K299R,D300G",0.83399209486166,0.7616619236097794
Lasso-theta,GATA1,split6,K312R,0.17786561264822132,0.5431626996474237
Lasso-theta,GATA1,split6,L146P,0.7233201581027668,0.7508387056201432
Lasso-theta,GATA1,split6,L190P,0.5612648221343873,0.7628839903179048
Lasso-theta,GATA1,split6,L224P,0.03952569169960474,0.48602072356989484
Lasso-theta,GATA1,split6,L355P,0.8260869565217391,0.7670773008794909
Lasso-theta,GATA1,split6,L363P,0.2055335968379447,0.6626020311138195
Lasso-theta,GATA1,split6,L387P,0.6284584980237153,0.72863703547372
Lasso-theta,GATA1,split6,L6P,0.9446640316205533,0.7824628424202804
Lasso-theta,GATA1,split6,M1V,0.6284584980237153,0.7444186197079272
Lasso-theta,GATA1,split6,M335V,0.7549407114624506,0.7528482322969566
Lasso-theta,GATA1,split6,"N238G,R239G",0.7470355731225297,0.742003493906303
Lasso-theta,GATA1,split6,Q257R,0.5573122529644269,0.7267619614942933
Lasso-theta,GATA1,split6,R271G,0.20948616600790515,0.6385374157036495
Lasso-theta,GATA1,split6,S155P,0.4980237154150198,0.7204673655526128
Lasso-theta,GATA1,split6,S161G,0.5296442687747036,0.715095353498231
Lasso-theta,GATA1,split6,S174P,0.09486166007905139,0.47342036372286583
Lasso-theta,GATA1,split6,S178G,0.9960474308300395,0.7977788398293154
Lasso-theta,GATA1,split6,S310P,0.7786561264822134,0.7518950979948392
Lasso-theta,GATA1,split6,S393P,0.8181818181818181,0.7625424044000251
Lasso-theta,GATA1,split6,S72P,0.5731225296442688,0.7196254657806561
Lasso-theta,GATA1,split6,T256A,0.9130434782608696,0.7702867078292882
Lasso-theta,GATA1,split6,T264A,0.27667984189723316,0.6493618315467861
Lasso-theta,GATA1,split6,T324A,0.3241106719367589,0.6480388307379892
Lasso-theta,GATA1,split6,T391A,0.19762845849802368,0.629145450645875
Lasso-theta,GATA1,split6,"V109A,C110R",0.2648221343873518,0.631515203235032
Lasso-theta,GATA1,split6,V158A,0.2924901185770751,0.6836879861322652
Lasso-theta,GATA1,split6,V291A,0.7312252964426877,0.7617223885636526
Lasso-theta,GATA1,split6,V32A,0.46640316205533594,0.7267029285314265
Lasso-theta,GATA1,split6,"V32A,F33P",0.08695652173913049,0.49350559416763295
Lasso-theta,GATA1,split6,"V336A,V337A",0.3399209486166008,0.6439425630496092
Lasso-theta,GATA1,split6,"V371A,L372P",0.6679841897233201,0.7386646603123942
Lasso-theta,GATA1,split6,"Y185H,S186P",0.9486166007905138,0.7819100996201758
Lasso-theta,GATA1,split6,Y285C,0.06324110671936756,0.5015327689484234
Lasso-theta,GATA1,split6,Y62C,0.782608695652174,0.7543642076624621
Lasso-theta,GATA1,split6,Y62H,0.09486166007905139,0.5575570671045941
Lasso-theta,GATA1,split6,Y78H,0.3675889328063241,0.6684026610665106
Lasso-theta,GATA1,split6,Y93H,0.49011857707509876,0.7219706083982634
Lasso-theta,JAK1,split1,E762K,0.52,0.8787604213167176
Lasso-theta,JAK1,split1,"G1068E,G1068R",0.76,0.9309803555177296
Lasso-theta,JAK1,split1,"G887R,G887E",0.56,0.8603156176184985
Lasso-theta,JAK1,split1,"P1118L,P1118S,P1121S",0.07999999999999996,0.14216184017824882
Lasso-theta,JAK1,split1,Q387*,0.64,0.8978820175745155
Lasso-theta,JAK1,split1,Q437*,0.4,0.8540204002981887
Lasso-theta,JAK1,split1,Q572*,1.0,0.9583141309992859
Lasso-theta,JAK1,split1,splice_64850911,0.31999999999999995,0.851390512939584
Lasso-theta,JAK1,split1,syn_N357,0.0,-0.03228724171915246
Lasso-theta,JAK1,split2,D775N,0.64,0.9041944808838429
Lasso-theta,JAK1,split2,E1051K,0.88,0.9416338854910095
Lasso-theta,JAK1,split2,"E706K,D707N",0.92,0.9542907680616969
Lasso-theta,JAK1,split2,E762K,0.52,0.8707506598635693
Lasso-theta,JAK1,split2,"G1068E,G1068R",0.88,0.8764244410238651
Lasso-theta,JAK1,split2,"G590E,G590R",0.6,0.8151176003679564
Lasso-theta,JAK1,split2,"G887R,G887E",0.43999999999999995,0.8037400709567868
Lasso-theta,JAK1,split2,"P1118L,P1118S,P1121S",0.76,0.2049736173257479
Lasso-theta,JAK1,split2,"P1121L,P1121S",0.8,0.20605080499626524
Lasso-theta,JAK1,split2,P761S,0.76,0.9227051388804074
Lasso-theta,JAK1,split2,S1062F,0.76,0.5902870120105597
Lasso-theta,JAK1,split2,T717I,0.84,0.18231021383679916
Lasso-theta,JAK1,split2,splice_64850911,0.36,0.8558841749998297
Lasso-theta,JAK1,split3,D775N,0.56,0.06242212929578091
Lasso-theta,JAK1,split3,E1051K,0.31999999999999995,0.09687194272059478
Lasso-theta,JAK1,split3,E447K,0.24,-0.03725581198759131
Lasso-theta,JAK1,split3,E486K,0.6799999999999999,-0.02748813178277223
Lasso-theta,JAK1,split3,"E706K,D707N",0.36,0.032154884089249956
Lasso-theta,JAK1,split3,E762K,0.0,-0.031965387024826694
Lasso-theta,JAK1,split3,"G1068E,G1068R",0.19999999999999996,0.027272840461486324
Lasso-theta,JAK1,split3,"G590E,G590R",0.43999999999999995,0.001999154547481876
Lasso-theta,JAK1,split3,"G887R,G887E",0.84,0.11814049802192456
Lasso-theta,JAK1,split3,P761S,0.24,0.03740528194256623
Lasso-theta,JAK1,split3,Q387*,0.19999999999999996,0.1112765945018389
Lasso-theta,JAK1,split3,Q437*,0.76,0.19671388665195125
Lasso-theta,JAK1,split3,Q499*,0.12,0.10433369172894612
Lasso-theta,JAK1,split3,Q545*,0.31999999999999995,0.1220995766098538
Lasso-theta,JAK1,split3,Q572*,0.16000000000000003,0.1064274535581366
Lasso-theta,JAK1,split3,R108Q,0.48,0.017582100865327504
Lasso-theta,JAK1,split3,"R549Q,E550K",0.0,-0.09350353170770638
Lasso-theta,JAK1,split3,S1062F,0.4,-0.04537766977800144
Lasso-theta,JAK1,split3,T558I,0.8,-0.019773973563111363
Lasso-theta,JAK1,split3,splice_64850911,0.040000000000000036,0.06972488569010774
Lasso-theta,JAK1,split5,D775N,0.6799999999999999,0.9086796917879869
Lasso-theta,JAK1,split5,E486K,0.43999999999999995,0.8306128838033364
Lasso-theta,JAK1,split5,E762K,0.56,0.878078245176314
Lasso-theta,JAK1,split5,"G590E,G590R",0.64,0.8712950160862468
Lasso-theta,JAK1,split5,L321F,0.76,0.1324342030833435
Lasso-theta,JAK1,split5,"P1121L,P1121S",0.16000000000000003,0.1853784361971557
Lasso-theta,JAK1,split5,P761S,0.8,0.9000691247926417
Lasso-theta,JAK1,split5,Q387*,0.72,0.9087903464577893
Lasso-theta,JAK1,split5,Q437*,0.43999999999999995,0.8561891940156519
Lasso-theta,JAK1,split5,Q499*,0.36,0.8377566330902145
Lasso-theta,JAK1,split5,Q545*,0.28,0.8173790115987142
Lasso-theta,JAK1,split5,R108Q,0.52,0.6658016628930654
Lasso-theta,JAK1,split5,"R549Q,E550K",0.52,0.7880565764132332
Lasso-theta,JAK1,split5,T717I,0.76,0.08155552703097804
Lasso-theta,JAK1,split5,splice_64850911,0.48,0.8614742896529998
Lasso-theta,JAK1,split5,syn_L158,0.88,0.17930543539593422
Lasso-theta,JAK1,split5,syn_N357,0.92,0.18305068463929255
MLP-esm+theta,TP53,split1,A159P,0.7938144329896908,0.7854632637698346
MLP-esm+theta,TP53,split1,A159V,0.6082474226804124,0.7834655458513845
MLP-esm+theta,TP53,split1,C141Y,0.12371134020618557,0.7499750025000876
MLP-esm+theta,TP53,split1,C238Y,0.030927835051546393,0.7393784482327156
MLP-esm+theta,TP53,split1,G245V,0.2680412371134021,0.76221242962796
MLP-esm+theta,TP53,split1,H179R,0.2680412371134021,0.7576680731393975
MLP-esm+theta,TP53,split1,P47S,0.2989690721649485,0.7631510559238213
MLP-esm+theta,TP53,split1,P58R,0.0,0.7122038768848273
MLP-esm+theta,TP53,split1,Q5R,0.20618556701030932,0.7603601452497434
MLP-esm+theta,TP53,split1,R175H,0.6701030927835052,0.7769529759231053
MLP-esm+theta,TP53,split1,R273H,0.9896907216494846,0.8109123651973019
MLP-esm+theta,TP53,split1,S241C,0.5876288659793815,0.7779815811097471
MLP-esm+theta,TP53,split1,S366A,0.23711340206185572,0.7604863819445732
MLP-esm+theta,TP53,split1,T312S,0.6701030927835052,0.7764762914844393
MLP-esm+theta,TP53,split1,V31I,0.07216494845360821,0.7501019316436136
MLP-esm+theta,TP53,split1,Y220C,0.5360824742268041,0.7702978009402659
MLP-esm+theta,TP53,split2,C238F,0.4639175257731959,0.7627409253164799
MLP-esm+theta,TP53,split2,C238Y,0.04123711340206182,0.7374685942209087
MLP-esm+theta,TP53,split2,C242F,0.28865979381443296,0.7787628816125126
MLP-esm+theta,TP53,split2,C275F,0.0,0.7327514426473246
MLP-esm+theta,TP53,split2,C275Y,0.07216494845360821,0.7425036017597427
MLP-esm+theta,TP53,split2,C277F,0.6597938144329897,0.7801010404192001
MLP-esm+theta,TP53,split2,E271K,0.5567010309278351,0.7728153216444197
MLP-esm+theta,TP53,split2,E285K,0.11340206185567014,0.7540267909890351
MLP-esm+theta,TP53,split2,E286K,0.3298969072164949,0.7551032409176548
MLP-esm+theta,TP53,split2,E339K,0.08247422680412375,0.738159307305311
MLP-esm+theta,TP53,split2,G244C,0.1030927835051546,0.7550993450418063
MLP-esm+theta,TP53,split2,G245C,0.7731958762886598,0.7794958186704084
MLP-esm+theta,TP53,split2,G245D,0.8865979381443299,0.792205448207942
MLP-esm+theta,TP53,split2,G245S,0.3711340206185567,0.7681636200547539
MLP-esm+theta,TP53,split2,G245V,0.3402061855670103,0.7646654380821383
MLP-esm+theta,TP53,split2,G266E,0.4020618556701031,0.7614615110408098
MLP-esm+theta,TP53,split2,G266R,0.5463917525773196,0.7670487215593038
MLP-esm+theta,TP53,split2,G266V,0.4742268041237113,0.7830491363390928
MLP-esm+theta,TP53,split2,G360V,0.6597938144329897,0.7803254516399888
MLP-esm+theta,TP53,split2,L344L,0.6804123711340206,0.7771790560868808
MLP-esm+theta,TP53,split2,M237I,0.23711340206185572,0.7706887931625619
MLP-esm+theta,TP53,split2,M246V,0.7938144329896908,0.782571230225375
MLP-esm+theta,TP53,split2,P222P,0.1649484536082474,0.7489139591933667
MLP-esm+theta,TP53,split2,P250L,0.711340206185567,0.7797124345868862
MLP-esm+theta,TP53,split2,P278L,0.4226804123711341,0.7611575168858463
MLP-esm+theta,TP53,split2,P278S,0.27835051546391754,0.7686675588901554
MLP-esm+theta,TP53,split2,P295P,0.5670103092783505,0.7741916869546568
MLP-esm+theta,TP53,split2,P301P,0.35051546391752575,0.7684554173712649
MLP-esm+theta,TP53,split2,P359P,0.7731958762886598,0.7920148707810355
MLP-esm+theta,TP53,split2,R248L,0.17525773195876293,0.7560935092184256
MLP-esm+theta,TP53,split2,R248W,0.4742268041237113,0.7777332481482222
MLP-esm+theta,TP53,split2,R249M,0.28865979381443296,0.7537192613891908
MLP-esm+theta,TP53,split2,R249S,0.25773195876288657,0.7544189378792675
MLP-esm+theta,TP53,split2,R273C,0.030927835051546393,0.7314911857732666
MLP-esm+theta,TP53,split2,R273H,0.9896907216494846,0.8111695599450969
MLP-esm+theta,TP53,split2,R273L,0.12371134020618557,0.7649412081640096
MLP-esm+theta,TP53,split2,R280K,0.6082474226804124,0.770315488656133
MLP-esm+theta,TP53,split2,R280T,0.20618556701030932,0.753878711723341
MLP-esm+theta,TP53,split2,R282W,0.4226804123711341,0.7570746214905778
MLP-esm+theta,TP53,split2,R337C,0.010309278350515427,0.7391273763857229
MLP-esm+theta,TP53,split2,R337L,0.19587628865979378,0.7716519451031757
MLP-esm+theta,TP53,split2,S241C,0.6288659793814433,0.7794626774313581
MLP-esm+theta,TP53,split2,S241F,0.7010309278350515,0.7820097082414355
MLP-esm+theta,TP53,split2,S366A,0.21649484536082475,0.7592726372922665
MLP-esm+theta,TP53,split2,T312S,0.6804123711340206,0.7770032221162259
MLP-esm+theta,TP53,split2,V272L,0.5051546391752577,0.7786827211243211
MLP-esm+theta,TP53,split2,V272M,0.5876288659793815,0.7708827105436495
MLP-esm+theta,TP53,split2,Y234C,0.9072164948453608,0.788167533940696
MLP-esm+theta,TP53,split2,Y236C,0.7422680412371134,0.7837525313104525
MLP-esm+theta,TP53,split3,G245C,0.6804123711340206,0.7758395946606685
MLP-esm+theta,TP53,split3,G245D,0.9381443298969072,0.7944590475187687
MLP-esm+theta,TP53,split3,G245S,0.4226804123711341,0.7690016197998492
MLP-esm+theta,TP53,split3,G245V,0.3298969072164949,0.7633042556019928
MLP-esm+theta,TP53,split3,R175H,0.6597938144329897,0.7777604401077738
MLP-esm+theta,TP53,split3,R249M,0.19587628865979378,0.7529224541156913
MLP-esm+theta,TP53,split3,R249S,0.25773195876288657,0.7559746616278528
MLP-esm+theta,TP53,split3,R282W,0.2680412371134021,0.7532792959064432
MLP-esm+theta,TP53,split3,Y220C,0.5773195876288659,0.7737854447043351
MLP-esm+theta,TP53,split6,A159P,0.7938144329896908,0.785242708857617
MLP-esm+theta,TP53,split6,A159V,0.6082474226804124,0.7840119101380084
MLP-esm+theta,TP53,split6,C141Y,0.134020618556701,0.7509073171875431
MLP-esm+theta,TP53,split6,C238Y,0.030927835051546393,0.7398160919027328
MLP-esm+theta,TP53,split6,G245V,0.27835051546391754,0.7636769731004405
MLP-esm+theta,TP53,split6,H179R,0.24742268041237114,0.7577211256063001
MLP-esm+theta,TP53,split6,R175H,0.6701030927835052,0.7779488993266342
MLP-esm+theta,TP53,split6,R273H,0.9896907216494846,0.8116694223955083
MLP-esm+theta,TP53,split6,S241C,0.5773195876288659,0.7778414779619391
MLP-esm+theta,TP53,split6,Y220C,0.5567010309278351,0.7715556300731268
MLP-esm+theta,KRAS,split1,A146T,0.7142857142857143,0.7116427881337303
MLP-esm+theta,KRAS,split1,A146V,0.9230769230769231,0.7263547245890074
MLP-esm+theta,KRAS,split1,G12C,0.1648351648351648,0.6713775488444924
MLP-esm+theta,KRAS,split1,G12D,0.4725274725274725,0.6994160028144926
MLP-esm+theta,KRAS,split1,G12R,0.31868131868131866,0.6945453782393941
MLP-esm+theta,KRAS,split1,G12V,0.15384615384615385,0.670112414201923
MLP-esm+theta,KRAS,split1,Q61H,0.7912087912087912,0.7191160984357401
MLP-esm+theta,KRAS,split1,Q61L,0.6813186813186813,0.709084831272204
MLP-esm+theta,KRAS,split2,A130V,0.7032967032967032,0.7075913948484279
MLP-esm+theta,KRAS,split2,A146P,0.4505494505494505,0.6960205734814567
MLP-esm+theta,KRAS,split2,A146T,0.7362637362637363,0.7105394212225306
MLP-esm+theta,KRAS,split2,A146V,0.9010989010989011,0.7236012521460616
MLP-esm+theta,KRAS,split2,A155G,0.39560439560439564,0.6885147193356664
MLP-esm+theta,KRAS,split2,A66A,0.46153846153846156,0.7040094702510372
MLP-esm+theta,KRAS,split2,C118S,0.5494505494505495,0.6995615070691416
MLP-esm+theta,KRAS,split2,D119G,0.0,0.6450746055970933
MLP-esm+theta,KRAS,split2,D173D,0.17582417582417587,0.6965248978077518
MLP-esm+theta,KRAS,split2,E63K,0.6813186813186813,0.7038376725968011
MLP-esm+theta,KRAS,split2,F141L,0.18681318681318682,0.6831213149868101
MLP-esm+theta,KRAS,split2,G75A,0.19780219780219777,0.6750962729237151
MLP-esm+theta,KRAS,split2,G77A,0.5164835164835164,0.6966049574732103
MLP-esm+theta,KRAS,split2,I163S,0.5934065934065934,0.6995171647902678
MLP-esm+theta,KRAS,split2,K117N,0.15384615384615385,0.6665703723115356
MLP-esm+theta,KRAS,split2,K117R,0.7582417582417582,0.7132046034795434
MLP-esm+theta,KRAS,split2,K147N,0.21978021978021978,0.6790890206627245
MLP-esm+theta,KRAS,split2,K147T,0.03296703296703296,0.6736626275236064
MLP-esm+theta,KRAS,split2,K169K,0.8021978021978022,0.7155492195384754
MLP-esm+theta,KRAS,split2,K176Q,0.7472527472527473,0.7103482033891501
MLP-esm+theta,KRAS,split2,K178K,0.5494505494505495,0.7014509858569501
MLP-esm+theta,KRAS,split2,K88K,0.08791208791208793,0.6707771773010455
MLP-esm+theta,KRAS,split2,L159S,0.8681318681318682,0.7186867429747206
MLP-esm+theta,KRAS,split2,L79I,0.41758241758241754,0.6943905741268593
MLP-esm+theta,KRAS,split2,M111L,0.02197802197802201,0.662915348666899
MLP-esm+theta,KRAS,split2,P110S,0.39560439560439564,0.6954319588917748
MLP-esm+theta,KRAS,split2,Q99E,0.5274725274725275,0.6956840094261557
MLP-esm+theta,KRAS,split2,R135T,0.6703296703296704,0.7049367978059995
MLP-esm+theta,KRAS,split2,R149K,0.4945054945054945,0.6956321084917071
MLP-esm+theta,KRAS,split2,R164Q,0.37362637362637363,0.6947349535219319
MLP-esm+theta,KRAS,split2,R68S,0.3296703296703297,0.6825036629341004
MLP-esm+theta,KRAS,split2,S136N,0.7472527472527473,0.7162988728232322
MLP-esm+theta,KRAS,split2,T127T,0.3076923076923077,0.6846657804889443
MLP-esm+theta,KRAS,split2,T144P,0.13186813186813184,0.6685231245057663
MLP-esm+theta,KRAS,split2,T144T,0.2637362637362637,0.6970407979429271
MLP-esm+theta,KRAS,split2,T158A,0.1648351648351648,0.6813908712650839
MLP-esm+theta,KRAS,split2,T158T,0.09890109890109888,0.6754111380718727
MLP-esm+theta,KRAS,split2,T74A,0.8791208791208791,0.7214591841127866
MLP-esm+theta,KRAS,split2,T74T,0.6703296703296704,0.7061482450876404
MLP-esm+theta,KRAS,split2,V112I,0.6043956043956045,0.6993728753124154
MLP-esm+theta,KRAS,split2,Y166H,0.9340659340659341,0.7289496485347082
MLP-esm+theta,KRAS,split3,A146P,0.5384615384615384,0.699593927252907
MLP-esm+theta,KRAS,split3,A146T,0.7032967032967032,0.7092843100957368
MLP-esm+theta,KRAS,split3,A146V,0.8791208791208791,0.7232444648704434
MLP-esm+theta,KRAS,split3,G12A,0.1648351648351648,0.6742873228608935
MLP-esm+theta,KRAS,split3,G12C,0.10989010989010994,0.6692564900525271
MLP-esm+theta,KRAS,split3,G12S,0.9560439560439561,0.7228904011692338
MLP-esm+theta,KRAS,split3,G13C,0.6483516483516483,0.7178487459195313
MLP-esm+theta,KRAS,split3,K117R,0.7582417582417582,0.7144425673395172
MLP-esm+theta,KRAS,split3,Q61H,0.7912087912087912,0.7180411606421246
MLP-esm+theta,KRAS,split3,Q61P,0.18681318681318682,0.6747184262130485
MLP-esm+theta,KRAS,split6,A146T,0.7142857142857143,0.7116427881337303
MLP-esm+theta,KRAS,split6,A146V,0.9230769230769231,0.7263547245890074
MLP-esm+theta,KRAS,split6,G12C,0.1648351648351648,0.6713775488444924
MLP-esm+theta,KRAS,split6,G12D,0.4725274725274725,0.6994160028144926
MLP-esm+theta,KRAS,split6,G12R,0.31868131868131866,0.6945453782393941
MLP-esm+theta,KRAS,split6,G12V,0.15384615384615385,0.670112414201923
MLP-esm+theta,KRAS,split6,Q61H,0.7912087912087912,0.7191160984357401
MLP-esm+theta,KRAS,split6,Q61L,0.6813186813186813,0.709084831272204
MLP-esm+theta,GATA1,split1,C199R,0.6205533596837944,0.723925177321308
MLP-esm+theta,GATA1,split1,C207R,0.0,0.29920810074892107
MLP-esm+theta,GATA1,split1,C225R,1.0,0.7689453675302214
MLP-esm+theta,GATA1,split1,E114G,0.2727272727272727,0.5978967649750729
MLP-esm+theta,GATA1,split1,E200G,0.43083003952569165,0.6631295657660194
MLP-esm+theta,GATA1,split1,E328G,0.47430830039525695,0.7098855016387708
MLP-esm+theta,GATA1,split1,E348G,0.9169960474308301,0.7611533128996754
MLP-esm+theta,GATA1,split1,F172P,0.20948616600790515,0.5900287717519193
MLP-esm+theta,GATA1,split1,H222R,0.46640316205533594,0.6666597038918175
MLP-esm+theta,GATA1,split1,"I249T,V250A",0.26086956521739135,0.6520115101020559
MLP-esm+theta,GATA1,split1,I87T,0.07114624505928857,0.5162907879405215
MLP-esm+theta,GATA1,split1,"K100G,T101A",0.14229249011857703,0.5610991587421835
MLP-esm+theta,GATA1,split1,K137E,0.4347826086956522,0.6944571678911624
MLP-esm+theta,GATA1,split1,K287G,0.10671936758893286,0.6048376251748767
MLP-esm+theta,GATA1,split1,"K299R,D300G",0.8379446640316206,0.7395772474357745
MLP-esm+theta,GATA1,split1,K312R,0.1699604743083004,0.5317583638385296
MLP-esm+theta,GATA1,split1,L146P,0.6403162055335969,0.7186928897978748
MLP-esm+theta,GATA1,split1,L190P,0.5968379446640316,0.7526750303261278
MLP-esm+theta,GATA1,split1,L224P,0.04347826086956519,0.4875046054614164
MLP-esm+theta,GATA1,split1,L355P,0.841897233201581,0.7426143741996052
MLP-esm+theta,GATA1,split1,L363P,0.2055335968379447,0.6591849680110727
MLP-esm+theta,GATA1,split1,L387P,0.6245059288537549,0.7023119464267075
MLP-esm+theta,GATA1,split1,L6P,0.9288537549407114,0.7620734727497923
MLP-esm+theta,GATA1,split1,M1V,0.6403162055335969,0.7279982589264138
MLP-esm+theta,GATA1,split1,M335V,0.8023715415019763,0.7448337991929191
MLP-esm+theta,GATA1,split1,"N238G,R239G",0.782608695652174,0.7326118316144105
MLP-esm+theta,GATA1,split1,Q257R,0.5494071146245059,0.7105669404162613
MLP-esm+theta,GATA1,split1,R271G,0.21739130434782605,0.6359659451581818
MLP-esm+theta,GATA1,split1,S155P,0.4189723320158103,0.6885223097603796
MLP-esm+theta,GATA1,split1,S161G,0.5494071146245059,0.7048337405690028
MLP-esm+theta,GATA1,split1,S174P,0.11462450592885376,0.49513484830392857
MLP-esm+theta,GATA1,split1,S178G,0.9446640316205533,0.765309589880137
MLP-esm+theta,GATA1,split1,S310P,0.6996047430830039,0.7140314360958125
MLP-esm+theta,GATA1,split1,S393P,0.8379446640316206,0.7425828926925361
MLP-esm+theta,GATA1,split1,S72P,0.616600790513834,0.7052773268946221
MLP-esm+theta,GATA1,split1,T256A,0.8181818181818181,0.7377841184633068
MLP-esm+theta,GATA1,split1,T264A,0.24110671936758898,0.6233393340816827
MLP-esm+theta,GATA1,split1,T324A,0.2924901185770751,0.6117562439978089
MLP-esm+theta,GATA1,split1,T391A,0.20158102766798414,0.6336338638727032
MLP-esm+theta,GATA1,split1,"V109A,C110R",0.2885375494071146,0.6321061607424845
MLP-esm+theta,GATA1,split1,V158A,0.2569169960474308,0.651358100397789
MLP-esm+theta,GATA1,split1,V291A,0.7628458498023716,0.7519009365501937
MLP-esm+theta,GATA1,split1,V32A,0.4980237154150198,0.7210472711408638
MLP-esm+theta,GATA1,split1,"V32A,F33P",0.07905138339920947,0.47860728906984445
MLP-esm+theta,GATA1,split1,"V336A,V337A",0.34782608695652173,0.6320923976822742
MLP-esm+theta,GATA1,split1,"V371A,L372P",0.5889328063241106,0.7067246312514799
MLP-esm+theta,GATA1,split1,"Y185H,S186P",0.9328063241106719,0.7602545326237493
MLP-esm+theta,GATA1,split1,Y285C,0.06324110671936756,0.5154790432262519
MLP-esm+theta,GATA1,split1,Y62C,0.7747035573122529,0.7388276418722176
MLP-esm+theta,GATA1,split1,Y62H,0.12648221343873522,0.5864175814729123
MLP-esm+theta,GATA1,split1,Y78H,0.3517786561264822,0.6522132906142879
MLP-esm+theta,GATA1,split1,Y93H,0.5533596837944664,0.720110073371839
MLP-esm+theta,GATA1,split2,C204R,0.02371541501976282,0.33727678874263545
MLP-esm+theta,GATA1,split2,"C204R,V205A",0.6482213438735178,0.709251446685723
MLP-esm+theta,GATA1,split2,C207R,0.0,0.24836609721604477
MLP-esm+theta,GATA1,split2,C225R,0.8695652173913043,0.7417628255671208
MLP-esm+theta,GATA1,split2,C228R,0.9130434782608696,0.746013434459005
MLP-esm+theta,GATA1,split2,C258R,0.3003952569169961,0.631545223174705
MLP-esm+theta,GATA1,split2,C261R,0.2055335968379447,0.5647195273016414
MLP-esm+theta,GATA1,split2,C346R,0.43083003952569165,0.6711453716762189
MLP-esm+theta,GATA1,split2,D276G,0.5177865612648221,0.6815008144518528
MLP-esm+theta,GATA1,split2,E328G,0.4426877470355731,0.686420172057798
MLP-esm+theta,GATA1,split2,E348G,0.8853754940711462,0.7480704117499436
MLP-esm+theta,GATA1,split2,F382S,0.6798418972332017,0.7310817711062267
MLP-esm+theta,GATA1,split2,F394P,0.766798418972332,0.7286665620293075
MLP-esm+theta,GATA1,split2,H222R,0.40711462450592883,0.6494165467237591
MLP-esm+theta,GATA1,split2,"H222R,Y223C",0.691699604743083,0.725034372485517
MLP-esm+theta,GATA1,split2,"H232R,K233E",0.09881422924901184,0.5131108463595948
MLP-esm+theta,GATA1,split2,H289R,0.6719367588932806,0.7139970481954685
MLP-esm+theta,GATA1,split2,H362R,0.4110671936758893,0.6907998017708274
MLP-esm+theta,GATA1,split2,H378R,0.12252964426877466,0.5779124716774663
MLP-esm+theta,GATA1,split2,I242T,0.01976284584980237,0.2716384925075849
MLP-esm+theta,GATA1,split2,I242V,0.33596837944664026,0.6690681631581513
MLP-esm+theta,GATA1,split2,I249T,0.7391304347826086,0.7275175792609956
MLP-esm+theta,GATA1,split2,"I249T,V250A",0.21739130434782605,0.6150516487408957
MLP-esm+theta,GATA1,split2,I249V,0.5533596837944664,0.7230600434011178
MLP-esm+theta,GATA1,split2,I302T,0.059288537549407105,0.4462116060805598
MLP-esm+theta,GATA1,split2,I302V,0.19367588932806323,0.5400538691719544
MLP-esm+theta,GATA1,split2,"K233R,M234V",0.47430830039525695,0.6908602112635488
MLP-esm+theta,GATA1,split2,K245G,0.031620553359683834,0.28676260158429384
MLP-esm+theta,GATA1,split2,K252G,0.3003952569169961,0.6079198062056131
MLP-esm+theta,GATA1,split2,K252R,0.12252964426877466,0.4955597984181429
MLP-esm+theta,GATA1,split2,K287G,0.11857707509881421,0.5781244039387382
MLP-esm+theta,GATA1,split2,K299E,0.7944664031620553,0.721599115285622
MLP-esm+theta,GATA1,split2,"K299R,D300G",0.7588932806324111,0.7285056335023303
MLP-esm+theta,GATA1,split2,K308G,0.38735177865612647,0.6469065212460315
MLP-esm+theta,GATA1,split2,K312G,0.035573122529644285,0.4242183953103005
MLP-esm+theta,GATA1,split2,K312R,0.1620553359683794,0.5163513653629167
MLP-esm+theta,GATA1,split2,"K314R,K315G",0.13833992094861658,0.544935626012846
MLP-esm+theta,GATA1,split2,K316G,0.83399209486166,0.7401986477523237
MLP-esm+theta,GATA1,split2,K316R,0.4189723320158103,0.6654983842484627
MLP-esm+theta,GATA1,split2,"L214P,W215R",0.43873517786561267,0.6731536173384103
MLP-esm+theta,GATA1,split2,L224P,0.03952569169960474,0.4678006330111209
MLP-esm+theta,GATA1,split2,"L230P,Y231H",0.5494071146245059,0.6953060638901033
MLP-esm+theta,GATA1,split2,L248P,0.7075098814229249,0.7160600064099186
MLP-esm+theta,GATA1,split2,"L268P,W269R",0.8181818181818181,0.7334790167282655
MLP-esm+theta,GATA1,split2,"L284P,Y285H",0.011857707509881465,0.17841116399329945
MLP-esm+theta,GATA1,split2,L288P,0.6640316205533596,0.7277300404252225
MLP-esm+theta,GATA1,split2,L295P,0.4980237154150198,0.6819486266305527
MLP-esm+theta,GATA1,split2,L355P,0.7905138339920948,0.7410709901498318
MLP-esm+theta,GATA1,split2,L363P,0.2490118577075099,0.6567602852949679
MLP-esm+theta,GATA1,split2,"L363P,Y364H",0.3517786561264822,0.6519235266160838
MLP-esm+theta,GATA1,split2,L367P,0.5375494071146245,0.7213723615911163
MLP-esm+theta,GATA1,split2,"L372P,S373P",0.41501976284584985,0.6958190350555797
MLP-esm+theta,GATA1,split2,L379P,0.46640316205533594,0.686906458027911
MLP-esm+theta,GATA1,split2,L386P,0.8181818181818181,0.73546183728227
MLP-esm+theta,GATA1,split2,"L386P,L387P",0.4782608695652174,0.6850308407448779
MLP-esm+theta,GATA1,split2,L387P,0.5731225296442688,0.7000231384084388
MLP-esm+theta,GATA1,split2,L411P,0.8774703557312253,0.7425902081136174
MLP-esm+theta,GATA1,split2,M234T,0.6640316205533596,0.7127611423572173
MLP-esm+theta,GATA1,split2,"M234V,N235D",0.4268774703557312,0.6784757903019957
MLP-esm+theta,GATA1,split2,M297T,0.26086956521739135,0.6215704279530752
MLP-esm+theta,GATA1,split2,M335T,0.2569169960474308,0.6007917010582317
MLP-esm+theta,GATA1,split2,"M335T,V336A",0.3754940711462451,0.6356292826019465
MLP-esm+theta,GATA1,split2,M335V,0.7747035573122529,0.7319684896949026
MLP-esm+theta,GATA1,split2,M380T,0.5968379446640316,0.7202477370908328
MLP-esm+theta,GATA1,split2,M399T,0.5928853754940712,0.7003655104940194
MLP-esm+theta,GATA1,split2,M399V,0.7905138339920948,0.7311788789037506
MLP-esm+theta,GATA1,split2,N206G,0.5612648221343873,0.7079882060057436
MLP-esm+theta,GATA1,split2,"N238G,R239G",0.5810276679841897,0.6927812408276568
MLP-esm+theta,GATA1,split2,N272G,0.5731225296442688,0.6947836434150045
MLP-esm+theta,GATA1,split2,N292G,0.11462450592885376,0.49813242192986174
MLP-esm+theta,GATA1,split2,N292S,0.9565217391304348,0.7588541254815991
MLP-esm+theta,GATA1,split2,N306G,0.6640316205533596,0.7390405411807139
MLP-esm+theta,GATA1,split2,N345D,0.5217391304347826,0.6948688460302295
MLP-esm+theta,GATA1,split2,N345G,0.9209486166007905,0.7578821514326425
MLP-esm+theta,GATA1,split2,"Q237R,N238G",0.3438735177865613,0.6250058969785883
MLP-esm+theta,GATA1,split2,Q257R,0.6205533596837944,0.7145081217703708
MLP-esm+theta,GATA1,split2,"Q303R,T304A",0.4782608695652174,0.6902648690671892
MLP-esm+theta,GATA1,split2,Q365R,0.8972332015810277,0.7458873412092578
MLP-esm+theta,GATA1,split2,R271G,0.2055335968379447,0.6047063338222503
MLP-esm+theta,GATA1,split2,S274G,0.6047430830039526,0.7124299428163025
MLP-esm+theta,GATA1,split2,S310P,0.7272727272727273,0.7208898572964275
MLP-esm+theta,GATA1,split2,S320G,0.2806324110671937,0.640126919041715
MLP-esm+theta,GATA1,split2,S341G,0.7865612648221344,0.7308154668869217
MLP-esm+theta,GATA1,split2,S343G,0.5335968379446641,0.6964937497020394
MLP-esm+theta,GATA1,split2,S389P,0.7984189723320159,0.7369129835805528
MLP-esm+theta,GATA1,split2,S393P,0.8458498023715415,0.7417128844572453
MLP-esm+theta,GATA1,split2,S412G,0.1541501976284585,0.5845492817122868
MLP-esm+theta,GATA1,split2,T210A,0.5691699604743083,0.6904503709635563
MLP-esm+theta,GATA1,split2,T212A,0.7075098814229249,0.7312407249771797
MLP-esm+theta,GATA1,split2,T220A,0.22924901185770752,0.5889076490782277
MLP-esm+theta,GATA1,split2,T256A,0.9486166007905138,0.7583051698172335
MLP-esm+theta,GATA1,split2,T259A,0.6482213438735178,0.719744496973787
MLP-esm+theta,GATA1,split2,"T263A,T264A",0.059288537549407105,0.46457997426424036
MLP-esm+theta,GATA1,split2,T264A,0.2964426877470355,0.6416273287333139
MLP-esm+theta,GATA1,split2,"T264A,T265A",0.6126482213438735,0.7055313330637268
MLP-esm+theta,GATA1,split2,T265A,0.8853754940711462,0.7463814907441968
MLP-esm+theta,GATA1,split2,"T265A,T266A",0.8300395256916996,0.7426880097491722
MLP-esm+theta,GATA1,split2,T266A,0.616600790513834,0.7161945513920371
MLP-esm+theta,GATA1,split2,T267A,0.7312252964426877,0.7268963443789719
MLP-esm+theta,GATA1,split2,T296A,0.18181818181818177,0.6256752696317721
MLP-esm+theta,GATA1,split2,T324A,0.3241106719367589,0.6234911122620592
MLP-esm+theta,GATA1,split2,T354A,0.7588932806324111,0.7380992902420513
MLP-esm+theta,GATA1,split2,T360A,0.35573122529644263,0.6292495250088496
MLP-esm+theta,GATA1,split2,T391A,0.18577075098814233,0.602832500586033
MLP-esm+theta,GATA1,split2,T402A,0.5296442687747036,0.6885092402607585
MLP-esm+theta,GATA1,split2,"T402A,T403A",0.924901185770751,0.7622120708010245
MLP-esm+theta,GATA1,split2,"T403A,S404G",0.841897233201581,0.7500895500497551
MLP-esm+theta,GATA1,split2,"T405A,T406A",0.450592885375494,0.6872116402415832
MLP-esm+theta,GATA1,split2,V250A,0.4861660079051383,0.684695735393258
MLP-esm+theta,GATA1,split2,"V278A,C279R",0.39920948616600793,0.6409435295240923
MLP-esm+theta,GATA1,split2,V291A,0.7114624505928854,0.7318925743265168
MLP-esm+theta,GATA1,split2,"V336A,V337A",0.2806324110671937,0.6058990978677932
MLP-esm+theta,GATA1,split2,V349A,0.10671936758893286,0.544162674517951
MLP-esm+theta,GATA1,split2,V370A,0.7865612648221344,0.7333268850842296
MLP-esm+theta,GATA1,split2,"V371A,L372P",0.7351778656126482,0.7265276586286405
MLP-esm+theta,GATA1,split2,V407A,0.849802371541502,0.7429129226633759
MLP-esm+theta,GATA1,split2,"V407A,V408A",0.5059288537549407,0.6882778840746442
MLP-esm+theta,GATA1,split2,V408A,0.23715415019762842,0.6121000285896221
MLP-esm+theta,GATA1,split2,W215R,0.8893280632411067,0.7505084155148166
MLP-esm+theta,GATA1,split2,W269R,0.5375494071146245,0.6942447484851726
MLP-esm+theta,GATA1,split2,Y223C,0.9881422924901185,0.7675806124482415
MLP-esm+theta,GATA1,split2,Y231C,0.27667984189723316,0.6097016102129594
MLP-esm+theta,GATA1,split2,Y285C,0.07114624505928857,0.4720783882235411
MLP-esm+theta,GATA1,split2,"Y285C,Y286C",0.015810276679841917,0.284118640112226
MLP-esm+theta,GATA1,split2,"Y286C,K287E",0.5256916996047432,0.6914808346141805
MLP-esm+theta,GATA1,split2,Y286H,0.13043478260869568,0.5373671649733314
MLP-esm+theta,GATA1,split2,"Y364C,Q365R",0.3675889328063241,0.6740679475024973
MLP-esm+theta,GATA1,split3,C204R,0.01976284584980237,0.33404540083135736
MLP-esm+theta,GATA1,split3,"C204R,V205A",0.7628458498023716,0.7422977788546745
MLP-esm+theta,GATA1,split3,C207R,0.0,0.24369743575346337
MLP-esm+theta,GATA1,split3,C225R,0.9881422924901185,0.7961621775349313
MLP-esm+theta,GATA1,split3,C228R,0.782608695652174,0.7602648730006883
MLP-esm+theta,GATA1,split3,C258R,0.2885375494071146,0.6405630287963987
MLP-esm+theta,GATA1,split3,C261R,0.20948616600790515,0.5781215105065691
MLP-esm+theta,GATA1,split3,D276G,0.47430830039525695,0.6813254399754052
MLP-esm+theta,GATA1,split3,H222R,0.5019762845849802,0.6901528117750813
MLP-esm+theta,GATA1,split3,"H222R,Y223C",0.6324110671936759,0.7404028708675044
MLP-esm+theta,GATA1,split3,"L214P,W215R",0.5177865612648221,0.7121189427388472
MLP-esm+theta,GATA1,split3,L224P,0.03952569169960474,0.4666454144727234
MLP-esm+theta,GATA1,split3,"L268P,W269R",0.9011857707509882,0.7723820142337474
MLP-esm+theta,GATA1,split3,N206G,0.49011857707509876,0.7167689084932967
MLP-esm+theta,GATA1,split3,N272G,0.616600790513834,0.7257626038110059
MLP-esm+theta,GATA1,split3,R271G,0.2055335968379447,0.6205579681462922
MLP-esm+theta,GATA1,split3,S274G,0.5731225296442688,0.7303280131102552
MLP-esm+theta,GATA1,split3,T210A,0.6126482213438735,0.7196549093374041
MLP-esm+theta,GATA1,split3,T212A,0.6482213438735178,0.7485069227740644
MLP-esm+theta,GATA1,split3,T220A,0.22134387351778662,0.6014625266061494
MLP-esm+theta,GATA1,split3,T259A,0.7233201581027668,0.7527700303857798
MLP-esm+theta,GATA1,split3,"T263A,T264A",0.07114624505928857,0.5026433518133848
MLP-esm+theta,GATA1,split3,T264A,0.2727272727272727,0.6414194020602025
MLP-esm+theta,GATA1,split3,"T264A,T265A",0.6482213438735178,0.7243746865370138
MLP-esm+theta,GATA1,split3,T265A,0.9288537549407114,0.7752065885310863
MLP-esm+theta,GATA1,split3,"T265A,T266A",0.7944664031620553,0.7641106571407162
MLP-esm+theta,GATA1,split3,T266A,0.5375494071146245,0.7222614679179091
MLP-esm+theta,GATA1,split3,T267A,0.8102766798418972,0.7562835928367644
MLP-esm+theta,GATA1,split3,"V278A,C279R",0.4031620553359684,0.663738481323657
MLP-esm+theta,GATA1,split3,W215R,0.9525691699604744,0.7855777485491058
MLP-esm+theta,GATA1,split3,W269R,0.6363636363636364,0.737436634371311
MLP-esm+theta,GATA1,split3,Y223C,0.9881422924901185,0.7942578443577549
MLP-esm+theta,GATA1,split5,C346R,0.39920948616600793,0.6759522321036093
MLP-esm+theta,GATA1,split5,E114G,0.2134387351778656,0.5859431861832012
MLP-esm+theta,GATA1,split5,"E114G,D115G",0.19762845849802368,0.5688114800425814
MLP-esm+theta,GATA1,split5,E134G,0.13438735177865613,0.5618767782101527
MLP-esm+theta,GATA1,split5,E13G,0.38735177865612647,0.6639839709029651
MLP-esm+theta,GATA1,split5,F168P,0.3241106719367589,0.6378996533960526
MLP-esm+theta,GATA1,split5,F172L,0.6521739130434783,0.7298988354708024
MLP-esm+theta,GATA1,split5,"F172S,F173P",0.23320158102766797,0.5876918273117144
MLP-esm+theta,GATA1,split5,"F33P,F34P",0.06324110671936756,0.42225101932118897
MLP-esm+theta,GATA1,split5,F3L,0.055335968379446654,0.5012131218215885
MLP-esm+theta,GATA1,split5,H222R,0.37944664031620556,0.6571516284103084
MLP-esm+theta,GATA1,split5,I249T,0.6996047430830039,0.7352951053682006
MLP-esm+theta,GATA1,split5,I302V,0.2055335968379447,0.5691344259702671
MLP-esm+theta,GATA1,split5,"K100G,T101A",0.12648221343873522,0.5540084801598621
MLP-esm+theta,GATA1,split5,K245G,0.031620553359683834,0.3224797563440056
MLP-esm+theta,GATA1,split5,K252R,0.1699604743083004,0.5493890249235092
MLP-esm+theta,GATA1,split5,K287G,0.11857707509881421,0.5976925391237218
MLP-esm+theta,GATA1,split5,K312G,0.04743083003952564,0.46094172386612975
MLP-esm+theta,GATA1,split5,K312R,0.1620553359683794,0.545154805437069
MLP-esm+theta,GATA1,split5,"K314R,K315G",0.13438735177865613,0.5658395612668254
MLP-esm+theta,GATA1,split5,L136S,0.03952569169960474,0.39680351553357585
MLP-esm+theta,GATA1,split5,L141P,0.3003952569169961,0.6425007274554178
MLP-esm+theta,GATA1,split5,L196P,0.4110671936758893,0.6739431139374071
MLP-esm+theta,GATA1,split5,"L284P,Y285H",0.011857707509881465,0.21211504273026002
MLP-esm+theta,GATA1,split5,"L386P,L387P",0.5019762845849802,0.7019417843337296
MLP-esm+theta,GATA1,split5,L80P,0.26086956521739135,0.6175827943954623
MLP-esm+theta,GATA1,split5,M335T,0.21739130434782605,0.6036576452768421
MLP-esm+theta,GATA1,split5,N160D,0.04347826086956519,0.47386031573759235
MLP-esm+theta,GATA1,split5,"Q237R,N238G",0.37154150197628455,0.6481727208353308
MLP-esm+theta,GATA1,split5,S12P,0.11067193675889331,0.5208515951498983
MLP-esm+theta,GATA1,split5,S142G,0.22134387351778662,0.6234817793482477
MLP-esm+theta,GATA1,split5,S174P,0.08300395256916993,0.4620156758907709
MLP-esm+theta,GATA1,split5,S186P,0.18972332015810278,0.6369715274423843
MLP-esm+theta,GATA1,split5,S36P,0.0,0.21799621283729026
MLP-esm+theta,GATA1,split5,S46P,0.1027667984189723,0.5017743611508519
MLP-esm+theta,GATA1,split5,T171A,0.1462450592885376,0.5484157882569367
MLP-esm+theta,GATA1,split5,T220A,0.20948616600790515,0.6000099394883529
MLP-esm+theta,GATA1,split5,V250A,0.4545454545454546,0.6863215107452951
MLP-esm+theta,GATA1,split5,"V278A,C279R",0.3913043478260869,0.6625177303741864
MLP-esm+theta,GATA1,split5,"V32A,F33P",0.08695652173913049,0.49809768442409785
MLP-esm+theta,GATA1,split5,"V336A,V337A",0.30434782608695654,0.630865659595434
MLP-esm+theta,GATA1,split5,Y285C,0.06719367588932801,0.49594782661639714
MLP-esm+theta,GATA1,split5,"Y285C,Y286C",0.015810276679841917,0.31562943717565495
MLP-esm+theta,GATA1,split5,Y286H,0.11067193675889331,0.5369042014730402
MLP-esm+theta,GATA1,split5,Y69H,0.2845849802371542,0.6195251803316411
MLP-esm+theta,GATA1,split6,C199R,0.6205533596837944,0.723925177321308
MLP-esm+theta,GATA1,split6,C207R,0.0,0.29920810074892107
MLP-esm+theta,GATA1,split6,C225R,1.0,0.7689453675302214
MLP-esm+theta,GATA1,split6,E114G,0.2727272727272727,0.5978967649750729
MLP-esm+theta,GATA1,split6,E200G,0.43083003952569165,0.6631295657660194
MLP-esm+theta,GATA1,split6,E328G,0.47430830039525695,0.7098855016387708
MLP-esm+theta,GATA1,split6,E348G,0.9169960474308301,0.7611533128996754
MLP-esm+theta,GATA1,split6,F172P,0.20948616600790515,0.5900287717519193
MLP-esm+theta,GATA1,split6,H222R,0.46640316205533594,0.6666597038918175
MLP-esm+theta,GATA1,split6,"I249T,V250A",0.26086956521739135,0.6520115101020559
MLP-esm+theta,GATA1,split6,I87T,0.07114624505928857,0.5162907879405215
MLP-esm+theta,GATA1,split6,"K100G,T101A",0.14229249011857703,0.5610991587421835
MLP-esm+theta,GATA1,split6,K137E,0.4347826086956522,0.6944571678911624
MLP-esm+theta,GATA1,split6,K287G,0.10671936758893286,0.6048376251748767
MLP-esm+theta,GATA1,split6,"K299R,D300G",0.8379446640316206,0.7395772474357745
MLP-esm+theta,GATA1,split6,K312R,0.1699604743083004,0.5317583638385296
MLP-esm+theta,GATA1,split6,L146P,0.6403162055335969,0.7186928897978748
MLP-esm+theta,GATA1,split6,L190P,0.5968379446640316,0.7526750303261278
MLP-esm+theta,GATA1,split6,L224P,0.04347826086956519,0.4875046054614164
MLP-esm+theta,GATA1,split6,L355P,0.841897233201581,0.7426143741996052
MLP-esm+theta,GATA1,split6,L363P,0.2055335968379447,0.6591849680110727
MLP-esm+theta,GATA1,split6,L387P,0.6245059288537549,0.7023119464267075
MLP-esm+theta,GATA1,split6,L6P,0.9288537549407114,0.7620734727497923
MLP-esm+theta,GATA1,split6,M1V,0.6403162055335969,0.7279982589264138
MLP-esm+theta,GATA1,split6,M335V,0.8023715415019763,0.7448337991929191
MLP-esm+theta,GATA1,split6,"N238G,R239G",0.782608695652174,0.7326118316144105
MLP-esm+theta,GATA1,split6,Q257R,0.5494071146245059,0.7105669404162613
MLP-esm+theta,GATA1,split6,R271G,0.21739130434782605,0.6359659451581818
MLP-esm+theta,GATA1,split6,S155P,0.4189723320158103,0.6885223097603796
MLP-esm+theta,GATA1,split6,S161G,0.5494071146245059,0.7048337405690028
MLP-esm+theta,GATA1,split6,S174P,0.11462450592885376,0.49513484830392857
MLP-esm+theta,GATA1,split6,S178G,0.9446640316205533,0.765309589880137
MLP-esm+theta,GATA1,split6,S310P,0.6996047430830039,0.7140314360958125
MLP-esm+theta,GATA1,split6,S393P,0.8379446640316206,0.7425828926925361
MLP-esm+theta,GATA1,split6,S72P,0.616600790513834,0.7052773268946221
MLP-esm+theta,GATA1,split6,T256A,0.8181818181818181,0.7377841184633068
MLP-esm+theta,GATA1,split6,T264A,0.24110671936758898,0.6233393340816827
MLP-esm+theta,GATA1,split6,T324A,0.2924901185770751,0.6117562439978089
MLP-esm+theta,GATA1,split6,T391A,0.20158102766798414,0.6336338638727032
MLP-esm+theta,GATA1,split6,"V109A,C110R",0.2885375494071146,0.6321061607424845
MLP-esm+theta,GATA1,split6,V158A,0.2569169960474308,0.651358100397789
MLP-esm+theta,GATA1,split6,V291A,0.7628458498023716,0.7519009365501937
MLP-esm+theta,GATA1,split6,V32A,0.4980237154150198,0.7210472711408638
MLP-esm+theta,GATA1,split6,"V32A,F33P",0.07905138339920947,0.47860728906984445
MLP-esm+theta,GATA1,split6,"V336A,V337A",0.34782608695652173,0.6320923976822742
MLP-esm+theta,GATA1,split6,"V371A,L372P",0.5889328063241106,0.7067246312514799
MLP-esm+theta,GATA1,split6,"Y185H,S186P",0.9328063241106719,0.7602545326237493
MLP-esm+theta,GATA1,split6,Y285C,0.06324110671936756,0.5154790432262519
MLP-esm+theta,GATA1,split6,Y62C,0.7747035573122529,0.7388276418722176
MLP-esm+theta,GATA1,split6,Y62H,0.12648221343873522,0.5864175814729123
MLP-esm+theta,GATA1,split6,Y78H,0.3517786561264822,0.6522132906142879
MLP-esm+theta,GATA1,split6,Y93H,0.5533596837944664,0.720110073371839
MLP-esm+theta,JAK1,split1,E762K,0.48,0.876761242628639
MLP-esm+theta,JAK1,split1,"G1068E,G1068R",0.8,0.9475218008849791
MLP-esm+theta,JAK1,split1,"G887R,G887E",0.56,0.8766301335024258
MLP-esm+theta,JAK1,split1,"P1118L,P1118S,P1121S",0.040000000000000036,0.09590753902933238
MLP-esm+theta,JAK1,split1,Q387*,0.56,0.8116057574353251
MLP-esm+theta,JAK1,split1,Q437*,0.31999999999999995,0.7866362185628618
MLP-esm+theta,JAK1,split1,Q572*,1.0,0.9177220659900892
MLP-esm+theta,JAK1,split2,D775N,0.6,0.8595033555546903
MLP-esm+theta,JAK1,split2,E1051K,0.8,0.9129547097904073
MLP-esm+theta,JAK1,split2,"E706K,D707N",0.84,0.9120096883914216
MLP-esm+theta,JAK1,split2,E762K,0.52,0.8532845806211126
MLP-esm+theta,JAK1,split2,"G1068E,G1068R",0.56,0.44547190783109064
MLP-esm+theta,JAK1,split2,"G590E,G590R",0.48,0.5826709601347669
MLP-esm+theta,JAK1,split2,"G887R,G887E",0.92,0.5329190434328377
MLP-esm+theta,JAK1,split2,"P1118L,P1118S,P1121S",0.07999999999999996,0.10895643546511158
MLP-esm+theta,JAK1,split2,"P1121L,P1121S",0.8,0.37458519848464894
MLP-esm+theta,JAK1,split2,P761S,0.72,0.878174539948685
MLP-esm+theta,JAK1,split2,S1062F,0.4,-0.042145912568604386
MLP-esm+theta,JAK1,split2,T717I,0.52,0.015984424788972624
MLP-esm+theta,JAK1,split3,D775N,0.56,0.1313594032496894
MLP-esm+theta,JAK1,split3,E1051K,0.19999999999999996,0.08728352628409201
MLP-esm+theta,JAK1,split3,E447K,0.31999999999999995,0.00792773083103414
MLP-esm+theta,JAK1,split3,E486K,0.64,0.04444487327013171
MLP-esm+theta,JAK1,split3,"E706K,D707N",0.31999999999999995,0.09498894749583664
MLP-esm+theta,JAK1,split3,E762K,0.0,0.034718631784897806
MLP-esm+theta,JAK1,split3,"G1068E,G1068R",0.36,0.04746976302920665
MLP-esm+theta,JAK1,split3,"G590E,G590R",0.28,0.022521959995533778
MLP-esm+theta,JAK1,split3,"G887R,G887E",0.72,0.16488852822759667
MLP-esm+theta,JAK1,split3,P761S,0.36,0.114330592513932
MLP-esm+theta,JAK1,split3,Q387*,0.48,0.006612984693459624
MLP-esm+theta,JAK1,split3,Q437*,0.6799999999999999,0.035488101997796694
MLP-esm+theta,JAK1,split3,Q499*,0.12,-0.0031013386813469536
MLP-esm+theta,JAK1,split3,Q545*,0.24,0.009086842833585292
MLP-esm+theta,JAK1,split3,Q572*,0.56,0.020415441845577233
MLP-esm+theta,JAK1,split3,R108Q,0.76,0.12863983622262223
MLP-esm+theta,JAK1,split3,"R549Q,E550K",0.12,0.07158689334945907
MLP-esm+theta,JAK1,split3,S1062F,0.24,-0.11175746627672214
MLP-esm+theta,JAK1,split3,T558I,0.8,0.01468779907640775
MLP-esm+theta,JAK1,split5,D775N,0.6799999999999999,0.9060506516553082
MLP-esm+theta,JAK1,split5,E486K,0.43999999999999995,0.8557554086524171
MLP-esm+theta,JAK1,split5,E762K,0.56,0.8757732405463997
MLP-esm+theta,JAK1,split5,"G590E,G590R",0.6,0.900818531833008
MLP-esm+theta,JAK1,split5,L321F,0.12,0.0982534653660157
MLP-esm+theta,JAK1,split5,"P1121L,P1121S",0.16000000000000003,0.2362390468689433
MLP-esm+theta,JAK1,split5,P761S,0.72,0.8212592565361028
MLP-esm+theta,JAK1,split5,Q387*,0.72,0.9088665258480838
MLP-esm+theta,JAK1,split5,Q437*,0.4,0.8435673747557892
MLP-esm+theta,JAK1,split5,Q499*,0.36,0.8383613544901137
MLP-esm+theta,JAK1,split5,Q545*,0.31999999999999995,0.8211892883315027
MLP-esm+theta,JAK1,split5,R108Q,0.4,0.6143530570712099
MLP-esm+theta,JAK1,split5,"R549Q,E550K",0.4,0.5877200580754935
MLP-esm+theta,JAK1,split5,T717I,0.0,-0.0896637667036509
MLP-esm,TP53,split1,A159P,0.7422680412371134,0.787004131641638
MLP-esm,TP53,split1,A159V,0.7835051546391752,0.7967757443868831
MLP-esm,TP53,split1,C141Y,0.15463917525773196,0.7578420390116045
MLP-esm,TP53,split1,C238Y,0.05154639175257736,0.7504645163658181
MLP-esm,TP53,split1,G245V,0.35051546391752575,0.7693902344268154
MLP-esm,TP53,split1,H179R,0.30927835051546393,0.7644011349992671
MLP-esm,TP53,split1,P47S,0.23711340206185572,0.7642271203481925
MLP-esm,TP53,split1,P58R,0.0,0.720753706215851
MLP-esm,TP53,split1,Q5R,0.44329896907216493,0.7774887277596537
MLP-esm,TP53,split1,R175H,0.6288659793814433,0.783508438924537
MLP-esm,TP53,split1,R273H,1.0,0.8205281571462557
MLP-esm,TP53,split1,S241C,0.5154639175257731,0.7812513209431099
MLP-esm,TP53,split1,S366A,0.14432989690721654,0.7600017458761799
MLP-esm,TP53,split1,T312S,0.6494845360824743,0.7831741247022365
MLP-esm,TP53,split1,V31I,0.07216494845360821,0.7585691000516502
MLP-esm,TP53,split1,Y220C,0.4226804123711341,0.7712513898668961
MLP-esm,TP53,split2,C238F,0.5051546391752577,0.7745325984748946
MLP-esm,TP53,split2,C238Y,0.061855670103092786,0.7503989305120684
MLP-esm,TP53,split2,C242F,0.4329896907216495,0.7883482749780739
MLP-esm,TP53,split2,C275F,0.0,0.7388005834776359
MLP-esm,TP53,split2,C275Y,0.07216494845360821,0.7516282931585645
MLP-esm,TP53,split2,C277F,0.7731958762886598,0.7932123148035755
MLP-esm,TP53,split2,E271K,0.6597938144329897,0.788563292398616
MLP-esm,TP53,split2,E285K,0.08247422680412375,0.7551241309069047
MLP-esm,TP53,split2,E286K,0.17525773195876293,0.7551899401587303
MLP-esm,TP53,split2,E339K,0.12371134020618557,0.7565620131013377
MLP-esm,TP53,split2,G244C,0.22680412371134018,0.7692093316410985
MLP-esm,TP53,split2,G245C,0.845360824742268,0.7940651987039626
MLP-esm,TP53,split2,G245D,0.9381443298969072,0.8061942835982973
MLP-esm,TP53,split2,G245S,0.35051546391752575,0.7743944224824026
MLP-esm,TP53,split2,G245V,0.35051546391752575,0.7728401599011621
MLP-esm,TP53,split2,G266E,0.3298969072164949,0.766736449640944
MLP-esm,TP53,split2,G266R,0.5051546391752577,0.7746206067555439
MLP-esm,TP53,split2,G266V,0.48453608247422686,0.7877024251229238
MLP-esm,TP53,split2,G360V,0.6391752577319587,0.7852021130294594
MLP-esm,TP53,split2,L344L,0.7216494845360825,0.7870802644407727
MLP-esm,TP53,split2,M237I,0.31958762886597936,0.7791834443170523
MLP-esm,TP53,split2,M246V,0.6494845360824743,0.7822111006366185
MLP-esm,TP53,split2,P222P,0.38144329896907214,0.7679277887498978
MLP-esm,TP53,split2,P250L,0.865979381443299,0.7965343328177296
MLP-esm,TP53,split2,P278L,0.24742268041237114,0.7610629126464654
MLP-esm,TP53,split2,P278S,0.45360824742268047,0.7813242778941764
MLP-esm,TP53,split2,P295P,0.4948453608247423,0.7774209061075711
MLP-esm,TP53,split2,P301P,0.2680412371134021,0.7689381167596623
MLP-esm,TP53,split2,P359P,0.5670103092783505,0.7858773617306409
MLP-esm,TP53,split2,R248L,0.12371134020618557,0.7589168390514065
MLP-esm,TP53,split2,R248W,0.5773195876288659,0.7882798923388965
MLP-esm,TP53,split2,R249M,0.11340206185567014,0.7519251911884245
MLP-esm,TP53,split2,R249S,0.18556701030927836,0.7580324332491571
MLP-esm,TP53,split2,R273C,0.05154639175257736,0.7467569041512472
MLP-esm,TP53,split2,R273H,1.0,0.8233228774591209
MLP-esm,TP53,split2,R273L,0.2989690721649485,0.7784066107780295
MLP-esm,TP53,split2,R280K,0.5154639175257731,0.7749534763791613
MLP-esm,TP53,split2,R280T,0.21649484536082475,0.7605538626792152
MLP-esm,TP53,split2,R282W,0.19587628865979378,0.7560703992153022
MLP-esm,TP53,split2,R337C,0.04123711340206182,0.7522454016712892
MLP-esm,TP53,split2,R337L,0.134020618556701,0.7719655322102777
MLP-esm,TP53,split2,S241C,0.5979381443298969,0.7836327597070092
MLP-esm,TP53,split2,S241F,0.731958762886598,0.7898541942075868
MLP-esm,TP53,split2,S366A,0.1649484536082474,0.7615701191211608
MLP-esm,TP53,split2,T312S,0.6907216494845361,0.7855976538865648
MLP-esm,TP53,split2,V272L,0.5463917525773196,0.7877581964790713
MLP-esm,TP53,split2,V272M,0.4020618556701031,0.7704753147137294
MLP-esm,TP53,split2,Y234C,0.9690721649484536,0.8021917783566108
MLP-esm,TP53,split2,Y236C,0.731958762886598,0.7891522353819763
MLP-esm,TP53,split3,G245C,0.8144329896907216,0.7906353869474707
MLP-esm,TP53,split3,G245D,0.9690721649484536,0.8075889036543252
MLP-esm,TP53,split3,G245S,0.3298969072164949,0.7734205618539193
MLP-esm,TP53,split3,G245V,0.35051546391752575,0.7723018923561437
MLP-esm,TP53,split3,R175H,0.6391752577319587,0.7841274312176316
MLP-esm,TP53,split3,R249M,0.08247422680412375,0.7492950634910504
MLP-esm,TP53,split3,R249S,0.1649484536082474,0.7584150037163351
MLP-esm,TP53,split3,R282W,0.12371134020618557,0.7535164313691158
MLP-esm,TP53,split3,Y220C,0.5051546391752577,0.776322581668907
MLP-esm,TP53,split6,A159P,0.7010309278350515,0.7867724624192277
MLP-esm,TP53,split6,A159V,0.8247422680412371,0.7976886769119473
MLP-esm,TP53,split6,C141Y,0.15463917525773196,0.7583016299584163
MLP-esm,TP53,split6,C238Y,0.05154639175257736,0.7513282174541952
MLP-esm,TP53,split6,G245V,0.35051546391752575,0.7709473343218866
MLP-esm,TP53,split6,H179R,0.30927835051546393,0.7639752674627084
MLP-esm,TP53,split6,R175H,0.6494845360824743,0.7843888278430423
MLP-esm,TP53,split6,R273H,1.0,0.8213364955140783
MLP-esm,TP53,split6,S241C,0.5257731958762887,0.7816704982603302
MLP-esm,TP53,split6,Y220C,0.4639175257731959,0.7726343450798571
MLP-esm,KRAS,split1,A146T,0.7802197802197802,0.7194587086494646
MLP-esm,KRAS,split1,A146V,0.8681318681318682,0.7285790853225138
MLP-esm,KRAS,split1,G12C,0.25274725274725274,0.6828378378446051
MLP-esm,KRAS,split1,G12D,0.4285714285714286,0.7022033176607069
MLP-esm,KRAS,split1,G12R,0.18681318681318682,0.6881235337109385
MLP-esm,KRAS,split1,G12V,0.15384615384615385,0.6782759616187771
MLP-esm,KRAS,split1,Q61H,0.9120879120879121,0.7340657444459027
MLP-esm,KRAS,split1,Q61L,0.6703296703296704,0.7123304397793986
MLP-esm,KRAS,split2,A130V,0.7692307692307692,0.7145236620433891
MLP-esm,KRAS,split2,A146P,0.5494505494505495,0.7057253364959998
MLP-esm,KRAS,split2,A146T,0.7912087912087912,0.7162453105585719
MLP-esm,KRAS,split2,A146V,0.8461538461538461,0.7255807929194874
MLP-esm,KRAS,split2,A155G,0.3626373626373627,0.6885408003136382
MLP-esm,KRAS,split2,A66A,0.21978021978021978,0.6912439944874954
MLP-esm,KRAS,split2,C118S,0.6043956043956045,0.707719708963471
MLP-esm,KRAS,split2,D119G,0.07692307692307687,0.6734071866755257
MLP-esm,KRAS,split2,D173D,0.05494505494505497,0.6866967500804523
MLP-esm,KRAS,split2,E63K,0.8241758241758241,0.7181865683944202
MLP-esm,KRAS,split2,F141L,0.19780219780219777,0.691142603410306
MLP-esm,KRAS,split2,G75A,0.18681318681318682,0.6808948499186891
MLP-esm,KRAS,split2,G77A,0.3516483516483516,0.6904401116539814
MLP-esm,KRAS,split2,I163S,0.6703296703296704,0.7075653576412249
MLP-esm,KRAS,split2,K117N,0.15384615384615385,0.6713133124985703
MLP-esm,KRAS,split2,K117R,0.7032967032967032,0.7130789547639897
MLP-esm,KRAS,split2,K147N,0.17582417582417587,0.6788283134218437
MLP-esm,KRAS,split2,K147T,0.06593406593406592,0.6800497856505289
MLP-esm,KRAS,split2,K169K,0.7142857142857143,0.7123959642815126
MLP-esm,KRAS,split2,K176Q,0.6703296703296704,0.7065499164417228
MLP-esm,KRAS,split2,K178K,0.7252747252747253,0.7156603624685642
MLP-esm,KRAS,split2,K88K,0.13186813186813184,0.6777290602278832
MLP-esm,KRAS,split2,L159S,0.945054945054945,0.729969745759477
MLP-esm,KRAS,split2,L79I,0.41758241758241754,0.6988884684836681
MLP-esm,KRAS,split2,M111L,0.01098901098901095,0.6561495040920251
MLP-esm,KRAS,split2,P110S,0.2417582417582418,0.6882719574512446
MLP-esm,KRAS,split2,Q99E,0.29670329670329665,0.6860327540630856
MLP-esm,KRAS,split2,R135T,0.6373626373626373,0.7077460617585432
MLP-esm,KRAS,split2,R149K,0.5384615384615384,0.6999968909893345
MLP-esm,KRAS,split2,R164Q,0.4945054945054945,0.7062478288522238
MLP-esm,KRAS,split2,R68S,0.17582417582417587,0.6763990365676176
MLP-esm,KRAS,split2,S136N,0.7362637362637363,0.7182887057672925
MLP-esm,KRAS,split2,T127T,0.3516483516483516,0.6895331302374564
MLP-esm,KRAS,split2,T144P,0.10989010989010994,0.6716147390062887
MLP-esm,KRAS,split2,T144T,0.3296703296703297,0.7054202998751055
MLP-esm,KRAS,split2,T158A,0.27472527472527475,0.696072583893413
MLP-esm,KRAS,split2,T158T,0.1428571428571429,0.6842786794595107
MLP-esm,KRAS,split2,T74A,0.9010989010989011,0.7297977324145599
MLP-esm,KRAS,split2,T74T,0.46153846153846156,0.6989443062798101
MLP-esm,KRAS,split2,V112I,0.6593406593406593,0.7062987170773398
MLP-esm,KRAS,split2,Y166H,0.9340659340659341,0.7321442602526766
MLP-esm,KRAS,split3,A146P,0.6153846153846154,0.7103731661237161
MLP-esm,KRAS,split3,A146T,0.7472527472527473,0.7178961253429395
MLP-esm,KRAS,split3,A146V,0.8461538461538461,0.7261959391681154
MLP-esm,KRAS,split3,G12A,0.39560439560439564,0.6932761460776993
MLP-esm,KRAS,split3,G12C,0.21978021978021978,0.6816758108274629
MLP-esm,KRAS,split3,G12S,0.9340659340659341,0.7320736236795852
MLP-esm,KRAS,split3,G13C,0.8131868131868132,0.7341563067543188
MLP-esm,KRAS,split3,K117R,0.6813186813186813,0.7159078459999975
MLP-esm,KRAS,split3,Q61H,0.9120879120879121,0.7342279313899697
MLP-esm,KRAS,split3,Q61P,0.1208791208791209,0.6729082426852154
MLP-esm,KRAS,split6,A146T,0.7802197802197802,0.7194587086494646
MLP-esm,KRAS,split6,A146V,0.8681318681318682,0.7285790853225138
MLP-esm,KRAS,split6,G12C,0.25274725274725274,0.6828378378446051
MLP-esm,KRAS,split6,G12D,0.4285714285714286,0.7022033176607069
MLP-esm,KRAS,split6,G12R,0.18681318681318682,0.6881235337109385
MLP-esm,KRAS,split6,G12V,0.15384615384615385,0.6782759616187771
MLP-esm,KRAS,split6,Q61H,0.9120879120879121,0.7340657444459027
MLP-esm,KRAS,split6,Q61L,0.6703296703296704,0.7123304397793986
MLP-esm,GATA1,split1,C199R,0.5454545454545454,0.7190410324073601
MLP-esm,GATA1,split1,C207R,0.0,0.27272205056276294
MLP-esm,GATA1,split1,C225R,0.9881422924901185,0.7890254964892273
MLP-esm,GATA1,split1,E114G,0.2490118577075099,0.587456399105926
MLP-esm,GATA1,split1,E200G,0.4545454545454546,0.6678349149604187
MLP-esm,GATA1,split1,E328G,0.40711462450592883,0.6940057526443005
MLP-esm,GATA1,split1,E348G,0.9683794466403162,0.7737439275381321
MLP-esm,GATA1,split1,F172P,0.308300395256917,0.63857085516104
MLP-esm,GATA1,split1,H222R,0.44664031620553357,0.6588755278612176
MLP-esm,GATA1,split1,"I249T,V250A",0.2055335968379447,0.6120786045848646
MLP-esm,GATA1,split1,I87T,0.09090909090909094,0.5326115916612939
MLP-esm,GATA1,split1,"K100G,T101A",0.11857707509881421,0.5339424045358688
MLP-esm,GATA1,split1,K137E,0.43083003952569165,0.6978651288042043
MLP-esm,GATA1,split1,K287G,0.10671936758893286,0.5872118133965669
MLP-esm,GATA1,split1,"K299R,D300G",0.8774703557312253,0.7505554027919012
MLP-esm,GATA1,split1,K312R,0.19762845849802368,0.547964570420996
MLP-esm,GATA1,split1,L146P,0.7351778656126482,0.7386428725560812
MLP-esm,GATA1,split1,L190P,0.5375494071146245,0.7427516220133924
MLP-esm,GATA1,split1,L224P,0.04347826086956519,0.4752351192822053
MLP-esm,GATA1,split1,L355P,0.8814229249011858,0.7565079282958261
MLP-esm,GATA1,split1,L363P,0.18577075098814233,0.6295639261485798
MLP-esm,GATA1,split1,L387P,0.7312252964426877,0.7248418572885797
MLP-esm,GATA1,split1,L6P,0.8853754940711462,0.7545753474710963
MLP-esm,GATA1,split1,M1V,0.616600790513834,0.7283192332467925
MLP-esm,GATA1,split1,M335V,0.7075098814229249,0.7321720421405633
MLP-esm,GATA1,split1,"N238G,R239G",0.7786561264822134,0.7352922855375035
MLP-esm,GATA1,split1,Q257R,0.5138339920948616,0.7026973189295813
MLP-esm,GATA1,split1,R271G,0.20948616600790515,0.6154532564557204
MLP-esm,GATA1,split1,S155P,0.45849802371541504,0.698458489729831
MLP-esm,GATA1,split1,S161G,0.5335968379446641,0.699166524060677
MLP-esm,GATA1,split1,S174P,0.09881422924901184,0.4685315054108425
MLP-esm,GATA1,split1,S178G,1.0,0.7944220403102076
MLP-esm,GATA1,split1,S310P,0.841897233201581,0.748136233232082
MLP-esm,GATA1,split1,S393P,0.7509881422924901,0.7369212598831092
MLP-esm,GATA1,split1,S72P,0.6126482213438735,0.7112502610356252
MLP-esm,GATA1,split1,T256A,0.9130434782608696,0.7572012615405712
MLP-esm,GATA1,split1,T264A,0.2806324110671937,0.6404930038996818
MLP-esm,GATA1,split1,T324A,0.3754940711462451,0.6531173244348151
MLP-esm,GATA1,split1,T391A,0.18181818181818177,0.6088378798421699
MLP-esm,GATA1,split1,"V109A,C110R",0.2648221343873518,0.6222797578894318
MLP-esm,GATA1,split1,V158A,0.2885375494071146,0.6717333992966807
MLP-esm,GATA1,split1,V291A,0.6679841897233201,0.7410716390652031
MLP-esm,GATA1,split1,V32A,0.41501976284584985,0.701133166658618
MLP-esm,GATA1,split1,"V32A,F33P",0.08300395256916993,0.4691348373868243
MLP-esm,GATA1,split1,"V336A,V337A",0.37944664031620556,0.6439249199576625
MLP-esm,GATA1,split1,"V371A,L372P",0.6442687747035574,0.7194407854048135
MLP-esm,GATA1,split1,"Y185H,S186P",0.8656126482213439,0.749071559211615
MLP-esm,GATA1,split1,Y285C,0.06324110671936756,0.4946612624276938
MLP-esm,GATA1,split1,Y62C,0.6719367588932806,0.7234997054190312
MLP-esm,GATA1,split1,Y62H,0.09486166007905139,0.538603642254039
MLP-esm,GATA1,split1,Y78H,0.3952569169960475,0.6642574696200694
MLP-esm,GATA1,split1,Y93H,0.4110671936758893,0.6869538396140804
MLP-esm,GATA1,split2,C204R,0.01976284584980237,0.34487108703485714
MLP-esm,GATA1,split2,"C204R,V205A",0.6521739130434783,0.7193136948171018
MLP-esm,GATA1,split2,C207R,0.0,0.2555390948323684
MLP-esm,GATA1,split2,C225R,0.924901185770751,0.7675293599050357
MLP-esm,GATA1,split2,C228R,0.8853754940711462,0.7567288953304051
MLP-esm,GATA1,split2,C258R,0.32015810276679846,0.6471779784944567
MLP-esm,GATA1,split2,C261R,0.2055335968379447,0.5787113297194386
MLP-esm,GATA1,split2,C346R,0.4347826086956522,0.6781247903830239
MLP-esm,GATA1,split2,D276G,0.5177865612648221,0.6907164969841627
MLP-esm,GATA1,split2,E328G,0.4426877470355731,0.6962828583134936
MLP-esm,GATA1,split2,E348G,0.8814229249011858,0.7586799609348004
MLP-esm,GATA1,split2,F382S,0.6996047430830039,0.7447062688159183
MLP-esm,GATA1,split2,F394P,0.8063241106719368,0.7429609117584537
MLP-esm,GATA1,split2,H222R,0.40711462450592883,0.6632219373315511
MLP-esm,GATA1,split2,"H222R,Y223C",0.6245059288537549,0.7235999782688466
MLP-esm,GATA1,split2,"H232R,K233E",0.09881422924901184,0.5158505583209952
MLP-esm,GATA1,split2,H289R,0.6442687747035574,0.7179843548919009
MLP-esm,GATA1,split2,H362R,0.4110671936758893,0.6977855514635669
MLP-esm,GATA1,split2,H378R,0.12648221343873522,0.5834505144509998
MLP-esm,GATA1,split2,I242T,0.02371541501976282,0.27635858349204284
MLP-esm,GATA1,split2,I242V,0.32806324110671936,0.6707087207742133
MLP-esm,GATA1,split2,I249T,0.7272727272727273,0.7352443428589103
MLP-esm,GATA1,split2,"I249T,V250A",0.20158102766798414,0.6117113994677601
MLP-esm,GATA1,split2,I249V,0.541501976284585,0.7241097428976687
MLP-esm,GATA1,split2,I302T,0.06324110671936756,0.45432632356488595
MLP-esm,GATA1,split2,I302V,0.19762845849802368,0.5493146421931655
MLP-esm,GATA1,split2,"K233R,M234V",0.5573122529644269,0.7070489928074156
MLP-esm,GATA1,split2,K245G,0.031620553359683834,0.2862912034577458
MLP-esm,GATA1,split2,K252G,0.308300395256917,0.6183343630516738
MLP-esm,GATA1,split2,K252R,0.13438735177865613,0.5071762095032178
MLP-esm,GATA1,split2,K287G,0.11857707509881421,0.5865513552785281
MLP-esm,GATA1,split2,K299E,0.8023715415019763,0.7415966205705108
MLP-esm,GATA1,split2,"K299R,D300G",0.7865612648221344,0.7406366463202598
MLP-esm,GATA1,split2,K308G,0.39920948616600793,0.6583733351698825
MLP-esm,GATA1,split2,K312G,0.03952569169960474,0.4347815106781835
MLP-esm,GATA1,split2,K312R,0.17391304347826086,0.5269177765632351
MLP-esm,GATA1,split2,"K314R,K315G",0.13833992094861658,0.5490688435893375
MLP-esm,GATA1,split2,K316G,0.8300395256916996,0.7530504192982781
MLP-esm,GATA1,split2,K316R,0.41501976284584985,0.6712629753382122
MLP-esm,GATA1,split2,"L214P,W215R",0.450592885375494,0.6852310937398581
MLP-esm,GATA1,split2,L224P,0.035573122529644285,0.4671065289107724
MLP-esm,GATA1,split2,"L230P,Y231H",0.5691699604743083,0.7047547365063823
MLP-esm,GATA1,split2,L248P,0.7470355731225297,0.7316928612469878
MLP-esm,GATA1,split2,"L268P,W269R",0.8379446640316206,0.7457293517729862
MLP-esm,GATA1,split2,"L284P,Y285H",0.011857707509881465,0.18608553121258364
MLP-esm,GATA1,split2,L288P,0.6561264822134387,0.7378070396484028
MLP-esm,GATA1,split2,L295P,0.5019762845849802,0.6895230592386018
MLP-esm,GATA1,split2,L355P,0.7628458498023716,0.746881370006548
MLP-esm,GATA1,split2,L363P,0.25296442687747034,0.6640727972166197
MLP-esm,GATA1,split2,"L363P,Y364H",0.34782608695652173,0.6598936542389556
MLP-esm,GATA1,split2,L367P,0.5098814229249011,0.7254872353993825
MLP-esm,GATA1,split2,"L372P,S373P",0.4189723320158103,0.7003115491721281
MLP-esm,GATA1,split2,L379P,0.4624505928853755,0.6900716863291204
MLP-esm,GATA1,split2,L386P,0.7984189723320159,0.7410989246894646
MLP-esm,GATA1,split2,"L386P,L387P",0.4980237154150198,0.6940299101055383
MLP-esm,GATA1,split2,L387P,0.5612648221343873,0.703360567223705
MLP-esm,GATA1,split2,L411P,0.9051383399209486,0.7543116526091692
MLP-esm,GATA1,split2,M234T,0.6403162055335969,0.7165320952923603
MLP-esm,GATA1,split2,"M234V,N235D",0.43083003952569165,0.6834453224739795
MLP-esm,GATA1,split2,M297T,0.2727272727272727,0.6298163780714366
MLP-esm,GATA1,split2,M335T,0.2490118577075099,0.5996373426040592
MLP-esm,GATA1,split2,"M335T,V336A",0.38735177865612647,0.647927052077772
MLP-esm,GATA1,split2,M335V,0.7351778656126482,0.7324610231306713
MLP-esm,GATA1,split2,M380T,0.6324110671936759,0.7330149164200714
MLP-esm,GATA1,split2,M399T,0.5928853754940712,0.708022527827658
MLP-esm,GATA1,split2,M399V,0.7905138339920948,0.7377990053607527
MLP-esm,GATA1,split2,N206G,0.5612648221343873,0.7136278320660503
MLP-esm,GATA1,split2,"N238G,R239G",0.5849802371541502,0.70596534039739
MLP-esm,GATA1,split2,N272G,0.5889328063241106,0.7081814308022105
MLP-esm,GATA1,split2,N292G,0.11462450592885376,0.5047832046887909
MLP-esm,GATA1,split2,N292S,0.9723320158102767,0.7735730676275177
MLP-esm,GATA1,split2,N306G,0.6758893280632411,0.7454324706434658
MLP-esm,GATA1,split2,N345D,0.5256916996047432,0.7017454774449251
MLP-esm,GATA1,split2,N345G,0.8735177865612649,0.7604180020498184
MLP-esm,GATA1,split2,"Q237R,N238G",0.3596837944664032,0.6378130358624099
MLP-esm,GATA1,split2,Q257R,0.5968379446640316,0.7163055468658623
MLP-esm,GATA1,split2,"Q303R,T304A",0.4861660079051383,0.6967942914654929
MLP-esm,GATA1,split2,Q365R,0.8616600790513834,0.7508463678129554
MLP-esm,GATA1,split2,R271G,0.2134387351778656,0.6149263686518549
MLP-esm,GATA1,split2,S274G,0.6047430830039526,0.7183995192958094
MLP-esm,GATA1,split2,S310P,0.7312252964426877,0.7284081840900094
MLP-esm,GATA1,split2,S320G,0.2845849802371542,0.646373287160933
MLP-esm,GATA1,split2,S341G,0.766798418972332,0.7340302947769984
MLP-esm,GATA1,split2,S343G,0.541501976284585,0.7002767454250619
MLP-esm,GATA1,split2,S389P,0.7944664031620553,0.7441379375201694
MLP-esm,GATA1,split2,S393P,0.8577075098814229,0.7512522325125914
MLP-esm,GATA1,split2,S412G,0.1541501976284585,0.591183383124566
MLP-esm,GATA1,split2,T210A,0.5494071146245059,0.6954483007574529
MLP-esm,GATA1,split2,T212A,0.7233201581027668,0.7411569119260871
MLP-esm,GATA1,split2,T220A,0.22924901185770752,0.5973309329991989
MLP-esm,GATA1,split2,T256A,0.9130434782608696,0.7578524590563968
MLP-esm,GATA1,split2,T259A,0.7193675889328064,0.7367243030388168
MLP-esm,GATA1,split2,"T263A,T264A",0.07114624505928857,0.4800258926874716
MLP-esm,GATA1,split2,T264A,0.3003952569169961,0.6464484834491495
MLP-esm,GATA1,split2,"T264A,T265A",0.6126482213438735,0.7158577266818437
MLP-esm,GATA1,split2,T265A,0.9169960474308301,0.7605506086190365
MLP-esm,GATA1,split2,"T265A,T266A",0.8102766798418972,0.7466961415079556
MLP-esm,GATA1,split2,T266A,0.6007905138339921,0.7202719453246345
MLP-esm,GATA1,split2,T267A,0.7747035573122529,0.7411628424226461
MLP-esm,GATA1,split2,T296A,0.18181818181818177,0.6317667043688335
MLP-esm,GATA1,split2,T324A,0.308300395256917,0.626097775641332
MLP-esm,GATA1,split2,T354A,0.7430830039525691,0.7415182225892337
MLP-esm,GATA1,split2,T360A,0.35573122529644263,0.6372732166471978
MLP-esm,GATA1,split2,T391A,0.19367588932806323,0.6110294783786737
MLP-esm,GATA1,split2,T402A,0.5177865612648221,0.6902161694178925
MLP-esm,GATA1,split2,"T402A,T403A",0.9446640316205533,0.7710555261903317
MLP-esm,GATA1,split2,"T403A,S404G",0.8181818181818181,0.7528174245525072
MLP-esm,GATA1,split2,"T405A,T406A",0.46640316205533594,0.6976564113723673
MLP-esm,GATA1,split2,V250A,0.5059288537549407,0.6936444721917988
MLP-esm,GATA1,split2,"V278A,C279R",0.3952569169960475,0.6518216782186419
MLP-esm,GATA1,split2,V291A,0.7588932806324111,0.7443422223025137
MLP-esm,GATA1,split2,"V336A,V337A",0.27667984189723316,0.6119329452925607
MLP-esm,GATA1,split2,V349A,0.10671936758893286,0.5516277907191723
MLP-esm,GATA1,split2,V370A,0.7114624505928854,0.7301205405218945
MLP-esm,GATA1,split2,"V371A,L372P",0.7154150197628458,0.7286446995137849
MLP-esm,GATA1,split2,V407A,0.8893280632411067,0.7528836776631298
MLP-esm,GATA1,split2,"V407A,V408A",0.5296442687747036,0.6950311828369186
MLP-esm,GATA1,split2,V408A,0.24110671936758898,0.62009081106919
MLP-esm,GATA1,split2,W215R,0.8577075098814229,0.7593013075527547
MLP-esm,GATA1,split2,W269R,0.5770750988142292,0.7121632879369595
MLP-esm,GATA1,split2,Y223C,0.9841897233201581,0.7780897457134474
MLP-esm,GATA1,split2,Y231C,0.26877470355731226,0.61642880233864
MLP-esm,GATA1,split2,Y285C,0.059288537549407105,0.4689665477712765
MLP-esm,GATA1,split2,"Y285C,Y286C",0.015810276679841917,0.28672598358960577
MLP-esm,GATA1,split2,"Y286C,K287E",0.48221343873517786,0.6921495371551319
MLP-esm,GATA1,split2,Y286H,0.12252964426877466,0.5371435207061005
MLP-esm,GATA1,split2,"Y364C,Q365R",0.3913043478260869,0.6865527954560157
MLP-esm,GATA1,split3,C204R,0.01976284584980237,0.35932558747928256
MLP-esm,GATA1,split3,"C204R,V205A",0.782608695652174,0.7478538214031397
MLP-esm,GATA1,split3,C207R,0.0,0.26838013716495357
MLP-esm,GATA1,split3,C225R,0.9841897233201581,0.7954501698836731
MLP-esm,GATA1,split3,C228R,0.8142292490118577,0.7658654969377198
MLP-esm,GATA1,split3,C258R,0.3003952569169961,0.6541395546176944
MLP-esm,GATA1,split3,C261R,0.21739130434782605,0.5980529217197766
MLP-esm,GATA1,split3,D276G,0.46640316205533594,0.6824061196283504
MLP-esm,GATA1,split3,H222R,0.450592885375494,0.6797367537662125
MLP-esm,GATA1,split3,"H222R,Y223C",0.6363636363636364,0.7420184879482641
MLP-esm,GATA1,split3,"L214P,W215R",0.5217391304347826,0.7127893362431788
MLP-esm,GATA1,split3,L224P,0.03952569169960474,0.480723346628375
MLP-esm,GATA1,split3,"L268P,W269R",0.9288537549407114,0.7735932298095373
MLP-esm,GATA1,split3,N206G,0.49011857707509876,0.7191026092034783
MLP-esm,GATA1,split3,N272G,0.6482213438735178,0.7320492675511986
MLP-esm,GATA1,split3,R271G,0.20948616600790515,0.6330176470084204
MLP-esm,GATA1,split3,S274G,0.5375494071146245,0.721541558122952
MLP-esm,GATA1,split3,T210A,0.6363636363636364,0.7261890929312241
MLP-esm,GATA1,split3,T212A,0.6877470355731226,0.7529331039418746
MLP-esm,GATA1,split3,T220A,0.22134387351778662,0.6075704271860661
MLP-esm,GATA1,split3,T259A,0.7272727272727273,0.7539269748907308
MLP-esm,GATA1,split3,"T263A,T264A",0.07114624505928857,0.5105083585627022
MLP-esm,GATA1,split3,T264A,0.2806324110671937,0.6475279654551637
MLP-esm,GATA1,split3,"T264A,T265A",0.6363636363636364,0.7255991610319928
MLP-esm,GATA1,split3,T265A,0.8972332015810277,0.765806560594303
MLP-esm,GATA1,split3,"T265A,T266A",0.8023715415019763,0.7647484144590011
MLP-esm,GATA1,split3,T266A,0.5454545454545454,0.7263676837912441
MLP-esm,GATA1,split3,T267A,0.8260869565217391,0.7588325474474061
MLP-esm,GATA1,split3,"V278A,C279R",0.3952569169960475,0.6694474745700282
MLP-esm,GATA1,split3,W215R,0.9446640316205533,0.7826469556338811
MLP-esm,GATA1,split3,W269R,0.6679841897233201,0.7423920978973059
MLP-esm,GATA1,split3,Y223C,0.9920948616600791,0.7952393529419797
MLP-esm,GATA1,split5,C346R,0.4189723320158103,0.6893570283060705
MLP-esm,GATA1,split5,E114G,0.24110671936758898,0.593402485189871
MLP-esm,GATA1,split5,"E114G,D115G",0.19762845849802368,0.5690377945767175
MLP-esm,GATA1,split5,E134G,0.13833992094861658,0.5610798490418264
MLP-esm,GATA1,split5,E13G,0.41501976284584985,0.6710530677471238
MLP-esm,GATA1,split5,F168P,0.3517786561264822,0.6479974665133224
MLP-esm,GATA1,split5,F172L,0.7114624505928854,0.7370194631904167
MLP-esm,GATA1,split5,"F172S,F173P",0.2569169960474308,0.5965998759202809
MLP-esm,GATA1,split5,"F33P,F34P",0.07114624505928857,0.42447586739076165
MLP-esm,GATA1,split5,F3L,0.055335968379446654,0.48634125327912237
MLP-esm,GATA1,split5,H222R,0.4110671936758893,0.664364242773254
MLP-esm,GATA1,split5,I249T,0.7549407114624506,0.7433782299366163
MLP-esm,GATA1,split5,I302V,0.22924901185770752,0.5703262440707902
MLP-esm,GATA1,split5,"K100G,T101A",0.12252964426877466,0.5459217374107553
MLP-esm,GATA1,split5,K245G,0.031620553359683834,0.31563824004742147
MLP-esm,GATA1,split5,K252R,0.17391304347826086,0.541601420640243
MLP-esm,GATA1,split5,K287G,0.10671936758893286,0.5992694438384392
MLP-esm,GATA1,split5,K312G,0.03952569169960474,0.4442947347621654
MLP-esm,GATA1,split5,K312R,0.18577075098814233,0.5530613265834167
MLP-esm,GATA1,split5,"K314R,K315G",0.13043478260869568,0.5542032124861985
MLP-esm,GATA1,split5,L136S,0.04347826086956519,0.3914939173633597
MLP-esm,GATA1,split5,L141P,0.2964426877470355,0.6461967688827083
MLP-esm,GATA1,split5,L196P,0.49011857707509876,0.6948524175264865
MLP-esm,GATA1,split5,"L284P,Y285H",0.015810276679841917,0.21952597112003658
MLP-esm,GATA1,split5,"L386P,L387P",0.5059288537549407,0.7054088687016654
MLP-esm,GATA1,split5,L80P,0.32015810276679846,0.6377107874729487
MLP-esm,GATA1,split5,M335T,0.23715415019762842,0.6039616812145713
MLP-esm,GATA1,split5,N160D,0.04743083003952564,0.47328902908376336
MLP-esm,GATA1,split5,"Q237R,N238G",0.3952569169960475,0.6604466708983968
MLP-esm,GATA1,split5,S12P,0.11857707509881421,0.5299897870082615
MLP-esm,GATA1,split5,S142G,0.22529644268774707,0.6237777096287314
MLP-esm,GATA1,split5,S174P,0.09486166007905139,0.45777449965679917
MLP-esm,GATA1,split5,S186P,0.18972332015810278,0.63684450500982
MLP-esm,GATA1,split5,S36P,0.0,0.20845341567405823
MLP-esm,GATA1,split5,S46P,0.1027667984189723,0.5005399599787104
MLP-esm,GATA1,split5,T171A,0.1699604743083004,0.5573599785337899
MLP-esm,GATA1,split5,T220A,0.2490118577075099,0.6155776171083311
MLP-esm,GATA1,split5,V250A,0.5138339920948616,0.695792973234361
MLP-esm,GATA1,split5,"V278A,C279R",0.43873517786561267,0.67576744769844
MLP-esm,GATA1,split5,"V32A,F33P",0.09090909090909094,0.49514675357556204
MLP-esm,GATA1,split5,"V336A,V337A",0.3438735177865613,0.6425510045728605
MLP-esm,GATA1,split5,Y285C,0.06324110671936756,0.49266833828087453
MLP-esm,GATA1,split5,"Y285C,Y286C",0.011857707509881465,0.29834966861794954
MLP-esm,GATA1,split5,Y286H,0.11462450592885376,0.5444578451810741
MLP-esm,GATA1,split5,Y69H,0.31225296442687744,0.6320319561338311
MLP-esm,GATA1,split6,C199R,0.5454545454545454,0.7190410324073601
MLP-esm,GATA1,split6,C207R,0.0,0.27272205056276294
MLP-esm,GATA1,split6,C225R,0.9881422924901185,0.7890254964892273
MLP-esm,GATA1,split6,E114G,0.2490118577075099,0.587456399105926
MLP-esm,GATA1,split6,E200G,0.4545454545454546,0.6678349149604187
MLP-esm,GATA1,split6,E328G,0.40711462450592883,0.6940057526443005
MLP-esm,GATA1,split6,E348G,0.9683794466403162,0.7737439275381321
MLP-esm,GATA1,split6,F172P,0.308300395256917,0.63857085516104
MLP-esm,GATA1,split6,H222R,0.44664031620553357,0.6588755278612176
MLP-esm,GATA1,split6,"I249T,V250A",0.2055335968379447,0.6120786045848646
MLP-esm,GATA1,split6,I87T,0.09090909090909094,0.5326115916612939
MLP-esm,GATA1,split6,"K100G,T101A",0.11857707509881421,0.5339424045358688
MLP-esm,GATA1,split6,K137E,0.43083003952569165,0.6978651288042043
MLP-esm,GATA1,split6,K287G,0.10671936758893286,0.5872118133965669
MLP-esm,GATA1,split6,"K299R,D300G",0.8774703557312253,0.7505554027919012
MLP-esm,GATA1,split6,K312R,0.19762845849802368,0.547964570420996
MLP-esm,GATA1,split6,L146P,0.7351778656126482,0.7386428725560812
MLP-esm,GATA1,split6,L190P,0.5375494071146245,0.7427516220133924
MLP-esm,GATA1,split6,L224P,0.04347826086956519,0.4752351192822053
MLP-esm,GATA1,split6,L355P,0.8814229249011858,0.7565079282958261
MLP-esm,GATA1,split6,L363P,0.18577075098814233,0.6295639261485798
MLP-esm,GATA1,split6,L387P,0.7312252964426877,0.7248418572885797
MLP-esm,GATA1,split6,L6P,0.8853754940711462,0.7545753474710963
MLP-esm,GATA1,split6,M1V,0.616600790513834,0.7283192332467925
MLP-esm,GATA1,split6,M335V,0.7075098814229249,0.7321720421405633
MLP-esm,GATA1,split6,"N238G,R239G",0.7786561264822134,0.7352922855375035
MLP-esm,GATA1,split6,Q257R,0.5138339920948616,0.7026973189295813
MLP-esm,GATA1,split6,R271G,0.20948616600790515,0.6154532564557204
MLP-esm,GATA1,split6,S155P,0.45849802371541504,0.698458489729831
MLP-esm,GATA1,split6,S161G,0.5335968379446641,0.699166524060677
MLP-esm,GATA1,split6,S174P,0.09881422924901184,0.4685315054108425
MLP-esm,GATA1,split6,S178G,1.0,0.7944220403102076
MLP-esm,GATA1,split6,S310P,0.841897233201581,0.748136233232082
MLP-esm,GATA1,split6,S393P,0.7509881422924901,0.7369212598831092
MLP-esm,GATA1,split6,S72P,0.6126482213438735,0.7112502610356252
MLP-esm,GATA1,split6,T256A,0.9130434782608696,0.7572012615405712
MLP-esm,GATA1,split6,T264A,0.2806324110671937,0.6404930038996818
MLP-esm,GATA1,split6,T324A,0.3754940711462451,0.6531173244348151
MLP-esm,GATA1,split6,T391A,0.18181818181818177,0.6088378798421699
MLP-esm,GATA1,split6,"V109A,C110R",0.2648221343873518,0.6222797578894318
MLP-esm,GATA1,split6,V158A,0.2885375494071146,0.6717333992966807
MLP-esm,GATA1,split6,V291A,0.6679841897233201,0.7410716390652031
MLP-esm,GATA1,split6,V32A,0.41501976284584985,0.701133166658618
MLP-esm,GATA1,split6,"V32A,F33P",0.08300395256916993,0.4691348373868243
MLP-esm,GATA1,split6,"V336A,V337A",0.37944664031620556,0.6439249199576625
MLP-esm,GATA1,split6,"V371A,L372P",0.6442687747035574,0.7194407854048135
MLP-esm,GATA1,split6,"Y185H,S186P",0.8656126482213439,0.749071559211615
MLP-esm,GATA1,split6,Y285C,0.06324110671936756,0.4946612624276938
MLP-esm,GATA1,split6,Y62C,0.6719367588932806,0.7234997054190312
MLP-esm,GATA1,split6,Y62H,0.09486166007905139,0.538603642254039
MLP-esm,GATA1,split6,Y78H,0.3952569169960475,0.6642574696200694
MLP-esm,GATA1,split6,Y93H,0.4110671936758893,0.6869538396140804
MLP-esm,JAK1,split1,E762K,0.48,0.8591326580239209
MLP-esm,JAK1,split1,"G1068E,G1068R",0.76,0.938349459432552
MLP-esm,JAK1,split1,"G887R,G887E",0.6,0.8904942386811385
MLP-esm,JAK1,split1,"P1118L,P1118S,P1121S",0.12,0.08157836241111097
MLP-esm,JAK1,split1,Q387*,0.56,0.8660276896033384
MLP-esm,JAK1,split1,Q437*,0.28,0.8182014673730331
MLP-esm,JAK1,split1,Q572*,1.0,0.9361351241025297
MLP-esm,JAK1,split2,D775N,0.6,0.8711456862285828
MLP-esm,JAK1,split2,E1051K,0.84,0.9166822163126148
MLP-esm,JAK1,split2,"E706K,D707N",0.92,0.9200607362501663
MLP-esm,JAK1,split2,E762K,0.48,0.8521906967772702
MLP-esm,JAK1,split2,"G1068E,G1068R",0.8,0.9058867391105858
MLP-esm,JAK1,split2,"G590E,G590R",0.56,0.8704561112009158
MLP-esm,JAK1,split2,"G887R,G887E",0.52,0.8609281788631571
MLP-esm,JAK1,split2,"P1118L,P1118S,P1121S",0.12,0.08302409677555668
MLP-esm,JAK1,split2,"P1121L,P1121S",0.19999999999999996,0.19679150095421247
MLP-esm,JAK1,split2,P761S,0.76,0.8988402864913351
MLP-esm,JAK1,split2,S1062F,0.88,0.919367306855734
MLP-esm,JAK1,split2,T717I,0.0,-0.0938086755842693
MLP-esm,JAK1,split3,D775N,0.28,0.005088918848709875
MLP-esm,JAK1,split3,E1051K,0.12,-0.010931823824832735
MLP-esm,JAK1,split3,E447K,0.07999999999999996,-0.0121651944814101
MLP-esm,JAK1,split3,E486K,0.64,0.06328633904433298
MLP-esm,JAK1,split3,"E706K,D707N",0.6,0.03950980944667373
MLP-esm,JAK1,split3,E762K,0.0,-0.059479651565413065
MLP-esm,JAK1,split3,"G1068E,G1068R",0.36,0.009026394695910548
MLP-esm,JAK1,split3,"G590E,G590R",0.16000000000000003,-0.008663852502652279
MLP-esm,JAK1,split3,"G887R,G887E",0.76,0.12516831200234313
MLP-esm,JAK1,split3,P761S,0.56,0.026367526000806652
MLP-esm,JAK1,split3,Q387*,0.48,0.004234828935221461
MLP-esm,JAK1,split3,Q437*,0.28,-0.004176550533438928
MLP-esm,JAK1,split3,Q499*,0.28,-0.0028462286203283543
MLP-esm,JAK1,split3,Q545*,0.43999999999999995,0.004533095172813844
MLP-esm,JAK1,split3,Q572*,0.36,-0.002641130451039943
MLP-esm,JAK1,split3,R108Q,0.6799999999999999,0.12063467851159004
MLP-esm,JAK1,split3,"R549Q,E550K",0.040000000000000036,-0.03479251501925896
MLP-esm,JAK1,split3,S1062F,0.4,0.01691198786710034
MLP-esm,JAK1,split3,T558I,0.8,0.2131071359769864
MLP-esm,JAK1,split5,D775N,0.6799999999999999,0.9081628273565202
MLP-esm,JAK1,split5,E486K,0.4,0.8551527459671264
MLP-esm,JAK1,split5,E762K,0.56,0.8725175148248013
MLP-esm,JAK1,split5,"G590E,G590R",0.6,0.8981136182321212
MLP-esm,JAK1,split5,L321F,0.12,0.060726520186482245
MLP-esm,JAK1,split5,"P1121L,P1121S",0.19999999999999996,0.1543612714534799
MLP-esm,JAK1,split5,P761S,0.76,0.9352295468431256
MLP-esm,JAK1,split5,Q387*,0.72,0.906552061831861
MLP-esm,JAK1,split5,Q437*,0.4,0.8473202195519478
MLP-esm,JAK1,split5,Q499*,0.36,0.8353697918933981
MLP-esm,JAK1,split5,Q545*,0.31999999999999995,0.8223223069178367
MLP-esm,JAK1,split5,R108Q,0.31999999999999995,0.8217768058236709
MLP-esm,JAK1,split5,"R549Q,E550K",0.52,0.8705864763635616
MLP-esm,JAK1,split5,T717I,0.040000000000000036,-0.09769603700839066
MLP-theta,TP53,split1,A159P,0.8144329896907216,0.7915781277388373
MLP-theta,TP53,split1,A159V,0.7422680412371134,0.7952154492854242
MLP-theta,TP53,split1,C141Y,0.24742268041237114,0.760455237144377
MLP-theta,TP53,split1,C238Y,0.030927835051546393,0.7486620110961598
MLP-theta,TP53,split1,G245V,0.2989690721649485,0.7579593464049976
MLP-theta,TP53,split1,H179R,0.30927835051546393,0.7580827305363442
MLP-theta,TP53,split1,P47S,0.31958762886597936,0.7426667716432873
MLP-theta,TP53,split1,P58R,0.0,0.6986497411918287
MLP-theta,TP53,split1,Q5R,0.3711340206185567,0.7429012829768614
MLP-theta,TP53,split1,R175H,0.6804123711340206,0.7672747387339706
MLP-theta,TP53,split1,R273H,1.0,0.8196585405496732
MLP-theta,TP53,split1,S241C,0.5463917525773196,0.7842761421737853
MLP-theta,TP53,split1,S366A,0.4329896907216495,0.7483109376839973
MLP-theta,TP53,split1,T312S,0.8762886597938144,0.7932966814575058
MLP-theta,TP53,split1,V31I,0.38144329896907214,0.7492708806554341
MLP-theta,TP53,split1,Y220C,0.41237113402061853,0.7586216948371227
MLP-theta,TP53,split2,C238F,0.5154639175257731,0.7749603157596935
MLP-theta,TP53,split2,C238Y,0.030927835051546393,0.7482454625184147
MLP-theta,TP53,split2,C242F,0.17525773195876293,0.7795663723826239
MLP-theta,TP53,split2,C275F,0.030927835051546393,0.749737498769971
MLP-theta,TP53,split2,C275Y,0.061855670103092786,0.7422041986247679
MLP-theta,TP53,split2,C277F,0.6288659793814433,0.7851994129542941
MLP-theta,TP53,split2,E271K,0.4639175257731959,0.7369816294246704
MLP-theta,TP53,split2,E285K,0.28865979381443296,0.730079078902521
MLP-theta,TP53,split2,E286K,0.5463917525773196,0.7311805636435116
MLP-theta,TP53,split2,E339K,0.08247422680412375,0.7220385394624689
MLP-theta,TP53,split2,G244C,0.08247422680412375,0.7506798073171231
MLP-theta,TP53,split2,G245C,0.7731958762886598,0.7703190125726099
MLP-theta,TP53,split2,G245D,0.7835051546391752,0.7675521709887767
MLP-theta,TP53,split2,G245S,0.41237113402061853,0.7535468148919275
MLP-theta,TP53,split2,G245V,0.31958762886597936,0.754227443713826
MLP-theta,TP53,split2,G266E,0.22680412371134018,0.7484957795500216
MLP-theta,TP53,split2,G266R,0.4329896907216495,0.7589970501602844
MLP-theta,TP53,split2,G266V,0.4639175257731959,0.7880567623850994
MLP-theta,TP53,split2,G360V,0.865979381443299,0.7802194493704911
MLP-theta,TP53,split2,L344L,0.7835051546391752,0.7920485027918895
MLP-theta,TP53,split2,M237I,0.30927835051546393,0.772622578095791
MLP-theta,TP53,split2,M246V,0.6804123711340206,0.783405822387662
MLP-theta,TP53,split2,P222P,0.27835051546391754,0.7611738042732051
MLP-theta,TP53,split2,P250L,0.7731958762886598,0.7883930393193003
MLP-theta,TP53,split2,P278L,0.4020618556701031,0.7663735537115663
MLP-theta,TP53,split2,P278S,0.3298969072164949,0.7712293014799707
MLP-theta,TP53,split2,P295P,0.5979381443298969,0.7823151167169102
MLP-theta,TP53,split2,P301P,0.23711340206185572,0.7681287475276651
MLP-theta,TP53,split2,P359P,0.6185567010309279,0.790237232649166
MLP-theta,TP53,split2,R248L,0.09278350515463918,0.7461790981845134
MLP-theta,TP53,split2,R248W,0.5670103092783505,0.780568910309464
MLP-theta,TP53,split2,R249M,0.48453608247422686,0.7479295366293702
MLP-theta,TP53,split2,R249S,0.134020618556701,0.7326794706381988
MLP-theta,TP53,split2,R273C,0.07216494845360821,0.7458068623236286
MLP-theta,TP53,split2,R273H,1.0,0.8156681892952552
MLP-theta,TP53,split2,R273L,0.2680412371134021,0.7707638536565977
MLP-theta,TP53,split2,R280K,0.4948453608247423,0.7745651098824331
MLP-theta,TP53,split2,R280T,0.28865979381443296,0.7596689377688318
MLP-theta,TP53,split2,R282W,0.2989690721649485,0.7364527524690633
MLP-theta,TP53,split2,R337C,0.020618556701030966,0.727391461490176
MLP-theta,TP53,split2,R337L,0.14432989690721654,0.7469439653628188
MLP-theta,TP53,split2,S241C,0.6185567010309279,0.7855019951081023
MLP-theta,TP53,split2,S241F,0.7525773195876289,0.7941449784039641
MLP-theta,TP53,split2,S366A,0.5257731958762887,0.7580662475850298
MLP-theta,TP53,split2,T312S,0.845360824742268,0.7949529436484407
MLP-theta,TP53,split2,V272L,0.6082474226804124,0.788376953695439
MLP-theta,TP53,split2,V272M,0.6185567010309279,0.778182313752155
MLP-theta,TP53,split2,Y234C,0.8865979381443299,0.7964784685934725
MLP-theta,TP53,split2,Y236C,0.8556701030927836,0.797621576344388
MLP-theta,TP53,split3,G245C,0.711340206185567,0.7601569010791854
MLP-theta,TP53,split3,G245D,0.845360824742268,0.7670538875696999
MLP-theta,TP53,split3,G245S,0.35051546391752575,0.7421714072245853
MLP-theta,TP53,split3,G245V,0.2989690721649485,0.7466394367520568
MLP-theta,TP53,split3,R175H,0.7731958762886598,0.75983506388986
MLP-theta,TP53,split3,R249M,0.38144329896907214,0.7447185708269346
MLP-theta,TP53,split3,R249S,0.17525773195876293,0.7365268683273954
MLP-theta,TP53,split3,R282W,0.20618556701030932,0.7322986682645352
MLP-theta,TP53,split3,Y220C,0.3917525773195877,0.7477040583928365
MLP-theta,TP53,split6,A159P,0.8041237113402062,0.791206787852093
MLP-theta,TP53,split6,A159V,0.7422680412371134,0.7952762407354405
MLP-theta,TP53,split6,C141Y,0.21649484536082475,0.7601556329371572
MLP-theta,TP53,split6,C238Y,0.030927835051546393,0.7486415638129902
MLP-theta,TP53,split6,G245V,0.30927835051546393,0.7584708830124492
MLP-theta,TP53,split6,H179R,0.30927835051546393,0.7600716227837591
MLP-theta,TP53,split6,R175H,0.6907216494845361,0.7683620413062027
MLP-theta,TP53,split6,R273H,1.0,0.8209910084064256
MLP-theta,TP53,split6,S241C,0.5567010309278351,0.784016518409327
MLP-theta,TP53,split6,Y220C,0.4329896907216495,0.7593252360431971
MLP-theta,KRAS,split1,A146T,0.7472527472527473,0.6900460961748489
MLP-theta,KRAS,split1,A146V,0.8131868131868132,0.7070963468406769
MLP-theta,KRAS,split1,G12C,0.2637362637362637,0.6660367798560378
MLP-theta,KRAS,split1,G12D,0.4725274725274725,0.6790358866124859
MLP-theta,KRAS,split1,G12R,0.37362637362637363,0.6749631865802779
MLP-theta,KRAS,split1,G12V,0.07692307692307687,0.6539506110410976
MLP-theta,KRAS,split1,Q61H,0.967032967032967,0.7159214074698215
MLP-theta,KRAS,split1,Q61L,0.5384615384615384,0.6905514431452354
MLP-theta,KRAS,split2,A130V,0.7692307692307692,0.6983570104337398
MLP-theta,KRAS,split2,A146P,0.4725274725274725,0.6710128772095109
MLP-theta,KRAS,split2,A146T,0.7362637362637363,0.6843546780506378
MLP-theta,KRAS,split2,A146V,0.7252747252747253,0.6970688846148321
MLP-theta,KRAS,split2,A155G,0.34065934065934067,0.6702790879172603
MLP-theta,KRAS,split2,A66A,0.31868131868131866,0.6839541440516551
MLP-theta,KRAS,split2,C118S,0.6373626373626373,0.6881758199646383
MLP-theta,KRAS,split2,D119G,0.1428571428571429,0.6505153006092369
MLP-theta,KRAS,split2,D173D,0.08791208791208793,0.6757631366752286
MLP-theta,KRAS,split2,E63K,0.7692307692307692,0.6815024337726568
MLP-theta,KRAS,split2,F141L,0.17582417582417587,0.6731290971462144
MLP-theta,KRAS,split2,G75A,0.1428571428571429,0.6582737434593552
MLP-theta,KRAS,split2,G77A,0.5164835164835164,0.6790106242457504
MLP-theta,KRAS,split2,I163S,0.6703296703296704,0.6911318926438335
MLP-theta,KRAS,split2,K117N,0.5934065934065934,0.6676820198046935
MLP-theta,KRAS,split2,K117R,0.5274725274725275,0.6715637848981483
MLP-theta,KRAS,split2,K147N,0.3516483516483516,0.656730210412881
MLP-theta,KRAS,split2,K147T,0.02197802197802201,0.6373585308653192
MLP-theta,KRAS,split2,K169K,0.8681318681318682,0.7139662823416203
MLP-theta,KRAS,split2,K176Q,0.7472527472527473,0.6640764461257542
MLP-theta,KRAS,split2,K178K,0.6043956043956045,0.6928062146916542
MLP-theta,KRAS,split2,K88K,0.3076923076923077,0.6760206172093395
MLP-theta,KRAS,split2,L159S,0.967032967032967,0.7148345397085534
MLP-theta,KRAS,split2,L79I,0.46153846153846156,0.6864669206683266
MLP-theta,KRAS,split2,M111L,0.08791208791208793,0.6551207037581137
MLP-theta,KRAS,split2,P110S,0.6043956043956045,0.6953257625005189
MLP-theta,KRAS,split2,Q99E,0.7032967032967032,0.6547636392875711
MLP-theta,KRAS,split2,R135T,0.5054945054945055,0.6671929473822502
MLP-theta,KRAS,split2,R149K,0.6373626373626373,0.6917804110931698
MLP-theta,KRAS,split2,R164Q,0.25274725274725274,0.6428953701170738
MLP-theta,KRAS,split2,R68S,0.39560439560439564,0.6653021606233301
MLP-theta,KRAS,split2,S136N,0.8241758241758241,0.7043405273967479
MLP-theta,KRAS,split2,T127T,0.39560439560439564,0.6796923626555105
MLP-theta,KRAS,split2,T144P,0.03296703296703296,0.6366666299131835
MLP-theta,KRAS,split2,T144T,0.2417582417582418,0.6818623361763185
MLP-theta,KRAS,split2,T158A,0.27472527472527475,0.6790306156169853
MLP-theta,KRAS,split2,T158T,0.1428571428571429,0.6678663447958997
MLP-theta,KRAS,split2,T74A,0.7802197802197802,0.7063521131379619
MLP-theta,KRAS,split2,T74T,0.41758241758241754,0.6826663758577657
MLP-theta,KRAS,split2,V112I,0.6703296703296704,0.6928145586768469
MLP-theta,KRAS,split2,Y166H,0.8791208791208791,0.7109096320503314
MLP-theta,KRAS,split3,A146P,0.5164835164835164,0.6746222503857779
MLP-theta,KRAS,split3,A146T,0.7472527472527473,0.6844685310964801
MLP-theta,KRAS,split3,A146V,0.7692307692307692,0.7006783617037261
MLP-theta,KRAS,split3,G12A,0.3076923076923077,0.6635766653451269
MLP-theta,KRAS,split3,G12C,0.2417582417582418,0.6608086220008993
MLP-theta,KRAS,split3,G12S,0.945054945054945,0.7027021596312913
MLP-theta,KRAS,split3,G13C,0.5054945054945055,0.6913242064927957
MLP-theta,KRAS,split3,K117R,0.5824175824175823,0.6738982708431671
MLP-theta,KRAS,split3,Q61H,0.9560439560439561,0.7096651423138375
MLP-theta,KRAS,split3,Q61P,0.08791208791208793,0.6469594371371468
MLP-theta,KRAS,split6,A146T,0.7472527472527473,0.6900460961748489
MLP-theta,KRAS,split6,A146V,0.8131868131868132,0.7070963468406769
MLP-theta,KRAS,split6,G12C,0.2637362637362637,0.6660367798560378
MLP-theta,KRAS,split6,G12D,0.4725274725274725,0.6790358866124859
MLP-theta,KRAS,split6,G12R,0.37362637362637363,0.6749631865802779
MLP-theta,KRAS,split6,G12V,0.07692307692307687,0.6539506110410976
MLP-theta,KRAS,split6,Q61H,0.967032967032967,0.7159214074698215
MLP-theta,KRAS,split6,Q61L,0.5384615384615384,0.6905514431452354
MLP-theta,GATA1,split1,C199R,0.6679841897233201,0.6797702926988434
MLP-theta,GATA1,split1,C207R,0.0,0.33130252100850743
MLP-theta,GATA1,split1,C225R,0.849802371541502,0.6949673100630454
MLP-theta,GATA1,split1,E114G,0.24110671936758898,0.5821182692762576
MLP-theta,GATA1,split1,E200G,0.4189723320158103,0.6494756922135794
MLP-theta,GATA1,split1,E328G,0.43083003952569165,0.6796447828024262
MLP-theta,GATA1,split1,E348G,0.9090909090909091,0.7414062579162443
MLP-theta,GATA1,split1,F172P,0.2569169960474308,0.6059834494139062
MLP-theta,GATA1,split1,H222R,0.3517786561264822,0.6230502236897009
MLP-theta,GATA1,split1,"I249T,V250A",0.22924901185770752,0.633440496611852
MLP-theta,GATA1,split1,I87T,0.09090909090909094,0.5406785848017475
MLP-theta,GATA1,split1,"K100G,T101A",0.10671936758893286,0.5370720145467344
MLP-theta,GATA1,split1,K137E,0.6245059288537549,0.6344930484126854
MLP-theta,GATA1,split1,K287G,0.12252964426877466,0.5784444677453308
MLP-theta,GATA1,split1,"K299R,D300G",0.8260869565217391,0.7202965709076175
MLP-theta,GATA1,split1,K312R,0.1620553359683794,0.5424922619705805
MLP-theta,GATA1,split1,L146P,0.6679841897233201,0.719718985883118
MLP-theta,GATA1,split1,L190P,0.6956521739130435,0.7528526181481232
MLP-theta,GATA1,split1,L224P,0.04743083003952564,0.4875670165421724
MLP-theta,GATA1,split1,L355P,0.7984189723320159,0.7334630649421204
MLP-theta,GATA1,split1,L363P,0.2055335968379447,0.6436775242072427
MLP-theta,GATA1,split1,L387P,0.5968379446640316,0.6967796567960854
MLP-theta,GATA1,split1,L6P,0.9130434782608696,0.7427655468848817
MLP-theta,GATA1,split1,M1V,0.782608695652174,0.7194648845942828
MLP-theta,GATA1,split1,M335V,0.8695652173913043,0.7247479485213337
MLP-theta,GATA1,split1,"N238G,R239G",0.7588932806324111,0.6919758455964513
MLP-theta,GATA1,split1,Q257R,0.5652173913043479,0.6887192021184845
MLP-theta,GATA1,split1,R271G,0.26086956521739135,0.6115608435394488
MLP-theta,GATA1,split1,S155P,0.4980237154150198,0.685231689721467
MLP-theta,GATA1,split1,S161G,0.5335968379446641,0.6885096609783792
MLP-theta,GATA1,split1,S174P,0.08695652173913049,0.4820937050956934
MLP-theta,GATA1,split1,S178G,0.9723320158102767,0.7424390337952078
MLP-theta,GATA1,split1,S310P,0.7391304347826086,0.7039402291596646
MLP-theta,GATA1,split1,S393P,0.8537549407114624,0.723248916695377
MLP-theta,GATA1,split1,S72P,0.7075098814229249,0.70506823707026
MLP-theta,GATA1,split1,T256A,0.7312252964426877,0.7102243880067998
MLP-theta,GATA1,split1,T264A,0.24110671936758898,0.6150229927746237
MLP-theta,GATA1,split1,T324A,0.3162055335968379,0.6290616959476156
MLP-theta,GATA1,split1,T391A,0.20158102766798414,0.616690931576342
MLP-theta,GATA1,split1,"V109A,C110R",0.27667984189723316,0.614458231768464
MLP-theta,GATA1,split1,V158A,0.2964426877470355,0.6699427871800946
MLP-theta,GATA1,split1,V291A,0.7509881422924901,0.7290953716879085
MLP-theta,GATA1,split1,V32A,0.4545454545454546,0.7008106721285514
MLP-theta,GATA1,split1,"V32A,F33P",0.07905138339920947,0.4739361879562587
MLP-theta,GATA1,split1,"V336A,V337A",0.32806324110671936,0.6336771710576085
MLP-theta,GATA1,split1,"V371A,L372P",0.5928853754940712,0.7021729038415946
MLP-theta,GATA1,split1,"Y185H,S186P",0.9328063241106719,0.7405011673593371
MLP-theta,GATA1,split1,Y285C,0.07114624505928857,0.5154443684107406
MLP-theta,GATA1,split1,Y62C,0.7312252964426877,0.6915018522962049
MLP-theta,GATA1,split1,Y62H,0.10671936758893286,0.561740353987471
MLP-theta,GATA1,split1,Y78H,0.34782608695652173,0.6506958004121518
MLP-theta,GATA1,split1,Y93H,0.5217391304347826,0.6986918225773076
MLP-theta,GATA1,split2,C204R,0.02371541501976282,0.31587720639951256
MLP-theta,GATA1,split2,"C204R,V205A",0.6600790513833992,0.6725598947641561
MLP-theta,GATA1,split2,C207R,0.0,0.26476004356316096
MLP-theta,GATA1,split2,C225R,0.8537549407114624,0.6903810537364903
MLP-theta,GATA1,split2,C228R,0.8774703557312253,0.6936718356899463
MLP-theta,GATA1,split2,C258R,0.31225296442687744,0.5857147044420818
MLP-theta,GATA1,split2,C261R,0.19367588932806323,0.5206645745428212
MLP-theta,GATA1,split2,C346R,0.39920948616600793,0.6332201807935337
MLP-theta,GATA1,split2,D276G,0.5494071146245059,0.6486178747910823
MLP-theta,GATA1,split2,E328G,0.41501976284584985,0.6726888130756186
MLP-theta,GATA1,split2,E348G,0.924901185770751,0.7554262732696039
MLP-theta,GATA1,split2,F382S,0.7549407114624506,0.732933288797547
MLP-theta,GATA1,split2,F394P,0.8142292490118577,0.7334883176952055
MLP-theta,GATA1,split2,H222R,0.4426877470355731,0.6346578560073727
MLP-theta,GATA1,split2,"H222R,Y223C",0.6442687747035574,0.6866722403231752
MLP-theta,GATA1,split2,"H232R,K233E",0.11067193675889331,0.5233637396955785
MLP-theta,GATA1,split2,H289R,0.6798418972332017,0.6959725093291862
MLP-theta,GATA1,split2,H362R,0.4268774703557312,0.6910546121335926
MLP-theta,GATA1,split2,H378R,0.13833992094861658,0.5786807117295084
MLP-theta,GATA1,split2,I242T,0.02371541501976282,0.2767842386833789
MLP-theta,GATA1,split2,I242V,0.3438735177865613,0.6571921790683941
MLP-theta,GATA1,split2,I249T,0.7035573122529644,0.7089180700634958
MLP-theta,GATA1,split2,"I249T,V250A",0.20948616600790515,0.6001625067104673
MLP-theta,GATA1,split2,I249V,0.5335968379446641,0.6995284472218449
MLP-theta,GATA1,split2,I302T,0.07114624505928857,0.4469700869597341
MLP-theta,GATA1,split2,I302V,0.18972332015810278,0.5347841548236337
MLP-theta,GATA1,split2,"K233R,M234V",0.5652173913043479,0.6941978929994963
MLP-theta,GATA1,split2,K245G,0.02766798418972327,0.31461815974937407
MLP-theta,GATA1,split2,K252G,0.26877470355731226,0.5989669527201049
MLP-theta,GATA1,split2,K252R,0.13833992094861658,0.5110513996367732
MLP-theta,GATA1,split2,K287G,0.1462450592885376,0.5770437930978729
MLP-theta,GATA1,split2,K299E,0.6363636363636364,0.6474378008292492
MLP-theta,GATA1,split2,"K299R,D300G",0.841897233201581,0.7227243999913809
MLP-theta,GATA1,split2,K308G,0.44664031620553357,0.650441586024377
MLP-theta,GATA1,split2,K312G,0.04743083003952564,0.4550381997698736
MLP-theta,GATA1,split2,K312R,0.1462450592885376,0.5180676518190125
MLP-theta,GATA1,split2,"K314R,K315G",0.13438735177865613,0.5331846580328636
MLP-theta,GATA1,split2,K316G,0.6324110671936759,0.694628184244872
MLP-theta,GATA1,split2,K316R,0.40711462450592883,0.6419070445869884
MLP-theta,GATA1,split2,"L214P,W215R",0.450592885375494,0.6387325110008689
MLP-theta,GATA1,split2,L224P,0.04347826086956519,0.4500309243386251
MLP-theta,GATA1,split2,"L230P,Y231H",0.5573122529644269,0.6838240654659158
MLP-theta,GATA1,split2,L248P,0.7233201581027668,0.7098631629797115
MLP-theta,GATA1,split2,"L268P,W269R",0.7747035573122529,0.6843135428796729
MLP-theta,GATA1,split2,"L284P,Y285H",0.011857707509881465,0.18760180351540207
MLP-theta,GATA1,split2,L288P,0.6482213438735178,0.7171954566216266
MLP-theta,GATA1,split2,L295P,0.46640316205533594,0.6649198824149012
MLP-theta,GATA1,split2,L355P,0.7786561264822134,0.7397473186879776
MLP-theta,GATA1,split2,L363P,0.2569169960474308,0.6597258742373449
MLP-theta,GATA1,split2,"L363P,Y364H",0.3517786561264822,0.6548779312776035
MLP-theta,GATA1,split2,L367P,0.5691699604743083,0.7249701148676602
MLP-theta,GATA1,split2,"L372P,S373P",0.4624505928853755,0.6956213942288978
MLP-theta,GATA1,split2,L379P,0.45849802371541504,0.682289044564391
MLP-theta,GATA1,split2,L386P,0.8063241106719368,0.7290129808424978
MLP-theta,GATA1,split2,"L386P,L387P",0.5375494071146245,0.6921618396391996
MLP-theta,GATA1,split2,L387P,0.5810276679841897,0.6944972217280247
MLP-theta,GATA1,split2,L411P,0.9328063241106719,0.7548668624498596
MLP-theta,GATA1,split2,M234T,0.6245059288537549,0.6941247884801277
MLP-theta,GATA1,split2,"M234V,N235D",0.42292490118577075,0.6592761579895897
MLP-theta,GATA1,split2,M297T,0.2648221343873518,0.6130295121960303
MLP-theta,GATA1,split2,M335T,0.2490118577075099,0.5891268092508483
MLP-theta,GATA1,split2,"M335T,V336A",0.37154150197628455,0.6335366091881024
MLP-theta,GATA1,split2,M335V,0.7628458498023716,0.7252108614664714
MLP-theta,GATA1,split2,M380T,0.6245059288537549,0.7234494813470178
MLP-theta,GATA1,split2,M399T,0.6007905138339921,0.6988990805283835
MLP-theta,GATA1,split2,M399V,0.8537549407114624,0.7335054159074375
MLP-theta,GATA1,split2,N206G,0.6047430830039526,0.692725238309195
MLP-theta,GATA1,split2,"N238G,R239G",0.6007905138339921,0.6917680527109498
MLP-theta,GATA1,split2,N272G,0.6521739130434783,0.6897463760149812
MLP-theta,GATA1,split2,N292G,0.13043478260869568,0.5175903110021334
MLP-theta,GATA1,split2,N292S,0.9802371541501976,0.7586112396590874
MLP-theta,GATA1,split2,N306G,0.7391304347826086,0.7333969792515173
MLP-theta,GATA1,split2,N345D,0.6126482213438735,0.6663834352234115
MLP-theta,GATA1,split2,N345G,0.8379446640316206,0.7421655260648333
MLP-theta,GATA1,split2,"Q237R,N238G",0.383399209486166,0.6216037973544611
MLP-theta,GATA1,split2,Q257R,0.6284584980237153,0.696758800255241
MLP-theta,GATA1,split2,"Q303R,T304A",0.4426877470355731,0.6676892226524656
MLP-theta,GATA1,split2,Q365R,0.9011857707509882,0.7359631510071457
MLP-theta,GATA1,split2,R271G,0.24110671936758898,0.6035361606896237
MLP-theta,GATA1,split2,S274G,0.5652173913043479,0.6680781170766368
MLP-theta,GATA1,split2,S310P,0.7351778656126482,0.7074347750211457
MLP-theta,GATA1,split2,S320G,0.2964426877470355,0.6323613917952244
MLP-theta,GATA1,split2,S341G,0.7509881422924901,0.7219278711728707
MLP-theta,GATA1,split2,S343G,0.5335968379446641,0.6915686645039634
MLP-theta,GATA1,split2,S389P,0.841897233201581,0.7337104818493864
MLP-theta,GATA1,split2,S393P,0.8972332015810277,0.7410013885217919
MLP-theta,GATA1,split2,S412G,0.1699604743083004,0.5921036060464561
MLP-theta,GATA1,split2,T210A,0.5138339920948616,0.669933898311814
MLP-theta,GATA1,split2,T212A,0.766798418972332,0.7217246117861928
MLP-theta,GATA1,split2,T220A,0.22134387351778662,0.5759486847337263
MLP-theta,GATA1,split2,T256A,0.8814229249011858,0.7381479190647396
MLP-theta,GATA1,split2,T259A,0.7075098814229249,0.7082192644721053
MLP-theta,GATA1,split2,"T263A,T264A",0.07509881422924902,0.48127183272377905
MLP-theta,GATA1,split2,T264A,0.2648221343873518,0.6125167574315554
MLP-theta,GATA1,split2,"T264A,T265A",0.5256916996047432,0.6685084064981127
MLP-theta,GATA1,split2,T265A,0.83399209486166,0.710323174033836
MLP-theta,GATA1,split2,"T265A,T266A",0.8260869565217391,0.7184161821484366
MLP-theta,GATA1,split2,T266A,0.6126482213438735,0.6991989686190928
MLP-theta,GATA1,split2,T267A,0.7154150197628458,0.708364129336378
MLP-theta,GATA1,split2,T296A,0.18972332015810278,0.6356770629343043
MLP-theta,GATA1,split2,T324A,0.308300395256917,0.6182253093625488
MLP-theta,GATA1,split2,T354A,0.8300395256916996,0.738878539595354
MLP-theta,GATA1,split2,T360A,0.34782608695652173,0.6316277984166938
MLP-theta,GATA1,split2,T391A,0.18181818181818177,0.6019964120595293
MLP-theta,GATA1,split2,T402A,0.541501976284585,0.6879750750129516
MLP-theta,GATA1,split2,"T402A,T403A",0.9328063241106719,0.756488702473405
MLP-theta,GATA1,split2,"T403A,S404G",0.8102766798418972,0.7394298935198068
MLP-theta,GATA1,split2,"T405A,T406A",0.5177865612648221,0.6975110952970998
MLP-theta,GATA1,split2,V250A,0.5098814229249011,0.6712436908870448
MLP-theta,GATA1,split2,"V278A,C279R",0.3913043478260869,0.6066551912258986
MLP-theta,GATA1,split2,V291A,0.7628458498023716,0.7253450932748462
MLP-theta,GATA1,split2,"V336A,V337A",0.27667984189723316,0.6045828749571497
MLP-theta,GATA1,split2,V349A,0.10671936758893286,0.5428302966143407
MLP-theta,GATA1,split2,V370A,0.7628458498023716,0.7274712780801335
MLP-theta,GATA1,split2,"V371A,L372P",0.7193675889328064,0.7243100924062243
MLP-theta,GATA1,split2,V407A,0.8814229249011858,0.7431694112143324
MLP-theta,GATA1,split2,"V407A,V408A",0.5138339920948616,0.6848789509494525
MLP-theta,GATA1,split2,V408A,0.24110671936758898,0.6100684269515446
MLP-theta,GATA1,split2,W215R,0.8774703557312253,0.701291199562997
MLP-theta,GATA1,split2,W269R,0.4861660079051383,0.6399899461873009
MLP-theta,GATA1,split2,Y223C,0.9960474308300395,0.7362302813520842
MLP-theta,GATA1,split2,Y231C,0.3162055335968379,0.614537414893097
MLP-theta,GATA1,split2,Y285C,0.059288537549407105,0.46727526367525507
MLP-theta,GATA1,split2,"Y285C,Y286C",0.015810276679841917,0.31159586444277176
MLP-theta,GATA1,split2,"Y286C,K287E",0.5138339920948616,0.666753066149672
MLP-theta,GATA1,split2,Y286H,0.11067193675889331,0.5129634194535345
MLP-theta,GATA1,split2,"Y364C,Q365R",0.3596837944664032,0.6661627629053682
MLP-theta,GATA1,split3,C204R,0.01976284584980237,0.32292281322991034
MLP-theta,GATA1,split3,"C204R,V205A",0.7628458498023716,0.7121456752911638
MLP-theta,GATA1,split3,C207R,0.0,0.2691269014925274
MLP-theta,GATA1,split3,C225R,0.9565217391304348,0.7333513526158816
MLP-theta,GATA1,split3,C228R,0.7786561264822134,0.7134209610573501
MLP-theta,GATA1,split3,C258R,0.2806324110671937,0.6002180719832481
MLP-theta,GATA1,split3,C261R,0.19762845849802368,0.5330533012334023
MLP-theta,GATA1,split3,D276G,0.450592885375494,0.6563400825760428
MLP-theta,GATA1,split3,H222R,0.48221343873517786,0.6593146670624107
MLP-theta,GATA1,split3,"H222R,Y223C",0.6126482213438735,0.7200922963678585
MLP-theta,GATA1,split3,"L214P,W215R",0.5177865612648221,0.6860779034524215
MLP-theta,GATA1,split3,L224P,0.03952569169960474,0.4627949674658648
MLP-theta,GATA1,split3,"L268P,W269R",0.8656126482213439,0.7416670235644387
MLP-theta,GATA1,split3,N206G,0.5454545454545454,0.7103908573061642
MLP-theta,GATA1,split3,N272G,0.7549407114624506,0.72600470067822
MLP-theta,GATA1,split3,R271G,0.2569169960474308,0.643351371488101
MLP-theta,GATA1,split3,S274G,0.5098814229249011,0.6996203095202126
MLP-theta,GATA1,split3,T210A,0.6521739130434783,0.7153041434223698
MLP-theta,GATA1,split3,T212A,0.8260869565217391,0.7510185549266432
MLP-theta,GATA1,split3,T220A,0.20158102766798414,0.5867653112858501
MLP-theta,GATA1,split3,T259A,0.7786561264822134,0.7407433187210039
MLP-theta,GATA1,split3,"T263A,T264A",0.07905138339920947,0.5369664395521749
MLP-theta,GATA1,split3,T264A,0.26086956521739135,0.6274246278113511
MLP-theta,GATA1,split3,"T264A,T265A",0.5454545454545454,0.6896644415331723
MLP-theta,GATA1,split3,T265A,0.7786561264822134,0.7255482917259104
MLP-theta,GATA1,split3,"T265A,T266A",0.8379446640316206,0.7452351575957856
MLP-theta,GATA1,split3,T266A,0.5849802371541502,0.7192535783134816
MLP-theta,GATA1,split3,T267A,0.766798418972332,0.7327813644891767
MLP-theta,GATA1,split3,"V278A,C279R",0.4110671936758893,0.6411950802365889
MLP-theta,GATA1,split3,W215R,0.9446640316205533,0.7439756091173718
MLP-theta,GATA1,split3,W269R,0.5612648221343873,0.6842178551580597
MLP-theta,GATA1,split3,Y223C,1.0,0.7488669905723521
MLP-theta,GATA1,split5,C346R,0.3003952569169961,0.6193007585080071
MLP-theta,GATA1,split5,E114G,0.25296442687747034,0.5867947682734608
MLP-theta,GATA1,split5,"E114G,D115G",0.19367588932806323,0.5448570911805578
MLP-theta,GATA1,split5,E134G,0.14229249011857703,0.5449419741084458
MLP-theta,GATA1,split5,E13G,0.42292490118577075,0.6545516004101676
MLP-theta,GATA1,split5,F168P,0.3162055335968379,0.6244876374917048
MLP-theta,GATA1,split5,F172L,0.6403162055335969,0.7103722776414094
MLP-theta,GATA1,split5,"F172S,F173P",0.2134387351778656,0.571571947417419
MLP-theta,GATA1,split5,"F33P,F34P",0.06324110671936756,0.42104273811440274
MLP-theta,GATA1,split5,F3L,0.055335968379446654,0.48464387259885044
MLP-theta,GATA1,split5,H222R,0.3438735177865613,0.6234576394737954
MLP-theta,GATA1,split5,I249T,0.6482213438735178,0.7130453062684348
MLP-theta,GATA1,split5,I302V,0.22529644268774707,0.5677761073074993
MLP-theta,GATA1,split5,"K100G,T101A",0.11857707509881421,0.5348160707053767
MLP-theta,GATA1,split5,K245G,0.031620553359683834,0.3444234291598973
MLP-theta,GATA1,split5,K252R,0.19367588932806323,0.5523993352270692
MLP-theta,GATA1,split5,K287G,0.11462450592885376,0.5802503008706297
MLP-theta,GATA1,split5,K312G,0.055335968379446654,0.4643094012237652
MLP-theta,GATA1,split5,K312R,0.18577075098814233,0.5492754888494771
MLP-theta,GATA1,split5,"K314R,K315G",0.13438735177865613,0.5496586516587015
MLP-theta,GATA1,split5,L136S,0.03952569169960474,0.39078023571316
MLP-theta,GATA1,split5,L141P,0.32806324110671936,0.6503724749657098
MLP-theta,GATA1,split5,L196P,0.38735177865612647,0.6591612015070475
MLP-theta,GATA1,split5,"L284P,Y285H",0.011857707509881465,0.23255655163126313
MLP-theta,GATA1,split5,"L386P,L387P",0.49011857707509876,0.6959338063659412
MLP-theta,GATA1,split5,L80P,0.22924901185770752,0.5971288233223289
MLP-theta,GATA1,split5,M335T,0.2134387351778656,0.5875864784412876
MLP-theta,GATA1,split5,N160D,0.04743083003952564,0.45811362104035447
MLP-theta,GATA1,split5,"Q237R,N238G",0.42292490118577075,0.6492399617975559
MLP-theta,GATA1,split5,S12P,0.11857707509881421,0.5242534632546832
MLP-theta,GATA1,split5,S142G,0.22134387351778662,0.6217271364501215
MLP-theta,GATA1,split5,S174P,0.09486166007905139,0.46051539987057066
MLP-theta,GATA1,split5,S186P,0.18181818181818177,0.6187906265070249
MLP-theta,GATA1,split5,S36P,0.0,0.22082620859631916
MLP-theta,GATA1,split5,S46P,0.1027667984189723,0.4870792066616905
MLP-theta,GATA1,split5,T171A,0.15810276679841895,0.5429721586061065
MLP-theta,GATA1,split5,T220A,0.24505928853754944,0.6016499515046995
MLP-theta,GATA1,split5,V250A,0.45849802371541504,0.6722983631252738
MLP-theta,GATA1,split5,"V278A,C279R",0.450592885375494,0.6597483827080034
MLP-theta,GATA1,split5,"V32A,F33P",0.07905138339920947,0.4884240269661659
MLP-theta,GATA1,split5,"V336A,V337A",0.3320158102766798,0.6337606470047039
MLP-theta,GATA1,split5,Y285C,0.06719367588932801,0.4893302409221085
MLP-theta,GATA1,split5,"Y285C,Y286C",0.007905138339920903,0.3076775017951503
MLP-theta,GATA1,split5,Y286H,0.10671936758893286,0.5253247004781254
MLP-theta,GATA1,split5,Y69H,0.2845849802371542,0.6107574945360877
MLP-theta,GATA1,split6,C199R,0.6679841897233201,0.6797702926988434
MLP-theta,GATA1,split6,C207R,0.0,0.33130252100850743
MLP-theta,GATA1,split6,C225R,0.849802371541502,0.6949673100630454
MLP-theta,GATA1,split6,E114G,0.24110671936758898,0.5821182692762576
MLP-theta,GATA1,split6,E200G,0.4189723320158103,0.6494756922135794
MLP-theta,GATA1,split6,E328G,0.43083003952569165,0.6796447828024262
MLP-theta,GATA1,split6,E348G,0.9090909090909091,0.7414062579162443
MLP-theta,GATA1,split6,F172P,0.2569169960474308,0.6059834494139062
MLP-theta,GATA1,split6,H222R,0.3517786561264822,0.6230502236897009
MLP-theta,GATA1,split6,"I249T,V250A",0.22924901185770752,0.633440496611852
MLP-theta,GATA1,split6,I87T,0.09090909090909094,0.5406785848017475
MLP-theta,GATA1,split6,"K100G,T101A",0.10671936758893286,0.5370720145467344
MLP-theta,GATA1,split6,K137E,0.6245059288537549,0.6344930484126854
MLP-theta,GATA1,split6,K287G,0.12252964426877466,0.5784444677453308
MLP-theta,GATA1,split6,"K299R,D300G",0.8260869565217391,0.7202965709076175
MLP-theta,GATA1,split6,K312R,0.1620553359683794,0.5424922619705805
MLP-theta,GATA1,split6,L146P,0.6679841897233201,0.719718985883118
MLP-theta,GATA1,split6,L190P,0.6956521739130435,0.7528526181481232
MLP-theta,GATA1,split6,L224P,0.04743083003952564,0.4875670165421724
MLP-theta,GATA1,split6,L355P,0.7984189723320159,0.7334630649421204
MLP-theta,GATA1,split6,L363P,0.2055335968379447,0.6436775242072427
MLP-theta,GATA1,split6,L387P,0.5968379446640316,0.6967796567960854
MLP-theta,GATA1,split6,L6P,0.9130434782608696,0.7427655468848817
MLP-theta,GATA1,split6,M1V,0.782608695652174,0.7194648845942828
MLP-theta,GATA1,split6,M335V,0.8695652173913043,0.7247479485213337
MLP-theta,GATA1,split6,"N238G,R239G",0.7588932806324111,0.6919758455964513
MLP-theta,GATA1,split6,Q257R,0.5652173913043479,0.6887192021184845
MLP-theta,GATA1,split6,R271G,0.26086956521739135,0.6115608435394488
MLP-theta,GATA1,split6,S155P,0.4980237154150198,0.685231689721467
MLP-theta,GATA1,split6,S161G,0.5335968379446641,0.6885096609783792
MLP-theta,GATA1,split6,S174P,0.08695652173913049,0.4820937050956934
MLP-theta,GATA1,split6,S178G,0.9723320158102767,0.7424390337952078
MLP-theta,GATA1,split6,S310P,0.7391304347826086,0.7039402291596646
MLP-theta,GATA1,split6,S393P,0.8537549407114624,0.723248916695377
MLP-theta,GATA1,split6,S72P,0.7075098814229249,0.70506823707026
MLP-theta,GATA1,split6,T256A,0.7312252964426877,0.7102243880067998
MLP-theta,GATA1,split6,T264A,0.24110671936758898,0.6150229927746237
MLP-theta,GATA1,split6,T324A,0.3162055335968379,0.6290616959476156
MLP-theta,GATA1,split6,T391A,0.20158102766798414,0.616690931576342
MLP-theta,GATA1,split6,"V109A,C110R",0.27667984189723316,0.614458231768464
MLP-theta,GATA1,split6,V158A,0.2964426877470355,0.6699427871800946
MLP-theta,GATA1,split6,V291A,0.7509881422924901,0.7290953716879085
MLP-theta,GATA1,split6,V32A,0.4545454545454546,0.7008106721285514
MLP-theta,GATA1,split6,"V32A,F33P",0.07905138339920947,0.4739361879562587
MLP-theta,GATA1,split6,"V336A,V337A",0.32806324110671936,0.6336771710576085
MLP-theta,GATA1,split6,"V371A,L372P",0.5928853754940712,0.7021729038415946
MLP-theta,GATA1,split6,"Y185H,S186P",0.9328063241106719,0.7405011673593371
MLP-theta,GATA1,split6,Y285C,0.07114624505928857,0.5154443684107406
MLP-theta,GATA1,split6,Y62C,0.7312252964426877,0.6915018522962049
MLP-theta,GATA1,split6,Y62H,0.10671936758893286,0.561740353987471
MLP-theta,GATA1,split6,Y78H,0.34782608695652173,0.6506958004121518
MLP-theta,GATA1,split6,Y93H,0.5217391304347826,0.6986918225773076
MLP-theta,JAK1,split1,E762K,0.48,0.8736405649372758
MLP-theta,JAK1,split1,"G1068E,G1068R",0.76,0.914402342311059
MLP-theta,JAK1,split1,"G887R,G887E",0.6,0.8514520631450159
MLP-theta,JAK1,split1,"P1118L,P1118S,P1121S",0.040000000000000036,0.09383666203426785
MLP-theta,JAK1,split1,Q387*,0.6,0.8731399816625617
MLP-theta,JAK1,split1,Q437*,0.36,0.8230712839639329
MLP-theta,JAK1,split1,Q572*,1.0,0.9343008710138234
MLP-theta,JAK1,split1,splice_64850911,0.4,0.8297436310660024
MLP-theta,JAK1,split1,syn_N357,0.0,-0.058666291439814784
MLP-theta,JAK1,split2,D775N,0.6,0.9025651234739944
MLP-theta,JAK1,split2,E1051K,0.88,0.9426886062499833
MLP-theta,JAK1,split2,"E706K,D707N",0.92,0.9504439225589507
MLP-theta,JAK1,split2,E762K,0.52,0.8644522937157951
MLP-theta,JAK1,split2,"G1068E,G1068R",0.92,0.748102617594624
MLP-theta,JAK1,split2,"G590E,G590R",0.48,0.7160124824953862
MLP-theta,JAK1,split2,"G887R,G887E",0.6799999999999999,0.7387036984499594
MLP-theta,JAK1,split2,"P1118L,P1118S,P1121S",0.07999999999999996,0.1193806545498556
MLP-theta,JAK1,split2,"P1121L,P1121S",0.16000000000000003,0.32828790560991483
MLP-theta,JAK1,split2,P761S,0.76,0.9271184545845499
MLP-theta,JAK1,split2,S1062F,0.72,0.3918866881654955
MLP-theta,JAK1,split2,T717I,0.76,0.03950635274809753
MLP-theta,JAK1,split2,splice_64850911,0.36,0.8543408515802905
MLP-theta,JAK1,split3,D775N,0.52,0.013157863111492035
MLP-theta,JAK1,split3,E1051K,0.12,0.001811070063939283
MLP-theta,JAK1,split3,E447K,0.16000000000000003,-0.05183745014926941
MLP-theta,JAK1,split3,E486K,0.64,-0.020440620366583576
MLP-theta,JAK1,split3,"E706K,D707N",0.31999999999999995,-0.005690060628542898
MLP-theta,JAK1,split3,E762K,0.0,-0.07208621774949767
MLP-theta,JAK1,split3,"G1068E,G1068R",0.24,-0.03525597081892579
MLP-theta,JAK1,split3,"G590E,G590R",0.07999999999999996,-0.05699261299499895
MLP-theta,JAK1,split3,"G887R,G887E",0.72,0.0684253238260834
MLP-theta,JAK1,split3,P761S,0.4,0.006632547539484578
MLP-theta,JAK1,split3,Q387*,0.43999999999999995,0.03259761193435419
MLP-theta,JAK1,split3,Q437*,0.6799999999999999,0.08296963182943454
MLP-theta,JAK1,split3,Q499*,0.28,0.026618876245247707
MLP-theta,JAK1,split3,Q545*,0.36,0.03177364924512659
MLP-theta,JAK1,split3,Q572*,0.16000000000000003,0.01706679132060175
MLP-theta,JAK1,split3,R108Q,0.6799999999999999,0.04028937890932822
MLP-theta,JAK1,split3,"R549Q,E550K",0.040000000000000036,-0.09985236965620772
MLP-theta,JAK1,split3,S1062F,0.28,-0.11979969483568365
MLP-theta,JAK1,split3,T558I,0.8,0.014425841678815443
MLP-theta,JAK1,split3,splice_64850911,0.0,-0.013963536150395037
MLP-theta,JAK1,split5,D775N,0.6799999999999999,0.9100290558645011
MLP-theta,JAK1,split5,E486K,0.43999999999999995,0.8492631658867577
MLP-theta,JAK1,split5,E762K,0.52,0.8759090624355403
MLP-theta,JAK1,split5,"G590E,G590R",0.6,0.8915538715841914
MLP-theta,JAK1,split5,L321F,0.12,0.0620917846524518
MLP-theta,JAK1,split5,"P1121L,P1121S",0.16000000000000003,0.23481849770048918
MLP-theta,JAK1,split5,P761S,0.76,0.91321652525657
MLP-theta,JAK1,split5,Q387*,0.72,0.908629813398686
MLP-theta,JAK1,split5,Q437*,0.4,0.8469717036815937
MLP-theta,JAK1,split5,Q499*,0.36,0.8377611562770713
MLP-theta,JAK1,split5,Q545*,0.31999999999999995,0.8186968429461416
MLP-theta,JAK1,split5,R108Q,0.31999999999999995,0.7667294266354512
MLP-theta,JAK1,split5,"R549Q,E550K",0.56,0.8683114238036639
MLP-theta,JAK1,split5,T717I,0.0,-0.06086099187545441
MLP-theta,JAK1,split5,splice_64850911,0.48,0.86133689895659
MLP-theta,JAK1,split5,syn_L158,0.07999999999999996,0.052472463676042344
MLP-theta,JAK1,split5,syn_N357,0.040000000000000036,-0.0823701885604922
PerturbNet,TP53,split1,A159P,0.6082474226804124,0.19216559735616728
PerturbNet,TP53,split1,A159V,0.9381443298969072,0.2273176608695995
PerturbNet,TP53,split1,C141Y,0.28865979381443296,0.17468869301654477
PerturbNet,TP53,split1,C238Y,0.9381443298969072,0.19424536263885842
PerturbNet,TP53,split1,G245V,0.8041237113402062,0.18583449074110797
PerturbNet,TP53,split1,H179R,0.4020618556701031,0.19761664999839143
PerturbNet,TP53,split1,P47S,0.14432989690721654,0.17208614026554267
PerturbNet,TP53,split1,P58R,0.1649484536082474,0.13852124219834858
PerturbNet,TP53,split1,Q5R,0.6907216494845361,0.19485872219086312
PerturbNet,TP53,split1,R175H,0.4329896907216495,0.18619267173547818
PerturbNet,TP53,split1,R273H,0.5051546391752577,0.11140108155855255
PerturbNet,TP53,split1,S241C,0.731958762886598,0.1877146007228352
PerturbNet,TP53,split1,S366A,0.17525773195876293,0.16808629723955432
PerturbNet,TP53,split1,T312S,0.8350515463917526,0.23152955692603547
PerturbNet,TP53,split1,V31I,0.17525773195876293,0.09698221987138896
PerturbNet,TP53,split1,Y220C,0.8350515463917526,0.24489560325490822
PerturbNet,TP53,split2,C238F,0.28865979381443296,0.19230255057940884
PerturbNet,TP53,split2,C238Y,0.8762886597938144,0.1856540964822548
PerturbNet,TP53,split2,C242F,0.5773195876288659,0.08946235666921253
PerturbNet,TP53,split2,C275F,0.8350515463917526,0.14388407550598642
PerturbNet,TP53,split2,C275Y,0.7525773195876289,0.184222001020362
PerturbNet,TP53,split2,C277F,0.7835051546391752,0.2364376675723482
PerturbNet,TP53,split2,E271K,0.7835051546391752,0.18080968914368126
PerturbNet,TP53,split2,E285K,0.6185567010309279,0.1114781982821398
PerturbNet,TP53,split2,E286K,0.2989690721649485,0.12024433858739225
PerturbNet,TP53,split2,E339K,0.24742268041237114,0.06285848599843158
PerturbNet,TP53,split2,G244C,0.7525773195876289,0.13007873738151038
PerturbNet,TP53,split2,G245C,0.1030927835051546,0.07012518897670438
PerturbNet,TP53,split2,G245D,0.5051546391752577,0.12611965730928137
PerturbNet,TP53,split2,G245S,0.8144329896907216,0.18967767537026012
PerturbNet,TP53,split2,G245V,0.8350515463917526,0.20566452117067213
PerturbNet,TP53,split2,G266E,0.030927835051546393,0.120209376817178
PerturbNet,TP53,split2,G266R,0.6597938144329897,0.22689336208664776
PerturbNet,TP53,split2,G266V,0.9484536082474226,0.21600913062576077
PerturbNet,TP53,split2,G360V,0.7628865979381443,0.17148238421391368
PerturbNet,TP53,split2,L344L,0.6597938144329897,0.19143330935498024
PerturbNet,TP53,split2,M237I,0.8865979381443299,0.18077417031146195
PerturbNet,TP53,split2,M246V,0.010309278350515427,0.1294426170384619
PerturbNet,TP53,split2,P222P,0.030927835051546393,0.027161470922138085
PerturbNet,TP53,split2,P250L,0.27835051546391754,0.12456183079031011
PerturbNet,TP53,split2,P278L,0.11340206185567014,0.05507913171604066
PerturbNet,TP53,split2,P278S,0.05154639175257736,0.03804018675178889
PerturbNet,TP53,split2,P295P,0.7422680412371134,0.18027711920887632
PerturbNet,TP53,split2,P301P,0.9587628865979382,0.2610303173948801
PerturbNet,TP53,split2,P359P,0.5360824742268041,0.14369707710076426
PerturbNet,TP53,split2,R248L,0.865979381443299,0.16431753705174706
PerturbNet,TP53,split2,R248W,0.8144329896907216,0.1141361053507673
PerturbNet,TP53,split2,R249M,0.3608247422680413,0.13222548640260964
PerturbNet,TP53,split2,R249S,0.3608247422680413,0.16138921688807553
PerturbNet,TP53,split2,R273C,0.9175257731958762,0.21325230276086105
PerturbNet,TP53,split2,R273H,0.7525773195876289,0.16930541026349621
PerturbNet,TP53,split2,R273L,0.8556701030927836,0.10141102242570484
PerturbNet,TP53,split2,R280K,0.21649484536082475,0.12604293394153981
PerturbNet,TP53,split2,R280T,0.4742268041237113,0.08051766949237811
PerturbNet,TP53,split2,R282W,0.30927835051546393,0.17870171744577767
PerturbNet,TP53,split2,R337C,0.9175257731958762,0.20988757999081453
PerturbNet,TP53,split2,R337L,0.8969072164948454,0.13929305985048132
PerturbNet,TP53,split2,S241C,0.5773195876288659,0.1390050798003787
PerturbNet,TP53,split2,S241F,0.5051546391752577,0.11031226410495852
PerturbNet,TP53,split2,S366A,0.8762886597938144,0.2220215277579195
PerturbNet,TP53,split2,T312S,0.09278350515463918,-0.009669572913003091
PerturbNet,TP53,split2,V272L,0.48453608247422686,0.07497999888013078
PerturbNet,TP53,split2,V272M,0.2680412371134021,0.1169459245791786
PerturbNet,TP53,split2,Y234C,0.05154639175257736,0.10875874635855941
PerturbNet,TP53,split2,Y236C,0.5257731958762887,0.11783684651410593
PerturbNet,TP53,split3,G245C,0.6701030927835052,0.1422549001480189
PerturbNet,TP53,split3,G245D,0.8556701030927836,0.19197958239640106
PerturbNet,TP53,split3,G245S,0.30927835051546393,0.18027402212567284
PerturbNet,TP53,split3,G245V,0.8144329896907216,0.18943305830211027
PerturbNet,TP53,split3,R175H,0.6391752577319587,0.20122821230532423
PerturbNet,TP53,split3,R249M,0.17525773195876293,0.16075212041577855
PerturbNet,TP53,split3,R249S,0.7216494845360825,0.2526825506807523
PerturbNet,TP53,split3,R282W,0.9072164948453608,0.23095540939281753
PerturbNet,TP53,split3,Y220C,0.2680412371134021,0.11187561353899275
PerturbNet,TP53,split6,A159P,0.6082474226804124,0.16097441106746266
PerturbNet,TP53,split6,A159V,0.7010309278350515,0.19820606781471775
PerturbNet,TP53,split6,C141Y,0.28865979381443296,0.09523982796251756
PerturbNet,TP53,split6,C238Y,0.21649484536082475,0.1519882831302279
PerturbNet,TP53,split6,G245V,0.5773195876288659,0.17395037252637646
PerturbNet,TP53,split6,H179R,0.5773195876288659,0.21464129365667928
PerturbNet,TP53,split6,R175H,0.3402061855670103,0.1835455838436503
PerturbNet,TP53,split6,R273H,0.731958762886598,0.21747520104148957
PerturbNet,TP53,split6,S241C,0.7731958762886598,0.22624707156244206
PerturbNet,TP53,split6,Y220C,0.845360824742268,0.23015927460653193
PerturbNet,KRAS,split1,A146T,0.7912087912087912,0.24125274341354547
PerturbNet,KRAS,split1,A146V,0.5604395604395604,0.16736231671867544
PerturbNet,KRAS,split1,G12C,0.8681318681318682,0.24688150651557622
PerturbNet,KRAS,split1,G12D,0.2417582417582418,0.14048103291755482
PerturbNet,KRAS,split1,G12R,0.25274725274725274,0.1633512877796915
PerturbNet,KRAS,split1,G12V,0.9010989010989011,0.2998384912303582
PerturbNet,KRAS,split1,Q61H,0.5604395604395604,0.2613328736057147
PerturbNet,KRAS,split1,Q61L,0.5824175824175823,0.21435868639959582
PerturbNet,KRAS,split2,A130V,0.9120879120879121,0.2629160953319749
PerturbNet,KRAS,split2,A146P,0.46153846153846156,0.0687357350144071
PerturbNet,KRAS,split2,A146T,0.945054945054945,0.25185971287363124
PerturbNet,KRAS,split2,A146V,0.6373626373626373,0.19954025056853314
PerturbNet,KRAS,split2,A155G,0.6813186813186813,0.1882161709629827
PerturbNet,KRAS,split2,A66A,0.07692307692307687,0.059640534819841474
PerturbNet,KRAS,split2,C118S,0.5604395604395604,0.15147208954245037
PerturbNet,KRAS,split2,D119G,0.3846153846153846,0.1956879491614735
PerturbNet,KRAS,split2,D173D,0.1208791208791209,0.14783191089316677
PerturbNet,KRAS,split2,E63K,0.967032967032967,0.3166096937238455
PerturbNet,KRAS,split2,F141L,0.27472527472527475,0.06688038667230674
PerturbNet,KRAS,split2,G75A,0.6043956043956045,0.23692404943716713
PerturbNet,KRAS,split2,G77A,0.6153846153846154,0.2162728877183395
PerturbNet,KRAS,split2,I163S,0.945054945054945,0.24817236116519426
PerturbNet,KRAS,split2,K117N,0.46153846153846156,0.12872830973453828
PerturbNet,KRAS,split2,K117R,0.6263736263736264,0.24568093816960013
PerturbNet,KRAS,split2,K147N,0.21978021978021978,0.06943870769528744
PerturbNet,KRAS,split2,K147T,0.19780219780219777,0.11696948097093984
PerturbNet,KRAS,split2,K169K,0.9230769230769231,0.22609242336837104
PerturbNet,KRAS,split2,K176Q,0.21978021978021978,0.056979330614510874
PerturbNet,KRAS,split2,K178K,0.4065934065934066,0.18368992678881527
PerturbNet,KRAS,split2,K88K,0.02197802197802201,-0.008442289037138118
PerturbNet,KRAS,split2,L159S,0.6923076923076923,0.14460178047896205
PerturbNet,KRAS,split2,L79I,0.3846153846153846,0.1442525717681313
PerturbNet,KRAS,split2,M111L,0.37362637362637363,0.14160476573158748
PerturbNet,KRAS,split2,P110S,0.6813186813186813,0.24447384168872474
PerturbNet,KRAS,split2,Q99E,0.5164835164835164,0.127110198962619
PerturbNet,KRAS,split2,R135T,0.9340659340659341,0.28964386157205785
PerturbNet,KRAS,split2,R149K,0.9120879120879121,0.2345457778666798
PerturbNet,KRAS,split2,R164Q,0.8571428571428572,0.11287764827268339
PerturbNet,KRAS,split2,R68S,0.6043956043956045,0.20954184638563556
PerturbNet,KRAS,split2,S136N,0.7142857142857143,0.25895668440236097
PerturbNet,KRAS,split2,T127T,0.3516483516483516,0.11463664219358509
PerturbNet,KRAS,split2,T144P,0.8901098901098901,0.25715320168118605
PerturbNet,KRAS,split2,T144T,0.5604395604395604,0.09205363135507481
PerturbNet,KRAS,split2,T158A,0.5054945054945055,0.029212526756006944
PerturbNet,KRAS,split2,T158T,0.5824175824175823,0.1324730245093827
PerturbNet,KRAS,split2,T74A,0.5714285714285714,0.14971492590832738
PerturbNet,KRAS,split2,T74T,0.1428571428571429,0.06556062742997364
PerturbNet,KRAS,split2,V112I,0.978021978021978,0.24804247276393598
PerturbNet,KRAS,split2,Y166H,0.5054945054945055,0.095482024948274
PerturbNet,KRAS,split3,A146P,0.17582417582417587,0.0724901605879538
PerturbNet,KRAS,split3,A146T,0.5934065934065934,0.09515385165172593
PerturbNet,KRAS,split3,A146V,0.6923076923076923,0.2410268332236644
PerturbNet,KRAS,split3,G12A,0.7692307692307692,0.22009578681602288
PerturbNet,KRAS,split3,G12C,0.7362637362637363,0.2226577588814814
PerturbNet,KRAS,split3,G12S,0.8461538461538461,0.19479869305547307
PerturbNet,KRAS,split3,G13C,0.18681318681318682,0.16888967944490108
PerturbNet,KRAS,split3,K117R,0.5604395604395604,0.18335782907053405
PerturbNet,KRAS,split3,Q61H,0.8241758241758241,0.19860163526961935
PerturbNet,KRAS,split3,Q61P,0.9560439560439561,0.30420990916512025
PerturbNet,KRAS,split6,A146T,0.7912087912087912,0.24125274341354547
PerturbNet,KRAS,split6,A146V,0.5604395604395604,0.16736231671867544
PerturbNet,KRAS,split6,G12C,0.8681318681318682,0.24688150651557622
PerturbNet,KRAS,split6,G12D,0.2417582417582418,0.14048103291755482
PerturbNet,KRAS,split6,G12R,0.25274725274725274,0.1633512877796915
PerturbNet,KRAS,split6,G12V,0.9010989010989011,0.2998384912303582
PerturbNet,KRAS,split6,Q61H,0.5604395604395604,0.2613328736057147
PerturbNet,KRAS,split6,Q61L,0.5824175824175823,0.21435868639959582
PerturbNet,GATA1,split1,C199R,0.6719367588932806,0.4306576419745742
PerturbNet,GATA1,split1,C207R,0.9723320158102767,0.24413866223751643
PerturbNet,GATA1,split1,C225R,0.3162055335968379,-0.1409604422085707
PerturbNet,GATA1,split1,E114G,0.47430830039525695,0.14843901863887762
PerturbNet,GATA1,split1,E200G,0.8656126482213439,0.3254431916503675
PerturbNet,GATA1,split1,E328G,0.12648221343873522,-0.24155353054557213
PerturbNet,GATA1,split1,E348G,0.8774703557312253,0.26698574884154824
PerturbNet,GATA1,split1,F172P,0.47430830039525695,0.23906885721299945
PerturbNet,GATA1,split1,H222R,0.7154150197628458,0.00028772314626280773
PerturbNet,GATA1,split1,"I249T,V250A",0.9486166007905138,0.1838542893174724
PerturbNet,GATA1,split1,I87T,0.9683794466403162,0.18111308812970148
PerturbNet,GATA1,split1,"K100G,T101A",0.13043478260869568,-0.17959796833150038
PerturbNet,GATA1,split1,K137E,0.6996047430830039,-0.1000716311071937
PerturbNet,GATA1,split1,K287G,0.09486166007905139,0.011073381216150903
PerturbNet,GATA1,split1,"K299R,D300G",0.8102766798418972,0.0637142607497523
PerturbNet,GATA1,split1,K312R,0.9920948616600791,0.2628627802849278
PerturbNet,GATA1,split1,L146P,0.2924901185770751,-0.09633651084463866
PerturbNet,GATA1,split1,L190P,0.5454545454545454,0.18598787151464316
PerturbNet,GATA1,split1,L224P,0.007905138339920903,-0.3174925237556675
PerturbNet,GATA1,split1,L355P,0.9802371541501976,0.32615892449781647
PerturbNet,GATA1,split1,L363P,0.3162055335968379,-0.3107931866322577
PerturbNet,GATA1,split1,L387P,0.9644268774703557,0.1723301545588087
PerturbNet,GATA1,split1,L6P,0.6877470355731226,0.28069130928214403
PerturbNet,GATA1,split1,M1V,0.4624505928853755,0.16785072089445202
PerturbNet,GATA1,split1,M335V,0.49011857707509876,0.013802009470465471
PerturbNet,GATA1,split1,"N238G,R239G",0.616600790513834,0.28654305604374275
PerturbNet,GATA1,split1,Q257R,0.3952569169960475,-0.010359792935972912
PerturbNet,GATA1,split1,R271G,0.8853754940711462,0.06908230308242941
PerturbNet,GATA1,split1,S155P,0.30434782608695654,-0.02850117927039941
PerturbNet,GATA1,split1,S161G,0.541501976284585,0.20542092282681723
PerturbNet,GATA1,split1,S174P,0.6403162055335969,0.13751589870403313
PerturbNet,GATA1,split1,S178G,0.7549407114624506,0.2603919550625021
PerturbNet,GATA1,split1,S310P,0.8300395256916996,0.3860971160032715
PerturbNet,GATA1,split1,S393P,0.37944664031620556,-0.13275795896092152
PerturbNet,GATA1,split1,S72P,0.4624505928853755,0.1623954274279103
PerturbNet,GATA1,split1,T256A,0.8695652173913043,0.26037036229423
PerturbNet,GATA1,split1,T264A,0.31225296442687744,-0.1423134833672515
PerturbNet,GATA1,split1,T324A,0.924901185770751,0.09114062039583279
PerturbNet,GATA1,split1,T391A,0.1620553359683794,-0.2386247416737738
PerturbNet,GATA1,split1,"V109A,C110R",0.8695652173913043,0.21935877646359553
PerturbNet,GATA1,split1,V158A,0.11462450592885376,-0.06646571607351488
PerturbNet,GATA1,split1,V291A,0.9683794466403162,0.3854830085521583
PerturbNet,GATA1,split1,V32A,0.2490118577075099,0.003293344257210597
PerturbNet,GATA1,split1,"V32A,F33P",0.2924901185770751,0.04143028387987776
PerturbNet,GATA1,split1,"V336A,V337A",0.7075098814229249,0.25259622536014514
PerturbNet,GATA1,split1,"V371A,L372P",0.6600790513833992,0.2684308154441588
PerturbNet,GATA1,split1,"Y185H,S186P",0.7114624505928854,0.17435280395563027
PerturbNet,GATA1,split1,Y285C,0.08695652173913049,-0.08974931384657117
PerturbNet,GATA1,split1,Y62C,0.43083003952569165,0.021162725607086565
PerturbNet,GATA1,split1,Y62H,0.16600790513833996,0.12465184709254898
PerturbNet,GATA1,split1,Y78H,0.4980237154150198,0.21383121089283758
PerturbNet,GATA1,split1,Y93H,0.1541501976284585,-0.4183824511584719
PerturbNet,GATA1,split2,C204R,0.011857707509881465,-0.3481186302713971
PerturbNet,GATA1,split2,"C204R,V205A",0.8300395256916996,0.17213030869589907
PerturbNet,GATA1,split2,C207R,0.0513833992094862,-0.09782469997474835
PerturbNet,GATA1,split2,C225R,0.9288537549407114,0.3211610375903633
PerturbNet,GATA1,split2,C228R,0.6719367588932806,0.2878899331438854
PerturbNet,GATA1,split2,C258R,0.6363636363636364,0.0786503125623298
PerturbNet,GATA1,split2,C261R,0.4347826086956522,0.04163418126648524
PerturbNet,GATA1,split2,C346R,0.6996047430830039,0.3414416325749619
PerturbNet,GATA1,split2,D276G,0.8458498023715415,0.1919700203753997
PerturbNet,GATA1,split2,E328G,0.3241106719367589,-0.2516823442676362
PerturbNet,GATA1,split2,E348G,0.37154150197628455,-0.06734878314236523
PerturbNet,GATA1,split2,F382S,0.8023715415019763,0.2720936893284309
PerturbNet,GATA1,split2,F394P,0.21739130434782605,-0.3624973817723593
PerturbNet,GATA1,split2,H222R,0.9169960474308301,0.2514100100896299
PerturbNet,GATA1,split2,"H222R,Y223C",0.3438735177865613,0.020285546031829037
PerturbNet,GATA1,split2,"H232R,K233E",0.3517786561264822,0.04164033743158247
PerturbNet,GATA1,split2,H289R,0.4940711462450593,-0.02318194506203021
PerturbNet,GATA1,split2,H362R,0.6798418972332017,-0.04567769087531148
PerturbNet,GATA1,split2,H378R,0.12648221343873522,0.06440467533291348
PerturbNet,GATA1,split2,I242T,0.1620553359683794,-0.03238498155300703
PerturbNet,GATA1,split2,I242V,0.8537549407114624,-0.03666977353897935
PerturbNet,GATA1,split2,I249T,0.6086956521739131,-0.18938898026351778
PerturbNet,GATA1,split2,"I249T,V250A",0.15810276679841895,0.0024375776574434784
PerturbNet,GATA1,split2,I249V,0.5533596837944664,0.18409534216466647
PerturbNet,GATA1,split2,I302T,0.2569169960474308,-0.02266012662672602
PerturbNet,GATA1,split2,I302V,0.5968379446640316,0.1501992445431372
PerturbNet,GATA1,split2,"K233R,M234V",0.46640316205533594,0.15627925429432452
PerturbNet,GATA1,split2,K245G,1.0,0.3472334497817461
PerturbNet,GATA1,split2,K252G,0.14229249011857703,-0.278673886738592
PerturbNet,GATA1,split2,K252R,0.21739130434782605,-0.13014261036660932
PerturbNet,GATA1,split2,K287G,0.17786561264822132,0.011757750190965843
PerturbNet,GATA1,split2,K299E,0.8023715415019763,0.08570930414236663
PerturbNet,GATA1,split2,"K299R,D300G",0.8695652173913043,0.3431330283057324
PerturbNet,GATA1,split2,K308G,0.6521739130434783,0.10470497956146121
PerturbNet,GATA1,split2,K312G,0.031620553359683834,-0.2672808925979552
PerturbNet,GATA1,split2,K312R,0.7272727272727273,0.18155685180709752
PerturbNet,GATA1,split2,"K314R,K315G",0.2569169960474308,-0.03614416803723966
PerturbNet,GATA1,split2,K316G,0.7588932806324111,-0.011584400743750294
PerturbNet,GATA1,split2,K316R,0.6086956521739131,-0.09294737081606627
PerturbNet,GATA1,split2,"L214P,W215R",0.13043478260869568,-0.19559558340626507
PerturbNet,GATA1,split2,L224P,0.015810276679841917,-0.13464994807022287
PerturbNet,GATA1,split2,"L230P,Y231H",0.8260869565217391,0.42925870472200456
PerturbNet,GATA1,split2,L248P,0.8221343873517787,0.27406980733640024
PerturbNet,GATA1,split2,"L268P,W269R",0.2845849802371542,0.042052079331600926
PerturbNet,GATA1,split2,"L284P,Y285H",0.059288537549407105,-0.18484229348974976
PerturbNet,GATA1,split2,L288P,0.9565217391304348,0.3993466284509097
PerturbNet,GATA1,split2,L295P,0.5098814229249011,0.20946830579642856
PerturbNet,GATA1,split2,L355P,0.9051383399209486,-0.05337680427132518
PerturbNet,GATA1,split2,L363P,0.01976284584980237,-0.2781105519593347
PerturbNet,GATA1,split2,"L363P,Y364H",0.5256916996047432,0.320958433063247
PerturbNet,GATA1,split2,L367P,1.0,0.4850199036902941
PerturbNet,GATA1,split2,"L372P,S373P",0.5612648221343873,-0.1403789832598955
PerturbNet,GATA1,split2,L379P,0.6126482213438735,0.08592719988296724
PerturbNet,GATA1,split2,L386P,0.13043478260869568,-0.2866802295341672
PerturbNet,GATA1,split2,"L386P,L387P",0.7272727272727273,0.24455768147482582
PerturbNet,GATA1,split2,L387P,0.9288537549407114,0.36584076577615837
PerturbNet,GATA1,split2,L411P,0.766798418972332,0.20934749323205562
PerturbNet,GATA1,split2,M234T,0.059288537549407105,-0.46739393485747033
PerturbNet,GATA1,split2,"M234V,N235D",0.2845849802371542,0.1354597109560422
PerturbNet,GATA1,split2,M297T,0.42292490118577075,0.14417680826500823
PerturbNet,GATA1,split2,M335T,0.4940711462450593,0.09470373313463089
PerturbNet,GATA1,split2,"M335T,V336A",0.5810276679841897,0.16442975832667903
PerturbNet,GATA1,split2,M335V,0.4545454545454546,0.17754419247011508
PerturbNet,GATA1,split2,M380T,0.2924901185770751,0.04820369875196674
PerturbNet,GATA1,split2,M399T,0.9328063241106719,0.3906021832187368
PerturbNet,GATA1,split2,M399V,0.8181818181818181,0.2556921253738513
PerturbNet,GATA1,split2,N206G,0.8260869565217391,0.16536901441746618
PerturbNet,GATA1,split2,"N238G,R239G",0.6007905138339921,0.05821618810679385
PerturbNet,GATA1,split2,N272G,0.22924901185770752,-0.06244003017039978
PerturbNet,GATA1,split2,N292G,0.4861660079051383,0.03516765533995312
PerturbNet,GATA1,split2,N292S,0.7312252964426877,0.3073591158568291
PerturbNet,GATA1,split2,N306G,0.3754940711462451,0.15474876239407967
PerturbNet,GATA1,split2,N345D,0.6363636363636364,0.25358349402555636
PerturbNet,GATA1,split2,N345G,0.45849802371541504,-0.13622015013664518
PerturbNet,GATA1,split2,"Q237R,N238G",0.35573122529644263,-0.2624384023555477
PerturbNet,GATA1,split2,Q257R,0.4703557312252964,0.1981087405421212
PerturbNet,GATA1,split2,"Q303R,T304A",0.7272727272727273,0.06934989871683415
PerturbNet,GATA1,split2,Q365R,0.3320158102766798,-0.21308389765380825
PerturbNet,GATA1,split2,R271G,0.23715415019762842,0.049514690400588805
PerturbNet,GATA1,split2,S274G,0.43873517786561267,-0.12836747690158826
PerturbNet,GATA1,split2,S310P,0.8023715415019763,0.2369144446718482
PerturbNet,GATA1,split2,S320G,0.8972332015810277,0.08413159114231315
PerturbNet,GATA1,split2,S341G,0.4426877470355731,-0.06913136179712101
PerturbNet,GATA1,split2,S343G,0.42292490118577075,0.09588018411828178
PerturbNet,GATA1,split2,S389P,0.6521739130434783,0.3750743086787755
PerturbNet,GATA1,split2,S393P,0.6047430830039526,0.14550828866275797
PerturbNet,GATA1,split2,S412G,0.19762845849802368,-0.028253779816577812
PerturbNet,GATA1,split2,T210A,0.6363636363636364,0.15115506176108373
PerturbNet,GATA1,split2,T212A,0.37944664031620556,0.030665908193484304
PerturbNet,GATA1,split2,T220A,0.7786561264822134,0.24071712484049138
PerturbNet,GATA1,split2,T256A,0.8893280632411067,0.15439407558666313
PerturbNet,GATA1,split2,T259A,0.5177865612648221,0.27847253020162976
PerturbNet,GATA1,split2,"T263A,T264A",0.01976284584980237,-0.30482842790132525
PerturbNet,GATA1,split2,T264A,0.8774703557312253,0.07933430149768023
PerturbNet,GATA1,split2,"T264A,T265A",0.8577075098814229,0.0839317401339418
PerturbNet,GATA1,split2,T265A,0.8932806324110671,0.11142834356156624
PerturbNet,GATA1,split2,"T265A,T266A",0.4980237154150198,0.11397216239198153
PerturbNet,GATA1,split2,T266A,0.11857707509881421,-0.14004341561740966
PerturbNet,GATA1,split2,T267A,0.9090909090909091,0.33798646038699076
PerturbNet,GATA1,split2,T296A,0.24505928853754944,0.0229578588174534
PerturbNet,GATA1,split2,T324A,0.766798418972332,0.34807513724549355
PerturbNet,GATA1,split2,T354A,0.47430830039525695,-0.058576450473641566
PerturbNet,GATA1,split2,T360A,0.6284584980237153,0.030856442025382548
PerturbNet,GATA1,split2,T391A,0.17786561264822132,-0.2637829304746491
PerturbNet,GATA1,split2,T402A,0.31225296442687744,0.0467560657474519
PerturbNet,GATA1,split2,"T402A,T403A",0.5296442687747036,0.11342953605905128
PerturbNet,GATA1,split2,"T403A,S404G",0.8142292490118577,0.20638573572892494
PerturbNet,GATA1,split2,"T405A,T406A",0.4980237154150198,0.09145070328783249
PerturbNet,GATA1,split2,V250A,0.9209486166007905,0.44441959832356065
PerturbNet,GATA1,split2,"V278A,C279R",0.841897233201581,0.03577871075388239
PerturbNet,GATA1,split2,V291A,0.6561264822134387,0.16678890836486798
PerturbNet,GATA1,split2,"V336A,V337A",0.9407114624505929,0.1459848249020128
PerturbNet,GATA1,split2,V349A,0.08300395256916993,-0.05474365934095166
PerturbNet,GATA1,split2,V370A,0.9802371541501976,0.22791599470207166
PerturbNet,GATA1,split2,"V371A,L372P",0.7509881422924901,0.10392718264418277
PerturbNet,GATA1,split2,V407A,0.7114624505928854,0.30583563763572424
PerturbNet,GATA1,split2,"V407A,V408A",0.3675889328063241,0.1665725912249789
PerturbNet,GATA1,split2,V408A,0.3162055335968379,-0.0280080201819703
PerturbNet,GATA1,split2,W215R,0.9407114624505929,0.1325790931471019
PerturbNet,GATA1,split2,W269R,0.3320158102766798,0.030157508348112597
PerturbNet,GATA1,split2,Y223C,0.16600790513833996,-0.32969753036861466
PerturbNet,GATA1,split2,Y231C,0.8616600790513834,0.23850933818678238
PerturbNet,GATA1,split2,Y285C,0.9011857707509882,0.00012515257082116647
PerturbNet,GATA1,split2,"Y285C,Y286C",0.9723320158102767,0.019253464427146077
PerturbNet,GATA1,split2,"Y286C,K287E",0.7075098814229249,-0.02852763898166484
PerturbNet,GATA1,split2,Y286H,0.24505928853754944,0.01935446232627041
PerturbNet,GATA1,split2,"Y364C,Q365R",0.06719367588932801,-0.2801331790327348
PerturbNet,GATA1,split3,C204R,0.007905138339920903,-0.4358178071239649
PerturbNet,GATA1,split3,"C204R,V205A",0.7549407114624506,-0.03713352796217227
PerturbNet,GATA1,split3,C207R,1.0,0.3012845719912197
PerturbNet,GATA1,split3,C225R,0.9525691699604744,0.5048089136356544
PerturbNet,GATA1,split3,C228R,0.6324110671936759,0.35019946882666086
PerturbNet,GATA1,split3,C258R,0.6363636363636364,0.05323030735022426
PerturbNet,GATA1,split3,C261R,0.32806324110671936,0.04427915486510844
PerturbNet,GATA1,split3,D276G,0.5573122529644269,0.16839745114733434
PerturbNet,GATA1,split3,H222R,0.5454545454545454,-0.09136573304001455
PerturbNet,GATA1,split3,"H222R,Y223C",0.4347826086956522,-0.22440189982814765
PerturbNet,GATA1,split3,"L214P,W215R",0.37154150197628455,-0.3047884731086328
PerturbNet,GATA1,split3,L224P,0.8695652173913043,0.1674568365844629
PerturbNet,GATA1,split3,"L268P,W269R",0.7509881422924901,0.10471670393405515
PerturbNet,GATA1,split3,N206G,0.2569169960474308,-0.07214053762424263
PerturbNet,GATA1,split3,N272G,0.6245059288537549,0.2149554453906363
PerturbNet,GATA1,split3,R271G,0.2134387351778656,0.04845144971259503
PerturbNet,GATA1,split3,S274G,0.9486166007905138,0.26816450259128793
PerturbNet,GATA1,split3,T210A,0.6442687747035574,0.19884234799923345
PerturbNet,GATA1,split3,T212A,0.32806324110671936,0.10452934143451012
PerturbNet,GATA1,split3,T220A,0.6403162055335969,0.26876836323781395
PerturbNet,GATA1,split3,T259A,0.37154150197628455,-0.31876133658912
PerturbNet,GATA1,split3,"T263A,T264A",0.055335968379446654,-0.13562110302823296
PerturbNet,GATA1,split3,T264A,0.25296442687747034,0.10308210864140813
PerturbNet,GATA1,split3,"T264A,T265A",0.9051383399209486,0.38881302858531724
PerturbNet,GATA1,split3,T265A,0.9328063241106719,0.4026302804292553
PerturbNet,GATA1,split3,"T265A,T266A",0.6126482213438735,0.34517644279121074
PerturbNet,GATA1,split3,T266A,0.4426877470355731,0.08434869118405705
PerturbNet,GATA1,split3,T267A,0.38735177865612647,-0.16041363335261996
PerturbNet,GATA1,split3,"V278A,C279R",0.41501976284584985,0.11502701718162452
PerturbNet,GATA1,split3,W215R,0.8972332015810277,0.42100785552868036
PerturbNet,GATA1,split3,W269R,0.46640316205533594,0.07086612585168504
PerturbNet,GATA1,split3,Y223C,0.8577075098814229,0.22383397939374086
PerturbNet,GATA1,split5,C346R,0.6877470355731226,0.3934731855943479
PerturbNet,GATA1,split5,E114G,0.5652173913043479,0.07023529203992496
PerturbNet,GATA1,split5,"E114G,D115G",0.04347826086956519,-0.4198940873091236
PerturbNet,GATA1,split5,E134G,0.5573122529644269,0.1332653691740598
PerturbNet,GATA1,split5,E13G,0.7312252964426877,0.1622825634570744
PerturbNet,GATA1,split5,F168P,0.39920948616600793,-0.1138354088200816
PerturbNet,GATA1,split5,F172L,0.07905138339920947,-0.10035689098575684
PerturbNet,GATA1,split5,"F172S,F173P",0.2885375494071146,-0.10182732055040564
PerturbNet,GATA1,split5,"F33P,F34P",0.3162055335968379,0.003049843921131398
PerturbNet,GATA1,split5,F3L,0.8814229249011858,-0.02920416851081727
PerturbNet,GATA1,split5,H222R,0.02766798418972327,-0.29914198845118867
PerturbNet,GATA1,split5,I249T,0.16600790513833996,-0.13956765788175007
PerturbNet,GATA1,split5,I302V,0.3913043478260869,-0.04216250991440805
PerturbNet,GATA1,split5,"K100G,T101A",0.02371541501976282,-0.12698882222154897
PerturbNet,GATA1,split5,K245G,0.7193675889328064,0.035415785880890914
PerturbNet,GATA1,split5,K252R,0.616600790513834,-0.04808623311862676
PerturbNet,GATA1,split5,K287G,0.8814229249011858,0.08709280597300081
PerturbNet,GATA1,split5,K312G,0.8181818181818181,-0.021443232542459254
PerturbNet,GATA1,split5,K312R,0.12648221343873522,-0.08921804215700815
PerturbNet,GATA1,split5,"K314R,K315G",0.2964426877470355,-0.05866273559281165
PerturbNet,GATA1,split5,L136S,0.9011857707509882,0.06899431602042838
PerturbNet,GATA1,split5,L141P,0.37944664031620556,-0.08300641170723191
PerturbNet,GATA1,split5,L196P,0.9051383399209486,0.4211603304022932
PerturbNet,GATA1,split5,"L284P,Y285H",0.11857707509881421,-0.004949152407108633
PerturbNet,GATA1,split5,"L386P,L387P",0.4347826086956522,0.02102837335457191
PerturbNet,GATA1,split5,L80P,0.6837944664031621,0.3151193361837095
PerturbNet,GATA1,split5,M335T,0.21739130434782605,-0.11177330412560726
PerturbNet,GATA1,split5,N160D,0.841897233201581,-0.020416312180332456
PerturbNet,GATA1,split5,"Q237R,N238G",0.2845849802371542,-0.2478677765548869
PerturbNet,GATA1,split5,S12P,0.1699604743083004,-0.00223477356462825
PerturbNet,GATA1,split5,S142G,0.6877470355731226,0.06021042011760747
PerturbNet,GATA1,split5,S174P,0.841897233201581,0.2826483354639748
PerturbNet,GATA1,split5,S186P,0.17786561264822132,0.09800480759486761
PerturbNet,GATA1,split5,S36P,0.6284584980237153,0.173760394531517
PerturbNet,GATA1,split5,S46P,0.2924901185770751,0.10346659787960572
PerturbNet,GATA1,split5,T171A,0.6403162055335969,0.275087960724584
PerturbNet,GATA1,split5,T220A,0.3913043478260869,-0.08327472872969566
PerturbNet,GATA1,split5,V250A,0.02371541501976282,-0.3406878392862593
PerturbNet,GATA1,split5,"V278A,C279R",0.7233201581027668,0.09602896228477892
PerturbNet,GATA1,split5,"V32A,F33P",0.4545454545454546,-0.125538064215459
PerturbNet,GATA1,split5,"V336A,V337A",0.5612648221343873,0.06540096734095675
PerturbNet,GATA1,split5,Y285C,0.10671936758893286,0.08126209786446531
PerturbNet,GATA1,split5,"Y285C,Y286C",0.007905138339920903,-0.23478932479298734
PerturbNet,GATA1,split5,Y286H,0.8063241106719368,-0.024225626692700706
PerturbNet,GATA1,split5,Y69H,0.3754940711462451,0.11524229875932701
PerturbNet,GATA1,split6,C199R,0.6719367588932806,0.4306576419745742
PerturbNet,GATA1,split6,C207R,0.9723320158102767,0.24413866223751643
PerturbNet,GATA1,split6,C225R,0.3162055335968379,-0.1409604422085707
PerturbNet,GATA1,split6,E114G,0.47430830039525695,0.14843901863887762
PerturbNet,GATA1,split6,E200G,0.8656126482213439,0.3254431916503675
PerturbNet,GATA1,split6,E328G,0.12648221343873522,-0.24155353054557213
PerturbNet,GATA1,split6,E348G,0.8774703557312253,0.26698574884154824
PerturbNet,GATA1,split6,F172P,0.47430830039525695,0.23906885721299945
PerturbNet,GATA1,split6,H222R,0.7154150197628458,0.00028772314626280773
PerturbNet,GATA1,split6,"I249T,V250A",0.9486166007905138,0.1838542893174724
PerturbNet,GATA1,split6,I87T,0.9683794466403162,0.18111308812970148
PerturbNet,GATA1,split6,"K100G,T101A",0.13043478260869568,-0.17959796833150038
PerturbNet,GATA1,split6,K137E,0.6996047430830039,-0.1000716311071937
PerturbNet,GATA1,split6,K287G,0.09486166007905139,0.011073381216150903
PerturbNet,GATA1,split6,"K299R,D300G",0.8102766798418972,0.0637142607497523
PerturbNet,GATA1,split6,K312R,0.9920948616600791,0.2628627802849278
PerturbNet,GATA1,split6,L146P,0.2924901185770751,-0.09633651084463866
PerturbNet,GATA1,split6,L190P,0.5454545454545454,0.18598787151464316
PerturbNet,GATA1,split6,L224P,0.007905138339920903,-0.3174925237556675
PerturbNet,GATA1,split6,L355P,0.9802371541501976,0.32615892449781647
PerturbNet,GATA1,split6,L363P,0.3162055335968379,-0.3107931866322577
PerturbNet,GATA1,split6,L387P,0.9644268774703557,0.1723301545588087
PerturbNet,GATA1,split6,L6P,0.6877470355731226,0.28069130928214403
PerturbNet,GATA1,split6,M1V,0.4624505928853755,0.16785072089445202
PerturbNet,GATA1,split6,M335V,0.49011857707509876,0.013802009470465471
PerturbNet,GATA1,split6,"N238G,R239G",0.616600790513834,0.28654305604374275
PerturbNet,GATA1,split6,Q257R,0.3952569169960475,-0.010359792935972912
PerturbNet,GATA1,split6,R271G,0.8853754940711462,0.06908230308242941
PerturbNet,GATA1,split6,S155P,0.30434782608695654,-0.02850117927039941
PerturbNet,GATA1,split6,S161G,0.541501976284585,0.20542092282681723
PerturbNet,GATA1,split6,S174P,0.6403162055335969,0.13751589870403313
PerturbNet,GATA1,split6,S178G,0.7549407114624506,0.2603919550625021
PerturbNet,GATA1,split6,S310P,0.8300395256916996,0.3860971160032715
PerturbNet,GATA1,split6,S393P,0.37944664031620556,-0.13275795896092152
PerturbNet,GATA1,split6,S72P,0.4624505928853755,0.1623954274279103
PerturbNet,GATA1,split6,T256A,0.8695652173913043,0.26037036229423
PerturbNet,GATA1,split6,T264A,0.31225296442687744,-0.1423134833672515
PerturbNet,GATA1,split6,T324A,0.924901185770751,0.09114062039583279
PerturbNet,GATA1,split6,T391A,0.1620553359683794,-0.2386247416737738
PerturbNet,GATA1,split6,"V109A,C110R",0.8695652173913043,0.21935877646359553
PerturbNet,GATA1,split6,V158A,0.11462450592885376,-0.06646571607351488
PerturbNet,GATA1,split6,V291A,0.9683794466403162,0.3854830085521583
PerturbNet,GATA1,split6,V32A,0.2490118577075099,0.003293344257210597
PerturbNet,GATA1,split6,"V32A,F33P",0.2924901185770751,0.04143028387987776
PerturbNet,GATA1,split6,"V336A,V337A",0.7075098814229249,0.25259622536014514
PerturbNet,GATA1,split6,"V371A,L372P",0.6600790513833992,0.2684308154441588
PerturbNet,GATA1,split6,"Y185H,S186P",0.7114624505928854,0.17435280395563027
PerturbNet,GATA1,split6,Y285C,0.08695652173913049,-0.08974931384657117
PerturbNet,GATA1,split6,Y62C,0.43083003952569165,0.021162725607086565
PerturbNet,GATA1,split6,Y62H,0.16600790513833996,0.12465184709254898
PerturbNet,GATA1,split6,Y78H,0.4980237154150198,0.21383121089283758
PerturbNet,GATA1,split6,Y93H,0.1541501976284585,-0.4183824511584719
PerturbNet,JAK1,split1,E762K,0.36,0.708642063395464
PerturbNet,JAK1,split1,"G1068E,G1068R",0.84,0.7176434267187999
PerturbNet,JAK1,split1,"G887R,G887E",0.6,0.7781620420856004
PerturbNet,JAK1,split1,"P1118L,P1118S,P1121S",0.84,0.03660941251079909
PerturbNet,JAK1,split1,Q387*,0.64,0.7771115434154077
PerturbNet,JAK1,split1,Q437*,0.36,0.7179166283809035
PerturbNet,JAK1,split1,Q572*,0.96,0.8277849643410238
PerturbNet,JAK1,split2,D775N,0.52,0.6192675332652242
PerturbNet,JAK1,split2,E1051K,1.0,0.7550190337918317
PerturbNet,JAK1,split2,"E706K,D707N",0.64,0.6313602610587693
PerturbNet,JAK1,split2,E762K,0.76,0.6207789253567421
PerturbNet,JAK1,split2,"G1068E,G1068R",0.92,0.6587440507962725
PerturbNet,JAK1,split2,"G590E,G590R",0.72,0.6414863416301817
PerturbNet,JAK1,split2,"G887R,G887E",0.88,0.6118828339068053
PerturbNet,JAK1,split2,"P1118L,P1118S,P1121S",0.12,0.02724183229121963
PerturbNet,JAK1,split2,"P1121L,P1121S",0.16000000000000003,0.04225941484217756
PerturbNet,JAK1,split2,P761S,0.6,0.6477691556666942
PerturbNet,JAK1,split2,S1062F,0.84,0.503729086878936
PerturbNet,JAK1,split2,T717I,0.0,-0.4021202363942162
PerturbNet,JAK1,split5,D775N,0.72,0.7793679554088283
PerturbNet,JAK1,split5,E486K,0.43999999999999995,0.7434533843351698
PerturbNet,JAK1,split5,E762K,0.48,0.7363984154613968
PerturbNet,JAK1,split5,"G590E,G590R",0.76,0.23948302422117174
PerturbNet,JAK1,split5,L321F,0.12,-0.05859543397658722
PerturbNet,JAK1,split5,"P1121L,P1121S",0.16000000000000003,0.06974415807059196
PerturbNet,JAK1,split5,P761S,0.6799999999999999,0.6727638546754311
PerturbNet,JAK1,split5,Q387*,0.64,0.7776379236100774
PerturbNet,JAK1,split5,Q437*,0.36,0.7235716672297593
PerturbNet,JAK1,split5,Q499*,0.4,0.7323847795111129
PerturbNet,JAK1,split5,Q545*,0.28,0.7033307311013967
PerturbNet,JAK1,split5,R108Q,0.31999999999999995,0.7068985391849885
PerturbNet,JAK1,split5,"R549Q,E550K",0.6,0.28469371677056426
PerturbNet,JAK1,split5,T717I,0.040000000000000036,-0.1539824866804881
RF-esm+theta,TP53,split1,A159P,0.711340206185567,0.8036605197152373
RF-esm+theta,TP53,split1,A159V,0.7216494845360825,0.8130894638778147
RF-esm+theta,TP53,split1,C141Y,0.28865979381443296,0.7815460231440811
RF-esm+theta,TP53,split1,C238Y,0.061855670103092786,0.7693698725500598
RF-esm+theta,TP53,split1,G245V,0.45360824742268047,0.7953930630043031
RF-esm+theta,TP53,split1,H179R,0.31958762886597936,0.7820435601910924
RF-esm+theta,TP53,split1,P47S,0.20618556701030932,0.7804516421866117
RF-esm+theta,TP53,split1,P58R,0.0,0.7382223428424401
RF-esm+theta,TP53,split1,Q5R,0.3298969072164949,0.787645681722213
RF-esm+theta,TP53,split1,R175H,0.6494845360824743,0.8026756889619957
RF-esm+theta,TP53,split1,R273H,1.0,0.8366493217805396
RF-esm+theta,TP53,split1,S241C,0.41237113402061853,0.7892500389703783
RF-esm+theta,TP53,split1,S366A,0.17525773195876293,0.7786558528284502
RF-esm+theta,TP53,split1,T312S,0.711340206185567,0.8059940087539611
RF-esm+theta,TP53,split1,V31I,0.1030927835051546,0.7767704272087735
RF-esm+theta,TP53,split1,Y220C,0.5876288659793815,0.7972442024995685
RF-esm+theta,TP53,split2,C238F,0.41237113402061853,0.7816988150928188
RF-esm+theta,TP53,split2,C238Y,0.04123711340206182,0.7608500223842668
RF-esm+theta,TP53,split2,C242F,0.4226804123711341,0.7989301567143337
RF-esm+theta,TP53,split2,C275F,0.010309278350515427,0.7505682236169452
RF-esm+theta,TP53,split2,C275Y,0.020618556701030966,0.7493432389009888
RF-esm+theta,TP53,split2,C277F,0.7216494845360825,0.8028237643971705
RF-esm+theta,TP53,split2,E271K,0.6494845360824743,0.7969004325839567
RF-esm+theta,TP53,split2,E285K,0.27835051546391754,0.781250929521443
RF-esm+theta,TP53,split2,E286K,0.2680412371134021,0.7678888180235265
RF-esm+theta,TP53,split2,E339K,0.05154639175257736,0.7532986868016734
RF-esm+theta,TP53,split2,G244C,0.2680412371134021,0.781497988724821
RF-esm+theta,TP53,split2,G245C,0.7422680412371134,0.7975667348242105
RF-esm+theta,TP53,split2,G245D,0.8969072164948454,0.8129976485129684
RF-esm+theta,TP53,split2,G245S,0.45360824742268047,0.7889935917123667
RF-esm+theta,TP53,split2,G245V,0.4329896907216495,0.7866388396373014
RF-esm+theta,TP53,split2,G266E,0.2680412371134021,0.7704784445561718
RF-esm+theta,TP53,split2,G266R,0.5463917525773196,0.789477854107479
RF-esm+theta,TP53,split2,G266V,0.3917525773195877,0.7976970230829374
RF-esm+theta,TP53,split2,G360V,0.6185567010309279,0.798321599182402
RF-esm+theta,TP53,split2,L344L,0.9072164948453608,0.8133262742618353
RF-esm+theta,TP53,split2,M237I,0.3402061855670103,0.7944534227840528
RF-esm+theta,TP53,split2,M246V,0.6494845360824743,0.7933496381027585
RF-esm+theta,TP53,split2,P222P,0.134020618556701,0.7665647108312444
RF-esm+theta,TP53,split2,P250L,0.865979381443299,0.808139409968816
RF-esm+theta,TP53,split2,P278L,0.24742268041237114,0.7725317999462484
RF-esm+theta,TP53,split2,P278S,0.3298969072164949,0.7893152135791519
RF-esm+theta,TP53,split2,P295P,0.7525773195876289,0.8048745920079977
RF-esm+theta,TP53,split2,P301P,0.1649484536082474,0.7751493876571618
RF-esm+theta,TP53,split2,P359P,0.5567010309278351,0.7973442251519436
RF-esm+theta,TP53,split2,R248L,0.05154639175257736,0.7553137615327348
RF-esm+theta,TP53,split2,R248W,0.6288659793814433,0.8033293406221026
RF-esm+theta,TP53,split2,R249M,0.2680412371134021,0.7737539452138718
RF-esm+theta,TP53,split2,R249S,0.22680412371134018,0.7720226257305588
RF-esm+theta,TP53,split2,R273C,0.14432989690721654,0.7713167098726708
RF-esm+theta,TP53,split2,R273H,0.9896907216494846,0.8351453262571013
RF-esm+theta,TP53,split2,R273L,0.19587628865979378,0.7873460148508061
RF-esm+theta,TP53,split2,R280K,0.5257731958762887,0.7910609232080105
RF-esm+theta,TP53,split2,R280T,0.27835051546391754,0.7799166282741331
RF-esm+theta,TP53,split2,R282W,0.2680412371134021,0.7764784858656459
RF-esm+theta,TP53,split2,R337C,0.030927835051546393,0.7648614821328958
RF-esm+theta,TP53,split2,R337L,0.11340206185567014,0.7817598527546702
RF-esm+theta,TP53,split2,S241C,0.44329896907216493,0.7873487525779029
RF-esm+theta,TP53,split2,S241F,0.7628865979381443,0.7999894424209584
RF-esm+theta,TP53,split2,S366A,0.15463917525773196,0.7767274248615248
RF-esm+theta,TP53,split2,T312S,0.731958762886598,0.8052645118392331
RF-esm+theta,TP53,split2,V272L,0.5463917525773196,0.8036959120417809
RF-esm+theta,TP53,split2,V272M,0.4742268041237113,0.7878065740561105
RF-esm+theta,TP53,split2,Y234C,0.711340206185567,0.7973476032634041
RF-esm+theta,TP53,split2,Y236C,0.8144329896907216,0.803219092059714
RF-esm+theta,TP53,split3,G245C,0.6288659793814433,0.8000205691398489
RF-esm+theta,TP53,split3,G245D,0.9587628865979382,0.8218245853425278
RF-esm+theta,TP53,split3,G245S,0.3711340206185567,0.7908953603505369
RF-esm+theta,TP53,split3,G245V,0.4742268041237113,0.7963190702109202
RF-esm+theta,TP53,split3,R175H,0.6494845360824743,0.8019676188257029
RF-esm+theta,TP53,split3,R249M,0.27835051546391754,0.78023256769314
RF-esm+theta,TP53,split3,R249S,0.15463917525773196,0.775129292727372
RF-esm+theta,TP53,split3,R282W,0.15463917525773196,0.7757516265232478
RF-esm+theta,TP53,split3,Y220C,0.5360824742268041,0.7952031732712536
RF-esm+theta,TP53,split6,A159P,0.731958762886598,0.8048475472524984
RF-esm+theta,TP53,split6,A159V,0.7216494845360825,0.8138567030729751
RF-esm+theta,TP53,split6,C141Y,0.28865979381443296,0.7824658583014877
RF-esm+theta,TP53,split6,C238Y,0.061855670103092786,0.7653040341456983
RF-esm+theta,TP53,split6,G245V,0.4639175257731959,0.7961370030871566
RF-esm+theta,TP53,split6,H179R,0.3711340206185567,0.784373924058894
RF-esm+theta,TP53,split6,R175H,0.6494845360824743,0.8034889221019176
RF-esm+theta,TP53,split6,R273H,1.0,0.8408510990632859
RF-esm+theta,TP53,split6,S241C,0.5154639175257731,0.7956331312231656
RF-esm+theta,TP53,split6,Y220C,0.5154639175257731,0.7936796232325557
RF-esm+theta,KRAS,split1,A146T,0.8461538461538461,0.7444609071409679
RF-esm+theta,KRAS,split1,A146V,0.8791208791208791,0.7497965175583986
RF-esm+theta,KRAS,split1,G12C,0.1648351648351648,0.6950589273156674
RF-esm+theta,KRAS,split1,G12D,0.48351648351648346,0.7237756101274639
RF-esm+theta,KRAS,split1,G12R,0.20879120879120883,0.708256465223335
RF-esm+theta,KRAS,split1,G12V,0.20879120879120883,0.6967890917247085
RF-esm+theta,KRAS,split1,Q61H,0.9340659340659341,0.7567253887310379
RF-esm+theta,KRAS,split1,Q61L,0.6263736263736264,0.7200938494000301
RF-esm+theta,KRAS,split2,A130V,0.7472527472527473,0.7338340656841728
RF-esm+theta,KRAS,split2,A146P,0.5274725274725275,0.7201064562293117
RF-esm+theta,KRAS,split2,A146T,0.7582417582417582,0.7344551669727805
RF-esm+theta,KRAS,split2,A146V,0.8571428571428572,0.7463674953307685
RF-esm+theta,KRAS,split2,A155G,0.39560439560439564,0.7072979531284667
RF-esm+theta,KRAS,split2,A66A,0.31868131868131866,0.7115970530020415
RF-esm+theta,KRAS,split2,C118S,0.5714285714285714,0.7188033422194295
RF-esm+theta,KRAS,split2,D119G,0.07692307692307687,0.6944016226272741
RF-esm+theta,KRAS,split2,D173D,0.07692307692307687,0.7049542898235494
RF-esm+theta,KRAS,split2,E63K,0.6923076923076923,0.7207277140596668
RF-esm+theta,KRAS,split2,F141L,0.19780219780219777,0.7069362106615239
RF-esm+theta,KRAS,split2,G75A,0.08791208791208793,0.6819486969262354
RF-esm+theta,KRAS,split2,G77A,0.39560439560439564,0.7078575063526538
RF-esm+theta,KRAS,split2,I163S,0.3846153846153846,0.7103962889294511
RF-esm+theta,KRAS,split2,K117N,0.1208791208791209,0.6865587484510745
RF-esm+theta,KRAS,split2,K117R,0.6923076923076923,0.7279864485671652
RF-esm+theta,KRAS,split2,K147N,0.19780219780219777,0.699044530294144
RF-esm+theta,KRAS,split2,K147T,0.07692307692307687,0.6986570688702575
RF-esm+theta,KRAS,split2,K169K,0.8351648351648352,0.7352390794860663
RF-esm+theta,KRAS,split2,K176Q,0.6813186813186813,0.7220619741199735
RF-esm+theta,KRAS,split2,K178K,0.6043956043956045,0.7247422494302738
RF-esm+theta,KRAS,split2,K88K,0.13186813186813184,0.6892891857882354
RF-esm+theta,KRAS,split2,L159S,0.8901098901098901,0.7423622355078453
RF-esm+theta,KRAS,split2,L79I,0.4065934065934066,0.7154690209101345
RF-esm+theta,KRAS,split2,M111L,0.04395604395604391,0.6839842179396267
RF-esm+theta,KRAS,split2,P110S,0.4065934065934066,0.7187554980029531
RF-esm+theta,KRAS,split2,Q99E,0.37362637362637363,0.7109349319560155
RF-esm+theta,KRAS,split2,R135T,0.6373626373626373,0.7247688856495136
RF-esm+theta,KRAS,split2,R149K,0.48351648351648346,0.7138499388024192
RF-esm+theta,KRAS,split2,R164Q,0.6373626373626373,0.7312311468022252
RF-esm+theta,KRAS,split2,R68S,0.2637362637362637,0.6982786304977059
RF-esm+theta,KRAS,split2,S136N,0.7802197802197802,0.73933573782233
RF-esm+theta,KRAS,split2,T127T,0.18681318681318682,0.6883258113860138
RF-esm+theta,KRAS,split2,T144P,0.10989010989010994,0.685742094698629
RF-esm+theta,KRAS,split2,T144T,0.2637362637362637,0.7110815104275096
RF-esm+theta,KRAS,split2,T158A,0.17582417582417587,0.705384948328599
RF-esm+theta,KRAS,split2,T158T,0.20879120879120883,0.7033447254227949
RF-esm+theta,KRAS,split2,T74A,0.8461538461538461,0.743443944969728
RF-esm+theta,KRAS,split2,T74T,0.29670329670329665,0.7009497348262829
RF-esm+theta,KRAS,split2,V112I,0.6043956043956045,0.7182742380027728
RF-esm+theta,KRAS,split2,Y166H,0.9230769230769231,0.7497792638123995
RF-esm+theta,KRAS,split3,A146P,0.5604395604395604,0.7245260719360921
RF-esm+theta,KRAS,split3,A146T,0.8021978021978022,0.7385374500213341
RF-esm+theta,KRAS,split3,A146V,0.8131868131868132,0.7476672203261274
RF-esm+theta,KRAS,split3,G12A,0.2637362637362637,0.7070125984518844
RF-esm+theta,KRAS,split3,G12C,0.15384615384615385,0.6891115527541506
RF-esm+theta,KRAS,split3,G12S,0.9120879120879121,0.7445416611269149
RF-esm+theta,KRAS,split3,G13C,0.6593406593406593,0.7444862684514075
RF-esm+theta,KRAS,split3,K117R,0.7142857142857143,0.7369094683047251
RF-esm+theta,KRAS,split3,Q61H,0.8901098901098901,0.7527312709044696
RF-esm+theta,KRAS,split3,Q61P,0.19780219780219777,0.6964515013354214
RF-esm+theta,KRAS,split6,A146T,0.8461538461538461,0.7444609071409679
RF-esm+theta,KRAS,split6,A146V,0.8791208791208791,0.7497965175583986
RF-esm+theta,KRAS,split6,G12C,0.1648351648351648,0.6950589273156674
RF-esm+theta,KRAS,split6,G12D,0.48351648351648346,0.7237756101274639
RF-esm+theta,KRAS,split6,G12R,0.20879120879120883,0.708256465223335
RF-esm+theta,KRAS,split6,G12V,0.20879120879120883,0.6967890917247085
RF-esm+theta,KRAS,split6,Q61H,0.9340659340659341,0.7567253887310379
RF-esm+theta,KRAS,split6,Q61L,0.6263736263736264,0.7200938494000301
RF-esm+theta,GATA1,split1,C199R,0.6205533596837944,0.7491836287591895
RF-esm+theta,GATA1,split1,C207R,0.0039525691699604515,0.4128320366446377
RF-esm+theta,GATA1,split1,C225R,0.924901185770751,0.7525235121491469
RF-esm+theta,GATA1,split1,E114G,0.23715415019762842,0.5995721172054707
RF-esm+theta,GATA1,split1,E200G,0.4624505928853755,0.6888557049210684
RF-esm+theta,GATA1,split1,E328G,0.43083003952569165,0.7143692079101678
RF-esm+theta,GATA1,split1,E348G,0.8972332015810277,0.7761417389257272
RF-esm+theta,GATA1,split1,F172P,0.3596837944664032,0.6549049292649123
RF-esm+theta,GATA1,split1,H222R,0.22529644268774707,0.5929409794645191
RF-esm+theta,GATA1,split1,"I249T,V250A",0.22134387351778662,0.6266746341073789
RF-esm+theta,GATA1,split1,I87T,0.09090909090909094,0.5239244558849475
RF-esm+theta,GATA1,split1,"K100G,T101A",0.09090909090909094,0.548936404985438
RF-esm+theta,GATA1,split1,K137E,0.8735177865612649,0.7165153368432047
RF-esm+theta,GATA1,split1,K287G,0.10671936758893286,0.6113056009546871
RF-esm+theta,GATA1,split1,"K299R,D300G",0.616600790513834,0.6748687126083226
RF-esm+theta,GATA1,split1,K312R,0.18577075098814233,0.5505909367974334
RF-esm+theta,GATA1,split1,L146P,0.7351778656126482,0.7464878023041215
RF-esm+theta,GATA1,split1,L190P,0.4782608695652174,0.7516107409147358
RF-esm+theta,GATA1,split1,L224P,0.059288537549407105,0.5433104482112636
RF-esm+theta,GATA1,split1,L355P,0.8932806324110671,0.7745184190405313
RF-esm+theta,GATA1,split1,L363P,0.2055335968379447,0.6569162935091176
RF-esm+theta,GATA1,split1,L387P,0.8023715415019763,0.7599449819047106
RF-esm+theta,GATA1,split1,L6P,0.924901185770751,0.7860761809982871
RF-esm+theta,GATA1,split1,M1V,0.8458498023715415,0.7502398762556163
RF-esm+theta,GATA1,split1,M335V,0.7391304347826086,0.7511974636804472
RF-esm+theta,GATA1,split1,"N238G,R239G",0.8063241106719368,0.7513256084903748
RF-esm+theta,GATA1,split1,Q257R,0.5889328063241106,0.7252216409920332
RF-esm+theta,GATA1,split1,R271G,0.2648221343873518,0.6541858807078961
RF-esm+theta,GATA1,split1,S155P,0.5177865612648221,0.7275252246208933
RF-esm+theta,GATA1,split1,S161G,0.5217391304347826,0.7154180138575487
RF-esm+theta,GATA1,split1,S174P,0.06719367588932801,0.5020769913743928
RF-esm+theta,GATA1,split1,S178G,0.9841897233201581,0.7584007294384639
RF-esm+theta,GATA1,split1,S310P,0.7786561264822134,0.7508181868474048
RF-esm+theta,GATA1,split1,S393P,0.8379446640316206,0.7616283888900661
RF-esm+theta,GATA1,split1,S72P,0.5335968379446641,0.7056758054686414
RF-esm+theta,GATA1,split1,T256A,0.9169960474308301,0.7733950957827248
RF-esm+theta,GATA1,split1,T264A,0.26086956521739135,0.6388144376906982
RF-esm+theta,GATA1,split1,T324A,0.35573122529644263,0.6600386012905489
RF-esm+theta,GATA1,split1,T391A,0.18577075098814233,0.6194616768668967
RF-esm+theta,GATA1,split1,"V109A,C110R",0.2569169960474308,0.6302352339165512
RF-esm+theta,GATA1,split1,V158A,0.2964426877470355,0.6876861991695428
RF-esm+theta,GATA1,split1,V291A,0.691699604743083,0.7623200346886254
RF-esm+theta,GATA1,split1,V32A,0.43083003952569165,0.7274627858423759
RF-esm+theta,GATA1,split1,"V32A,F33P",0.07509881422924902,0.47950087164863026
RF-esm+theta,GATA1,split1,"V336A,V337A",0.3675889328063241,0.6426700148588349
RF-esm+theta,GATA1,split1,"V371A,L372P",0.6956521739130435,0.7465630106242537
RF-esm+theta,GATA1,split1,"Y185H,S186P",0.9604743083003953,0.782428320662333
RF-esm+theta,GATA1,split1,Y285C,0.06719367588932801,0.5238157585247614
RF-esm+theta,GATA1,split1,Y62C,0.766798418972332,0.7571178584314436
RF-esm+theta,GATA1,split1,Y62H,0.09090909090909094,0.5288902712087191
RF-esm+theta,GATA1,split1,Y78H,0.3438735177865613,0.6569475024664095
RF-esm+theta,GATA1,split1,Y93H,0.44664031620553357,0.6977891890205458
RF-esm+theta,GATA1,split2,C204R,0.02371541501976282,0.4064110071372875
RF-esm+theta,GATA1,split2,"C204R,V205A",0.4624505928853755,0.6612000707601166
RF-esm+theta,GATA1,split2,C207R,0.0039525691699604515,0.33293456312845143
RF-esm+theta,GATA1,split2,C225R,0.8142292490118577,0.7479437950300235
RF-esm+theta,GATA1,split2,C228R,0.7391304347826086,0.6927188111481709
RF-esm+theta,GATA1,split2,C258R,0.308300395256917,0.6467470678418122
RF-esm+theta,GATA1,split2,C261R,0.22924901185770752,0.6030045749479161
RF-esm+theta,GATA1,split2,C346R,0.3952569169960475,0.6844385176584414
RF-esm+theta,GATA1,split2,D276G,0.2727272727272727,0.5936910554300766
RF-esm+theta,GATA1,split2,E328G,0.45849802371541504,0.7122445009831481
RF-esm+theta,GATA1,split2,E348G,0.8181818181818181,0.7661530911699179
RF-esm+theta,GATA1,split2,F382S,0.7154150197628458,0.7610529032157988
RF-esm+theta,GATA1,split2,F394P,0.8102766798418972,0.7513690092349998
RF-esm+theta,GATA1,split2,H222R,0.2964426877470355,0.6423474642826105
RF-esm+theta,GATA1,split2,"H222R,Y223C",0.7786561264822134,0.7082459991322186
RF-esm+theta,GATA1,split2,"H232R,K233E",0.1027667984189723,0.5465866268045717
RF-esm+theta,GATA1,split2,H289R,0.616600790513834,0.7222797105091433
RF-esm+theta,GATA1,split2,H362R,0.4110671936758893,0.7104554640747276
RF-esm+theta,GATA1,split2,H378R,0.13833992094861658,0.6093599537739465
RF-esm+theta,GATA1,split2,I242T,0.01976284584980237,0.29329648366752453
RF-esm+theta,GATA1,split2,I242V,0.3320158102766798,0.6905889844090184
RF-esm+theta,GATA1,split2,I249T,0.83399209486166,0.7593455532390886
RF-esm+theta,GATA1,split2,"I249T,V250A",0.22924901185770752,0.6238981327531925
RF-esm+theta,GATA1,split2,I249V,0.5138339920948616,0.7269626865191635
RF-esm+theta,GATA1,split2,I302T,0.07905138339920947,0.4898084819671148
RF-esm+theta,GATA1,split2,I302V,0.18577075098814233,0.5466074621794186
RF-esm+theta,GATA1,split2,"K233R,M234V",0.5691699604743083,0.7075036280974639
RF-esm+theta,GATA1,split2,K245G,0.031620553359683834,0.3133181736498877
RF-esm+theta,GATA1,split2,K252G,0.25296442687747034,0.624127257655134
RF-esm+theta,GATA1,split2,K252R,0.15019762845849804,0.5036477714024438
RF-esm+theta,GATA1,split2,K287G,0.11067193675889331,0.5867713747140243
RF-esm+theta,GATA1,split2,K299E,0.8221343873517787,0.7546537511965926
RF-esm+theta,GATA1,split2,"K299R,D300G",0.8537549407114624,0.7444419785348759
RF-esm+theta,GATA1,split2,K308G,0.6324110671936759,0.6184656522437111
RF-esm+theta,GATA1,split2,K312G,0.08300395256916993,0.5161022722340727
RF-esm+theta,GATA1,split2,K312R,0.1699604743083004,0.540095987011316
RF-esm+theta,GATA1,split2,"K314R,K315G",0.1699604743083004,0.5119113996875789
RF-esm+theta,GATA1,split2,K316G,0.18972332015810278,0.5269485915534418
RF-esm+theta,GATA1,split2,K316R,0.39920948616600793,0.6785824524455796
RF-esm+theta,GATA1,split2,"L214P,W215R",0.849802371541502,0.5652638758475149
RF-esm+theta,GATA1,split2,L224P,0.06719367588932801,0.5268705018351355
RF-esm+theta,GATA1,split2,"L230P,Y231H",0.48221343873517786,0.6900014248053156
RF-esm+theta,GATA1,split2,L248P,0.7430830039525691,0.735971106162787
RF-esm+theta,GATA1,split2,"L268P,W269R",0.9011857707509882,0.6113958798350377
RF-esm+theta,GATA1,split2,"L284P,Y285H",0.015810276679841917,0.21339450609967434
RF-esm+theta,GATA1,split2,L288P,0.7312252964426877,0.7546414200800622
RF-esm+theta,GATA1,split2,L295P,0.8379446640316206,0.6658286598417231
RF-esm+theta,GATA1,split2,L355P,0.4031620553359684,0.689121546679586
RF-esm+theta,GATA1,split2,L363P,0.2727272727272727,0.6898831650609221
RF-esm+theta,GATA1,split2,"L363P,Y364H",0.383399209486166,0.6781404849053314
RF-esm+theta,GATA1,split2,L367P,0.7549407114624506,0.7679799509073958
RF-esm+theta,GATA1,split2,"L372P,S373P",0.40711462450592883,0.7138405880668417
RF-esm+theta,GATA1,split2,L379P,0.46640316205533594,0.7001783263492326
RF-esm+theta,GATA1,split2,L386P,0.8379446640316206,0.763583208301745
RF-esm+theta,GATA1,split2,"L386P,L387P",0.49011857707509876,0.6973197554126468
RF-esm+theta,GATA1,split2,L387P,0.46640316205533594,0.7025949976335786
RF-esm+theta,GATA1,split2,L411P,0.9367588932806324,0.7635839242513116
RF-esm+theta,GATA1,split2,M234T,0.6640316205533596,0.7324213714269724
RF-esm+theta,GATA1,split2,"M234V,N235D",0.47430830039525695,0.6795249936514843
RF-esm+theta,GATA1,split2,M297T,0.31225296442687744,0.6490592492750221
RF-esm+theta,GATA1,split2,M335T,0.20158102766798414,0.5991279333288712
RF-esm+theta,GATA1,split2,"M335T,V336A",0.39920948616600793,0.6632005628260983
RF-esm+theta,GATA1,split2,M335V,0.7193675889328064,0.7434220381098768
RF-esm+theta,GATA1,split2,M380T,0.7075098814229249,0.7431821539407569
RF-esm+theta,GATA1,split2,M399T,0.7035573122529644,0.7388886083671499
RF-esm+theta,GATA1,split2,M399V,0.8972332015810277,0.7526374083758983
RF-esm+theta,GATA1,split2,N206G,0.7628458498023716,0.7173825083291039
RF-esm+theta,GATA1,split2,"N238G,R239G",0.5889328063241106,0.7113227849084102
RF-esm+theta,GATA1,split2,N272G,0.9525691699604744,0.6749552597034132
RF-esm+theta,GATA1,split2,N292G,0.13043478260869568,0.5274207925709665
RF-esm+theta,GATA1,split2,N292S,0.9802371541501976,0.7943256342075264
RF-esm+theta,GATA1,split2,N306G,0.7075098814229249,0.7637757149041119
RF-esm+theta,GATA1,split2,N345D,0.7154150197628458,0.6068334672815664
RF-esm+theta,GATA1,split2,N345G,0.5335968379446641,0.7148246026405544
RF-esm+theta,GATA1,split2,"Q237R,N238G",0.4110671936758893,0.6464350972882668
RF-esm+theta,GATA1,split2,Q257R,0.5652173913043479,0.7296372223192983
RF-esm+theta,GATA1,split2,"Q303R,T304A",0.5217391304347826,0.7047007991560429
RF-esm+theta,GATA1,split2,Q365R,0.9525691699604744,0.7644572830929823
RF-esm+theta,GATA1,split2,R271G,0.2134387351778656,0.6237039338296834
RF-esm+theta,GATA1,split2,S274G,0.43083003952569165,0.5426331592469434
RF-esm+theta,GATA1,split2,S310P,0.6640316205533596,0.7335219234017853
RF-esm+theta,GATA1,split2,S320G,0.3438735177865613,0.6828009180396268
RF-esm+theta,GATA1,split2,S341G,0.7391304347826086,0.750426091916766
RF-esm+theta,GATA1,split2,S343G,0.5217391304347826,0.71490570292989
RF-esm+theta,GATA1,split2,S389P,0.7865612648221344,0.7535866829472566
RF-esm+theta,GATA1,split2,S393P,0.8537549407114624,0.7667243527951317
RF-esm+theta,GATA1,split2,S412G,0.14229249011857703,0.5808417069468843
RF-esm+theta,GATA1,split2,T210A,0.6442687747035574,0.7275305995994675
RF-esm+theta,GATA1,split2,T212A,0.7470355731225297,0.7646927894268953
RF-esm+theta,GATA1,split2,T220A,0.2648221343873518,0.6260903621104403
RF-esm+theta,GATA1,split2,T256A,0.9644268774703557,0.7911965003774425
RF-esm+theta,GATA1,split2,T259A,0.6284584980237153,0.7431384145980777
RF-esm+theta,GATA1,split2,"T263A,T264A",0.04743083003952564,0.42800250232689635
RF-esm+theta,GATA1,split2,T264A,0.32806324110671936,0.6664281656115328
RF-esm+theta,GATA1,split2,"T264A,T265A",0.7193675889328064,0.73774893641693
RF-esm+theta,GATA1,split2,T265A,0.9683794466403162,0.7994740897397102
RF-esm+theta,GATA1,split2,"T265A,T266A",0.8102766798418972,0.7628269333655384
RF-esm+theta,GATA1,split2,T266A,0.5731225296442688,0.7214757993731555
RF-esm+theta,GATA1,split2,T267A,0.83399209486166,0.7617621384789184
RF-esm+theta,GATA1,split2,T296A,0.19367588932806323,0.6574128096779088
RF-esm+theta,GATA1,split2,T324A,0.308300395256917,0.6459608525335925
RF-esm+theta,GATA1,split2,T354A,0.849802371541502,0.7551804434277145
RF-esm+theta,GATA1,split2,T360A,0.3320158102766798,0.6524794019687322
RF-esm+theta,GATA1,split2,T391A,0.18181818181818177,0.6160791786646588
RF-esm+theta,GATA1,split2,T402A,0.5177865612648221,0.7037361954478616
RF-esm+theta,GATA1,split2,"T402A,T403A",0.8458498023715415,0.7818606593108596
RF-esm+theta,GATA1,split2,"T403A,S404G",0.9130434782608696,0.7859223970108656
RF-esm+theta,GATA1,split2,"T405A,T406A",0.4624505928853755,0.7145696850608393
RF-esm+theta,GATA1,split2,V250A,0.43083003952569165,0.6928226402546114
RF-esm+theta,GATA1,split2,"V278A,C279R",0.21739130434782605,0.5662367307286671
RF-esm+theta,GATA1,split2,V291A,0.6284584980237153,0.7428439072934796
RF-esm+theta,GATA1,split2,"V336A,V337A",0.2727272727272727,0.620774654937807
RF-esm+theta,GATA1,split2,V349A,0.1027667984189723,0.5479886862651613
RF-esm+theta,GATA1,split2,V370A,0.7075098814229249,0.7451771189632217
RF-esm+theta,GATA1,split2,"V371A,L372P",0.7549407114624506,0.7395203281346169
RF-esm+theta,GATA1,split2,V407A,0.8221343873517787,0.7789905803772051
RF-esm+theta,GATA1,split2,"V407A,V408A",0.4940711462450593,0.688594371085971
RF-esm+theta,GATA1,split2,V408A,0.2134387351778656,0.607376009590004
RF-esm+theta,GATA1,split2,W215R,0.7786561264822134,0.7150306734771331
RF-esm+theta,GATA1,split2,W269R,0.8102766798418972,0.6987814278526072
RF-esm+theta,GATA1,split2,Y223C,0.9762845849802372,0.7588525935575254
RF-esm+theta,GATA1,split2,Y231C,0.35573122529644263,0.6590267680545698
RF-esm+theta,GATA1,split2,Y285C,0.06324110671936756,0.4759257298198276
RF-esm+theta,GATA1,split2,"Y285C,Y286C",0.015810276679841917,0.2847883721424294
RF-esm+theta,GATA1,split2,"Y286C,K287E",0.3399209486166008,0.5569310948128512
RF-esm+theta,GATA1,split2,Y286H,0.13833992094861658,0.5373817646644354
RF-esm+theta,GATA1,split2,"Y364C,Q365R",0.36363636363636365,0.6974288886776087
RF-esm+theta,GATA1,split3,C204R,0.01976284584980237,0.3733509574435994
RF-esm+theta,GATA1,split3,"C204R,V205A",0.8616600790513834,0.741157148884388
RF-esm+theta,GATA1,split3,C207R,0.035573122529644285,0.507539004796603
RF-esm+theta,GATA1,split3,C225R,0.8221343873517787,0.7431786403760805
RF-esm+theta,GATA1,split3,C228R,0.8932806324110671,0.7303550986690274
RF-esm+theta,GATA1,split3,C258R,0.3952569169960475,0.6473260616047914
RF-esm+theta,GATA1,split3,C261R,0.7193675889328064,0.6360566102103319
RF-esm+theta,GATA1,split3,D276G,0.34782608695652173,0.6564189483923181
RF-esm+theta,GATA1,split3,H222R,0.38735177865612647,0.652874606574206
RF-esm+theta,GATA1,split3,"H222R,Y223C",0.7391304347826086,0.7340707439346581
RF-esm+theta,GATA1,split3,"L214P,W215R",0.9486166007905138,0.6868245213911786
RF-esm+theta,GATA1,split3,L224P,0.04743083003952564,0.5069772865622312
RF-esm+theta,GATA1,split3,"L268P,W269R",1.0,0.7491881622760063
RF-esm+theta,GATA1,split3,N206G,0.6284584980237153,0.6658286682513725
RF-esm+theta,GATA1,split3,N272G,0.6996047430830039,0.7399313502467858
RF-esm+theta,GATA1,split3,R271G,0.2924901185770751,0.6590070505604121
RF-esm+theta,GATA1,split3,S274G,0.5335968379446641,0.6843455591602849
RF-esm+theta,GATA1,split3,T210A,0.6403162055335969,0.7305076293375367
RF-esm+theta,GATA1,split3,T212A,0.7351778656126482,0.7593811814505211
RF-esm+theta,GATA1,split3,T220A,0.24110671936758898,0.6159936958955833
RF-esm+theta,GATA1,split3,T259A,0.6403162055335969,0.7516365090100079
RF-esm+theta,GATA1,split3,"T263A,T264A",0.08300395256916993,0.5560143157119981
RF-esm+theta,GATA1,split3,T264A,0.26086956521739135,0.6370640714117273
RF-esm+theta,GATA1,split3,"T264A,T265A",0.19762845849802368,0.52834305805934
RF-esm+theta,GATA1,split3,T265A,0.8379446640316206,0.7591322338484487
RF-esm+theta,GATA1,split3,"T265A,T266A",0.7312252964426877,0.6545592602284411
RF-esm+theta,GATA1,split3,T266A,0.6482213438735178,0.7112222892013551
RF-esm+theta,GATA1,split3,T267A,0.83399209486166,0.7703540610704601
RF-esm+theta,GATA1,split3,"V278A,C279R",0.30434782608695654,0.6267938001638581
RF-esm+theta,GATA1,split3,W215R,0.3320158102766798,0.6228407126114481
RF-esm+theta,GATA1,split3,W269R,0.9525691699604744,0.7457052671593992
RF-esm+theta,GATA1,split3,Y223C,0.9960474308300395,0.7888285871877001
RF-esm+theta,GATA1,split5,C346R,0.39920948616600793,0.6878206625507002
RF-esm+theta,GATA1,split5,E114G,0.2569169960474308,0.59057979392466
RF-esm+theta,GATA1,split5,"E114G,D115G",0.15810276679841895,0.5416645476054779
RF-esm+theta,GATA1,split5,E134G,0.1462450592885376,0.5767455516749002
RF-esm+theta,GATA1,split5,E13G,0.42292490118577075,0.6726853639872008
RF-esm+theta,GATA1,split5,F168P,0.32015810276679846,0.6442662614328716
RF-esm+theta,GATA1,split5,F172L,0.7509881422924901,0.7532520454514631
RF-esm+theta,GATA1,split5,"F172S,F173P",0.2569169960474308,0.602406559558127
RF-esm+theta,GATA1,split5,"F33P,F34P",0.06719367588932801,0.4318054691409788
RF-esm+theta,GATA1,split5,F3L,0.04743083003952564,0.4818777433783951
RF-esm+theta,GATA1,split5,H222R,0.35573122529644263,0.6571926183460306
RF-esm+theta,GATA1,split5,I249T,0.766798418972332,0.7484335241405828
RF-esm+theta,GATA1,split5,I302V,0.24110671936758898,0.5872225737766238
RF-esm+theta,GATA1,split5,"K100G,T101A",0.10671936758893286,0.5603591721103153
RF-esm+theta,GATA1,split5,K245G,0.035573122529644285,0.3753361337989628
RF-esm+theta,GATA1,split5,K252R,0.18181818181818177,0.5409428192100977
RF-esm+theta,GATA1,split5,K287G,0.11857707509881421,0.6068118208903212
RF-esm+theta,GATA1,split5,K312G,0.0513833992094862,0.4834835778599445
RF-esm+theta,GATA1,split5,K312R,0.18181818181818177,0.5394819963559576
RF-esm+theta,GATA1,split5,"K314R,K315G",0.14229249011857703,0.5567312980426553
RF-esm+theta,GATA1,split5,L136S,0.031620553359683834,0.422958034641286
RF-esm+theta,GATA1,split5,L141P,0.3003952569169961,0.6494221677833174
RF-esm+theta,GATA1,split5,L196P,0.616600790513834,0.7165878482991119
RF-esm+theta,GATA1,split5,"L284P,Y285H",0.0039525691699604515,0.2610852466151756
RF-esm+theta,GATA1,split5,"L386P,L387P",0.5217391304347826,0.7074448770647069
RF-esm+theta,GATA1,split5,L80P,0.1541501976284585,0.5816261811585451
RF-esm+theta,GATA1,split5,M335T,0.2806324110671937,0.6126793925318529
RF-esm+theta,GATA1,split5,N160D,0.055335968379446654,0.46966455005779784
RF-esm+theta,GATA1,split5,"Q237R,N238G",0.40711462450592883,0.6727055437534256
RF-esm+theta,GATA1,split5,S12P,0.11857707509881421,0.5219452002726379
RF-esm+theta,GATA1,split5,S142G,0.22529644268774707,0.607963714573997
RF-esm+theta,GATA1,split5,S174P,0.09881422924901184,0.461308502621567
RF-esm+theta,GATA1,split5,S186P,0.19762845849802368,0.6367625179377691
RF-esm+theta,GATA1,split5,S36P,0.0,0.1938988977717807
RF-esm+theta,GATA1,split5,S46P,0.15810276679841895,0.5055101648767458
RF-esm+theta,GATA1,split5,T171A,0.15019762845849804,0.5467863797407547
RF-esm+theta,GATA1,split5,T220A,0.2490118577075099,0.6169865320104377
RF-esm+theta,GATA1,split5,V250A,0.7351778656126482,0.7451481668657471
RF-esm+theta,GATA1,split5,"V278A,C279R",0.3754940711462451,0.6656677496630469
RF-esm+theta,GATA1,split5,"V32A,F33P",0.07905138339920947,0.4848513044256053
RF-esm+theta,GATA1,split5,"V336A,V337A",0.2964426877470355,0.6305606369645999
RF-esm+theta,GATA1,split5,Y285C,0.06324110671936756,0.4914935806137399
RF-esm+theta,GATA1,split5,"Y285C,Y286C",0.015810276679841917,0.3444179553694941
RF-esm+theta,GATA1,split5,Y286H,0.14229249011857703,0.532072231759254
RF-esm+theta,GATA1,split5,Y69H,0.308300395256917,0.6216236586004098
RF-esm+theta,GATA1,split6,C199R,0.6205533596837944,0.7491836287591895
RF-esm+theta,GATA1,split6,C207R,0.0039525691699604515,0.4128320366446377
RF-esm+theta,GATA1,split6,C225R,0.924901185770751,0.7525235121491469
RF-esm+theta,GATA1,split6,E114G,0.23715415019762842,0.5995721172054707
RF-esm+theta,GATA1,split6,E200G,0.4624505928853755,0.6888557049210684
RF-esm+theta,GATA1,split6,E328G,0.43083003952569165,0.7143692079101678
RF-esm+theta,GATA1,split6,E348G,0.8972332015810277,0.7761417389257272
RF-esm+theta,GATA1,split6,F172P,0.3596837944664032,0.6549049292649123
RF-esm+theta,GATA1,split6,H222R,0.22529644268774707,0.5929409794645191
RF-esm+theta,GATA1,split6,"I249T,V250A",0.22134387351778662,0.6266746341073789
RF-esm+theta,GATA1,split6,I87T,0.09090909090909094,0.5239244558849475
RF-esm+theta,GATA1,split6,"K100G,T101A",0.09090909090909094,0.548936404985438
RF-esm+theta,GATA1,split6,K137E,0.8735177865612649,0.7165153368432047
RF-esm+theta,GATA1,split6,K287G,0.10671936758893286,0.6113056009546871
RF-esm+theta,GATA1,split6,"K299R,D300G",0.616600790513834,0.6748687126083226
RF-esm+theta,GATA1,split6,K312R,0.18577075098814233,0.5505909367974334
RF-esm+theta,GATA1,split6,L146P,0.7351778656126482,0.7464878023041215
RF-esm+theta,GATA1,split6,L190P,0.4782608695652174,0.7516107409147358
RF-esm+theta,GATA1,split6,L224P,0.059288537549407105,0.5433104482112636
RF-esm+theta,GATA1,split6,L355P,0.8932806324110671,0.7745184190405313
RF-esm+theta,GATA1,split6,L363P,0.2055335968379447,0.6569162935091176
RF-esm+theta,GATA1,split6,L387P,0.8023715415019763,0.7599449819047106
RF-esm+theta,GATA1,split6,L6P,0.924901185770751,0.7860761809982871
RF-esm+theta,GATA1,split6,M1V,0.8458498023715415,0.7502398762556163
RF-esm+theta,GATA1,split6,M335V,0.7391304347826086,0.7511974636804472
RF-esm+theta,GATA1,split6,"N238G,R239G",0.8063241106719368,0.7513256084903748
RF-esm+theta,GATA1,split6,Q257R,0.5889328063241106,0.7252216409920332
RF-esm+theta,GATA1,split6,R271G,0.2648221343873518,0.6541858807078961
RF-esm+theta,GATA1,split6,S155P,0.5177865612648221,0.7275252246208933
RF-esm+theta,GATA1,split6,S161G,0.5217391304347826,0.7154180138575487
RF-esm+theta,GATA1,split6,S174P,0.06719367588932801,0.5020769913743928
RF-esm+theta,GATA1,split6,S178G,0.9841897233201581,0.7584007294384639
RF-esm+theta,GATA1,split6,S310P,0.7786561264822134,0.7508181868474048
RF-esm+theta,GATA1,split6,S393P,0.8379446640316206,0.7616283888900661
RF-esm+theta,GATA1,split6,S72P,0.5335968379446641,0.7056758054686414
RF-esm+theta,GATA1,split6,T256A,0.9169960474308301,0.7733950957827248
RF-esm+theta,GATA1,split6,T264A,0.26086956521739135,0.6388144376906982
RF-esm+theta,GATA1,split6,T324A,0.35573122529644263,0.6600386012905489
RF-esm+theta,GATA1,split6,T391A,0.18577075098814233,0.6194616768668967
RF-esm+theta,GATA1,split6,"V109A,C110R",0.2569169960474308,0.6302352339165512
RF-esm+theta,GATA1,split6,V158A,0.2964426877470355,0.6876861991695428
RF-esm+theta,GATA1,split6,V291A,0.691699604743083,0.7623200346886254
RF-esm+theta,GATA1,split6,V32A,0.43083003952569165,0.7274627858423759
RF-esm+theta,GATA1,split6,"V32A,F33P",0.07509881422924902,0.47950087164863026
RF-esm+theta,GATA1,split6,"V336A,V337A",0.3675889328063241,0.6426700148588349
RF-esm+theta,GATA1,split6,"V371A,L372P",0.6956521739130435,0.7465630106242537
RF-esm+theta,GATA1,split6,"Y185H,S186P",0.9604743083003953,0.782428320662333
RF-esm+theta,GATA1,split6,Y285C,0.06719367588932801,0.5238157585247614
RF-esm+theta,GATA1,split6,Y62C,0.766798418972332,0.7571178584314436
RF-esm+theta,GATA1,split6,Y62H,0.09090909090909094,0.5288902712087191
RF-esm+theta,GATA1,split6,Y78H,0.3438735177865613,0.6569475024664095
RF-esm+theta,GATA1,split6,Y93H,0.44664031620553357,0.6977891890205458
RF-esm+theta,JAK1,split1,E762K,0.52,0.8700985946268794
RF-esm+theta,JAK1,split1,"G1068E,G1068R",0.76,0.9149530786510449
RF-esm+theta,JAK1,split1,"G887R,G887E",0.6,0.8871352312012234
RF-esm+theta,JAK1,split1,"P1118L,P1118S,P1121S",0.040000000000000036,0.13507320896555453
RF-esm+theta,JAK1,split1,Q387*,0.6,0.8655697801845909
RF-esm+theta,JAK1,split1,Q437*,0.31999999999999995,0.8171269309409742
RF-esm+theta,JAK1,split1,Q572*,0.96,0.9137790597654261
RF-esm+theta,JAK1,split2,D775N,0.48,0.7835780130881562
RF-esm+theta,JAK1,split2,E1051K,0.8,0.8339016487638862
RF-esm+theta,JAK1,split2,"E706K,D707N",0.8,0.8460139408774953
RF-esm+theta,JAK1,split2,E762K,0.4,0.781713357217043
RF-esm+theta,JAK1,split2,"G1068E,G1068R",0.72,0.824102396003988
RF-esm+theta,JAK1,split2,"G590E,G590R",0.48,0.838715601805372
RF-esm+theta,JAK1,split2,"G887R,G887E",0.84,0.8357873318724514
RF-esm+theta,JAK1,split2,"P1118L,P1118S,P1121S",0.12,0.12452039081386862
RF-esm+theta,JAK1,split2,"P1121L,P1121S",0.16000000000000003,0.3026895889815173
RF-esm+theta,JAK1,split2,P761S,0.64,0.806205074447456
RF-esm+theta,JAK1,split2,S1062F,0.92,0.8423134352863922
RF-esm+theta,JAK1,split2,T717I,0.0,-0.07304599528738144
RF-esm+theta,JAK1,split3,D775N,0.31999999999999995,0.009130926318884873
RF-esm+theta,JAK1,split3,E1051K,0.16000000000000003,0.0007849282763125933
RF-esm+theta,JAK1,split3,E447K,0.12,-0.01065465641368282
RF-esm+theta,JAK1,split3,E486K,0.64,0.047759526417210985
RF-esm+theta,JAK1,split3,"E706K,D707N",0.6,0.023938851878469784
RF-esm+theta,JAK1,split3,E762K,0.0,-0.09635744981940664
RF-esm+theta,JAK1,split3,"G1068E,G1068R",0.36,0.01874043701603067
RF-esm+theta,JAK1,split3,"G590E,G590R",0.19999999999999996,0.006141087008473325
RF-esm+theta,JAK1,split3,"G887R,G887E",0.76,0.0992678164861572
RF-esm+theta,JAK1,split3,P761S,0.52,0.0015961937628693754
RF-esm+theta,JAK1,split3,Q387*,0.52,-0.025654788869859464
RF-esm+theta,JAK1,split3,Q437*,0.19999999999999996,-0.05656607340565434
RF-esm+theta,JAK1,split3,Q499*,0.52,-0.022561107975489637
RF-esm+theta,JAK1,split3,Q545*,0.43999999999999995,-0.02840565203602361
RF-esm+theta,JAK1,split3,Q572*,0.4,-0.0362549153576179
RF-esm+theta,JAK1,split3,R108Q,0.6799999999999999,0.0953756224980106
RF-esm+theta,JAK1,split3,"R549Q,E550K",0.040000000000000036,-0.03705766378391526
RF-esm+theta,JAK1,split3,S1062F,0.4,-0.01985995907044237
RF-esm+theta,JAK1,split3,T558I,0.8,0.2132722869372167
RF-esm+theta,JAK1,split5,D775N,0.6799999999999999,0.9064737371157833
RF-esm+theta,JAK1,split5,E486K,0.4,0.849411514081378
RF-esm+theta,JAK1,split5,E762K,0.56,0.8684420011608079
RF-esm+theta,JAK1,split5,"G590E,G590R",0.6,0.8649461563133295
RF-esm+theta,JAK1,split5,L321F,0.12,0.03941121998057351
RF-esm+theta,JAK1,split5,"P1121L,P1121S",0.19999999999999996,0.16054666157513878
RF-esm+theta,JAK1,split5,P761S,0.76,0.930244410984679
RF-esm+theta,JAK1,split5,Q387*,0.72,0.9107275640073088
RF-esm+theta,JAK1,split5,Q437*,0.43999999999999995,0.8550684847682128
RF-esm+theta,JAK1,split5,Q499*,0.36,0.8386353778266966
RF-esm+theta,JAK1,split5,Q545*,0.31999999999999995,0.82360605452838
RF-esm+theta,JAK1,split5,R108Q,0.28,0.8100527878510332
RF-esm+theta,JAK1,split5,"R549Q,E550K",0.52,0.8618979854298261
RF-esm+theta,JAK1,split5,T717I,0.040000000000000036,-0.08783285140178591
RF-esm,TP53,split1,A159P,0.8041237113402062,0.8074608842121312
RF-esm,TP53,split1,A159V,0.7525773195876289,0.8135318679718453
RF-esm,TP53,split1,C141Y,0.23711340206185572,0.7820820540300957
RF-esm,TP53,split1,C238Y,0.05154639175257736,0.7707168554235839
RF-esm,TP53,split1,G245V,0.4329896907216495,0.7944178447325724
RF-esm,TP53,split1,H179R,0.3402061855670103,0.7828432123648942
RF-esm,TP53,split1,P47S,0.25773195876288657,0.7839264289320594
RF-esm,TP53,split1,P58R,0.0,0.7398036841062576
RF-esm,TP53,split1,Q5R,0.30927835051546393,0.7876757316011086
RF-esm,TP53,split1,R175H,0.6391752577319587,0.8024608775470621
RF-esm,TP53,split1,R273H,1.0,0.8380132090003112
RF-esm,TP53,split1,S241C,0.4948453608247423,0.7975706711835973
RF-esm,TP53,split1,S366A,0.14432989690721654,0.7783039264077077
RF-esm,TP53,split1,T312S,0.711340206185567,0.8047033451829148
RF-esm,TP53,split1,V31I,0.11340206185567014,0.7787212374993189
RF-esm,TP53,split1,Y220C,0.6288659793814433,0.7976632749726
RF-esm,TP53,split2,C238F,0.3298969072164949,0.7742902995407529
RF-esm,TP53,split2,C238Y,0.07216494845360821,0.7625871245014192
RF-esm,TP53,split2,C242F,0.4020618556701031,0.7970998824009935
RF-esm,TP53,split2,C275F,0.010309278350515427,0.7489572176156633
RF-esm,TP53,split2,C275Y,0.04123711340206182,0.7554046554963465
RF-esm,TP53,split2,C277F,0.5979381443298969,0.7968105527330347
RF-esm,TP53,split2,E271K,0.731958762886598,0.8065779143989211
RF-esm,TP53,split2,E285K,0.21649484536082475,0.7778434383999588
RF-esm,TP53,split2,E286K,0.12371134020618557,0.7620791698955769
RF-esm,TP53,split2,E339K,0.08247422680412375,0.7545945363503673
RF-esm,TP53,split2,G244C,0.2680412371134021,0.7825307553919708
RF-esm,TP53,split2,G245C,0.7835051546391752,0.7918086179029823
RF-esm,TP53,split2,G245D,0.8144329896907216,0.8100838984110036
RF-esm,TP53,split2,G245S,0.2989690721649485,0.782079304611591
RF-esm,TP53,split2,G245V,0.38144329896907214,0.782665288269815
RF-esm,TP53,split2,G266E,0.20618556701030932,0.7697107365528717
RF-esm,TP53,split2,G266R,0.5773195876288659,0.7903923174291492
RF-esm,TP53,split2,G266V,0.5257731958762887,0.8040175006830333
RF-esm,TP53,split2,G360V,0.6494845360824743,0.8000760144993104
RF-esm,TP53,split2,L344L,0.8969072164948454,0.8133334068901908
RF-esm,TP53,split2,M237I,0.3711340206185567,0.7965140795233875
RF-esm,TP53,split2,M246V,0.6907216494845361,0.7994248430822786
RF-esm,TP53,split2,P222P,0.134020618556701,0.7664376202353093
RF-esm,TP53,split2,P250L,0.9278350515463918,0.8072477857722146
RF-esm,TP53,split2,P278L,0.23711340206185572,0.7729783445618614
RF-esm,TP53,split2,P278S,0.28865979381443296,0.7884072655038219
RF-esm,TP53,split2,P295P,0.7525773195876289,0.8049485070431158
RF-esm,TP53,split2,P301P,0.1649484536082474,0.7753886489866877
RF-esm,TP53,split2,P359P,0.5567010309278351,0.7973229234961464
RF-esm,TP53,split2,R248L,0.07216494845360821,0.7524101174274747
RF-esm,TP53,split2,R248W,0.6494845360824743,0.807026401457417
RF-esm,TP53,split2,R249M,0.45360824742268047,0.7817611278929364
RF-esm,TP53,split2,R249S,0.14432989690721654,0.7639529557405345
RF-esm,TP53,split2,R273C,0.09278350515463918,0.7671009753839454
RF-esm,TP53,split2,R273H,1.0,0.8368665478771843
RF-esm,TP53,split2,R273L,0.23711340206185572,0.7866681622772849
RF-esm,TP53,split2,R280K,0.5154639175257731,0.791412954439939
RF-esm,TP53,split2,R280T,0.35051546391752575,0.7822508007833237
RF-esm,TP53,split2,R282W,0.3608247422680413,0.7808097161382279
RF-esm,TP53,split2,R337C,0.010309278350515427,0.7655742119003995
RF-esm,TP53,split2,R337L,0.134020618556701,0.782067996760283
RF-esm,TP53,split2,S241C,0.45360824742268047,0.7859474448188268
RF-esm,TP53,split2,S241F,0.6804123711340206,0.7943528700710926
RF-esm,TP53,split2,S366A,0.15463917525773196,0.7771059427531044
RF-esm,TP53,split2,T312S,0.731958762886598,0.8026383173848998
RF-esm,TP53,split2,V272L,0.5360824742268041,0.8015779072558469
RF-esm,TP53,split2,V272M,0.5154639175257731,0.7902478064414858
RF-esm,TP53,split2,Y234C,0.711340206185567,0.7975054951960242
RF-esm,TP53,split2,Y236C,0.8144329896907216,0.8041146923742072
RF-esm,TP53,split3,G245C,0.7010309278350515,0.8019954651983008
RF-esm,TP53,split3,G245D,0.9381443298969072,0.8184053662353539
RF-esm,TP53,split3,G245S,0.3917525773195877,0.7929960311485271
RF-esm,TP53,split3,G245V,0.4639175257731959,0.79558559253075
RF-esm,TP53,split3,R175H,0.6082474226804124,0.8010990668404239
RF-esm,TP53,split3,R249M,0.21649484536082475,0.7784985623160371
RF-esm,TP53,split3,R249S,0.18556701030927836,0.7755166676257463
RF-esm,TP53,split3,R282W,0.134020618556701,0.7706162175372367
RF-esm,TP53,split3,Y220C,0.6185567010309279,0.8006167759321953
RF-esm,TP53,split6,A159P,0.7216494845360825,0.805285533006869
RF-esm,TP53,split6,A159V,0.7628865979381443,0.814884738875996
RF-esm,TP53,split6,C141Y,0.3608247422680413,0.7861568652909748
RF-esm,TP53,split6,C238Y,0.09278350515463918,0.7714232067884068
RF-esm,TP53,split6,G245V,0.3608247422680413,0.7918940368031598
RF-esm,TP53,split6,H179R,0.30927835051546393,0.7791920506625345
RF-esm,TP53,split6,R175H,0.6907216494845361,0.8055339519971807
RF-esm,TP53,split6,R273H,1.0,0.8415053259309434
RF-esm,TP53,split6,S241C,0.4948453608247423,0.7965644546180258
RF-esm,TP53,split6,Y220C,0.5360824742268041,0.794751940818284
RF-esm,KRAS,split1,A146T,0.8241758241758241,0.7441048136396745
RF-esm,KRAS,split1,A146V,0.9010989010989011,0.7534989992558534
RF-esm,KRAS,split1,G12C,0.1428571428571429,0.6960311085925126
RF-esm,KRAS,split1,G12D,0.4725274725274725,0.7275993532505868
RF-esm,KRAS,split1,G12R,0.15384615384615385,0.7050771497009264
RF-esm,KRAS,split1,G12V,0.1648351648351648,0.6919142681648014
RF-esm,KRAS,split1,Q61H,0.8901098901098901,0.752100154090509
RF-esm,KRAS,split1,Q61L,0.5714285714285714,0.7199257101921183
RF-esm,KRAS,split2,A130V,0.7472527472527473,0.7345536248674823
RF-esm,KRAS,split2,A146P,0.4285714285714286,0.718013194830797
RF-esm,KRAS,split2,A146T,0.7582417582417582,0.7348990084008433
RF-esm,KRAS,split2,A146V,0.8461538461538461,0.7440693143308154
RF-esm,KRAS,split2,A155G,0.2857142857142857,0.6967467236428857
RF-esm,KRAS,split2,A66A,0.31868131868131866,0.7115970530020415
RF-esm,KRAS,split2,C118S,0.5604395604395604,0.720512620510689
RF-esm,KRAS,split2,D119G,0.05494505494505497,0.6766130776927157
RF-esm,KRAS,split2,D173D,0.07692307692307687,0.7069930324575152
RF-esm,KRAS,split2,E63K,0.5934065934065934,0.7180493452526732
RF-esm,KRAS,split2,F141L,0.13186813186813184,0.6999830888907163
RF-esm,KRAS,split2,G75A,0.1428571428571429,0.6882071972290859
RF-esm,KRAS,split2,G77A,0.4065934065934066,0.7100277159025585
RF-esm,KRAS,split2,I163S,0.3846153846153846,0.7081031257780436
RF-esm,KRAS,split2,K117N,0.1648351648351648,0.6861498023814606
RF-esm,KRAS,split2,K117R,0.7252747252747253,0.7302225501062957
RF-esm,KRAS,split2,K147N,0.23076923076923073,0.7007293221889758
RF-esm,KRAS,split2,K147T,0.09890109890109888,0.7003690808328448
RF-esm,KRAS,split2,K169K,0.8351648351648352,0.7352390794860663
RF-esm,KRAS,split2,K176Q,0.7252747252747253,0.7255793406238951
RF-esm,KRAS,split2,K178K,0.6153846153846154,0.7236270449197213
RF-esm,KRAS,split2,K88K,0.13186813186813184,0.6892891857882354
RF-esm,KRAS,split2,L159S,0.9010989010989011,0.7432847876464245
RF-esm,KRAS,split2,L79I,0.4285714285714286,0.7176670944416288
RF-esm,KRAS,split2,M111L,0.03296703296703296,0.682739013176448
RF-esm,KRAS,split2,P110S,0.37362637362637363,0.7188678469836123
RF-esm,KRAS,split2,Q99E,0.41758241758241754,0.7125199299358376
RF-esm,KRAS,split2,R135T,0.6373626373626373,0.7252024745819631
RF-esm,KRAS,split2,R149K,0.48351648351648346,0.7132998618540403
RF-esm,KRAS,split2,R164Q,0.6263736263736264,0.7316318249566958
RF-esm,KRAS,split2,R68S,0.2417582417582418,0.6969039360634868
RF-esm,KRAS,split2,S136N,0.7912087912087912,0.7417919125627932
RF-esm,KRAS,split2,T127T,0.18681318681318682,0.6883258113860138
RF-esm,KRAS,split2,T144P,0.13186813186813184,0.6915336240471452
RF-esm,KRAS,split2,T144T,0.2637362637362637,0.7110815104275096
RF-esm,KRAS,split2,T158A,0.19780219780219777,0.7071658029703406
RF-esm,KRAS,split2,T158T,0.20879120879120883,0.7033447254227949
RF-esm,KRAS,split2,T74A,0.8571428571428572,0.7426345285046329
RF-esm,KRAS,split2,T74T,0.29670329670329665,0.7009497348262829
RF-esm,KRAS,split2,V112I,0.5164835164835164,0.7152748114746544
RF-esm,KRAS,split2,Y166H,0.8791208791208791,0.7481392113381335
RF-esm,KRAS,split3,A146P,0.5604395604395604,0.725598286911157
RF-esm,KRAS,split3,A146T,0.7912087912087912,0.738039060759311
RF-esm,KRAS,split3,A146V,0.8131868131868132,0.7481173371001489
RF-esm,KRAS,split3,G12A,0.29670329670329665,0.7082152079815116
RF-esm,KRAS,split3,G12C,0.13186813186813184,0.6841749668642749
RF-esm,KRAS,split3,G12S,0.9340659340659341,0.7483930745609635
RF-esm,KRAS,split3,G13C,0.6593406593406593,0.7418579487197203
RF-esm,KRAS,split3,K117R,0.7142857142857143,0.7369801262358691
RF-esm,KRAS,split3,Q61H,0.9120879120879121,0.7552016598488348
RF-esm,KRAS,split3,Q61P,0.13186813186813184,0.6920168913172309
RF-esm,KRAS,split6,A146T,0.8241758241758241,0.7441048136396745
RF-esm,KRAS,split6,A146V,0.9010989010989011,0.7534989992558534
RF-esm,KRAS,split6,G12C,0.1428571428571429,0.6960311085925126
RF-esm,KRAS,split6,G12D,0.4725274725274725,0.7275993532505868
RF-esm,KRAS,split6,G12R,0.15384615384615385,0.7050771497009264
RF-esm,KRAS,split6,G12V,0.1648351648351648,0.6919142681648014
RF-esm,KRAS,split6,Q61H,0.8901098901098901,0.752100154090509
RF-esm,KRAS,split6,Q61L,0.5714285714285714,0.7199257101921183
RF-esm,GATA1,split1,C199R,0.6640316205533596,0.7582221406944365
RF-esm,GATA1,split1,C207R,0.011857707509881465,0.4347369908946595
RF-esm,GATA1,split1,C225R,0.83399209486166,0.7488292309074591
RF-esm,GATA1,split1,E114G,0.23715415019762842,0.599013715806505
RF-esm,GATA1,split1,E200G,0.4347826086956522,0.678515421495199
RF-esm,GATA1,split1,E328G,0.4110671936758893,0.7111698302869962
RF-esm,GATA1,split1,E348G,0.8695652173913043,0.768068300122607
RF-esm,GATA1,split1,F172P,0.3517786561264822,0.6574635254779322
RF-esm,GATA1,split1,H222R,0.2845849802371542,0.6329317700656008
RF-esm,GATA1,split1,"I249T,V250A",0.22529644268774707,0.6207497997671418
RF-esm,GATA1,split1,I87T,0.09090909090909094,0.5174064118864345
RF-esm,GATA1,split1,"K100G,T101A",0.13438735177865613,0.566403417988816
RF-esm,GATA1,split1,K137E,0.9090909090909091,0.7101370107123054
RF-esm,GATA1,split1,K287G,0.09881422924901184,0.596292797761116
RF-esm,GATA1,split1,"K299R,D300G",0.7391304347826086,0.7063843294477496
RF-esm,GATA1,split1,K312R,0.18181818181818177,0.5419144107073273
RF-esm,GATA1,split1,L146P,0.7312252964426877,0.7480268684463118
RF-esm,GATA1,split1,L190P,0.4545454545454546,0.7482295663377551
RF-esm,GATA1,split1,L224P,0.059288537549407105,0.5380935616603366
RF-esm,GATA1,split1,L355P,0.8972332015810277,0.7803295135480847
RF-esm,GATA1,split1,L363P,0.2055335968379447,0.654016778524104
RF-esm,GATA1,split1,L387P,0.8142292490118577,0.7595377355519162
RF-esm,GATA1,split1,L6P,0.9367588932806324,0.7744922156996347
RF-esm,GATA1,split1,M1V,0.7628458498023716,0.745456403485362
RF-esm,GATA1,split1,M335V,0.7430830039525691,0.7512020189667868
RF-esm,GATA1,split1,"N238G,R239G",0.7984189723320159,0.7470178357828651
RF-esm,GATA1,split1,Q257R,0.5454545454545454,0.7182831358628008
RF-esm,GATA1,split1,R271G,0.2569169960474308,0.65741929908509
RF-esm,GATA1,split1,S155P,0.5138339920948616,0.721236073426992
RF-esm,GATA1,split1,S161G,0.5256916996047432,0.7150359953986372
RF-esm,GATA1,split1,S174P,0.06719367588932801,0.4769368019943187
RF-esm,GATA1,split1,S178G,1.0,0.7853316651284389
RF-esm,GATA1,split1,S310P,0.7509881422924901,0.7407515441673808
RF-esm,GATA1,split1,S393P,0.841897233201581,0.7621340311648532
RF-esm,GATA1,split1,S72P,0.5335968379446641,0.7060182287010148
RF-esm,GATA1,split1,T256A,0.9209486166007905,0.7751870938775952
RF-esm,GATA1,split1,T264A,0.26086956521739135,0.6384634739703495
RF-esm,GATA1,split1,T324A,0.3596837944664032,0.6633238231898656
RF-esm,GATA1,split1,T391A,0.18577075098814233,0.6190299797840515
RF-esm,GATA1,split1,"V109A,C110R",0.2845849802371542,0.638522354388141
RF-esm,GATA1,split1,V158A,0.2845849802371542,0.679280954299308
RF-esm,GATA1,split1,V291A,0.6996047430830039,0.7695188198120787
RF-esm,GATA1,split1,V32A,0.44664031620553357,0.731084864441597
RF-esm,GATA1,split1,"V32A,F33P",0.08300395256916993,0.4941798488575851
RF-esm,GATA1,split1,"V336A,V337A",0.35573122529644263,0.646095409580922
RF-esm,GATA1,split1,"V371A,L372P",0.7035573122529644,0.7538060977674856
RF-esm,GATA1,split1,"Y185H,S186P",0.9683794466403162,0.7852637174099864
RF-esm,GATA1,split1,Y285C,0.07114624505928857,0.5386001550820696
RF-esm,GATA1,split1,Y62C,0.7786561264822134,0.7647592697847946
RF-esm,GATA1,split1,Y62H,0.09090909090909094,0.5284625526976058
RF-esm,GATA1,split1,Y78H,0.3754940711462451,0.6718510554721941
RF-esm,GATA1,split1,Y93H,0.5019762845849802,0.7099276367967149
RF-esm,GATA1,split2,C204R,0.02371541501976282,0.44388145632972165
RF-esm,GATA1,split2,"C204R,V205A",0.3952569169960475,0.637862433069078
RF-esm,GATA1,split2,C207R,0.007905138339920903,0.422942152963691
RF-esm,GATA1,split2,C225R,0.6482213438735178,0.7236449102724378
RF-esm,GATA1,split2,C228R,0.7035573122529644,0.6669481285581607
RF-esm,GATA1,split2,C258R,0.308300395256917,0.644857158157456
RF-esm,GATA1,split2,C261R,0.22924901185770752,0.6004024264747528
RF-esm,GATA1,split2,C346R,0.3913043478260869,0.6797866818479459
RF-esm,GATA1,split2,D276G,0.19367588932806323,0.5732573163260708
RF-esm,GATA1,split2,E328G,0.4426877470355731,0.7091281899204124
RF-esm,GATA1,split2,E348G,0.8260869565217391,0.766353318055503
RF-esm,GATA1,split2,F382S,0.6007905138339921,0.7400665151378187
RF-esm,GATA1,split2,F394P,0.8458498023715415,0.7501948902841444
RF-esm,GATA1,split2,H222R,0.4189723320158103,0.6791481721371455
RF-esm,GATA1,split2,"H222R,Y223C",0.8142292490118577,0.7191206584387795
RF-esm,GATA1,split2,"H232R,K233E",0.13043478260869568,0.5597106023485797
RF-esm,GATA1,split2,H289R,0.6324110671936759,0.7250799014246488
RF-esm,GATA1,split2,H362R,0.4110671936758893,0.7128006074328155
RF-esm,GATA1,split2,H378R,0.15810276679841895,0.6168672555661452
RF-esm,GATA1,split2,I242T,0.01976284584980237,0.286207677438957
RF-esm,GATA1,split2,I242V,0.3320158102766798,0.6877638103654867
RF-esm,GATA1,split2,I249T,0.8379446640316206,0.7685219120146943
RF-esm,GATA1,split2,"I249T,V250A",0.23320158102766797,0.6396907979360523
RF-esm,GATA1,split2,I249V,0.45849802371541504,0.7255808519013566
RF-esm,GATA1,split2,I302T,0.07905138339920947,0.4851446517852461
RF-esm,GATA1,split2,I302V,0.18577075098814233,0.5365209528262108
RF-esm,GATA1,split2,"K233R,M234V",0.46640316205533594,0.6896299432662993
RF-esm,GATA1,split2,K245G,0.031620553359683834,0.29476588723256836
RF-esm,GATA1,split2,K252G,0.26086956521739135,0.6191644286825865
RF-esm,GATA1,split2,K252R,0.12252964426877466,0.4947574410601024
RF-esm,GATA1,split2,K287G,0.11857707509881421,0.602162165840282
RF-esm,GATA1,split2,K299E,0.7747035573122529,0.7515933962001908
RF-esm,GATA1,split2,"K299R,D300G",0.8300395256916996,0.7513630147197133
RF-esm,GATA1,split2,K308G,0.6086956521739131,0.6112031946386695
RF-esm,GATA1,split2,K312G,0.06719367588932801,0.5023542993548548
RF-esm,GATA1,split2,K312R,0.1699604743083004,0.5411968597873226
RF-esm,GATA1,split2,"K314R,K315G",0.2134387351778656,0.4955107417175689
RF-esm,GATA1,split2,K316G,0.13043478260869568,0.4380915681712936
RF-esm,GATA1,split2,K316R,0.39920948616600793,0.6766446227148529
RF-esm,GATA1,split2,"L214P,W215R",0.8853754940711462,0.6159924216394284
RF-esm,GATA1,split2,L224P,0.0513833992094862,0.5274893610329686
RF-esm,GATA1,split2,"L230P,Y231H",0.46640316205533594,0.680242263239155
RF-esm,GATA1,split2,L248P,0.7035573122529644,0.7345440780488327
RF-esm,GATA1,split2,"L268P,W269R",1.0,0.7042975421620958
RF-esm,GATA1,split2,"L284P,Y285H",0.015810276679841917,0.18356301569768305
RF-esm,GATA1,split2,L288P,0.8221343873517787,0.7597557459534144
RF-esm,GATA1,split2,L295P,0.7628458498023716,0.6322987016874982
RF-esm,GATA1,split2,L355P,0.40711462450592883,0.6982067028617817
RF-esm,GATA1,split2,L363P,0.25296442687747034,0.6783480393976857
RF-esm,GATA1,split2,"L363P,Y364H",0.383399209486166,0.6755092869549932
RF-esm,GATA1,split2,L367P,0.7944664031620553,0.7796167644841431
RF-esm,GATA1,split2,"L372P,S373P",0.40711462450592883,0.7093098683976703
RF-esm,GATA1,split2,L379P,0.4782608695652174,0.7025360741316159
RF-esm,GATA1,split2,L386P,0.8972332015810277,0.7733246152523965
RF-esm,GATA1,split2,"L386P,L387P",0.5494071146245059,0.6828645989677373
RF-esm,GATA1,split2,L387P,0.43083003952569165,0.6887734790499226
RF-esm,GATA1,split2,L411P,0.9486166007905138,0.761379464813126
RF-esm,GATA1,split2,M234T,0.6324110671936759,0.7231366441927451
RF-esm,GATA1,split2,"M234V,N235D",0.45849802371541504,0.6812707833898451
RF-esm,GATA1,split2,M297T,0.2845849802371542,0.6358281034312903
RF-esm,GATA1,split2,M335T,0.23320158102766797,0.6045511137938038
RF-esm,GATA1,split2,"M335T,V336A",0.38735177865612647,0.6552087387332004
RF-esm,GATA1,split2,M335V,0.7351778656126482,0.7468537867617637
RF-esm,GATA1,split2,M380T,0.782608695652174,0.7340297421603825
RF-esm,GATA1,split2,M399T,0.6837944664031621,0.7321605131991056
RF-esm,GATA1,split2,M399V,0.8577075098814229,0.7468476362770906
RF-esm,GATA1,split2,N206G,0.7035573122529644,0.7243909767076833
RF-esm,GATA1,split2,"N238G,R239G",0.5849802371541502,0.7059302622717732
RF-esm,GATA1,split2,N272G,0.924901185770751,0.6779233526651341
RF-esm,GATA1,split2,N292G,0.12648221343873522,0.507542010487274
RF-esm,GATA1,split2,N292S,0.9644268774703557,0.7940135165293917
RF-esm,GATA1,split2,N306G,0.6403162055335969,0.7601383610521468
RF-esm,GATA1,split2,N345D,0.6205533596837944,0.594129934765677
RF-esm,GATA1,split2,N345G,0.6245059288537549,0.727164010457759
RF-esm,GATA1,split2,"Q237R,N238G",0.3162055335968379,0.6382220310384126
RF-esm,GATA1,split2,Q257R,0.616600790513834,0.7364006227654408
RF-esm,GATA1,split2,"Q303R,T304A",0.5059288537549407,0.7051727777478082
RF-esm,GATA1,split2,Q365R,0.9604743083003953,0.761692386161514
RF-esm,GATA1,split2,R271G,0.19367588932806323,0.601821248975408
RF-esm,GATA1,split2,S274G,0.4545454545454546,0.5263675088925658
RF-esm,GATA1,split2,S310P,0.7430830039525691,0.7438144130323928
RF-esm,GATA1,split2,S320G,0.37944664031620556,0.6742512168021588
RF-esm,GATA1,split2,S341G,0.7312252964426877,0.7476190397966156
RF-esm,GATA1,split2,S343G,0.5217391304347826,0.7149737721212397
RF-esm,GATA1,split2,S389P,0.7905138339920948,0.7538070969567806
RF-esm,GATA1,split2,S393P,0.849802371541502,0.7704519420001172
RF-esm,GATA1,split2,S412G,0.15019762845849804,0.5880522059588621
RF-esm,GATA1,split2,T210A,0.6442687747035574,0.7295099907404059
RF-esm,GATA1,split2,T212A,0.7312252964426877,0.7633846908457621
RF-esm,GATA1,split2,T220A,0.27667984189723316,0.6328063699621068
RF-esm,GATA1,split2,T256A,0.9565217391304348,0.7828946431833523
RF-esm,GATA1,split2,T259A,0.6482213438735178,0.7456013511912332
RF-esm,GATA1,split2,"T263A,T264A",0.0513833992094862,0.4068786240908693
RF-esm,GATA1,split2,T264A,0.32015810276679846,0.6631255013832791
RF-esm,GATA1,split2,"T264A,T265A",0.8063241106719368,0.7545809982268645
RF-esm,GATA1,split2,T265A,0.9446640316205533,0.7979137036108019
RF-esm,GATA1,split2,"T265A,T266A",0.7984189723320159,0.7655044692826567
RF-esm,GATA1,split2,T266A,0.6086956521739131,0.7318853854131873
RF-esm,GATA1,split2,T267A,0.8458498023715415,0.7655092625034562
RF-esm,GATA1,split2,T296A,0.20158102766798414,0.6607045121258123
RF-esm,GATA1,split2,T324A,0.3241106719367589,0.6503231285509218
RF-esm,GATA1,split2,T354A,0.8774703557312253,0.7587453072946132
RF-esm,GATA1,split2,T360A,0.32806324110671936,0.6571910332912855
RF-esm,GATA1,split2,T391A,0.18181818181818177,0.6176070822703531
RF-esm,GATA1,split2,T402A,0.5454545454545454,0.7049483052054808
RF-esm,GATA1,split2,"T402A,T403A",0.9486166007905138,0.7840754313655465
RF-esm,GATA1,split2,"T403A,S404G",0.9169960474308301,0.7962589900783033
RF-esm,GATA1,split2,"T405A,T406A",0.5059288537549407,0.7132726551371839
RF-esm,GATA1,split2,V250A,0.42292490118577075,0.6855601637861153
RF-esm,GATA1,split2,"V278A,C279R",0.22529644268774707,0.5757564217343677
RF-esm,GATA1,split2,V291A,0.6482213438735178,0.7489289527708392
RF-esm,GATA1,split2,"V336A,V337A",0.2727272727272727,0.6260578237367874
RF-esm,GATA1,split2,V349A,0.11067193675889331,0.5578899069686094
RF-esm,GATA1,split2,V370A,0.7193675889328064,0.7495313073902542
RF-esm,GATA1,split2,"V371A,L372P",0.7470355731225297,0.7525248826286872
RF-esm,GATA1,split2,V407A,0.8260869565217391,0.7802884143560691
RF-esm,GATA1,split2,"V407A,V408A",0.48221343873517786,0.6859903031787836
RF-esm,GATA1,split2,V408A,0.22134387351778662,0.6125899247659238
RF-esm,GATA1,split2,W215R,0.5889328063241106,0.699755732086469
RF-esm,GATA1,split2,W269R,0.7984189723320159,0.7229318620182247
RF-esm,GATA1,split2,Y223C,0.9841897233201581,0.7655360479077739
RF-esm,GATA1,split2,Y231C,0.3320158102766798,0.6462414504770546
RF-esm,GATA1,split2,Y285C,0.059288537549407105,0.4847557304116387
RF-esm,GATA1,split2,"Y285C,Y286C",0.007905138339920903,0.26557625848040867
RF-esm,GATA1,split2,"Y286C,K287E",0.3438735177865613,0.5421127998803007
RF-esm,GATA1,split2,Y286H,0.13833992094861658,0.5314402668800684
RF-esm,GATA1,split2,"Y364C,Q365R",0.38735177865612647,0.6980141755756226
RF-esm,GATA1,split3,C204R,0.015810276679841917,0.40814412942380013
RF-esm,GATA1,split3,"C204R,V205A",0.7430830039525691,0.7122051801527344
RF-esm,GATA1,split3,C207R,0.13438735177865613,0.527984979823604
RF-esm,GATA1,split3,C225R,0.9802371541501976,0.7710459524002992
RF-esm,GATA1,split3,C228R,0.8814229249011858,0.7308349827005223
RF-esm,GATA1,split3,C258R,0.46640316205533594,0.6452071728569079
RF-esm,GATA1,split3,C261R,0.6679841897233201,0.6260853029724253
RF-esm,GATA1,split3,D276G,0.35573122529644263,0.6574089071357564
RF-esm,GATA1,split3,H222R,0.41501976284584985,0.6645227279651373
RF-esm,GATA1,split3,"H222R,Y223C",0.7075098814229249,0.7307845410643562
RF-esm,GATA1,split3,"L214P,W215R",0.9090909090909091,0.654125517489472
RF-esm,GATA1,split3,L224P,0.04743083003952564,0.5218489592807158
RF-esm,GATA1,split3,"L268P,W269R",0.9920948616600791,0.7278642781597204
RF-esm,GATA1,split3,N206G,0.7114624505928854,0.6548599367765726
RF-esm,GATA1,split3,N272G,0.6324110671936759,0.7345789441096127
RF-esm,GATA1,split3,R271G,0.32015810276679846,0.6624520621271582
RF-esm,GATA1,split3,S274G,0.45849802371541504,0.6482063546564175
RF-esm,GATA1,split3,T210A,0.7233201581027668,0.7368423077306118
RF-esm,GATA1,split3,T212A,0.6996047430830039,0.759357408570894
RF-esm,GATA1,split3,T220A,0.24110671936758898,0.6159999329926203
RF-esm,GATA1,split3,T259A,0.6679841897233201,0.7537941917576682
RF-esm,GATA1,split3,"T263A,T264A",0.09486166007905139,0.5769635280851182
RF-esm,GATA1,split3,T264A,0.24505928853754944,0.6379078858758499
RF-esm,GATA1,split3,"T264A,T265A",0.11462450592885376,0.5383321007811296
RF-esm,GATA1,split3,T265A,0.8853754940711462,0.7666716240960629
RF-esm,GATA1,split3,"T265A,T266A",0.6877470355731226,0.6670478258594007
RF-esm,GATA1,split3,T266A,0.6561264822134387,0.7144801553054263
RF-esm,GATA1,split3,T267A,0.8616600790513834,0.7768862506888443
RF-esm,GATA1,split3,"V278A,C279R",0.27667984189723316,0.6253747783591432
RF-esm,GATA1,split3,W215R,0.2924901185770751,0.5725177499078923
RF-esm,GATA1,split3,W269R,0.9762845849802372,0.7561507557291656
RF-esm,GATA1,split3,Y223C,0.9920948616600791,0.7631846671998224
RF-esm,GATA1,split5,C346R,0.39920948616600793,0.688532564066453
RF-esm,GATA1,split5,E114G,0.2490118577075099,0.5865016520532205
RF-esm,GATA1,split5,"E114G,D115G",0.1462450592885376,0.53825921308492
RF-esm,GATA1,split5,E134G,0.15810276679841895,0.581682878190394
RF-esm,GATA1,split5,E13G,0.4110671936758893,0.6697127869450754
RF-esm,GATA1,split5,F168P,0.37154150197628455,0.6571678674198913
RF-esm,GATA1,split5,F172L,0.766798418972332,0.7567430415734105
RF-esm,GATA1,split5,"F172S,F173P",0.3162055335968379,0.624199445708444
RF-esm,GATA1,split5,"F33P,F34P",0.08300395256916993,0.429642430556621
RF-esm,GATA1,split5,F3L,0.0513833992094862,0.48256591868577936
RF-esm,GATA1,split5,H222R,0.26086956521739135,0.628774769727719
RF-esm,GATA1,split5,I249T,0.7905138339920948,0.755109214197385
RF-esm,GATA1,split5,I302V,0.25296442687747034,0.580943395643896
RF-esm,GATA1,split5,"K100G,T101A",0.11462450592885376,0.5617972088953449
RF-esm,GATA1,split5,K245G,0.035573122529644285,0.38426044978246654
RF-esm,GATA1,split5,K252R,0.17391304347826086,0.527795060743269
RF-esm,GATA1,split5,K287G,0.1027667984189723,0.6018952916561746
RF-esm,GATA1,split5,K312G,0.0513833992094862,0.46811338429230426
RF-esm,GATA1,split5,K312R,0.19367588932806323,0.5512959900363434
RF-esm,GATA1,split5,"K314R,K315G",0.13833992094861658,0.5465926575978557
RF-esm,GATA1,split5,L136S,0.035573122529644285,0.42991141505735037
RF-esm,GATA1,split5,L141P,0.2924901185770751,0.6483580350807245
RF-esm,GATA1,split5,L196P,0.5494071146245059,0.7076931039557417
RF-esm,GATA1,split5,"L284P,Y285H",0.007905138339920903,0.263008658609302
RF-esm,GATA1,split5,"L386P,L387P",0.5177865612648221,0.708039092375648
RF-esm,GATA1,split5,L80P,0.22134387351778662,0.6010723821190993
RF-esm,GATA1,split5,M335T,0.2727272727272727,0.6125391607808968
RF-esm,GATA1,split5,N160D,0.055335968379446654,0.463607498161363
RF-esm,GATA1,split5,"Q237R,N238G",0.3754940711462451,0.6620309627577408
RF-esm,GATA1,split5,S12P,0.11067193675889331,0.516742305395552
RF-esm,GATA1,split5,S142G,0.22924901185770752,0.6132624408754254
RF-esm,GATA1,split5,S174P,0.08300395256916993,0.45454289702195555
RF-esm,GATA1,split5,S186P,0.19762845849802368,0.6350558275346081
RF-esm,GATA1,split5,S36P,0.0,0.2036764303935327
RF-esm,GATA1,split5,S46P,0.1541501976284585,0.5044275394525528
RF-esm,GATA1,split5,T171A,0.15019762845849804,0.5471710434371337
RF-esm,GATA1,split5,T220A,0.24505928853754944,0.6181749537784595
RF-esm,GATA1,split5,V250A,0.7035573122529644,0.7390332931718769
RF-esm,GATA1,split5,"V278A,C279R",0.3399209486166008,0.6483868285427967
RF-esm,GATA1,split5,"V32A,F33P",0.09090909090909094,0.49557289395626963
RF-esm,GATA1,split5,"V336A,V337A",0.308300395256917,0.6326847888730777
RF-esm,GATA1,split5,Y285C,0.06719367588932801,0.5051921058341817
RF-esm,GATA1,split5,"Y285C,Y286C",0.007905138339920903,0.3140890582977755
RF-esm,GATA1,split5,Y286H,0.11857707509881421,0.5360229750083312
RF-esm,GATA1,split5,Y69H,0.30434782608695654,0.6176270112619033
RF-esm,GATA1,split6,C199R,0.6640316205533596,0.7582221406944365
RF-esm,GATA1,split6,C207R,0.011857707509881465,0.4347369908946595
RF-esm,GATA1,split6,C225R,0.83399209486166,0.7488292309074591
RF-esm,GATA1,split6,E114G,0.23715415019762842,0.599013715806505
RF-esm,GATA1,split6,E200G,0.4347826086956522,0.678515421495199
RF-esm,GATA1,split6,E328G,0.4110671936758893,0.7111698302869962
RF-esm,GATA1,split6,E348G,0.8695652173913043,0.768068300122607
RF-esm,GATA1,split6,F172P,0.3517786561264822,0.6574635254779322
RF-esm,GATA1,split6,H222R,0.2845849802371542,0.6329317700656008
RF-esm,GATA1,split6,"I249T,V250A",0.22529644268774707,0.6207497997671418
RF-esm,GATA1,split6,I87T,0.09090909090909094,0.5174064118864345
RF-esm,GATA1,split6,"K100G,T101A",0.13438735177865613,0.566403417988816
RF-esm,GATA1,split6,K137E,0.9090909090909091,0.7101370107123054
RF-esm,GATA1,split6,K287G,0.09881422924901184,0.596292797761116
RF-esm,GATA1,split6,"K299R,D300G",0.7391304347826086,0.7063843294477496
RF-esm,GATA1,split6,K312R,0.18181818181818177,0.5419144107073273
RF-esm,GATA1,split6,L146P,0.7312252964426877,0.7480268684463118
RF-esm,GATA1,split6,L190P,0.4545454545454546,0.7482295663377551
RF-esm,GATA1,split6,L224P,0.059288537549407105,0.5380935616603366
RF-esm,GATA1,split6,L355P,0.8972332015810277,0.7803295135480847
RF-esm,GATA1,split6,L363P,0.2055335968379447,0.654016778524104
RF-esm,GATA1,split6,L387P,0.8142292490118577,0.7595377355519162
RF-esm,GATA1,split6,L6P,0.9367588932806324,0.7744922156996347
RF-esm,GATA1,split6,M1V,0.7628458498023716,0.745456403485362
RF-esm,GATA1,split6,M335V,0.7430830039525691,0.7512020189667868
RF-esm,GATA1,split6,"N238G,R239G",0.7984189723320159,0.7470178357828651
RF-esm,GATA1,split6,Q257R,0.5454545454545454,0.7182831358628008
RF-esm,GATA1,split6,R271G,0.2569169960474308,0.65741929908509
RF-esm,GATA1,split6,S155P,0.5138339920948616,0.721236073426992
RF-esm,GATA1,split6,S161G,0.5256916996047432,0.7150359953986372
RF-esm,GATA1,split6,S174P,0.06719367588932801,0.4769368019943187
RF-esm,GATA1,split6,S178G,1.0,0.7853316651284389
RF-esm,GATA1,split6,S310P,0.7509881422924901,0.7407515441673808
RF-esm,GATA1,split6,S393P,0.841897233201581,0.7621340311648532
RF-esm,GATA1,split6,S72P,0.5335968379446641,0.7060182287010148
RF-esm,GATA1,split6,T256A,0.9209486166007905,0.7751870938775952
RF-esm,GATA1,split6,T264A,0.26086956521739135,0.6384634739703495
RF-esm,GATA1,split6,T324A,0.3596837944664032,0.6633238231898656
RF-esm,GATA1,split6,T391A,0.18577075098814233,0.6190299797840515
RF-esm,GATA1,split6,"V109A,C110R",0.2845849802371542,0.638522354388141
RF-esm,GATA1,split6,V158A,0.2845849802371542,0.679280954299308
RF-esm,GATA1,split6,V291A,0.6996047430830039,0.7695188198120787
RF-esm,GATA1,split6,V32A,0.44664031620553357,0.731084864441597
RF-esm,GATA1,split6,"V32A,F33P",0.08300395256916993,0.4941798488575851
RF-esm,GATA1,split6,"V336A,V337A",0.35573122529644263,0.646095409580922
RF-esm,GATA1,split6,"V371A,L372P",0.7035573122529644,0.7538060977674856
RF-esm,GATA1,split6,"Y185H,S186P",0.9683794466403162,0.7852637174099864
RF-esm,GATA1,split6,Y285C,0.07114624505928857,0.5386001550820696
RF-esm,GATA1,split6,Y62C,0.7786561264822134,0.7647592697847946
RF-esm,GATA1,split6,Y62H,0.09090909090909094,0.5284625526976058
RF-esm,GATA1,split6,Y78H,0.3754940711462451,0.6718510554721941
RF-esm,GATA1,split6,Y93H,0.5019762845849802,0.7099276367967149
RF-esm,JAK1,split1,E762K,0.43999999999999995,0.8568697555003664
RF-esm,JAK1,split1,"G1068E,G1068R",0.72,0.8938587207681069
RF-esm,JAK1,split1,"G887R,G887E",0.64,0.8714364327632806
RF-esm,JAK1,split1,"P1118L,P1118S,P1121S",0.040000000000000036,0.12382082801972383
RF-esm,JAK1,split1,Q387*,0.56,0.8715198790113733
RF-esm,JAK1,split1,Q437*,0.28,0.8116556711401358
RF-esm,JAK1,split1,Q572*,0.96,0.9150632575654695
RF-esm,JAK1,split2,D775N,0.43999999999999995,0.7801622104845072
RF-esm,JAK1,split2,E1051K,0.84,0.8460088076954044
RF-esm,JAK1,split2,"E706K,D707N",0.8,0.8511555040130563
RF-esm,JAK1,split2,E762K,0.56,0.792701938478718
RF-esm,JAK1,split2,"G1068E,G1068R",0.76,0.8146237348493158
RF-esm,JAK1,split2,"G590E,G590R",0.48,0.8282891214160896
RF-esm,JAK1,split2,"G887R,G887E",0.6799999999999999,0.8297886971294687
RF-esm,JAK1,split2,"P1118L,P1118S,P1121S",0.12,0.10576576592307445
RF-esm,JAK1,split2,"P1121L,P1121S",0.19999999999999996,0.2657610678318862
RF-esm,JAK1,split2,P761S,0.72,0.825643525019229
RF-esm,JAK1,split2,S1062F,0.92,0.8487651268972642
RF-esm,JAK1,split2,T717I,0.0,-0.09652887419927839
RF-esm,JAK1,split3,D775N,0.24,-0.03654533146060226
RF-esm,JAK1,split3,E1051K,0.19999999999999996,-0.0024332948620792755
RF-esm,JAK1,split3,E447K,0.07999999999999996,-0.04153368336574842
RF-esm,JAK1,split3,E486K,0.64,0.03715088041849089
RF-esm,JAK1,split3,"E706K,D707N",0.6,0.01759855524517152
RF-esm,JAK1,split3,E762K,0.0,-0.07601298014437781
RF-esm,JAK1,split3,"G1068E,G1068R",0.36,-0.007429384710359384
RF-esm,JAK1,split3,"G590E,G590R",0.19999999999999996,-0.004523213356784964
RF-esm,JAK1,split3,"G887R,G887E",0.72,0.11348105297176521
RF-esm,JAK1,split3,P761S,0.52,0.0035643251220928633
RF-esm,JAK1,split3,Q387*,0.48,-0.017040833935663934
RF-esm,JAK1,split3,Q437*,0.19999999999999996,-0.041127944021561495
RF-esm,JAK1,split3,Q499*,0.52,-0.00793794829429665
RF-esm,JAK1,split3,Q545*,0.43999999999999995,-0.01175019457855675
RF-esm,JAK1,split3,Q572*,0.36,-0.010694110151292797
RF-esm,JAK1,split3,R108Q,0.6799999999999999,0.08921790045382243
RF-esm,JAK1,split3,"R549Q,E550K",0.040000000000000036,-0.0379590444138468
RF-esm,JAK1,split3,S1062F,0.4,0.009416418010247438
RF-esm,JAK1,split3,T558I,0.8,0.25116890056333374
RF-esm,JAK1,split5,D775N,0.6799999999999999,0.8910314164889273
RF-esm,JAK1,split5,E486K,0.4,0.8419675167553747
RF-esm,JAK1,split5,E762K,0.56,0.8640413957554386
RF-esm,JAK1,split5,"G590E,G590R",0.6,0.8771566801400794
RF-esm,JAK1,split5,L321F,0.12,0.04243403042414328
RF-esm,JAK1,split5,"P1121L,P1121S",0.19999999999999996,0.17963974193154456
RF-esm,JAK1,split5,P761S,0.76,0.9127275647468441
RF-esm,JAK1,split5,Q387*,0.72,0.9139366572786733
RF-esm,JAK1,split5,Q437*,0.43999999999999995,0.8557785401573113
RF-esm,JAK1,split5,Q499*,0.36,0.842686435801369
RF-esm,JAK1,split5,Q545*,0.31999999999999995,0.8254612212372551
RF-esm,JAK1,split5,R108Q,0.28,0.7989169970250156
RF-esm,JAK1,split5,"R549Q,E550K",0.52,0.861884549276837
RF-esm,JAK1,split5,T717I,0.040000000000000036,-0.08967278085585989
RF-theta,TP53,split1,A159P,0.7731958762886598,0.7973863763745395
RF-theta,TP53,split1,A159V,0.6907216494845361,0.8051511305278122
RF-theta,TP53,split1,C141Y,0.15463917525773196,0.7697718149883341
RF-theta,TP53,split1,C238Y,0.04123711340206182,0.7583681137521916
RF-theta,TP53,split1,G245V,0.35051546391752575,0.7881254525318337
RF-theta,TP53,split1,H179R,0.3608247422680413,0.7832063800042033
RF-theta,TP53,split1,P47S,0.2989690721649485,0.7724012223394441
RF-theta,TP53,split1,P58R,0.0,0.727021411066356
RF-theta,TP53,split1,Q5R,0.27835051546391754,0.7809503092574044
RF-theta,TP53,split1,R175H,0.6288659793814433,0.7980127219333196
RF-theta,TP53,split1,R273H,1.0,0.8371675301941043
RF-theta,TP53,split1,S241C,0.5463917525773196,0.7993464447518432
RF-theta,TP53,split1,S366A,0.19587628865979378,0.7665947446427434
RF-theta,TP53,split1,T312S,0.7938144329896908,0.8069693878846835
RF-theta,TP53,split1,V31I,0.134020618556701,0.7676803188124077
RF-theta,TP53,split1,Y220C,0.4742268041237113,0.7870463288944757
RF-theta,TP53,split2,C238F,0.6804123711340206,0.7876600574929107
RF-theta,TP53,split2,C238Y,0.05154639175257736,0.7561854429329679
RF-theta,TP53,split2,C242F,0.24742268041237114,0.7872535126575902
RF-theta,TP53,split2,C275F,0.020618556701030966,0.7236244805900764
RF-theta,TP53,split2,C275Y,0.030927835051546393,0.7454178994013523
RF-theta,TP53,split2,C277F,0.6597938144329897,0.799629274937776
RF-theta,TP53,split2,E271K,0.5360824742268041,0.7665801996000249
RF-theta,TP53,split2,E285K,0.4020618556701031,0.7624535953481111
RF-theta,TP53,split2,E286K,0.6185567010309279,0.7635256858424904
RF-theta,TP53,split2,E339K,0.030927835051546393,0.7321264331604065
RF-theta,TP53,split2,G244C,0.38144329896907214,0.7619273104993389
RF-theta,TP53,split2,G245C,0.6597938144329897,0.789236001016116
RF-theta,TP53,split2,G245D,0.8969072164948454,0.8151858497828655
RF-theta,TP53,split2,G245S,0.5154639175257731,0.7905766202638994
RF-theta,TP53,split2,G245V,0.4742268041237113,0.7814215702997891
RF-theta,TP53,split2,G266E,0.21649484536082475,0.7744586647596418
RF-theta,TP53,split2,G266R,0.3298969072164949,0.7696220751755911
RF-theta,TP53,split2,G266V,0.7731958762886598,0.794543819189766
RF-theta,TP53,split2,G360V,0.6494845360824743,0.7943219763980502
RF-theta,TP53,split2,L344L,0.9175257731958762,0.8115972256404185
RF-theta,TP53,split2,M237I,0.4329896907216495,0.788434924187074
RF-theta,TP53,split2,M246V,0.5773195876288659,0.7821794755569318
RF-theta,TP53,split2,P222P,0.12371134020618557,0.7607748261353204
RF-theta,TP53,split2,P250L,0.9381443298969072,0.802442842725694
RF-theta,TP53,split2,P278L,0.28865979381443296,0.7644331530471399
RF-theta,TP53,split2,P278S,0.4226804123711341,0.7787286024277021
RF-theta,TP53,split2,P295P,0.7731958762886598,0.8011673795042541
RF-theta,TP53,split2,P301P,0.1649484536082474,0.7682435413427926
RF-theta,TP53,split2,P359P,0.5463917525773196,0.7913256633012623
RF-theta,TP53,split2,R248L,0.07216494845360821,0.7584848359776105
RF-theta,TP53,split2,R248W,0.5360824742268041,0.7998546072505265
RF-theta,TP53,split2,R249M,0.31958762886597936,0.7722700109877393
RF-theta,TP53,split2,R249S,0.21649484536082475,0.7585469347939119
RF-theta,TP53,split2,R273C,0.09278350515463918,0.7643652279450749
RF-theta,TP53,split2,R273H,1.0,0.8377537995346115
RF-theta,TP53,split2,R273L,0.25773195876288657,0.7881492104461647
RF-theta,TP53,split2,R280K,0.5670103092783505,0.7918380907767962
RF-theta,TP53,split2,R280T,0.2680412371134021,0.7743198755776343
RF-theta,TP53,split2,R282W,0.21649484536082475,0.7598946764214011
RF-theta,TP53,split2,R337C,0.030927835051546393,0.759128986144085
RF-theta,TP53,split2,R337L,0.134020618556701,0.7813120119395581
RF-theta,TP53,split2,S241C,0.6082474226804124,0.7994559979348719
RF-theta,TP53,split2,S241F,0.6907216494845361,0.8034689692630227
RF-theta,TP53,split2,S366A,0.24742268041237114,0.7741860786831744
RF-theta,TP53,split2,T312S,0.8762886597938144,0.8046873546697718
RF-theta,TP53,split2,V272L,0.5463917525773196,0.7881535267372062
RF-theta,TP53,split2,V272M,0.4020618556701031,0.7662884168447945
RF-theta,TP53,split2,Y234C,0.6907216494845361,0.7840157221369655
RF-theta,TP53,split2,Y236C,0.8041237113402062,0.79255333627723
RF-theta,TP53,split3,G245C,0.6391752577319587,0.8017619449595476
RF-theta,TP53,split3,G245D,0.9484536082474226,0.8171850925751865
RF-theta,TP53,split3,G245S,0.4742268041237113,0.7953617602434476
RF-theta,TP53,split3,G245V,0.45360824742268047,0.7936387014667476
RF-theta,TP53,split3,R175H,0.5773195876288659,0.7967660315216626
RF-theta,TP53,split3,R249M,0.12371134020618557,0.7711184004740187
RF-theta,TP53,split3,R249S,0.19587628865979378,0.7763429661858234
RF-theta,TP53,split3,R282W,0.12371134020618557,0.77213825429848
RF-theta,TP53,split3,Y220C,0.5051546391752577,0.7938321932076837
RF-theta,TP53,split6,A159P,0.8247422680412371,0.8058264253301631
RF-theta,TP53,split6,A159V,0.711340206185567,0.8056733129706034
RF-theta,TP53,split6,C141Y,0.19587628865979378,0.7740761316441387
RF-theta,TP53,split6,C238Y,0.04123711340206182,0.7638414102400006
RF-theta,TP53,split6,G245V,0.28865979381443296,0.782856327002083
RF-theta,TP53,split6,H179R,0.3298969072164949,0.7807469105615302
RF-theta,TP53,split6,R175H,0.6185567010309279,0.7927443698336865
RF-theta,TP53,split6,R273H,1.0,0.8362172211748705
RF-theta,TP53,split6,S241C,0.5257731958762887,0.799025575110448
RF-theta,TP53,split6,Y220C,0.4226804123711341,0.7838081442131937
RF-theta,KRAS,split1,A146T,0.8681318681318682,0.7415808949811832
RF-theta,KRAS,split1,A146V,0.9120879120879121,0.7503620664189046
RF-theta,KRAS,split1,G12C,0.17582417582417587,0.6627280153760353
RF-theta,KRAS,split1,G12D,0.43956043956043955,0.7210134557272887
RF-theta,KRAS,split1,G12R,0.27472527472527475,0.7044717947407495
RF-theta,KRAS,split1,G12V,0.07692307692307687,0.6719022597991815
RF-theta,KRAS,split1,Q61H,0.8681318681318682,0.7413858105719308
RF-theta,KRAS,split1,Q61L,0.6263736263736264,0.719857121728223
RF-theta,KRAS,split2,A130V,0.6923076923076923,0.7174707357874681
RF-theta,KRAS,split2,A146P,0.5714285714285714,0.7149119504698088
RF-theta,KRAS,split2,A146T,0.8131868131868132,0.7215727852768541
RF-theta,KRAS,split2,A146V,0.9230769230769231,0.741019400937107
RF-theta,KRAS,split2,A155G,0.1648351648351648,0.6604058506456845
RF-theta,KRAS,split2,A66A,0.3076923076923077,0.7097586991588039
RF-theta,KRAS,split2,C118S,0.7032967032967032,0.7087195760916281
RF-theta,KRAS,split2,D119G,0.06593406593406592,0.6875333862718523
RF-theta,KRAS,split2,D173D,0.03296703296703296,0.6927138896293588
RF-theta,KRAS,split2,E63K,0.41758241758241754,0.6795945133069842
RF-theta,KRAS,split2,F141L,0.13186813186813184,0.6529477518407215
RF-theta,KRAS,split2,G75A,0.08791208791208793,0.6801337481176148
RF-theta,KRAS,split2,G77A,0.31868131868131866,0.6759780968293961
RF-theta,KRAS,split2,I163S,0.46153846153846156,0.650441183522474
RF-theta,KRAS,split2,K117N,0.29670329670329665,0.6911431992195495
RF-theta,KRAS,split2,K117R,0.4945054945054945,0.7040727690903312
RF-theta,KRAS,split2,K147N,0.3076923076923077,0.6954720714366892
RF-theta,KRAS,split2,K147T,0.02197802197802201,0.6858817322631716
RF-theta,KRAS,split2,K169K,0.8461538461538461,0.7338895857074169
RF-theta,KRAS,split2,K176Q,0.6813186813186813,0.7066365083078754
RF-theta,KRAS,split2,K178K,0.6813186813186813,0.7226204509627926
RF-theta,KRAS,split2,K88K,0.1428571428571429,0.688362506029378
RF-theta,KRAS,split2,L159S,0.8021978021978022,0.7185425977531331
RF-theta,KRAS,split2,L79I,0.48351648351648346,0.6709924889731503
RF-theta,KRAS,split2,M111L,0.06593406593406592,0.6758260016565578
RF-theta,KRAS,split2,P110S,0.4285714285714286,0.6709665100126129
RF-theta,KRAS,split2,Q99E,0.37362637362637363,0.6873980934309585
RF-theta,KRAS,split2,R135T,0.7032967032967032,0.7212151618337427
RF-theta,KRAS,split2,R149K,0.39560439560439564,0.6639823381857063
RF-theta,KRAS,split2,R164Q,0.5274725274725275,0.7037054074137684
RF-theta,KRAS,split2,R68S,0.17582417582417587,0.6794934386592645
RF-theta,KRAS,split2,S136N,0.8461538461538461,0.7153195824382577
RF-theta,KRAS,split2,T127T,0.18681318681318682,0.6877939985300582
RF-theta,KRAS,split2,T144P,0.3516483516483516,0.6392197520401909
RF-theta,KRAS,split2,T144T,0.27472527472527475,0.7094778189835912
RF-theta,KRAS,split2,T158A,0.13186813186813184,0.6871363475607766
RF-theta,KRAS,split2,T158T,0.19780219780219777,0.7012188280690254
RF-theta,KRAS,split2,T74A,0.8351648351648352,0.7264241220725325
RF-theta,KRAS,split2,T74T,0.29670329670329665,0.6991524950783957
RF-theta,KRAS,split2,V112I,0.6263736263736264,0.6914163836410582
RF-theta,KRAS,split2,Y166H,0.8901098901098901,0.7360077706306355
RF-theta,KRAS,split3,A146P,0.5274725274725275,0.715940630845273
RF-theta,KRAS,split3,A146T,0.6153846153846154,0.7198829992060811
RF-theta,KRAS,split3,A146V,0.7692307692307692,0.7325495051903778
RF-theta,KRAS,split3,G12A,0.18681318681318682,0.6884804504371655
RF-theta,KRAS,split3,G12C,0.19780219780219777,0.6854914119424229
RF-theta,KRAS,split3,G12S,0.8681318681318682,0.7349106243476998
RF-theta,KRAS,split3,G13C,0.6593406593406593,0.7260990555383707
RF-theta,KRAS,split3,K117R,0.6043956043956045,0.718865358271923
RF-theta,KRAS,split3,Q61H,0.9230769230769231,0.7428730080262901
RF-theta,KRAS,split3,Q61P,0.15384615384615385,0.6831135389281676
RF-theta,KRAS,split6,A146T,0.8681318681318682,0.7415808949811832
RF-theta,KRAS,split6,A146V,0.9120879120879121,0.7503620664189046
RF-theta,KRAS,split6,G12C,0.17582417582417587,0.6627280153760353
RF-theta,KRAS,split6,G12D,0.43956043956043955,0.7210134557272887
RF-theta,KRAS,split6,G12R,0.27472527472527475,0.7044717947407495
RF-theta,KRAS,split6,G12V,0.07692307692307687,0.6719022597991815
RF-theta,KRAS,split6,Q61H,0.8681318681318682,0.7413858105719308
RF-theta,KRAS,split6,Q61L,0.6263736263736264,0.719857121728223
RF-theta,GATA1,split1,C199R,0.7509881422924901,0.7342354431349386
RF-theta,GATA1,split1,C207R,0.43873517786561267,0.5591231067608653
RF-theta,GATA1,split1,C225R,0.27667984189723316,0.5887015039238709
RF-theta,GATA1,split1,E114G,0.25296442687747034,0.5895988295512444
RF-theta,GATA1,split1,E200G,0.4940711462450593,0.687482512240751
RF-theta,GATA1,split1,E328G,0.37944664031620556,0.6953227398925419
RF-theta,GATA1,split1,E348G,0.8893280632411067,0.7839007146205518
RF-theta,GATA1,split1,F172P,0.26877470355731226,0.5453496170288453
RF-theta,GATA1,split1,H222R,0.031620553359683834,0.39227544666596187
RF-theta,GATA1,split1,"I249T,V250A",0.22529644268774707,0.6354953072367022
RF-theta,GATA1,split1,I87T,0.09090909090909094,0.5284629424001483
RF-theta,GATA1,split1,"K100G,T101A",0.17786561264822132,0.5541827166746072
RF-theta,GATA1,split1,K137E,0.37154150197628455,0.6906509998281019
RF-theta,GATA1,split1,K287G,0.7747035573122529,0.41665823909066474
RF-theta,GATA1,split1,"K299R,D300G",0.8537549407114624,0.7639389826748588
RF-theta,GATA1,split1,K312R,0.26877470355731226,0.5400591288996092
RF-theta,GATA1,split1,L146P,0.7312252964426877,0.7674668412468921
RF-theta,GATA1,split1,L190P,0.4861660079051383,0.7554526986809178
RF-theta,GATA1,split1,L224P,0.035573122529644285,0.40946739888138967
RF-theta,GATA1,split1,L355P,0.9051383399209486,0.7824712260269545
RF-theta,GATA1,split1,L363P,0.20158102766798414,0.6457942497272131
RF-theta,GATA1,split1,L387P,0.691699604743083,0.7188600188237745
RF-theta,GATA1,split1,L6P,0.8932806324110671,0.7849067645580119
RF-theta,GATA1,split1,M1V,0.6877470355731226,0.7472758091771775
RF-theta,GATA1,split1,M335V,0.8063241106719368,0.7543989673398492
RF-theta,GATA1,split1,"N238G,R239G",0.8853754940711462,0.7486627219986651
RF-theta,GATA1,split1,Q257R,0.5533596837944664,0.720214755761925
RF-theta,GATA1,split1,R271G,0.6205533596837944,0.6120244822573903
RF-theta,GATA1,split1,S155P,0.6640316205533596,0.752308061563647
RF-theta,GATA1,split1,S161G,0.5296442687747036,0.7146984695111154
RF-theta,GATA1,split1,S174P,0.055335968379446654,0.39849516829942466
RF-theta,GATA1,split1,S178G,0.9960474308300395,0.7971118003116482
RF-theta,GATA1,split1,S310P,0.8379446640316206,0.7688346653066988
RF-theta,GATA1,split1,S393P,0.8221343873517787,0.7725846022070765
RF-theta,GATA1,split1,S72P,0.4782608695652174,0.6830460909755667
RF-theta,GATA1,split1,T256A,0.8893280632411067,0.7634787657722581
RF-theta,GATA1,split1,T264A,0.2806324110671937,0.6504421744605936
RF-theta,GATA1,split1,T324A,0.3596837944664032,0.6681885183041835
RF-theta,GATA1,split1,T391A,0.18577075098814233,0.6300681615974533
RF-theta,GATA1,split1,"V109A,C110R",0.26086956521739135,0.6282947591411797
RF-theta,GATA1,split1,V158A,0.308300395256917,0.6851485114555215
RF-theta,GATA1,split1,V291A,0.7193675889328064,0.7714722163854533
RF-theta,GATA1,split1,V32A,0.48221343873517786,0.7327415768874652
RF-theta,GATA1,split1,"V32A,F33P",0.08300395256916993,0.4586178115610051
RF-theta,GATA1,split1,"V336A,V337A",0.35573122529644263,0.6260580378959543
RF-theta,GATA1,split1,"V371A,L372P",0.7114624505928854,0.7521965769292178
RF-theta,GATA1,split1,"Y185H,S186P",0.9011857707509882,0.7575939225069415
RF-theta,GATA1,split1,Y285C,0.8853754940711462,0.4683258286584826
RF-theta,GATA1,split1,Y62C,0.782608695652174,0.6669882112330057
RF-theta,GATA1,split1,Y62H,0.09486166007905139,0.5355857890450334
RF-theta,GATA1,split1,Y78H,0.32015810276679846,0.632690198690094
RF-theta,GATA1,split1,Y93H,0.5691699604743083,0.7346170854051067
RF-theta,GATA1,split2,C204R,0.01976284584980237,0.3533288993971014
RF-theta,GATA1,split2,"C204R,V205A",0.7075098814229249,0.6829958009633625
RF-theta,GATA1,split2,C207R,0.007905138339920903,0.43345614947295
RF-theta,GATA1,split2,C225R,0.7984189723320159,0.7553647028137405
RF-theta,GATA1,split2,C228R,0.8379446640316206,0.7425834434094368
RF-theta,GATA1,split2,C258R,0.3438735177865613,0.6368776463878859
RF-theta,GATA1,split2,C261R,0.17391304347826086,0.5495725409081936
RF-theta,GATA1,split2,C346R,0.45849802371541504,0.6786907744370457
RF-theta,GATA1,split2,D276G,0.5138339920948616,0.6953866221054419
RF-theta,GATA1,split2,E328G,0.3675889328063241,0.6651837102606323
RF-theta,GATA1,split2,E348G,0.9723320158102767,0.769997479767744
RF-theta,GATA1,split2,F382S,0.07114624505928857,0.46381044496319024
RF-theta,GATA1,split2,F394P,0.7747035573122529,0.731648502932988
RF-theta,GATA1,split2,H222R,0.04743083003952564,0.449862774218407
RF-theta,GATA1,split2,"H222R,Y223C",0.6996047430830039,0.7382697403637869
RF-theta,GATA1,split2,"H232R,K233E",0.13043478260869568,0.5563781559653717
RF-theta,GATA1,split2,H289R,0.7707509881422925,0.7353276243933762
RF-theta,GATA1,split2,H362R,0.4703557312252964,0.7203255696896743
RF-theta,GATA1,split2,H378R,0.18577075098814233,0.6230021843223121
RF-theta,GATA1,split2,I242T,0.01976284584980237,0.33160684985908456
RF-theta,GATA1,split2,I242V,0.43083003952569165,0.7060434016566809
RF-theta,GATA1,split2,I249T,0.4782608695652174,0.6720571465013481
RF-theta,GATA1,split2,"I249T,V250A",0.23320158102766797,0.6449515022774592
RF-theta,GATA1,split2,I249V,0.5296442687747036,0.7148905659057002
RF-theta,GATA1,split2,I302T,0.0513833992094862,0.46970604787936415
RF-theta,GATA1,split2,I302V,0.13043478260869568,0.5611528166809089
RF-theta,GATA1,split2,"K233R,M234V",0.5968379446640316,0.7251735908745328
RF-theta,GATA1,split2,K245G,0.48221343873517786,0.4753095428267126
RF-theta,GATA1,split2,K252G,0.2648221343873518,0.48371552595799466
RF-theta,GATA1,split2,K252R,0.7035573122529644,0.5972966262800143
RF-theta,GATA1,split2,K287G,0.841897233201581,0.5740882880917106
RF-theta,GATA1,split2,K299E,0.6007905138339921,0.7016639407890332
RF-theta,GATA1,split2,"K299R,D300G",0.7628458498023716,0.7369856242188239
RF-theta,GATA1,split2,K308G,0.7075098814229249,0.5796940786504561
RF-theta,GATA1,split2,K312G,0.8458498023715415,0.5748183521906629
RF-theta,GATA1,split2,K312R,0.47430830039525695,0.5546416677226952
RF-theta,GATA1,split2,"K314R,K315G",0.15810276679841895,0.54921295028552
RF-theta,GATA1,split2,K316G,0.09486166007905139,0.4277160256397017
RF-theta,GATA1,split2,K316R,0.3913043478260869,0.6715228093782719
RF-theta,GATA1,split2,"L214P,W215R",0.5217391304347826,0.6967750825980475
RF-theta,GATA1,split2,L224P,0.059288537549407105,0.5436539066422962
RF-theta,GATA1,split2,"L230P,Y231H",0.31225296442687744,0.6356795303632146
RF-theta,GATA1,split2,L248P,0.5731225296442688,0.7129745582478293
RF-theta,GATA1,split2,"L268P,W269R",0.9051383399209486,0.7431066378915344
RF-theta,GATA1,split2,"L284P,Y285H",0.0,0.1651520340294385
RF-theta,GATA1,split2,L288P,0.4980237154150198,0.7164732674808989
RF-theta,GATA1,split2,L295P,0.5138339920948616,0.6985566667540423
RF-theta,GATA1,split2,L355P,0.7905138339920948,0.7624851273011708
RF-theta,GATA1,split2,L363P,0.20948616600790515,0.650224533678317
RF-theta,GATA1,split2,"L363P,Y364H",0.308300395256917,0.6555169052054675
RF-theta,GATA1,split2,L367P,0.6126482213438735,0.7492165685007689
RF-theta,GATA1,split2,"L372P,S373P",0.5138339920948616,0.7207762376139714
RF-theta,GATA1,split2,L379P,0.5217391304347826,0.7197012578714722
RF-theta,GATA1,split2,L386P,0.8181818181818181,0.724442790699222
RF-theta,GATA1,split2,"L386P,L387P",0.5256916996047432,0.7140673195056682
RF-theta,GATA1,split2,L387P,0.5375494071146245,0.6669096805575536
RF-theta,GATA1,split2,L411P,0.9090909090909091,0.7736616730241836
RF-theta,GATA1,split2,M234T,0.5691699604743083,0.713347728302963
RF-theta,GATA1,split2,"M234V,N235D",0.6086956521739131,0.6992666994665311
RF-theta,GATA1,split2,M297T,0.308300395256917,0.6603355235252863
RF-theta,GATA1,split2,M335T,0.24505928853754944,0.5972046186134133
RF-theta,GATA1,split2,"M335T,V336A",0.36363636363636365,0.6420315631315612
RF-theta,GATA1,split2,M335V,0.8458498023715415,0.7456152446103681
RF-theta,GATA1,split2,M380T,0.5928853754940712,0.7454969263003269
RF-theta,GATA1,split2,M399T,0.6719367588932806,0.7361258426434693
RF-theta,GATA1,split2,M399V,0.8577075098814229,0.7449082946724681
RF-theta,GATA1,split2,N206G,0.5217391304347826,0.7231338813625975
RF-theta,GATA1,split2,"N238G,R239G",0.5849802371541502,0.6972466556239653
RF-theta,GATA1,split2,N272G,0.5652173913043479,0.7159861931444802
RF-theta,GATA1,split2,N292G,0.13043478260869568,0.5099067224844105
RF-theta,GATA1,split2,N292S,0.9407114624505929,0.7400423163812162
RF-theta,GATA1,split2,N306G,0.6363636363636364,0.760807074597739
RF-theta,GATA1,split2,N345D,0.7707509881422925,0.7072385096584335
RF-theta,GATA1,split2,N345G,0.9486166007905138,0.8081390848763716
RF-theta,GATA1,split2,"Q237R,N238G",0.3241106719367589,0.6437387355872006
RF-theta,GATA1,split2,Q257R,0.6956521739130435,0.7201934720059424
RF-theta,GATA1,split2,"Q303R,T304A",0.5019762845849802,0.7072504741349678
RF-theta,GATA1,split2,Q365R,0.9407114624505929,0.7669358408838977
RF-theta,GATA1,split2,R271G,0.8260869565217391,0.5685049469287028
RF-theta,GATA1,split2,S274G,0.5217391304347826,0.7103340187602045
RF-theta,GATA1,split2,S310P,0.7035573122529644,0.733114240195517
RF-theta,GATA1,split2,S320G,0.3399209486166008,0.6765992020937143
RF-theta,GATA1,split2,S341G,0.7865612648221344,0.7519210932357822
RF-theta,GATA1,split2,S343G,0.5612648221343873,0.720421835697719
RF-theta,GATA1,split2,S389P,0.849802371541502,0.776563027970208
RF-theta,GATA1,split2,S393P,0.8774703557312253,0.7737870755525466
RF-theta,GATA1,split2,S412G,0.15810276679841895,0.6039470961934773
RF-theta,GATA1,split2,T210A,0.6956521739130435,0.7080798953760018
RF-theta,GATA1,split2,T212A,0.9407114624505929,0.7407668403528678
RF-theta,GATA1,split2,T220A,0.32015810276679846,0.5715448287098985
RF-theta,GATA1,split2,T256A,0.450592885375494,0.6825625788389162
RF-theta,GATA1,split2,T259A,0.9051383399209486,0.7352483200550135
RF-theta,GATA1,split2,"T263A,T264A",0.055335968379446654,0.4301785863302961
RF-theta,GATA1,split2,T264A,0.308300395256917,0.6466862466250946
RF-theta,GATA1,split2,"T264A,T265A",0.7193675889328064,0.6440762195484316
RF-theta,GATA1,split2,T265A,0.4189723320158103,0.5863515463447333
RF-theta,GATA1,split2,"T265A,T266A",0.8102766798418972,0.7180664198351847
RF-theta,GATA1,split2,T266A,0.7193675889328064,0.7079994160165343
RF-theta,GATA1,split2,T267A,0.47430830039525695,0.6957014332757522
RF-theta,GATA1,split2,T296A,0.2569169960474308,0.6710988414560265
RF-theta,GATA1,split2,T324A,0.24110671936758898,0.6181719431169214
RF-theta,GATA1,split2,T354A,0.8972332015810277,0.7505621619138001
RF-theta,GATA1,split2,T360A,0.3162055335968379,0.645245157821318
RF-theta,GATA1,split2,T391A,0.20158102766798414,0.6346510706210203
RF-theta,GATA1,split2,T402A,0.5770750988142292,0.7053153907717061
RF-theta,GATA1,split2,"T402A,T403A",0.9644268774703557,0.7595644014622783
RF-theta,GATA1,split2,"T403A,S404G",0.8774703557312253,0.7666063974080888
RF-theta,GATA1,split2,"T405A,T406A",0.7312252964426877,0.726687783828497
RF-theta,GATA1,split2,V250A,0.3399209486166008,0.6468061693488926
RF-theta,GATA1,split2,"V278A,C279R",0.5019762845849802,0.6459697839655686
RF-theta,GATA1,split2,V291A,0.7154150197628458,0.7501811455940797
RF-theta,GATA1,split2,"V336A,V337A",0.3003952569169961,0.601465897496873
RF-theta,GATA1,split2,V349A,0.10671936758893286,0.5283850972907685
RF-theta,GATA1,split2,V370A,0.7628458498023716,0.7526993232679108
RF-theta,GATA1,split2,"V371A,L372P",0.7430830039525691,0.7444336752039182
RF-theta,GATA1,split2,V407A,0.8300395256916996,0.7739015410672241
RF-theta,GATA1,split2,"V407A,V408A",0.47430830039525695,0.6851283708753566
RF-theta,GATA1,split2,V408A,0.22529644268774707,0.6035968411685012
RF-theta,GATA1,split2,W215R,0.6996047430830039,0.7452738223741013
RF-theta,GATA1,split2,W269R,0.5731225296442688,0.7070493231724683
RF-theta,GATA1,split2,Y223C,0.9802371541501976,0.7771774210873087
RF-theta,GATA1,split2,Y231C,0.3320158102766798,0.6485621593432483
RF-theta,GATA1,split2,Y285C,0.059288537549407105,0.5027052392515644
RF-theta,GATA1,split2,"Y285C,Y286C",0.011857707509881465,0.36022435728843444
RF-theta,GATA1,split2,"Y286C,K287E",0.5810276679841897,0.6964690392182203
RF-theta,GATA1,split2,Y286H,0.07509881422924902,0.5296726718320519
RF-theta,GATA1,split2,"Y364C,Q365R",0.383399209486166,0.7053774292897653
RF-theta,GATA1,split3,C204R,0.015810276679841917,0.2636449077309013
RF-theta,GATA1,split3,"C204R,V205A",0.7588932806324111,0.7329918232547777
RF-theta,GATA1,split3,C207R,0.5138339920948616,0.5251772409928979
RF-theta,GATA1,split3,C225R,0.9960474308300395,0.8273299285032801
RF-theta,GATA1,split3,C228R,0.6561264822134387,0.7397887086258322
RF-theta,GATA1,split3,C258R,0.25296442687747034,0.595149165832428
RF-theta,GATA1,split3,C261R,0.19367588932806323,0.5139694740115736
RF-theta,GATA1,split3,D276G,0.5138339920948616,0.6943128567143244
RF-theta,GATA1,split3,H222R,0.02766798418972327,0.31322558218835267
RF-theta,GATA1,split3,"H222R,Y223C",0.5731225296442688,0.7351228637453663
RF-theta,GATA1,split3,"L214P,W215R",0.6719367588932806,0.7434932727103368
RF-theta,GATA1,split3,L224P,0.031620553359683834,0.3855979435265096
RF-theta,GATA1,split3,"L268P,W269R",0.9604743083003953,0.8076358532513684
RF-theta,GATA1,split3,N206G,0.45849802371541504,0.705057739173718
RF-theta,GATA1,split3,N272G,0.8260869565217391,0.7485214665321533
RF-theta,GATA1,split3,R271G,0.7549407114624506,0.614528799350294
RF-theta,GATA1,split3,S274G,0.44664031620553357,0.6980833040490019
RF-theta,GATA1,split3,T210A,0.7391304347826086,0.7410638088958976
RF-theta,GATA1,split3,T212A,0.7905138339920948,0.7700527156310035
RF-theta,GATA1,split3,T220A,0.15019762845849804,0.5444847971818724
RF-theta,GATA1,split3,T259A,0.616600790513834,0.7358818229107015
RF-theta,GATA1,split3,"T263A,T264A",0.10671936758893286,0.5875455183921494
RF-theta,GATA1,split3,T264A,0.3003952569169961,0.6622623299281623
RF-theta,GATA1,split3,"T264A,T265A",0.4347826086956522,0.6376273106621936
RF-theta,GATA1,split3,T265A,0.541501976284585,0.6527138872074809
RF-theta,GATA1,split3,"T265A,T266A",0.841897233201581,0.76762519235745
RF-theta,GATA1,split3,T266A,0.6798418972332017,0.7519776296778983
RF-theta,GATA1,split3,T267A,0.849802371541502,0.762153124890854
RF-theta,GATA1,split3,"V278A,C279R",0.3754940711462451,0.6457974409323044
RF-theta,GATA1,split3,W215R,0.8893280632411067,0.7810664800164986
RF-theta,GATA1,split3,W269R,0.6956521739130435,0.7463238827823734
RF-theta,GATA1,split3,Y223C,0.8616600790513834,0.7203237945569254
RF-theta,GATA1,split5,C346R,0.4268774703557312,0.6752455270987832
RF-theta,GATA1,split5,E114G,0.2648221343873518,0.5919033043719888
RF-theta,GATA1,split5,"E114G,D115G",0.25296442687747034,0.5624102422060202
RF-theta,GATA1,split5,E134G,0.12252964426877466,0.5137177628042381
RF-theta,GATA1,split5,E13G,0.4980237154150198,0.6762608837979579
RF-theta,GATA1,split5,F168P,0.383399209486166,0.6487425062055976
RF-theta,GATA1,split5,F172L,0.7035573122529644,0.7372425142755991
RF-theta,GATA1,split5,"F172S,F173P",0.37944664031620556,0.6380914800302986
RF-theta,GATA1,split5,"F33P,F34P",0.06719367588932801,0.39115129348394473
RF-theta,GATA1,split5,F3L,0.06719367588932801,0.5439029155956165
RF-theta,GATA1,split5,H222R,0.5098814229249011,0.6839407004279734
RF-theta,GATA1,split5,I249T,0.08695652173913049,0.33381845422403883
RF-theta,GATA1,split5,I302V,0.27667984189723316,0.6070845354701843
RF-theta,GATA1,split5,"K100G,T101A",0.14229249011857703,0.5389412062687641
RF-theta,GATA1,split5,K245G,0.3438735177865613,0.5545148314503349
RF-theta,GATA1,split5,K252R,0.26086956521739135,0.6082973802194969
RF-theta,GATA1,split5,K287G,0.4624505928853755,0.5984109208554484
RF-theta,GATA1,split5,K312G,0.450592885375494,0.6002118302490784
RF-theta,GATA1,split5,K312R,0.1699604743083004,0.5589618145818294
RF-theta,GATA1,split5,"K314R,K315G",0.12648221343873522,0.5431717596432539
RF-theta,GATA1,split5,L136S,0.03952569169960474,0.40451669471529417
RF-theta,GATA1,split5,L141P,0.3003952569169961,0.6423303158467892
RF-theta,GATA1,split5,L196P,0.308300395256917,0.615303455542602
RF-theta,GATA1,split5,"L284P,Y285H",0.007905138339920903,0.3135940027329713
RF-theta,GATA1,split5,"L386P,L387P",0.5098814229249011,0.7142547519997053
RF-theta,GATA1,split5,L80P,0.18972332015810278,0.5778579740444899
RF-theta,GATA1,split5,M335T,0.30434782608695654,0.6281768801907823
RF-theta,GATA1,split5,N160D,0.0513833992094862,0.47762490031312616
RF-theta,GATA1,split5,"Q237R,N238G",0.4624505928853755,0.6810516590057861
RF-theta,GATA1,split5,S12P,0.11067193675889331,0.5128989805231868
RF-theta,GATA1,split5,S142G,0.21739130434782605,0.6195649611731887
RF-theta,GATA1,split5,S174P,0.08695652173913049,0.4499548298926847
RF-theta,GATA1,split5,S186P,0.20158102766798414,0.6351592096502072
RF-theta,GATA1,split5,S36P,0.0,0.17648774681399212
RF-theta,GATA1,split5,S46P,0.12648221343873522,0.5033050622179595
RF-theta,GATA1,split5,T171A,0.13833992094861658,0.5189591729027576
RF-theta,GATA1,split5,T220A,0.2569169960474308,0.5820962770157133
RF-theta,GATA1,split5,V250A,0.2964426877470355,0.6191303646161823
RF-theta,GATA1,split5,"V278A,C279R",0.5059288537549407,0.6752495150145873
RF-theta,GATA1,split5,"V32A,F33P",0.09090909090909094,0.5113124812488821
RF-theta,GATA1,split5,"V336A,V337A",0.33596837944664026,0.6212056445576325
RF-theta,GATA1,split5,Y285C,0.16600790513833996,0.5616419634736345
RF-theta,GATA1,split5,"Y285C,Y286C",0.011857707509881465,0.432216620979206
RF-theta,GATA1,split5,Y286H,0.07114624505928857,0.5049435859706475
RF-theta,GATA1,split5,Y69H,0.25296442687747034,0.6013953785673181
RF-theta,GATA1,split6,C199R,0.7509881422924901,0.7342354431349386
RF-theta,GATA1,split6,C207R,0.43873517786561267,0.5591231067608653
RF-theta,GATA1,split6,C225R,0.27667984189723316,0.5887015039238709
RF-theta,GATA1,split6,E114G,0.25296442687747034,0.5895988295512444
RF-theta,GATA1,split6,E200G,0.4940711462450593,0.687482512240751
RF-theta,GATA1,split6,E328G,0.37944664031620556,0.6953227398925419
RF-theta,GATA1,split6,E348G,0.8893280632411067,0.7839007146205518
RF-theta,GATA1,split6,F172P,0.26877470355731226,0.5453496170288453
RF-theta,GATA1,split6,H222R,0.031620553359683834,0.39227544666596187
RF-theta,GATA1,split6,"I249T,V250A",0.22529644268774707,0.6354953072367022
RF-theta,GATA1,split6,I87T,0.09090909090909094,0.5284629424001483
RF-theta,GATA1,split6,"K100G,T101A",0.17786561264822132,0.5541827166746072
RF-theta,GATA1,split6,K137E,0.37154150197628455,0.6906509998281019
RF-theta,GATA1,split6,K287G,0.7747035573122529,0.41665823909066474
RF-theta,GATA1,split6,"K299R,D300G",0.8537549407114624,0.7639389826748588
RF-theta,GATA1,split6,K312R,0.26877470355731226,0.5400591288996092
RF-theta,GATA1,split6,L146P,0.7312252964426877,0.7674668412468921
RF-theta,GATA1,split6,L190P,0.4861660079051383,0.7554526986809178
RF-theta,GATA1,split6,L224P,0.035573122529644285,0.40946739888138967
RF-theta,GATA1,split6,L355P,0.9051383399209486,0.7824712260269545
RF-theta,GATA1,split6,L363P,0.20158102766798414,0.6457942497272131
RF-theta,GATA1,split6,L387P,0.691699604743083,0.7188600188237745
RF-theta,GATA1,split6,L6P,0.8932806324110671,0.7849067645580119
RF-theta,GATA1,split6,M1V,0.6877470355731226,0.7472758091771775
RF-theta,GATA1,split6,M335V,0.8063241106719368,0.7543989673398492
RF-theta,GATA1,split6,"N238G,R239G",0.8853754940711462,0.7486627219986651
RF-theta,GATA1,split6,Q257R,0.5533596837944664,0.720214755761925
RF-theta,GATA1,split6,R271G,0.6205533596837944,0.6120244822573903
RF-theta,GATA1,split6,S155P,0.6640316205533596,0.752308061563647
RF-theta,GATA1,split6,S161G,0.5296442687747036,0.7146984695111154
RF-theta,GATA1,split6,S174P,0.055335968379446654,0.39849516829942466
RF-theta,GATA1,split6,S178G,0.9960474308300395,0.7971118003116482
RF-theta,GATA1,split6,S310P,0.8379446640316206,0.7688346653066988
RF-theta,GATA1,split6,S393P,0.8221343873517787,0.7725846022070765
RF-theta,GATA1,split6,S72P,0.4782608695652174,0.6830460909755667
RF-theta,GATA1,split6,T256A,0.8893280632411067,0.7634787657722581
RF-theta,GATA1,split6,T264A,0.2806324110671937,0.6504421744605936
RF-theta,GATA1,split6,T324A,0.3596837944664032,0.6681885183041835
RF-theta,GATA1,split6,T391A,0.18577075098814233,0.6300681615974533
RF-theta,GATA1,split6,"V109A,C110R",0.26086956521739135,0.6282947591411797
RF-theta,GATA1,split6,V158A,0.308300395256917,0.6851485114555215
RF-theta,GATA1,split6,V291A,0.7193675889328064,0.7714722163854533
RF-theta,GATA1,split6,V32A,0.48221343873517786,0.7327415768874652
RF-theta,GATA1,split6,"V32A,F33P",0.08300395256916993,0.4586178115610051
RF-theta,GATA1,split6,"V336A,V337A",0.35573122529644263,0.6260580378959543
RF-theta,GATA1,split6,"V371A,L372P",0.7114624505928854,0.7521965769292178
RF-theta,GATA1,split6,"Y185H,S186P",0.9011857707509882,0.7575939225069415
RF-theta,GATA1,split6,Y285C,0.8853754940711462,0.4683258286584826
RF-theta,GATA1,split6,Y62C,0.782608695652174,0.6669882112330057
RF-theta,GATA1,split6,Y62H,0.09486166007905139,0.5355857890450334
RF-theta,GATA1,split6,Y78H,0.32015810276679846,0.632690198690094
RF-theta,GATA1,split6,Y93H,0.5691699604743083,0.7346170854051067
RF-theta,JAK1,split1,E762K,0.52,0.877878418835987
RF-theta,JAK1,split1,"G1068E,G1068R",0.8,0.9520928506194011
RF-theta,JAK1,split1,"G887R,G887E",0.6,0.8844824824417653
RF-theta,JAK1,split1,"P1118L,P1118S,P1121S",0.43999999999999995,0.15121214824213602
RF-theta,JAK1,split1,Q387*,0.6,0.8533144648793716
RF-theta,JAK1,split1,Q437*,0.36,0.8075173347048755
RF-theta,JAK1,split1,Q572*,0.96,0.9161616191897232
RF-theta,JAK1,split1,splice_64850911,0.4,0.8144136976223522
RF-theta,JAK1,split1,syn_N357,0.0,-0.08998592816968992
RF-theta,JAK1,split2,D775N,0.64,0.9049376684504085
RF-theta,JAK1,split2,E1051K,0.88,0.9584555148025111
RF-theta,JAK1,split2,"E706K,D707N",0.88,0.9501975842299861
RF-theta,JAK1,split2,E762K,0.52,0.8738479925961686
RF-theta,JAK1,split2,"G1068E,G1068R",0.8,0.9427550881246329
RF-theta,JAK1,split2,"G590E,G590R",0.64,0.8933341951095137
RF-theta,JAK1,split2,"G887R,G887E",0.43999999999999995,0.8775074870607698
RF-theta,JAK1,split2,"P1118L,P1118S,P1121S",0.0,0.19856117551723818
RF-theta,JAK1,split2,"P1121L,P1121S",0.43999999999999995,0.43873762923322496
RF-theta,JAK1,split2,P761S,0.76,0.9178595796997713
RF-theta,JAK1,split2,S1062F,0.96,0.891603027895103
RF-theta,JAK1,split2,T717I,0.8,0.25835346572768975
RF-theta,JAK1,split2,splice_64850911,0.36,0.8545092874631973
RF-theta,JAK1,split3,D775N,0.56,-0.025273759391838554
RF-theta,JAK1,split3,E1051K,0.16000000000000003,0.014838719180366347
RF-theta,JAK1,split3,E447K,0.19999999999999996,-0.025296537667269862
RF-theta,JAK1,split3,E486K,0.64,-0.02413431442524513
RF-theta,JAK1,split3,"E706K,D707N",0.48,-0.015064658841514145
RF-theta,JAK1,split3,E762K,0.0,-0.07059677851038121
RF-theta,JAK1,split3,"G1068E,G1068R",0.28,-0.052922840160766045
RF-theta,JAK1,split3,"G590E,G590R",0.12,-0.09943809824098672
RF-theta,JAK1,split3,"G887R,G887E",0.6799999999999999,0.07242169003175233
RF-theta,JAK1,split3,P761S,0.4,-0.05735115789287803
RF-theta,JAK1,split3,Q387*,0.52,-0.0018564426301755487
RF-theta,JAK1,split3,Q437*,0.6,0.017158039500132553
RF-theta,JAK1,split3,Q499*,0.36,-0.008329171955011917
RF-theta,JAK1,split3,Q545*,0.28,-0.016243459073214044
RF-theta,JAK1,split3,Q572*,0.12,-0.030981412347619332
RF-theta,JAK1,split3,R108Q,0.6799999999999999,0.012018547939386016
RF-theta,JAK1,split3,"R549Q,E550K",0.07999999999999996,-0.09835213743151995
RF-theta,JAK1,split3,S1062F,0.36,-0.023411643524903488
RF-theta,JAK1,split3,T558I,0.8,0.04623642713711573
RF-theta,JAK1,split3,splice_64850911,0.040000000000000036,-0.045113082456757166
RF-theta,JAK1,split5,D775N,0.6799999999999999,0.9124685575120477
RF-theta,JAK1,split5,E486K,0.4,0.837292745854521
RF-theta,JAK1,split5,E762K,0.6,0.8797890766480738
RF-theta,JAK1,split5,"G590E,G590R",0.6,0.895231777907459
RF-theta,JAK1,split5,L321F,0.12,0.057971671851683976
RF-theta,JAK1,split5,"P1121L,P1121S",0.19999999999999996,0.19636821318505182
RF-theta,JAK1,split5,P761S,0.76,0.9389995126010804
RF-theta,JAK1,split5,Q387*,0.72,0.9132081804666738
RF-theta,JAK1,split5,Q437*,0.4,0.853001075473888
RF-theta,JAK1,split5,Q499*,0.36,0.840946575853074
RF-theta,JAK1,split5,Q545*,0.31999999999999995,0.8236803111113096
RF-theta,JAK1,split5,R108Q,0.28,0.8155433285705026
RF-theta,JAK1,split5,"R549Q,E550K",0.52,0.8698768649879628
RF-theta,JAK1,split5,T717I,0.0,-0.07468529655273962
RF-theta,JAK1,split5,splice_64850911,0.48,0.8664908695009473
RF-theta,JAK1,split5,syn_L158,0.07999999999999996,0.06929872783525946
RF-theta,JAK1,split5,syn_N357,0.040000000000000036,-0.051746871933371054
Ridge-esm+theta,TP53,split1,A159P,0.7525773195876289,0.8012036145097743
Ridge-esm+theta,TP53,split1,A159V,0.7835051546391752,0.8129539441366871
Ridge-esm+theta,TP53,split1,C141Y,0.24742268041237114,0.7761864169981867
Ridge-esm+theta,TP53,split1,C238Y,0.061855670103092786,0.7676311158230995
Ridge-esm+theta,TP53,split1,G245V,0.3917525773195877,0.7633139755682327
Ridge-esm+theta,TP53,split1,H179R,0.3298969072164949,0.7818151870891442
Ridge-esm+theta,TP53,split1,P47S,0.45360824742268047,0.7612566810889292
Ridge-esm+theta,TP53,split1,P58R,0.0,0.7079498805887849
Ridge-esm+theta,TP53,split1,Q5R,0.5463917525773196,0.7667914728474752
Ridge-esm+theta,TP53,split1,R175H,0.6185567010309279,0.7726020004991951
Ridge-esm+theta,TP53,split1,R273H,0.9896907216494846,0.8345427468083879
Ridge-esm+theta,TP53,split1,S241C,0.4948453608247423,0.7967028748214854
Ridge-esm+theta,TP53,split1,S366A,0.18556701030927836,0.746603437328636
Ridge-esm+theta,TP53,split1,T312S,0.731958762886598,0.8027616249680332
Ridge-esm+theta,TP53,split1,V31I,0.24742268041237114,0.7511198269405924
Ridge-esm+theta,TP53,split1,Y220C,0.30927835051546393,0.7568214371005759
Ridge-esm+theta,TP53,split2,C238F,0.44329896907216493,0.7880933287374324
Ridge-esm+theta,TP53,split2,C238Y,0.061855670103092786,0.7662683545975261
Ridge-esm+theta,TP53,split2,C242F,0.3711340206185567,0.800277368562956
Ridge-esm+theta,TP53,split2,C275F,0.010309278350515427,0.753016547613588
Ridge-esm+theta,TP53,split2,C275Y,0.04123711340206182,0.7548080845042403
Ridge-esm+theta,TP53,split2,C277F,0.711340206185567,0.8040755231142455
Ridge-esm+theta,TP53,split2,E271K,0.4329896907216495,0.749710373342859
Ridge-esm+theta,TP53,split2,E285K,0.24742268041237114,0.7353132635624344
Ridge-esm+theta,TP53,split2,E286K,0.7010309278350515,0.758800420054362
Ridge-esm+theta,TP53,split2,E339K,0.05154639175257736,0.717580622174927
Ridge-esm+theta,TP53,split2,G244C,0.21649484536082475,0.7774227304007216
Ridge-esm+theta,TP53,split2,G245C,0.5876288659793815,0.7406675106561456
Ridge-esm+theta,TP53,split2,G245D,0.7835051546391752,0.7743616789484318
Ridge-esm+theta,TP53,split2,G245S,0.6185567010309279,0.751856788090142
Ridge-esm+theta,TP53,split2,G245V,0.5154639175257731,0.7497035093484102
Ridge-esm+theta,TP53,split2,G266E,0.4329896907216495,0.7691709244869323
Ridge-esm+theta,TP53,split2,G266R,0.31958762886597936,0.7662351532842873
Ridge-esm+theta,TP53,split2,G266V,0.5670103092783505,0.8080849285372503
Ridge-esm+theta,TP53,split2,G360V,0.7938144329896908,0.7844295843962087
Ridge-esm+theta,TP53,split2,L344L,0.8247422680412371,0.8091017111574792
Ridge-esm+theta,TP53,split2,M237I,0.3608247422680413,0.7873934271869033
Ridge-esm+theta,TP53,split2,M246V,0.6907216494845361,0.7972419586960771
Ridge-esm+theta,TP53,split2,P222P,0.27835051546391754,0.777483951245368
Ridge-esm+theta,TP53,split2,P250L,0.8762886597938144,0.8072254559948151
Ridge-esm+theta,TP53,split2,P278L,0.35051546391752575,0.7723432182824279
Ridge-esm+theta,TP53,split2,P278S,0.38144329896907214,0.7907775585510635
Ridge-esm+theta,TP53,split2,P295P,0.6907216494845361,0.8040940435096909
Ridge-esm+theta,TP53,split2,P301P,0.19587628865979378,0.7815574183186342
Ridge-esm+theta,TP53,split2,P359P,0.6082474226804124,0.8036713560213304
Ridge-esm+theta,TP53,split2,R248L,0.09278350515463918,0.7562413597432555
Ridge-esm+theta,TP53,split2,R248W,0.7010309278350515,0.8026563056689713
Ridge-esm+theta,TP53,split2,R249M,0.25773195876288657,0.7342128348111917
Ridge-esm+theta,TP53,split2,R249S,0.2680412371134021,0.7411101372670642
Ridge-esm+theta,TP53,split2,R273C,0.09278350515463918,0.7617509855957637
Ridge-esm+theta,TP53,split2,R273H,0.979381443298969,0.8299842690489673
Ridge-esm+theta,TP53,split2,R273L,0.31958762886597936,0.78713569074806
Ridge-esm+theta,TP53,split2,R280K,0.5670103092783505,0.7935039577006282
Ridge-esm+theta,TP53,split2,R280T,0.25773195876288657,0.7743385917655605
Ridge-esm+theta,TP53,split2,R282W,0.21649484536082475,0.7295302596374079
Ridge-esm+theta,TP53,split2,R337C,0.14432989690721654,0.7577974472950358
Ridge-esm+theta,TP53,split2,R337L,0.14432989690721654,0.7528163635805003
Ridge-esm+theta,TP53,split2,S241C,0.5670103092783505,0.7985816762452026
Ridge-esm+theta,TP53,split2,S241F,0.6701030927835052,0.8030144194275967
Ridge-esm+theta,TP53,split2,S366A,0.24742268041237114,0.7522742436612486
Ridge-esm+theta,TP53,split2,T312S,0.7628865979381443,0.8016796419015666
Ridge-esm+theta,TP53,split2,V272L,0.5979381443298969,0.7998272847400486
Ridge-esm+theta,TP53,split2,V272M,0.4329896907216495,0.7816145377064904
Ridge-esm+theta,TP53,split2,Y234C,0.8556701030927836,0.8079302754826638
Ridge-esm+theta,TP53,split2,Y236C,0.8041237113402062,0.8090101732043845
Ridge-esm+theta,TP53,split3,G245C,0.5051546391752577,0.7231513250082069
Ridge-esm+theta,TP53,split3,G245D,0.7835051546391752,0.761725233582671
Ridge-esm+theta,TP53,split3,G245S,0.5876288659793815,0.7371668928198156
Ridge-esm+theta,TP53,split3,G245V,0.3917525773195877,0.727260141414988
Ridge-esm+theta,TP53,split3,R175H,0.5257731958762887,0.7355693282047766
Ridge-esm+theta,TP53,split3,R249M,0.1649484536082474,0.6999715804494784
Ridge-esm+theta,TP53,split3,R249S,0.5463917525773196,0.7513221497527872
Ridge-esm+theta,TP53,split3,R282W,0.7010309278350515,0.7493000000159583
Ridge-esm+theta,TP53,split3,Y220C,0.31958762886597936,0.7254704047255569
Ridge-esm+theta,TP53,split6,A159P,0.7422680412371134,0.8013276443369021
Ridge-esm+theta,TP53,split6,A159V,0.7731958762886598,0.8132235059904792
Ridge-esm+theta,TP53,split6,C141Y,0.2680412371134021,0.7773295468083677
Ridge-esm+theta,TP53,split6,C238Y,0.061855670103092786,0.7683714787389622
Ridge-esm+theta,TP53,split6,G245V,0.3917525773195877,0.7618618855836856
Ridge-esm+theta,TP53,split6,H179R,0.35051546391752575,0.7826654773276688
Ridge-esm+theta,TP53,split6,R175H,0.6185567010309279,0.7724370354091729
Ridge-esm+theta,TP53,split6,R273H,0.9896907216494846,0.8341281744151976
Ridge-esm+theta,TP53,split6,S241C,0.4948453608247423,0.7967024505889797
Ridge-esm+theta,TP53,split6,Y220C,0.30927835051546393,0.7550241249892593
Ridge-esm+theta,KRAS,split1,A146T,0.8681318681318682,0.7333523387067643
Ridge-esm+theta,KRAS,split1,A146V,0.9340659340659341,0.7457542321957089
Ridge-esm+theta,KRAS,split1,G12C,0.37362637362637363,0.6839838387570524
Ridge-esm+theta,KRAS,split1,G12D,0.5164835164835164,0.7118902125778939
Ridge-esm+theta,KRAS,split1,G12R,0.2417582417582418,0.6852726564227567
Ridge-esm+theta,KRAS,split1,G12V,0.10989010989010994,0.6691364705161732
Ridge-esm+theta,KRAS,split1,Q61H,0.8021978021978022,0.7274532384225488
Ridge-esm+theta,KRAS,split1,Q61L,0.48351648351648346,0.7002730605584302
Ridge-esm+theta,KRAS,split2,A130V,0.7142857142857143,0.7174688641147774
Ridge-esm+theta,KRAS,split2,A146P,0.5604395604395604,0.7053556482472484
Ridge-esm+theta,KRAS,split2,A146T,0.7912087912087912,0.7159177240156016
Ridge-esm+theta,KRAS,split2,A146V,0.8791208791208791,0.7361935541815162
Ridge-esm+theta,KRAS,split2,A155G,0.3626373626373627,0.6949639112077364
Ridge-esm+theta,KRAS,split2,A66A,0.37362637362637363,0.7099301233676454
Ridge-esm+theta,KRAS,split2,C118S,0.5384615384615384,0.7075414173126433
Ridge-esm+theta,KRAS,split2,D119G,0.07692307692307687,0.6732472895601301
Ridge-esm+theta,KRAS,split2,D173D,0.05494505494505497,0.6980804258488855
Ridge-esm+theta,KRAS,split2,E63K,0.6043956043956045,0.6877859924573845
Ridge-esm+theta,KRAS,split2,F141L,0.17582417582417587,0.6967526235595768
Ridge-esm+theta,KRAS,split2,G75A,0.06593406593406592,0.6568166142401449
Ridge-esm+theta,KRAS,split2,G77A,0.4725274725274725,0.6905547667705242
Ridge-esm+theta,KRAS,split2,I163S,0.4285714285714286,0.6999072975633276
Ridge-esm+theta,KRAS,split2,K117N,0.4725274725274725,0.6849196615124257
Ridge-esm+theta,KRAS,split2,K117R,0.7142857142857143,0.7090657798420709
Ridge-esm+theta,KRAS,split2,K147N,0.3846153846153846,0.6835982332415216
Ridge-esm+theta,KRAS,split2,K147T,0.08791208791208793,0.6711754781517049
Ridge-esm+theta,KRAS,split2,K169K,0.8571428571428572,0.7342435391963743
Ridge-esm+theta,KRAS,split2,K176Q,0.7472527472527473,0.6868541820985155
Ridge-esm+theta,KRAS,split2,K178K,0.6153846153846154,0.7159572506977853
Ridge-esm+theta,KRAS,split2,K88K,0.1648351648351648,0.6924442755878949
Ridge-esm+theta,KRAS,split2,L159S,0.8351648351648352,0.7310988717187827
Ridge-esm+theta,KRAS,split2,L79I,0.23076923076923073,0.6804091599209798
Ridge-esm+theta,KRAS,split2,M111L,0.07692307692307687,0.6758511642841538
Ridge-esm+theta,KRAS,split2,P110S,0.37362637362637363,0.7070716671623182
Ridge-esm+theta,KRAS,split2,Q99E,0.4725274725274725,0.6638588663365724
Ridge-esm+theta,KRAS,split2,R135T,0.6593406593406593,0.7023031302170191
Ridge-esm+theta,KRAS,split2,R149K,0.4945054945054945,0.7095489994654456
Ridge-esm+theta,KRAS,split2,R164Q,0.3516483516483516,0.6682958869750544
Ridge-esm+theta,KRAS,split2,R68S,0.2637362637362637,0.6753125281219727
Ridge-esm+theta,KRAS,split2,S136N,0.7472527472527473,0.7172203534376621
Ridge-esm+theta,KRAS,split2,T127T,0.3296703296703297,0.695863094557164
Ridge-esm+theta,KRAS,split2,T144P,0.23076923076923073,0.6877779520128414
Ridge-esm+theta,KRAS,split2,T144T,0.29670329670329665,0.7083323390735792
Ridge-esm+theta,KRAS,split2,T158A,0.29670329670329665,0.6977751104635982
Ridge-esm+theta,KRAS,split2,T158T,0.13186813186813184,0.6938104875175625
Ridge-esm+theta,KRAS,split2,T74A,0.8681318681318682,0.7382002564863414
Ridge-esm+theta,KRAS,split2,T74T,0.4285714285714286,0.7064906874844357
Ridge-esm+theta,KRAS,split2,V112I,0.6373626373626373,0.7148871578760625
Ridge-esm+theta,KRAS,split2,Y166H,0.8681318681318682,0.7354128958674583
Ridge-esm+theta,KRAS,split3,A146P,0.6263736263736264,0.7153172724200225
Ridge-esm+theta,KRAS,split3,A146T,0.7582417582417582,0.7196418840878632
Ridge-esm+theta,KRAS,split3,A146V,0.8241758241758241,0.731926770298441
Ridge-esm+theta,KRAS,split3,G12A,0.3296703296703297,0.6800068651834642
Ridge-esm+theta,KRAS,split3,G12C,0.18681318681318682,0.6611694105676952
Ridge-esm+theta,KRAS,split3,G12S,0.6483516483516483,0.6665044040535935
Ridge-esm+theta,KRAS,split3,G13C,0.5384615384615384,0.7170977079115393
Ridge-esm+theta,KRAS,split3,K117R,0.7142857142857143,0.710007414071354
Ridge-esm+theta,KRAS,split3,Q61H,0.8351648351648352,0.7163993606694138
Ridge-esm+theta,KRAS,split3,Q61P,0.06593406593406592,0.6621327802217714
Ridge-esm+theta,KRAS,split6,A146T,0.8681318681318682,0.7333523387067643
Ridge-esm+theta,KRAS,split6,A146V,0.9340659340659341,0.7457542321957089
Ridge-esm+theta,KRAS,split6,G12C,0.37362637362637363,0.6839838387570524
Ridge-esm+theta,KRAS,split6,G12D,0.5164835164835164,0.7118902125778939
Ridge-esm+theta,KRAS,split6,G12R,0.2417582417582418,0.6852726564227567
Ridge-esm+theta,KRAS,split6,G12V,0.10989010989010994,0.6691364705161732
Ridge-esm+theta,KRAS,split6,Q61H,0.8021978021978022,0.7274532384225488
Ridge-esm+theta,KRAS,split6,Q61L,0.48351648351648346,0.7002730605584302
Ridge-esm+theta,GATA1,split1,C199R,0.6996047430830039,0.7367588601182168
Ridge-esm+theta,GATA1,split1,C207R,0.015810276679841917,0.5053574648051501
Ridge-esm+theta,GATA1,split1,C225R,0.8300395256916996,0.6848974239771404
Ridge-esm+theta,GATA1,split1,E114G,0.25296442687747034,0.5778485692999742
Ridge-esm+theta,GATA1,split1,E200G,0.4426877470355731,0.6568490358511307
Ridge-esm+theta,GATA1,split1,E328G,0.3913043478260869,0.689568051236381
Ridge-esm+theta,GATA1,split1,E348G,0.8695652173913043,0.7710491803854037
Ridge-esm+theta,GATA1,split1,F172P,0.22924901185770752,0.5994523538571651
Ridge-esm+theta,GATA1,split1,H222R,0.46640316205533594,0.6561337201155342
Ridge-esm+theta,GATA1,split1,"I249T,V250A",0.21739130434782605,0.6204787578216621
Ridge-esm+theta,GATA1,split1,I87T,0.08695652173913049,0.5022304149868451
Ridge-esm+theta,GATA1,split1,"K100G,T101A",0.13043478260869568,0.5718500063877888
Ridge-esm+theta,GATA1,split1,K137E,0.7944664031620553,0.6755758460431522
Ridge-esm+theta,GATA1,split1,K287G,0.11067193675889331,0.5937840965970153
Ridge-esm+theta,GATA1,split1,"K299R,D300G",0.8735177865612649,0.7554849328177625
Ridge-esm+theta,GATA1,split1,K312R,0.11857707509881421,0.5325078453206382
Ridge-esm+theta,GATA1,split1,L146P,0.7154150197628458,0.7590708863308282
Ridge-esm+theta,GATA1,split1,L190P,0.4861660079051383,0.7535996674627295
Ridge-esm+theta,GATA1,split1,L224P,0.035573122529644285,0.43855112814261915
Ridge-esm+theta,GATA1,split1,L355P,0.8932806324110671,0.7842513500571723
Ridge-esm+theta,GATA1,split1,L363P,0.2055335968379447,0.6494796907190183
Ridge-esm+theta,GATA1,split1,L387P,0.6245059288537549,0.7062939935027938
Ridge-esm+theta,GATA1,split1,L6P,0.9011857707509882,0.7894943413233252
Ridge-esm+theta,GATA1,split1,M1V,0.7470355731225297,0.7505401678909949
Ridge-esm+theta,GATA1,split1,M335V,0.7391304347826086,0.7459031998453979
Ridge-esm+theta,GATA1,split1,"N238G,R239G",0.9130434782608696,0.7479110152832384
Ridge-esm+theta,GATA1,split1,Q257R,0.5296442687747036,0.7095549434131612
Ridge-esm+theta,GATA1,split1,R271G,0.23715415019762842,0.6267697740491659
Ridge-esm+theta,GATA1,split1,S155P,0.6442687747035574,0.732636580653187
Ridge-esm+theta,GATA1,split1,S161G,0.5375494071146245,0.716303277951822
Ridge-esm+theta,GATA1,split1,S174P,0.055335968379446654,0.4601446146408186
Ridge-esm+theta,GATA1,split1,S178G,0.9960474308300395,0.7979168665884996
Ridge-esm+theta,GATA1,split1,S310P,0.8774703557312253,0.753287014495449
Ridge-esm+theta,GATA1,split1,S393P,0.8853754940711462,0.7546578570022314
Ridge-esm+theta,GATA1,split1,S72P,0.5098814229249011,0.700851373552792
Ridge-esm+theta,GATA1,split1,T256A,0.8893280632411067,0.7610796774259518
Ridge-esm+theta,GATA1,split1,T264A,0.2490118577075099,0.6236245589528407
Ridge-esm+theta,GATA1,split1,T324A,0.3438735177865613,0.6525703852162128
Ridge-esm+theta,GATA1,split1,T391A,0.18181818181818177,0.6225917167998964
Ridge-esm+theta,GATA1,split1,"V109A,C110R",0.2648221343873518,0.6197342590259994
Ridge-esm+theta,GATA1,split1,V158A,0.30434782608695654,0.6901056462198516
Ridge-esm+theta,GATA1,split1,V291A,0.7035573122529644,0.7670535218633474
Ridge-esm+theta,GATA1,split1,V32A,0.4426877470355731,0.7256532151684429
Ridge-esm+theta,GATA1,split1,"V32A,F33P",0.07114624505928857,0.4651848899542733
Ridge-esm+theta,GATA1,split1,"V336A,V337A",0.3517786561264822,0.6347863363824393
Ridge-esm+theta,GATA1,split1,"V371A,L372P",0.7114624505928854,0.7520818636705519
Ridge-esm+theta,GATA1,split1,"Y185H,S186P",0.9565217391304348,0.7843116909740263
Ridge-esm+theta,GATA1,split1,Y285C,0.07114624505928857,0.5438408784780723
Ridge-esm+theta,GATA1,split1,Y62C,0.8656126482213439,0.7332588739078818
Ridge-esm+theta,GATA1,split1,Y62H,0.09090909090909094,0.5249528955412635
Ridge-esm+theta,GATA1,split1,Y78H,0.34782608695652173,0.6462771065099729
Ridge-esm+theta,GATA1,split1,Y93H,0.48221343873517786,0.7195735668412745
Ridge-esm+theta,GATA1,split2,C204R,0.32015810276679846,0.5379662499373596
Ridge-esm+theta,GATA1,split2,"C204R,V205A",0.40711462450592883,0.5228015918132037
Ridge-esm+theta,GATA1,split2,C207R,0.6007905138339921,0.5437481101275969
Ridge-esm+theta,GATA1,split2,C225R,0.2490118577075099,0.5006961797356105
Ridge-esm+theta,GATA1,split2,C228R,0.8932806324110671,0.5839025228540429
Ridge-esm+theta,GATA1,split2,C258R,0.8774703557312253,0.5789864436209791
Ridge-esm+theta,GATA1,split2,C261R,0.6561264822134387,0.5452025606238341
Ridge-esm+theta,GATA1,split2,C346R,0.4189723320158103,0.6527905003182989
Ridge-esm+theta,GATA1,split2,D276G,0.31225296442687744,0.531970322073272
Ridge-esm+theta,GATA1,split2,E328G,0.47430830039525695,0.6796287267465265
Ridge-esm+theta,GATA1,split2,E348G,0.8932806324110671,0.7752388455593868
Ridge-esm+theta,GATA1,split2,F382S,0.6600790513833992,0.7254143167337956
Ridge-esm+theta,GATA1,split2,F394P,0.7905138339920948,0.7453453217245128
Ridge-esm+theta,GATA1,split2,H222R,0.011857707509881465,0.33554064831959907
Ridge-esm+theta,GATA1,split2,"H222R,Y223C",0.5810276679841897,0.5396538924400536
Ridge-esm+theta,GATA1,split2,"H232R,K233E",0.5138339920948616,0.6019088930607812
Ridge-esm+theta,GATA1,split2,H289R,0.7233201581027668,0.6870775890670521
Ridge-esm+theta,GATA1,split2,H362R,0.4110671936758893,0.7079008661138126
Ridge-esm+theta,GATA1,split2,H378R,0.15810276679841895,0.6006884396018878
Ridge-esm+theta,GATA1,split2,I242T,0.015810276679841917,0.44940258598929966
Ridge-esm+theta,GATA1,split2,I242V,0.9209486166007905,0.7102633000078429
Ridge-esm+theta,GATA1,split2,I249T,0.18577075098814233,0.5823412287190723
Ridge-esm+theta,GATA1,split2,"I249T,V250A",0.3241106719367589,0.6319514290665706
Ridge-esm+theta,GATA1,split2,I249V,0.5256916996047432,0.653173533314708
Ridge-esm+theta,GATA1,split2,I302T,0.32806324110671936,0.591140204784395
Ridge-esm+theta,GATA1,split2,I302V,0.07905138339920947,0.5267817772036065
Ridge-esm+theta,GATA1,split2,"K233R,M234V",0.9565217391304348,0.7015646226508176
Ridge-esm+theta,GATA1,split2,K245G,0.3438735177865613,0.482237018348878
Ridge-esm+theta,GATA1,split2,K252G,0.3438735177865613,0.5589680808046239
Ridge-esm+theta,GATA1,split2,K252R,0.41501976284584985,0.5898128159442547
Ridge-esm+theta,GATA1,split2,K287G,0.6719367588932806,0.5635177595886204
Ridge-esm+theta,GATA1,split2,K299E,0.20158102766798414,0.4475644536178125
Ridge-esm+theta,GATA1,split2,"K299R,D300G",0.5770750988142292,0.6692581192943599
Ridge-esm+theta,GATA1,split2,K308G,0.8577075098814229,0.6538046166265049
Ridge-esm+theta,GATA1,split2,K312G,0.6521739130434783,0.5618189763185975
Ridge-esm+theta,GATA1,split2,K312R,0.22924901185770752,0.555189516143045
Ridge-esm+theta,GATA1,split2,"K314R,K315G",0.2648221343873518,0.5247352017107723
Ridge-esm+theta,GATA1,split2,K316G,0.18577075098814233,0.5522857066978817
Ridge-esm+theta,GATA1,split2,K316R,0.4861660079051383,0.6355902287731146
Ridge-esm+theta,GATA1,split2,"L214P,W215R",0.7114624505928854,0.572471850135398
Ridge-esm+theta,GATA1,split2,L224P,0.9841897233201581,0.6665818899052247
Ridge-esm+theta,GATA1,split2,"L230P,Y231H",0.2490118577075099,0.5950390612929752
Ridge-esm+theta,GATA1,split2,L248P,0.40711462450592883,0.6330604361577326
Ridge-esm+theta,GATA1,split2,"L268P,W269R",0.6798418972332017,0.579451724730462
Ridge-esm+theta,GATA1,split2,"L284P,Y285H",0.0,0.3206342530627009
Ridge-esm+theta,GATA1,split2,L288P,0.24110671936758898,0.6231739348060517
Ridge-esm+theta,GATA1,split2,L295P,0.5731225296442688,0.6614277790097145
Ridge-esm+theta,GATA1,split2,L355P,0.7865612648221344,0.7564431944733745
Ridge-esm+theta,GATA1,split2,L363P,0.2490118577075099,0.6625981483561327
Ridge-esm+theta,GATA1,split2,"L363P,Y364H",0.32806324110671936,0.6653690089312884
Ridge-esm+theta,GATA1,split2,L367P,0.5928853754940712,0.7449169308896788
Ridge-esm+theta,GATA1,split2,"L372P,S373P",0.43083003952569165,0.713899824980407
Ridge-esm+theta,GATA1,split2,L379P,0.4782608695652174,0.6999629998540171
Ridge-esm+theta,GATA1,split2,L386P,0.6679841897233201,0.7105546822017371
Ridge-esm+theta,GATA1,split2,"L386P,L387P",0.5296442687747036,0.7069483248340009
Ridge-esm+theta,GATA1,split2,L387P,0.4940711462450593,0.6876695471067007
Ridge-esm+theta,GATA1,split2,L411P,0.9209486166007905,0.769814566476059
Ridge-esm+theta,GATA1,split2,M234T,0.3320158102766798,0.6232147106584733
Ridge-esm+theta,GATA1,split2,"M234V,N235D",0.6363636363636364,0.6296387199621015
Ridge-esm+theta,GATA1,split2,M297T,0.5454545454545454,0.6613504909990161
Ridge-esm+theta,GATA1,split2,M335T,0.22134387351778662,0.5977632377874528
Ridge-esm+theta,GATA1,split2,"M335T,V336A",0.36363636363636365,0.6510923816560095
Ridge-esm+theta,GATA1,split2,M335V,0.7233201581027668,0.74111912669771
Ridge-esm+theta,GATA1,split2,M380T,0.6403162055335969,0.7493165900141032
Ridge-esm+theta,GATA1,split2,M399T,0.6521739130434783,0.7306853407617874
Ridge-esm+theta,GATA1,split2,M399V,0.8616600790513834,0.7542781740186763
Ridge-esm+theta,GATA1,split2,N206G,0.8181818181818181,0.5791649996537273
Ridge-esm+theta,GATA1,split2,"N238G,R239G",0.5928853754940712,0.6484530651859073
Ridge-esm+theta,GATA1,split2,N272G,0.8142292490118577,0.6008554291929064
Ridge-esm+theta,GATA1,split2,N292G,0.23715415019762842,0.5861033939833292
Ridge-esm+theta,GATA1,split2,N292S,0.8181818181818181,0.6867588935026316
Ridge-esm+theta,GATA1,split2,N306G,0.9723320158102767,0.7238482267094781
Ridge-esm+theta,GATA1,split2,N345D,0.7312252964426877,0.6905840754677267
Ridge-esm+theta,GATA1,split2,N345G,0.7984189723320159,0.7539467062115667
Ridge-esm+theta,GATA1,split2,"Q237R,N238G",0.21739130434782605,0.5824085538971495
Ridge-esm+theta,GATA1,split2,Q257R,0.6205533596837944,0.6737543261782803
Ridge-esm+theta,GATA1,split2,"Q303R,T304A",0.5810276679841897,0.6667790739117345
Ridge-esm+theta,GATA1,split2,Q365R,0.9090909090909091,0.7663520181962594
Ridge-esm+theta,GATA1,split2,R271G,0.8695652173913043,0.5485170342885464
Ridge-esm+theta,GATA1,split2,S274G,0.20158102766798414,0.4236630690517365
Ridge-esm+theta,GATA1,split2,S310P,0.47430830039525695,0.6354846678370154
Ridge-esm+theta,GATA1,split2,S320G,0.7154150197628458,0.6758952569556123
Ridge-esm+theta,GATA1,split2,S341G,0.7549407114624506,0.746396840347944
Ridge-esm+theta,GATA1,split2,S343G,0.5573122529644269,0.7177528310053415
Ridge-esm+theta,GATA1,split2,S389P,0.9130434782608696,0.7614231147884405
Ridge-esm+theta,GATA1,split2,S393P,0.9328063241106719,0.7596278570992923
Ridge-esm+theta,GATA1,split2,S412G,0.1620553359683794,0.6119593258306991
Ridge-esm+theta,GATA1,split2,T210A,0.6956521739130435,0.5800194623634053
Ridge-esm+theta,GATA1,split2,T212A,0.7944664031620553,0.5791306465813219
Ridge-esm+theta,GATA1,split2,T220A,0.24505928853754944,0.3915577625205337
Ridge-esm+theta,GATA1,split2,T256A,0.30434782608695654,0.6153115125326138
Ridge-esm+theta,GATA1,split2,T259A,0.6245059288537549,0.5419702217111454
Ridge-esm+theta,GATA1,split2,"T263A,T264A",0.9723320158102767,0.6165823549096542
Ridge-esm+theta,GATA1,split2,T264A,0.4624505928853755,0.4977851445755384
Ridge-esm+theta,GATA1,split2,"T264A,T265A",0.07509881422924902,0.3744577164647762
Ridge-esm+theta,GATA1,split2,T265A,0.04347826086956519,0.322168526295938
Ridge-esm+theta,GATA1,split2,"T265A,T266A",0.4940711462450593,0.5197294334931557
Ridge-esm+theta,GATA1,split2,T266A,0.7035573122529644,0.5561211694294288
Ridge-esm+theta,GATA1,split2,T267A,0.2648221343873518,0.49554543957941255
Ridge-esm+theta,GATA1,split2,T296A,0.450592885375494,0.6712075476251378
Ridge-esm+theta,GATA1,split2,T324A,0.35573122529644263,0.6134699601437524
Ridge-esm+theta,GATA1,split2,T354A,0.8537549407114624,0.7617176772295948
Ridge-esm+theta,GATA1,split2,T360A,0.3596837944664032,0.6512355207023878
Ridge-esm+theta,GATA1,split2,T391A,0.18577075098814233,0.6209294375494115
Ridge-esm+theta,GATA1,split2,T402A,0.5256916996047432,0.7008151986663415
Ridge-esm+theta,GATA1,split2,"T402A,T403A",0.9288537549407114,0.7755824714939891
Ridge-esm+theta,GATA1,split2,"T403A,S404G",0.7549407114624506,0.75307548053441
Ridge-esm+theta,GATA1,split2,"T405A,T406A",0.4861660079051383,0.7125232925999626
Ridge-esm+theta,GATA1,split2,V250A,0.08695652173913049,0.5278298691611888
Ridge-esm+theta,GATA1,split2,"V278A,C279R",0.6086956521739131,0.5657558531347724
Ridge-esm+theta,GATA1,split2,V291A,0.4545454545454546,0.6442253623635894
Ridge-esm+theta,GATA1,split2,"V336A,V337A",0.2806324110671937,0.622375914993373
Ridge-esm+theta,GATA1,split2,V349A,0.1027667984189723,0.551367612477639
Ridge-esm+theta,GATA1,split2,V370A,0.7905138339920948,0.7550444751913978
Ridge-esm+theta,GATA1,split2,"V371A,L372P",0.7707509881422925,0.7492082467995534
Ridge-esm+theta,GATA1,split2,V407A,0.8142292490118577,0.7577911902504479
Ridge-esm+theta,GATA1,split2,"V407A,V408A",0.47430830039525695,0.6973488044680634
Ridge-esm+theta,GATA1,split2,V408A,0.22924901185770752,0.623217413866716
Ridge-esm+theta,GATA1,split2,W215R,0.3596837944664032,0.5546810713518291
Ridge-esm+theta,GATA1,split2,W269R,0.7509881422924901,0.5962130507853902
Ridge-esm+theta,GATA1,split2,Y223C,0.4268774703557312,0.506429898480042
Ridge-esm+theta,GATA1,split2,Y231C,0.6996047430830039,0.6641178949334592
Ridge-esm+theta,GATA1,split2,Y285C,0.11462450592885376,0.5345243588652115
Ridge-esm+theta,GATA1,split2,"Y285C,Y286C",0.007905138339920903,0.3856246614345533
Ridge-esm+theta,GATA1,split2,"Y286C,K287E",0.6996047430830039,0.623623210636149
Ridge-esm+theta,GATA1,split2,Y286H,0.07905138339920947,0.5022458060210013
Ridge-esm+theta,GATA1,split2,"Y364C,Q365R",0.36363636363636365,0.6964068469955756
Ridge-esm+theta,GATA1,split3,C204R,0.01976284584980237,0.38554966822863723
Ridge-esm+theta,GATA1,split3,"C204R,V205A",0.9288537549407114,0.709991320537179
Ridge-esm+theta,GATA1,split3,C207R,0.0,0.3705268761539079
Ridge-esm+theta,GATA1,split3,C225R,0.9960474308300395,0.7488149340914635
Ridge-esm+theta,GATA1,split3,C228R,0.6837944664031621,0.665566874902105
Ridge-esm+theta,GATA1,split3,C258R,0.31225296442687744,0.5997453322009213
Ridge-esm+theta,GATA1,split3,C261R,0.22529644268774707,0.5285478937072273
Ridge-esm+theta,GATA1,split3,D276G,0.32806324110671936,0.5786761411320658
Ridge-esm+theta,GATA1,split3,H222R,0.2924901185770751,0.5458188775694423
Ridge-esm+theta,GATA1,split3,"H222R,Y223C",0.49011857707509876,0.6519403279214707
Ridge-esm+theta,GATA1,split3,"L214P,W215R",0.782608695652174,0.7056681541217779
Ridge-esm+theta,GATA1,split3,L224P,0.04743083003952564,0.5118501678576634
Ridge-esm+theta,GATA1,split3,"L268P,W269R",0.9525691699604744,0.7382035741109281
Ridge-esm+theta,GATA1,split3,N206G,0.4980237154150198,0.6535635507443376
Ridge-esm+theta,GATA1,split3,N272G,0.9604743083003953,0.7313925193667699
Ridge-esm+theta,GATA1,split3,R271G,0.44664031620553357,0.6309375103034497
Ridge-esm+theta,GATA1,split3,S274G,0.2648221343873518,0.583270169989709
Ridge-esm+theta,GATA1,split3,T210A,0.9762845849802372,0.731985172617298
Ridge-esm+theta,GATA1,split3,T212A,0.8221343873517787,0.7030532527184713
Ridge-esm+theta,GATA1,split3,T220A,0.1027667984189723,0.48442508623909697
Ridge-esm+theta,GATA1,split3,T259A,0.8458498023715415,0.7069417146995443
Ridge-esm+theta,GATA1,split3,"T263A,T264A",0.5177865612648221,0.6626816598064611
Ridge-esm+theta,GATA1,split3,T264A,0.17786561264822132,0.5604110641051395
Ridge-esm+theta,GATA1,split3,"T264A,T265A",0.3320158102766798,0.5575848439358713
Ridge-esm+theta,GATA1,split3,T265A,0.3003952569169961,0.5508479790854779
Ridge-esm+theta,GATA1,split3,"T265A,T266A",0.8221343873517787,0.6999655957575502
Ridge-esm+theta,GATA1,split3,T266A,0.5810276679841897,0.670974405510287
Ridge-esm+theta,GATA1,split3,T267A,0.8814229249011858,0.6999072928556522
Ridge-esm+theta,GATA1,split3,"V278A,C279R",0.6245059288537549,0.6605384414486667
Ridge-esm+theta,GATA1,split3,W215R,0.9802371541501976,0.7458462022188708
Ridge-esm+theta,GATA1,split3,W269R,0.8577075098814229,0.738533436693544
Ridge-esm+theta,GATA1,split3,Y223C,0.8853754940711462,0.6960902750012509
Ridge-esm+theta,GATA1,split5,C346R,0.46640316205533594,0.6699665038508769
Ridge-esm+theta,GATA1,split5,E114G,0.2569169960474308,0.5847182892638535
Ridge-esm+theta,GATA1,split5,"E114G,D115G",0.18181818181818177,0.5510746683015739
Ridge-esm+theta,GATA1,split5,E134G,0.16600790513833996,0.5657127316414955
Ridge-esm+theta,GATA1,split5,E13G,0.37154150197628455,0.633955876976136
Ridge-esm+theta,GATA1,split5,F168P,0.24505928853754944,0.6055798050961176
Ridge-esm+theta,GATA1,split5,F172L,0.4703557312252964,0.7029603352449803
Ridge-esm+theta,GATA1,split5,"F172S,F173P",0.19367588932806323,0.5641530356076461
Ridge-esm+theta,GATA1,split5,"F33P,F34P",0.04347826086956519,0.4260668887308945
Ridge-esm+theta,GATA1,split5,F3L,0.06719367588932801,0.5274492545041441
Ridge-esm+theta,GATA1,split5,H222R,0.3438735177865613,0.6325443960422324
Ridge-esm+theta,GATA1,split5,I249T,0.5454545454545454,0.6975339111831467
Ridge-esm+theta,GATA1,split5,I302V,0.17786561264822132,0.5745988542399998
Ridge-esm+theta,GATA1,split5,"K100G,T101A",0.12648221343873522,0.557644067842294
Ridge-esm+theta,GATA1,split5,K245G,0.04743083003952564,0.4310979659135171
Ridge-esm+theta,GATA1,split5,K252R,0.18181818181818177,0.5658599532020486
Ridge-esm+theta,GATA1,split5,K287G,0.11857707509881421,0.5962265198994987
Ridge-esm+theta,GATA1,split5,K312G,0.055335968379446654,0.502611279529326
Ridge-esm+theta,GATA1,split5,K312R,0.11462450592885376,0.5309282034635264
Ridge-esm+theta,GATA1,split5,"K314R,K315G",0.1027667984189723,0.5554984741744573
Ridge-esm+theta,GATA1,split5,L136S,0.035573122529644285,0.39168416394310246
Ridge-esm+theta,GATA1,split5,L141P,0.32806324110671936,0.650496814253682
Ridge-esm+theta,GATA1,split5,L196P,0.2569169960474308,0.6238883524713533
Ridge-esm+theta,GATA1,split5,"L284P,Y285H",0.0039525691699604515,0.24158682068989334
Ridge-esm+theta,GATA1,split5,"L386P,L387P",0.4940711462450593,0.7058272844346521
Ridge-esm+theta,GATA1,split5,L80P,0.13833992094861658,0.5717091899174784
Ridge-esm+theta,GATA1,split5,M335T,0.22924901185770752,0.6032256940945673
Ridge-esm+theta,GATA1,split5,N160D,0.04347826086956519,0.48083785653023087
Ridge-esm+theta,GATA1,split5,"Q237R,N238G",0.4268774703557312,0.669233991567838
Ridge-esm+theta,GATA1,split5,S12P,0.07905138339920947,0.4975584725659208
Ridge-esm+theta,GATA1,split5,S142G,0.21739130434782605,0.6123811220446014
Ridge-esm+theta,GATA1,split5,S174P,0.04743083003952564,0.42064267963583035
Ridge-esm+theta,GATA1,split5,S186P,0.2490118577075099,0.6273858293715779
Ridge-esm+theta,GATA1,split5,S36P,0.0,0.21384303821632994
Ridge-esm+theta,GATA1,split5,S46P,0.11462450592885376,0.511747939809987
Ridge-esm+theta,GATA1,split5,T171A,0.12252964426877466,0.5341245496495086
Ridge-esm+theta,GATA1,split5,T220A,0.18577075098814233,0.575698328871645
Ridge-esm+theta,GATA1,split5,V250A,0.383399209486166,0.6600912284509788
Ridge-esm+theta,GATA1,split5,"V278A,C279R",0.7272727272727273,0.6524187708105323
Ridge-esm+theta,GATA1,split5,"V32A,F33P",0.07114624505928857,0.48396102273568564
Ridge-esm+theta,GATA1,split5,"V336A,V337A",0.3438735177865613,0.6344852695342424
Ridge-esm+theta,GATA1,split5,Y285C,0.06324110671936756,0.5052920691028725
Ridge-esm+theta,GATA1,split5,"Y285C,Y286C",0.007905138339920903,0.32673869292712876
Ridge-esm+theta,GATA1,split5,Y286H,0.08300395256916993,0.5195534306435683
Ridge-esm+theta,GATA1,split5,Y69H,0.308300395256917,0.6193410490866026
Ridge-esm+theta,GATA1,split6,C199R,0.6996047430830039,0.7367588601182168
Ridge-esm+theta,GATA1,split6,C207R,0.015810276679841917,0.5053574648051501
Ridge-esm+theta,GATA1,split6,C225R,0.8300395256916996,0.6848974239771404
Ridge-esm+theta,GATA1,split6,E114G,0.25296442687747034,0.5778485692999742
Ridge-esm+theta,GATA1,split6,E200G,0.4426877470355731,0.6568490358511307
Ridge-esm+theta,GATA1,split6,E328G,0.3913043478260869,0.689568051236381
Ridge-esm+theta,GATA1,split6,E348G,0.8695652173913043,0.7710491803854037
Ridge-esm+theta,GATA1,split6,F172P,0.22924901185770752,0.5994523538571651
Ridge-esm+theta,GATA1,split6,H222R,0.46640316205533594,0.6561337201155342
Ridge-esm+theta,GATA1,split6,"I249T,V250A",0.21739130434782605,0.6204787578216621
Ridge-esm+theta,GATA1,split6,I87T,0.08695652173913049,0.5022304149868451
Ridge-esm+theta,GATA1,split6,"K100G,T101A",0.13043478260869568,0.5718500063877888
Ridge-esm+theta,GATA1,split6,K137E,0.7944664031620553,0.6755758460431522
Ridge-esm+theta,GATA1,split6,K287G,0.11067193675889331,0.5937840965970153
Ridge-esm+theta,GATA1,split6,"K299R,D300G",0.8735177865612649,0.7554849328177625
Ridge-esm+theta,GATA1,split6,K312R,0.11857707509881421,0.5325078453206382
Ridge-esm+theta,GATA1,split6,L146P,0.7154150197628458,0.7590708863308282
Ridge-esm+theta,GATA1,split6,L190P,0.4861660079051383,0.7535996674627295
Ridge-esm+theta,GATA1,split6,L224P,0.035573122529644285,0.43855112814261915
Ridge-esm+theta,GATA1,split6,L355P,0.8932806324110671,0.7842513500571723
Ridge-esm+theta,GATA1,split6,L363P,0.2055335968379447,0.6494796907190183
Ridge-esm+theta,GATA1,split6,L387P,0.6245059288537549,0.7062939935027938
Ridge-esm+theta,GATA1,split6,L6P,0.9011857707509882,0.7894943413233252
Ridge-esm+theta,GATA1,split6,M1V,0.7470355731225297,0.7505401678909949
Ridge-esm+theta,GATA1,split6,M335V,0.7391304347826086,0.7459031998453979
Ridge-esm+theta,GATA1,split6,"N238G,R239G",0.9130434782608696,0.7479110152832384
Ridge-esm+theta,GATA1,split6,Q257R,0.5296442687747036,0.7095549434131612
Ridge-esm+theta,GATA1,split6,R271G,0.23715415019762842,0.6267697740491659
Ridge-esm+theta,GATA1,split6,S155P,0.6442687747035574,0.732636580653187
Ridge-esm+theta,GATA1,split6,S161G,0.5375494071146245,0.716303277951822
Ridge-esm+theta,GATA1,split6,S174P,0.055335968379446654,0.4601446146408186
Ridge-esm+theta,GATA1,split6,S178G,0.9960474308300395,0.7979168665884996
Ridge-esm+theta,GATA1,split6,S310P,0.8774703557312253,0.753287014495449
Ridge-esm+theta,GATA1,split6,S393P,0.8853754940711462,0.7546578570022314
Ridge-esm+theta,GATA1,split6,S72P,0.5098814229249011,0.700851373552792
Ridge-esm+theta,GATA1,split6,T256A,0.8893280632411067,0.7610796774259518
Ridge-esm+theta,GATA1,split6,T264A,0.2490118577075099,0.6236245589528407
Ridge-esm+theta,GATA1,split6,T324A,0.3438735177865613,0.6525703852162128
Ridge-esm+theta,GATA1,split6,T391A,0.18181818181818177,0.6225917167998964
Ridge-esm+theta,GATA1,split6,"V109A,C110R",0.2648221343873518,0.6197342590259994
Ridge-esm+theta,GATA1,split6,V158A,0.30434782608695654,0.6901056462198516
Ridge-esm+theta,GATA1,split6,V291A,0.7035573122529644,0.7670535218633474
Ridge-esm+theta,GATA1,split6,V32A,0.4426877470355731,0.7256532151684429
Ridge-esm+theta,GATA1,split6,"V32A,F33P",0.07114624505928857,0.4651848899542733
Ridge-esm+theta,GATA1,split6,"V336A,V337A",0.3517786561264822,0.6347863363824393
Ridge-esm+theta,GATA1,split6,"V371A,L372P",0.7114624505928854,0.7520818636705519
Ridge-esm+theta,GATA1,split6,"Y185H,S186P",0.9565217391304348,0.7843116909740263
Ridge-esm+theta,GATA1,split6,Y285C,0.07114624505928857,0.5438408784780723
Ridge-esm+theta,GATA1,split6,Y62C,0.8656126482213439,0.7332588739078818
Ridge-esm+theta,GATA1,split6,Y62H,0.09090909090909094,0.5249528955412635
Ridge-esm+theta,GATA1,split6,Y78H,0.34782608695652173,0.6462771065099729
Ridge-esm+theta,GATA1,split6,Y93H,0.48221343873517786,0.7195735668412745
Ridge-esm+theta,JAK1,split1,E762K,0.52,0.8741236016107835
Ridge-esm+theta,JAK1,split1,"G1068E,G1068R",0.76,0.9227480476893486
Ridge-esm+theta,JAK1,split1,"G887R,G887E",0.56,0.8513497271808917
Ridge-esm+theta,JAK1,split1,"P1118L,P1118S,P1121S",0.040000000000000036,0.11364741152908663
Ridge-esm+theta,JAK1,split1,Q387*,0.6,0.7927333108667702
Ridge-esm+theta,JAK1,split1,Q437*,0.31999999999999995,0.7745014856727053
Ridge-esm+theta,JAK1,split1,Q572*,0.96,0.889078027880528
Ridge-esm+theta,JAK1,split2,D775N,0.6,0.8719608772097559
Ridge-esm+theta,JAK1,split2,E1051K,0.88,0.9331529641169266
Ridge-esm+theta,JAK1,split2,"E706K,D707N",0.8,0.9249809630357324
Ridge-esm+theta,JAK1,split2,E762K,0.52,0.8660524631582334
Ridge-esm+theta,JAK1,split2,"G1068E,G1068R",0.4,0.06121212072270008
Ridge-esm+theta,JAK1,split2,"G590E,G590R",0.48,0.1430387306005802
Ridge-esm+theta,JAK1,split2,"G887R,G887E",0.76,0.0965821482143933
Ridge-esm+theta,JAK1,split2,"P1118L,P1118S,P1121S",0.07999999999999996,0.08948271436645991
Ridge-esm+theta,JAK1,split2,"P1121L,P1121S",0.24,0.3549760678548721
Ridge-esm+theta,JAK1,split2,P761S,0.6799999999999999,0.8677827380797972
Ridge-esm+theta,JAK1,split2,S1062F,0.28,-0.4154516280248266
Ridge-esm+theta,JAK1,split2,T717I,0.76,0.038207996045160925
Ridge-esm+theta,JAK1,split3,D775N,0.56,0.1308692653268514
Ridge-esm+theta,JAK1,split3,E1051K,0.24,0.08475353463115819
Ridge-esm+theta,JAK1,split3,E447K,0.24,0.007952421620274177
Ridge-esm+theta,JAK1,split3,E486K,0.64,0.04605709651638159
Ridge-esm+theta,JAK1,split3,"E706K,D707N",0.28,0.08442740174511511
Ridge-esm+theta,JAK1,split3,E762K,0.0,0.02177967060846074
Ridge-esm+theta,JAK1,split3,"G1068E,G1068R",0.19999999999999996,-0.014443489167508438
Ridge-esm+theta,JAK1,split3,"G590E,G590R",0.19999999999999996,-0.03638914943925258
Ridge-esm+theta,JAK1,split3,"G887R,G887E",0.76,0.1122795098683465
Ridge-esm+theta,JAK1,split3,P761S,0.31999999999999995,0.12294473511968357
Ridge-esm+theta,JAK1,split3,Q387*,0.36,0.047620402599592514
Ridge-esm+theta,JAK1,split3,Q437*,0.72,0.09541366380416554
Ridge-esm+theta,JAK1,split3,Q499*,0.16000000000000003,0.04097602116141335
Ridge-esm+theta,JAK1,split3,Q545*,0.19999999999999996,0.06730043826500187
Ridge-esm+theta,JAK1,split3,Q572*,0.4,0.07000587400393013
Ridge-esm+theta,JAK1,split3,R108Q,0.72,0.15816586385050638
Ridge-esm+theta,JAK1,split3,"R549Q,E550K",0.07999999999999996,0.0506096652411147
Ridge-esm+theta,JAK1,split3,S1062F,0.28,-0.11597208159610231
Ridge-esm+theta,JAK1,split3,T558I,0.84,0.01097896153040947
Ridge-esm+theta,JAK1,split5,D775N,0.72,0.8743233214167908
Ridge-esm+theta,JAK1,split5,E486K,0.43999999999999995,0.8374040927621339
Ridge-esm+theta,JAK1,split5,E762K,0.56,0.8741475223941035
Ridge-esm+theta,JAK1,split5,"G590E,G590R",0.64,0.8881449450916593
Ridge-esm+theta,JAK1,split5,L321F,0.12,0.14270905646043144
Ridge-esm+theta,JAK1,split5,"P1121L,P1121S",0.16000000000000003,0.2090622470980112
Ridge-esm+theta,JAK1,split5,P761S,0.72,0.3795508097492947
Ridge-esm+theta,JAK1,split5,Q387*,0.72,0.904152631783312
Ridge-esm+theta,JAK1,split5,Q437*,0.4,0.84053268524138
Ridge-esm+theta,JAK1,split5,Q499*,0.36,0.8328106831359308
Ridge-esm+theta,JAK1,split5,Q545*,0.31999999999999995,0.8205542165705932
Ridge-esm+theta,JAK1,split5,R108Q,0.6799999999999999,-0.11473488348848858
Ridge-esm+theta,JAK1,split5,"R549Q,E550K",0.36,0.667855504011217
Ridge-esm+theta,JAK1,split5,T717I,0.0,-0.060968997288583196
Ridge-esm,TP53,split1,A159P,0.7938144329896908,0.8098210133425688
Ridge-esm,TP53,split1,A159V,0.7525773195876289,0.8143791491844238
Ridge-esm,TP53,split1,C141Y,0.22680412371134018,0.7819220771234898
Ridge-esm,TP53,split1,C238Y,0.061855670103092786,0.7692823070038003
Ridge-esm,TP53,split1,G245V,0.4226804123711341,0.7925432264635489
Ridge-esm,TP53,split1,H179R,0.3402061855670103,0.7855984740430801
Ridge-esm,TP53,split1,P47S,0.23711340206185572,0.7857043422206863
Ridge-esm,TP53,split1,P58R,0.0,0.7404484549802758
Ridge-esm,TP53,split1,Q5R,0.35051546391752575,0.7911295133025605
Ridge-esm,TP53,split1,R175H,0.6185567010309279,0.802681918545259
Ridge-esm,TP53,split1,R273H,1.0,0.8388115260803052
Ridge-esm,TP53,split1,S241C,0.5257731958762887,0.7972654401210396
Ridge-esm,TP53,split1,S366A,0.15463917525773196,0.78052399506546
Ridge-esm,TP53,split1,T312S,0.6804123711340206,0.804295279756625
Ridge-esm,TP53,split1,V31I,0.11340206185567014,0.7800245531796768
Ridge-esm,TP53,split1,Y220C,0.4948453608247423,0.793310761526432
Ridge-esm,TP53,split2,C238F,0.44329896907216493,0.7882648319106296
Ridge-esm,TP53,split2,C238Y,0.061855670103092786,0.7683012799256563
Ridge-esm,TP53,split2,C242F,0.3711340206185567,0.800330850251988
Ridge-esm,TP53,split2,C275F,0.0,0.7560356863469155
Ridge-esm,TP53,split2,C275Y,0.061855670103092786,0.7610490636531084
Ridge-esm,TP53,split2,C277F,0.7010309278350515,0.8040587845733447
Ridge-esm,TP53,split2,E271K,0.6597938144329897,0.8060200143470466
Ridge-esm,TP53,split2,E285K,0.14432989690721654,0.7807568705393366
Ridge-esm,TP53,split2,E286K,0.18556701030927836,0.7735233383335551
Ridge-esm,TP53,split2,E339K,0.08247422680412375,0.7627194438214917
Ridge-esm,TP53,split2,G244C,0.17525773195876293,0.7834099448591719
Ridge-esm,TP53,split2,G245C,0.7525773195876289,0.8054174875426042
Ridge-esm,TP53,split2,G245D,0.9072164948453608,0.8186334140704716
Ridge-esm,TP53,split2,G245S,0.41237113402061853,0.7938233899776095
Ridge-esm,TP53,split2,G245V,0.4226804123711341,0.7936350863076901
Ridge-esm,TP53,split2,G266E,0.22680412371134018,0.7794006119074653
Ridge-esm,TP53,split2,G266R,0.45360824742268047,0.7892518891448126
Ridge-esm,TP53,split2,G266V,0.5773195876288659,0.8097317874681429
Ridge-esm,TP53,split2,G360V,0.6288659793814433,0.8010784621034864
Ridge-esm,TP53,split2,L344L,0.7525773195876289,0.8065911556084876
Ridge-esm,TP53,split2,M237I,0.2989690721649485,0.795871305265394
Ridge-esm,TP53,split2,M246V,0.7010309278350515,0.8006638498732652
Ridge-esm,TP53,split2,P222P,0.2680412371134021,0.7787763922136908
Ridge-esm,TP53,split2,P250L,0.8762886597938144,0.8116646629961708
Ridge-esm,TP53,split2,P278L,0.30927835051546393,0.7808628110827192
Ridge-esm,TP53,split2,P278S,0.3402061855670103,0.7917762910242964
Ridge-esm,TP53,split2,P295P,0.6494845360824743,0.8027877753586634
Ridge-esm,TP53,split2,P301P,0.20618556701030932,0.7843510487649146
Ridge-esm,TP53,split2,P359P,0.5876288659793815,0.8039254913642943
Ridge-esm,TP53,split2,R248L,0.09278350515463918,0.7662353368484682
Ridge-esm,TP53,split2,R248W,0.5876288659793815,0.8053468576454353
Ridge-esm,TP53,split2,R249M,0.27835051546391754,0.7788929544430794
Ridge-esm,TP53,split2,R249S,0.21649484536082475,0.7774420787891911
Ridge-esm,TP53,split2,R273C,0.07216494845360821,0.7652408787729664
Ridge-esm,TP53,split2,R273H,1.0,0.8386687998092073
Ridge-esm,TP53,split2,R273L,0.18556701030927836,0.7907080207396467
Ridge-esm,TP53,split2,R280K,0.5670103092783505,0.7935715909503278
Ridge-esm,TP53,split2,R280T,0.28865979381443296,0.7818619110957316
Ridge-esm,TP53,split2,R282W,0.23711340206185572,0.7770608492754602
Ridge-esm,TP53,split2,R337C,0.030927835051546393,0.7663586364338314
Ridge-esm,TP53,split2,R337L,0.1030927835051546,0.7871602827993777
Ridge-esm,TP53,split2,S241C,0.5979381443298969,0.7995787033076006
Ridge-esm,TP53,split2,S241F,0.7010309278350515,0.8038567623752374
Ridge-esm,TP53,split2,S366A,0.15463917525773196,0.7796312678019872
Ridge-esm,TP53,split2,T312S,0.7422680412371134,0.8050824214683147
Ridge-esm,TP53,split2,V272L,0.5463917525773196,0.8048595025241011
Ridge-esm,TP53,split2,V272M,0.45360824742268047,0.7897745329418233
Ridge-esm,TP53,split2,Y234C,0.7938144329896908,0.8092193812869509
Ridge-esm,TP53,split2,Y236C,0.8247422680412371,0.8116915785013701
Ridge-esm,TP53,split3,G245C,0.6391752577319587,0.799676403088947
Ridge-esm,TP53,split3,G245D,0.9484536082474226,0.8217502450524636
Ridge-esm,TP53,split3,G245S,0.44329896907216493,0.7955096326784952
Ridge-esm,TP53,split3,G245V,0.4742268041237113,0.7946219439544807
Ridge-esm,TP53,split3,R175H,0.6185567010309279,0.8031273792449336
Ridge-esm,TP53,split3,R249M,0.17525773195876293,0.7768650902299064
Ridge-esm,TP53,split3,R249S,0.18556701030927836,0.7798100803181041
Ridge-esm,TP53,split3,R282W,0.15463917525773196,0.7759482693297102
Ridge-esm,TP53,split3,Y220C,0.5567010309278351,0.7979203816525665
Ridge-esm,TP53,split6,A159P,0.7938144329896908,0.8098229900648156
Ridge-esm,TP53,split6,A159V,0.7525773195876289,0.8149792051736158
Ridge-esm,TP53,split6,C141Y,0.22680412371134018,0.7826173020560966
Ridge-esm,TP53,split6,C238Y,0.061855670103092786,0.7701073759939648
Ridge-esm,TP53,split6,G245V,0.4226804123711341,0.7934973406254661
Ridge-esm,TP53,split6,H179R,0.35051546391752575,0.7853870671827
Ridge-esm,TP53,split6,R175H,0.6288659793814433,0.8035422922952302
Ridge-esm,TP53,split6,R273H,1.0,0.8398343804005065
Ridge-esm,TP53,split6,S241C,0.5257731958762887,0.7975921513369644
Ridge-esm,TP53,split6,Y220C,0.5257731958762887,0.7946262039073758
Ridge-esm,KRAS,split1,A146T,0.7692307692307692,0.7379772105420197
Ridge-esm,KRAS,split1,A146V,0.8571428571428572,0.7494562855309893
Ridge-esm,KRAS,split1,G12C,0.2417582417582418,0.6886772431253539
Ridge-esm,KRAS,split1,G12D,0.4505494505494505,0.7200880113953986
Ridge-esm,KRAS,split1,G12R,0.18681318681318682,0.6929432326079781
Ridge-esm,KRAS,split1,G12V,0.19780219780219777,0.6820263224123123
Ridge-esm,KRAS,split1,Q61H,0.9340659340659341,0.756455423633553
Ridge-esm,KRAS,split1,Q61L,0.6263736263736264,0.7236539582642822
Ridge-esm,KRAS,split2,A130V,0.7472527472527473,0.7303151439484593
Ridge-esm,KRAS,split2,A146P,0.48351648351648346,0.7160879894987716
Ridge-esm,KRAS,split2,A146T,0.7912087912087912,0.7338137924773681
Ridge-esm,KRAS,split2,A146V,0.8571428571428572,0.7445967914565085
Ridge-esm,KRAS,split2,A155G,0.3626373626373627,0.7088096264858789
Ridge-esm,KRAS,split2,A66A,0.3626373626373627,0.716195735168568
Ridge-esm,KRAS,split2,C118S,0.5934065934065934,0.7220221735749959
Ridge-esm,KRAS,split2,D119G,0.04395604395604391,0.6905103108100373
Ridge-esm,KRAS,split2,D173D,0.05494505494505497,0.7038639073001496
Ridge-esm,KRAS,split2,E63K,0.7142857142857143,0.7185694473949985
Ridge-esm,KRAS,split2,F141L,0.27472527472527475,0.7099149717734566
Ridge-esm,KRAS,split2,G75A,0.21978021978021978,0.6913834724564779
Ridge-esm,KRAS,split2,G77A,0.3846153846153846,0.6996542008385495
Ridge-esm,KRAS,split2,I163S,0.4285714285714286,0.7087443731617175
Ridge-esm,KRAS,split2,K117N,0.18681318681318682,0.6958025654432868
Ridge-esm,KRAS,split2,K117R,0.7142857142857143,0.7290432021137724
Ridge-esm,KRAS,split2,K147N,0.20879120879120883,0.6994551322176038
Ridge-esm,KRAS,split2,K147T,0.01098901098901095,0.6937015973147862
Ridge-esm,KRAS,split2,K169K,0.8571428571428572,0.7384334090936171
Ridge-esm,KRAS,split2,K176Q,0.6813186813186813,0.7236761545292585
Ridge-esm,KRAS,split2,K178K,0.5824175824175823,0.7210398091745276
Ridge-esm,KRAS,split2,K88K,0.09890109890109888,0.6892911573324398
Ridge-esm,KRAS,split2,L159S,0.9010989010989011,0.744980029957292
Ridge-esm,KRAS,split2,L79I,0.3516483516483516,0.705145262582421
Ridge-esm,KRAS,split2,M111L,0.0,0.6782960992107896
Ridge-esm,KRAS,split2,P110S,0.48351648351648346,0.7231884799995622
Ridge-esm,KRAS,split2,Q99E,0.37362637362637363,0.711726842069288
Ridge-esm,KRAS,split2,R135T,0.6813186813186813,0.7280171794516188
Ridge-esm,KRAS,split2,R149K,0.4065934065934066,0.7096055056864251
Ridge-esm,KRAS,split2,R164Q,0.6923076923076923,0.7280171274991192
Ridge-esm,KRAS,split2,R68S,0.3076923076923077,0.696373880402038
Ridge-esm,KRAS,split2,S136N,0.8241758241758241,0.7390128280342141
Ridge-esm,KRAS,split2,T127T,0.15384615384615385,0.6924816260058457
Ridge-esm,KRAS,split2,T144P,0.10989010989010994,0.6889063069691962
Ridge-esm,KRAS,split2,T144T,0.31868131868131866,0.7180238024341462
Ridge-esm,KRAS,split2,T158A,0.2637362637362637,0.7088712249757486
Ridge-esm,KRAS,split2,T158T,0.20879120879120883,0.7052072550907071
Ridge-esm,KRAS,split2,T74A,0.8131868131868132,0.7397453800147608
Ridge-esm,KRAS,split2,T74T,0.3846153846153846,0.7099330507072213
Ridge-esm,KRAS,split2,V112I,0.5274725274725275,0.7147678657187571
Ridge-esm,KRAS,split2,Y166H,0.9120879120879121,0.7485518518669154
Ridge-esm,KRAS,split3,A146P,0.5054945054945055,0.721151241966262
Ridge-esm,KRAS,split3,A146T,0.7802197802197802,0.735565050771251
Ridge-esm,KRAS,split3,A146V,0.8351648351648352,0.7457629742490336
Ridge-esm,KRAS,split3,G12A,0.2637362637362637,0.7021338427919657
Ridge-esm,KRAS,split3,G12C,0.19780219780219777,0.6800460427941141
Ridge-esm,KRAS,split3,G12S,0.8461538461538461,0.7048537302653348
Ridge-esm,KRAS,split3,G13C,0.5714285714285714,0.7382358037273382
Ridge-esm,KRAS,split3,K117R,0.6483516483516483,0.7317588354266455
Ridge-esm,KRAS,split3,Q61H,0.9120879120879121,0.7560072617024087
Ridge-esm,KRAS,split3,Q61P,0.13186813186813184,0.6906648095025409
Ridge-esm,KRAS,split6,A146T,0.7692307692307692,0.7379772105420197
Ridge-esm,KRAS,split6,A146V,0.8571428571428572,0.7494562855309893
Ridge-esm,KRAS,split6,G12C,0.2417582417582418,0.6886772431253539
Ridge-esm,KRAS,split6,G12D,0.4505494505494505,0.7200880113953986
Ridge-esm,KRAS,split6,G12R,0.18681318681318682,0.6929432326079781
Ridge-esm,KRAS,split6,G12V,0.19780219780219777,0.6820263224123123
Ridge-esm,KRAS,split6,Q61H,0.9340659340659341,0.756455423633553
Ridge-esm,KRAS,split6,Q61L,0.6263736263736264,0.7236539582642822
Ridge-esm,GATA1,split1,C199R,0.5849802371541502,0.746001287571039
Ridge-esm,GATA1,split1,C207R,0.0039525691699604515,0.34319858116259644
Ridge-esm,GATA1,split1,C225R,1.0,0.7954762184915961
Ridge-esm,GATA1,split1,E114G,0.24110671936758898,0.5986302195728102
Ridge-esm,GATA1,split1,E200G,0.4545454545454546,0.6843359272485985
Ridge-esm,GATA1,split1,E328G,0.4347826086956522,0.7163949318148571
Ridge-esm,GATA1,split1,E348G,0.9209486166007905,0.7808868733484664
Ridge-esm,GATA1,split1,F172P,0.30434782608695654,0.6468331097871101
Ridge-esm,GATA1,split1,H222R,0.4189723320158103,0.6730913096457056
Ridge-esm,GATA1,split1,"I249T,V250A",0.22134387351778662,0.641705904914268
Ridge-esm,GATA1,split1,I87T,0.08300395256916993,0.5245750381985115
Ridge-esm,GATA1,split1,"K100G,T101A",0.13043478260869568,0.5618325683946117
Ridge-esm,GATA1,split1,K137E,0.4545454545454546,0.7115766242452023
Ridge-esm,GATA1,split1,K287G,0.11067193675889331,0.6083318202337921
Ridge-esm,GATA1,split1,"K299R,D300G",0.8379446640316206,0.7372678488764342
Ridge-esm,GATA1,split1,K312R,0.17786561264822132,0.5418245004122333
Ridge-esm,GATA1,split1,L146P,0.7391304347826086,0.7579133318525433
Ridge-esm,GATA1,split1,L190P,0.5375494071146245,0.7591084531666005
Ridge-esm,GATA1,split1,L224P,0.04347826086956519,0.4976767206110978
Ridge-esm,GATA1,split1,L355P,0.8379446640316206,0.7721370331700678
Ridge-esm,GATA1,split1,L363P,0.20948616600790515,0.6670136192461324
Ridge-esm,GATA1,split1,L387P,0.6521739130434783,0.7329079507401609
Ridge-esm,GATA1,split1,L6P,0.9486166007905138,0.7847114623442151
Ridge-esm,GATA1,split1,M1V,0.6403162055335969,0.7438688961183871
Ridge-esm,GATA1,split1,M335V,0.7430830039525691,0.7522068477054124
Ridge-esm,GATA1,split1,"N238G,R239G",0.8616600790513834,0.75138716985703
Ridge-esm,GATA1,split1,Q257R,0.5256916996047432,0.7212444229807267
Ridge-esm,GATA1,split1,R271G,0.22924901185770752,0.6495257413759786
Ridge-esm,GATA1,split1,S155P,0.5335968379446641,0.7299701764528322
Ridge-esm,GATA1,split1,S161G,0.5296442687747036,0.7142976899629114
Ridge-esm,GATA1,split1,S174P,0.09486166007905139,0.4752127093090158
Ridge-esm,GATA1,split1,S178G,0.9881422924901185,0.7973368519330839
Ridge-esm,GATA1,split1,S310P,0.7628458498023716,0.7430251710500152
Ridge-esm,GATA1,split1,S393P,0.8181818181818181,0.763181456377934
Ridge-esm,GATA1,split1,S72P,0.5770750988142292,0.72047393160975
Ridge-esm,GATA1,split1,T256A,0.8932806324110671,0.7647434231064013
Ridge-esm,GATA1,split1,T264A,0.26877470355731226,0.6458446091090424
Ridge-esm,GATA1,split1,T324A,0.32806324110671936,0.6488314484976418
Ridge-esm,GATA1,split1,T391A,0.19367588932806323,0.6267007970169479
Ridge-esm,GATA1,split1,"V109A,C110R",0.2885375494071146,0.6348688533055118
Ridge-esm,GATA1,split1,V158A,0.30434782608695654,0.6876915994943726
Ridge-esm,GATA1,split1,V291A,0.7272727272727273,0.7611100698992193
Ridge-esm,GATA1,split1,V32A,0.46640316205533594,0.7289912598042071
Ridge-esm,GATA1,split1,"V32A,F33P",0.08695652173913049,0.49602865168906896
Ridge-esm,GATA1,split1,"V336A,V337A",0.3438735177865613,0.6401045178629906
Ridge-esm,GATA1,split1,"V371A,L372P",0.691699604743083,0.7457694724289992
Ridge-esm,GATA1,split1,"Y185H,S186P",0.9565217391304348,0.7847061298246678
Ridge-esm,GATA1,split1,Y285C,0.06719367588932801,0.5222369868557363
Ridge-esm,GATA1,split1,Y62C,0.782608695652174,0.7606674962346767
Ridge-esm,GATA1,split1,Y62H,0.09881422924901184,0.552339087420646
Ridge-esm,GATA1,split1,Y78H,0.3517786561264822,0.6533070963356252
Ridge-esm,GATA1,split1,Y93H,0.5256916996047432,0.7246115840031865
Ridge-esm,GATA1,split2,C204R,0.01976284584980237,0.38531375232455617
Ridge-esm,GATA1,split2,"C204R,V205A",0.691699604743083,0.7334250383339485
Ridge-esm,GATA1,split2,C207R,0.0039525691699604515,0.31655746280839503
Ridge-esm,GATA1,split2,C225R,0.9169960474308301,0.7751548022785155
Ridge-esm,GATA1,split2,C228R,0.9288537549407114,0.7740235355581888
Ridge-esm,GATA1,split2,C258R,0.308300395256917,0.6634907421380567
Ridge-esm,GATA1,split2,C261R,0.23320158102766797,0.6074598667112111
Ridge-esm,GATA1,split2,C346R,0.40711462450592883,0.6859356440182267
Ridge-esm,GATA1,split2,D276G,0.4703557312252964,0.695746795538464
Ridge-esm,GATA1,split2,E328G,0.44664031620553357,0.7116969559076233
Ridge-esm,GATA1,split2,E348G,0.8577075098814229,0.7702870328072603
Ridge-esm,GATA1,split2,F382S,0.691699604743083,0.7611765491010706
Ridge-esm,GATA1,split2,F394P,0.7944664031620553,0.7527036030640614
Ridge-esm,GATA1,split2,H222R,0.36363636363636365,0.6598874084853047
Ridge-esm,GATA1,split2,"H222R,Y223C",0.6837944664031621,0.7378083342569637
Ridge-esm,GATA1,split2,"H232R,K233E",0.09881422924901184,0.5467216385661491
Ridge-esm,GATA1,split2,H289R,0.6442687747035574,0.7313321892272899
Ridge-esm,GATA1,split2,H362R,0.4031620553359684,0.7146068785563606
Ridge-esm,GATA1,split2,H378R,0.12648221343873522,0.6011726789560694
Ridge-esm,GATA1,split2,I242T,0.01976284584980237,0.2944012376685709
Ridge-esm,GATA1,split2,I242V,0.33596837944664026,0.6896615530273044
Ridge-esm,GATA1,split2,I249T,0.6996047430830039,0.7441492490018209
Ridge-esm,GATA1,split2,"I249T,V250A",0.20948616600790515,0.6317955309036625
Ridge-esm,GATA1,split2,I249V,0.5217391304347826,0.7372107605316178
Ridge-esm,GATA1,split2,I302T,0.07114624505928857,0.47943892825982415
Ridge-esm,GATA1,split2,I302V,0.18972332015810278,0.5609314528325304
Ridge-esm,GATA1,split2,"K233R,M234V",0.5494071146245059,0.7206225310941338
Ridge-esm,GATA1,split2,K245G,0.031620553359683834,0.320837463135368
Ridge-esm,GATA1,split2,K252G,0.2845849802371542,0.6367103319320215
Ridge-esm,GATA1,split2,K252R,0.13833992094861658,0.5240862373072411
Ridge-esm,GATA1,split2,K287G,0.11462450592885376,0.6014008265260531
Ridge-esm,GATA1,split2,K299E,0.7984189723320159,0.7520610684175709
Ridge-esm,GATA1,split2,"K299R,D300G",0.782608695652174,0.7473843077701929
Ridge-esm,GATA1,split2,K308G,0.41501976284584985,0.6827189317059238
Ridge-esm,GATA1,split2,K312G,0.035573122529644285,0.45380268945319396
Ridge-esm,GATA1,split2,K312R,0.1541501976284585,0.5366402472042952
Ridge-esm,GATA1,split2,"K314R,K315G",0.13438735177865613,0.5648037041773944
Ridge-esm,GATA1,split2,K316G,0.8142292490118577,0.7616822998283529
Ridge-esm,GATA1,split2,K316R,0.4189723320158103,0.6866624000774294
Ridge-esm,GATA1,split2,"L214P,W215R",0.48221343873517786,0.70489951137245
Ridge-esm,GATA1,split2,L224P,0.04347826086956519,0.5005101653240918
Ridge-esm,GATA1,split2,"L230P,Y231H",0.5059288537549407,0.7081568918135269
Ridge-esm,GATA1,split2,L248P,0.7154150197628458,0.7389058416885395
Ridge-esm,GATA1,split2,"L268P,W269R",0.8537549407114624,0.7558226706118584
Ridge-esm,GATA1,split2,"L284P,Y285H",0.011857707509881465,0.2052951054563005
Ridge-esm,GATA1,split2,L288P,0.6403162055335969,0.7463080871593014
Ridge-esm,GATA1,split2,L295P,0.5098814229249011,0.7039626753130178
Ridge-esm,GATA1,split2,L355P,0.766798418972332,0.7603534220687291
Ridge-esm,GATA1,split2,L363P,0.25296442687747034,0.6784268281413028
Ridge-esm,GATA1,split2,"L363P,Y364H",0.37154150197628455,0.6782687921734096
Ridge-esm,GATA1,split2,L367P,0.5059288537549407,0.7378443101905884
Ridge-esm,GATA1,split2,"L372P,S373P",0.43083003952569165,0.7186565445304413
Ridge-esm,GATA1,split2,L379P,0.45849802371541504,0.7037868748833311
Ridge-esm,GATA1,split2,L386P,0.8023715415019763,0.7550803307826127
Ridge-esm,GATA1,split2,"L386P,L387P",0.48221343873517786,0.7064200043361004
Ridge-esm,GATA1,split2,L387P,0.5494071146245059,0.7165392844226798
Ridge-esm,GATA1,split2,L411P,0.9367588932806324,0.771974177353949
Ridge-esm,GATA1,split2,M234T,0.6363636363636364,0.728127528893575
Ridge-esm,GATA1,split2,"M234V,N235D",0.4268774703557312,0.7000843668205148
Ridge-esm,GATA1,split2,M297T,0.2727272727272727,0.6502999794597798
Ridge-esm,GATA1,split2,M335T,0.2490118577075099,0.6130817383300646
Ridge-esm,GATA1,split2,"M335T,V336A",0.383399209486166,0.6598891628935275
Ridge-esm,GATA1,split2,M335V,0.7747035573122529,0.7507471615440372
Ridge-esm,GATA1,split2,M380T,0.6403162055335969,0.7483831952397415
Ridge-esm,GATA1,split2,M399T,0.6086956521739131,0.7271380864059669
Ridge-esm,GATA1,split2,M399V,0.841897233201581,0.7601939034906787
Ridge-esm,GATA1,split2,N206G,0.5770750988142292,0.7318641402487356
Ridge-esm,GATA1,split2,"N238G,R239G",0.6007905138339921,0.722850125278511
Ridge-esm,GATA1,split2,N272G,0.5968379446640316,0.7262147307497137
Ridge-esm,GATA1,split2,N292G,0.12648221343873522,0.5275239434554247
Ridge-esm,GATA1,split2,N292S,0.9644268774703557,0.7871711828551351
Ridge-esm,GATA1,split2,N306G,0.7233201581027668,0.7663927030927862
Ridge-esm,GATA1,split2,N345D,0.5533596837944664,0.719723470154984
Ridge-esm,GATA1,split2,N345G,0.849802371541502,0.7672499619256352
Ridge-esm,GATA1,split2,"Q237R,N238G",0.36363636363636365,0.6472734884213246
Ridge-esm,GATA1,split2,Q257R,0.5968379446640316,0.7339585009084563
Ridge-esm,GATA1,split2,"Q303R,T304A",0.5019762845849802,0.7124888300393649
Ridge-esm,GATA1,split2,Q365R,0.9169960474308301,0.768964956655059
Ridge-esm,GATA1,split2,R271G,0.20948616600790515,0.6374284279279601
Ridge-esm,GATA1,split2,S274G,0.5810276679841897,0.732414524724686
Ridge-esm,GATA1,split2,S310P,0.7312252964426877,0.7414131935899327
Ridge-esm,GATA1,split2,S320G,0.3162055335968379,0.6689458358820363
Ridge-esm,GATA1,split2,S341G,0.7944664031620553,0.7532986215718497
Ridge-esm,GATA1,split2,S343G,0.5454545454545454,0.7164108908920902
Ridge-esm,GATA1,split2,S389P,0.7786561264822134,0.755907852750227
Ridge-esm,GATA1,split2,S393P,0.8814229249011858,0.7656344761550791
Ridge-esm,GATA1,split2,S412G,0.1620553359683794,0.6102972623290335
Ridge-esm,GATA1,split2,T210A,0.5770750988142292,0.7157054681132925
Ridge-esm,GATA1,split2,T212A,0.7588932806324111,0.7596358484780668
Ridge-esm,GATA1,split2,T220A,0.22529644268774707,0.611821507589293
Ridge-esm,GATA1,split2,T256A,0.9011857707509882,0.7676823327370281
Ridge-esm,GATA1,split2,T259A,0.6758893280632411,0.7483196992712833
Ridge-esm,GATA1,split2,"T263A,T264A",0.059288537549407105,0.48151079627488674
Ridge-esm,GATA1,split2,T264A,0.308300395256917,0.6661879954619003
Ridge-esm,GATA1,split2,"T264A,T265A",0.616600790513834,0.7268827173725279
Ridge-esm,GATA1,split2,T265A,0.8853754940711462,0.7708405869533892
Ridge-esm,GATA1,split2,"T265A,T266A",0.8260869565217391,0.7652461370821981
Ridge-esm,GATA1,split2,T266A,0.6047430830039526,0.7379465697757848
Ridge-esm,GATA1,split2,T267A,0.7588932806324111,0.7509841169671481
Ridge-esm,GATA1,split2,T296A,0.18577075098814233,0.6521449971042828
Ridge-esm,GATA1,split2,T324A,0.31225296442687744,0.6410743080357555
Ridge-esm,GATA1,split2,T354A,0.7628458498023716,0.7570535325998096
Ridge-esm,GATA1,split2,T360A,0.37154150197628455,0.655496059013084
Ridge-esm,GATA1,split2,T391A,0.18972332015810278,0.6244185180980798
Ridge-esm,GATA1,split2,T402A,0.5335968379446641,0.70686718521355
Ridge-esm,GATA1,split2,"T402A,T403A",0.9328063241106719,0.7839663835516982
Ridge-esm,GATA1,split2,"T403A,S404G",0.8142292490118577,0.7645249956097198
Ridge-esm,GATA1,split2,"T405A,T406A",0.4861660079051383,0.7150229374189021
Ridge-esm,GATA1,split2,V250A,0.5098814229249011,0.7070859997247538
Ridge-esm,GATA1,split2,"V278A,C279R",0.38735177865612647,0.6625365267951056
Ridge-esm,GATA1,split2,V291A,0.6798418972332017,0.7497170928294828
Ridge-esm,GATA1,split2,"V336A,V337A",0.2806324110671937,0.6254259859322455
Ridge-esm,GATA1,split2,V349A,0.11067193675889331,0.5658328538698303
Ridge-esm,GATA1,split2,V370A,0.7193675889328064,0.7472638127253541
Ridge-esm,GATA1,split2,"V371A,L372P",0.7430830039525691,0.7477732224331886
Ridge-esm,GATA1,split2,V407A,0.849802371541502,0.7658023162373676
Ridge-esm,GATA1,split2,"V407A,V408A",0.4940711462450593,0.7057331971787532
Ridge-esm,GATA1,split2,V408A,0.23715415019762842,0.6309677300404322
Ridge-esm,GATA1,split2,W215R,0.8972332015810277,0.7736053609711084
Ridge-esm,GATA1,split2,W269R,0.5731225296442688,0.7214618138349398
Ridge-esm,GATA1,split2,Y223C,0.9920948616600791,0.7890078461780513
Ridge-esm,GATA1,split2,Y231C,0.2806324110671937,0.6402089184500258
Ridge-esm,GATA1,split2,Y285C,0.06719367588932801,0.48766586834527753
Ridge-esm,GATA1,split2,"Y285C,Y286C",0.015810276679841917,0.30181174704762864
Ridge-esm,GATA1,split2,"Y286C,K287E",0.5533596837944664,0.7145461773996209
Ridge-esm,GATA1,split2,Y286H,0.11857707509881421,0.5500338995301544
Ridge-esm,GATA1,split2,"Y364C,Q365R",0.3754940711462451,0.700399261420315
Ridge-esm,GATA1,split3,C204R,0.01976284584980237,0.3854332885405807
Ridge-esm,GATA1,split3,"C204R,V205A",0.8300395256916996,0.7478211834006032
Ridge-esm,GATA1,split3,C207R,0.0039525691699604515,0.3195322583734442
Ridge-esm,GATA1,split3,C225R,1.0,0.799861057601986
Ridge-esm,GATA1,split3,C228R,0.841897233201581,0.761756603401549
Ridge-esm,GATA1,split3,C258R,0.30434782608695654,0.6630979390741046
Ridge-esm,GATA1,split3,C261R,0.22924901185770752,0.6114961892716446
Ridge-esm,GATA1,split3,D276G,0.4110671936758893,0.6725553801899419
Ridge-esm,GATA1,split3,H222R,0.42292490118577075,0.6728735873997247
Ridge-esm,GATA1,split3,"H222R,Y223C",0.6205533596837944,0.7253736132875831
Ridge-esm,GATA1,split3,"L214P,W215R",0.6442687747035574,0.7301025229090264
Ridge-esm,GATA1,split3,L224P,0.04347826086956519,0.502297236378277
Ridge-esm,GATA1,split3,"L268P,W269R",0.9762845849802372,0.7770585037860079
Ridge-esm,GATA1,split3,N206G,0.5098814229249011,0.7199925500874389
Ridge-esm,GATA1,split3,N272G,0.691699604743083,0.7406674667417844
Ridge-esm,GATA1,split3,R271G,0.22134387351778662,0.64858663599415
Ridge-esm,GATA1,split3,S274G,0.5494071146245059,0.7282731963429155
Ridge-esm,GATA1,split3,T210A,0.6877470355731226,0.7340554905198597
Ridge-esm,GATA1,split3,T212A,0.7035573122529644,0.7586226310786734
Ridge-esm,GATA1,split3,T220A,0.2134387351778656,0.6086929435062507
Ridge-esm,GATA1,split3,T259A,0.7154150197628458,0.7556389243417162
Ridge-esm,GATA1,split3,"T263A,T264A",0.07509881422924902,0.5238603867048005
Ridge-esm,GATA1,split3,T264A,0.26877470355731226,0.6478542861887713
Ridge-esm,GATA1,split3,"T264A,T265A",0.6403162055335969,0.7246106012611112
Ridge-esm,GATA1,split3,T265A,0.8893280632411067,0.7701077782213329
Ridge-esm,GATA1,split3,"T265A,T266A",0.8023715415019763,0.7670804858348386
Ridge-esm,GATA1,split3,T266A,0.5533596837944664,0.7314238250787892
Ridge-esm,GATA1,split3,T267A,0.8300395256916996,0.7628888147150549
Ridge-esm,GATA1,split3,"V278A,C279R",0.3913043478260869,0.6725188931545365
Ridge-esm,GATA1,split3,W215R,0.9683794466403162,0.7838923647674926
Ridge-esm,GATA1,split3,W269R,0.6877470355731226,0.7462785713892286
Ridge-esm,GATA1,split3,Y223C,0.9841897233201581,0.7887824878769772
Ridge-esm,GATA1,split5,C346R,0.3952569169960475,0.6893564178253517
Ridge-esm,GATA1,split5,E114G,0.23715415019762842,0.5908022607176834
Ridge-esm,GATA1,split5,"E114G,D115G",0.2134387351778656,0.5751791319410956
Ridge-esm,GATA1,split5,E134G,0.1462450592885376,0.5604112084933226
Ridge-esm,GATA1,split5,E13G,0.4110671936758893,0.6730775689481966
Ridge-esm,GATA1,split5,F168P,0.3517786561264822,0.6476473063730005
Ridge-esm,GATA1,split5,F172L,0.7549407114624506,0.7556671770707613
Ridge-esm,GATA1,split5,"F172S,F173P",0.2727272727272727,0.6065279658199287
Ridge-esm,GATA1,split5,"F33P,F34P",0.07114624505928857,0.426721880723082
Ridge-esm,GATA1,split5,F3L,0.055335968379446654,0.49914145832681767
Ridge-esm,GATA1,split5,H222R,0.43083003952569165,0.6763939858866809
Ridge-esm,GATA1,split5,I249T,0.7786561264822134,0.7523288582066595
Ridge-esm,GATA1,split5,I302V,0.25296442687747034,0.5843806364256298
Ridge-esm,GATA1,split5,"K100G,T101A",0.13043478260869568,0.5543066952776422
Ridge-esm,GATA1,split5,K245G,0.031620553359683834,0.35690846483145844
Ridge-esm,GATA1,split5,K252R,0.18181818181818177,0.5479360645678112
Ridge-esm,GATA1,split5,K287G,0.1027667984189723,0.5984060759871513
Ridge-esm,GATA1,split5,K312G,0.03952569169960474,0.44273963452727144
Ridge-esm,GATA1,split5,K312R,0.18181818181818177,0.5430432500137518
Ridge-esm,GATA1,split5,"K314R,K315G",0.13043478260869568,0.5583395477902803
Ridge-esm,GATA1,split5,L136S,0.03952569169960474,0.3889544791269933
Ridge-esm,GATA1,split5,L141P,0.308300395256917,0.6505129498666443
Ridge-esm,GATA1,split5,L196P,0.46640316205533594,0.6934929560854487
Ridge-esm,GATA1,split5,"L284P,Y285H",0.015810276679841917,0.2262749451505199
Ridge-esm,GATA1,split5,"L386P,L387P",0.4980237154150198,0.7093562060669535
Ridge-esm,GATA1,split5,L80P,0.3438735177865613,0.6493545794488098
Ridge-esm,GATA1,split5,M335T,0.26086956521739135,0.6176428443941014
Ridge-esm,GATA1,split5,N160D,0.0513833992094862,0.4770753515305591
Ridge-esm,GATA1,split5,"Q237R,N238G",0.39920948616600793,0.6670760463464832
Ridge-esm,GATA1,split5,S12P,0.10671936758893286,0.5224368982291479
Ridge-esm,GATA1,split5,S142G,0.22924901185770752,0.621267241593454
Ridge-esm,GATA1,split5,S174P,0.09881422924901184,0.4631172442573033
Ridge-esm,GATA1,split5,S186P,0.19367588932806323,0.6403538250454931
Ridge-esm,GATA1,split5,S36P,0.0039525691699604515,0.19501481314580538
Ridge-esm,GATA1,split5,S46P,0.11462450592885376,0.5064505682995495
Ridge-esm,GATA1,split5,T171A,0.1699604743083004,0.5516446677960576
Ridge-esm,GATA1,split5,T220A,0.23715415019762842,0.6150379151095664
Ridge-esm,GATA1,split5,V250A,0.5810276679841897,0.718428377289527
Ridge-esm,GATA1,split5,"V278A,C279R",0.4268774703557312,0.6768309102556334
Ridge-esm,GATA1,split5,"V32A,F33P",0.09881422924901184,0.5017962988958073
Ridge-esm,GATA1,split5,"V336A,V337A",0.3399209486166008,0.637099613894576
Ridge-esm,GATA1,split5,Y285C,0.06324110671936756,0.49651154518620677
Ridge-esm,GATA1,split5,"Y285C,Y286C",0.011857707509881465,0.2994061047667998
Ridge-esm,GATA1,split5,Y286H,0.11462450592885376,0.5430866784378392
Ridge-esm,GATA1,split5,Y69H,0.30434782608695654,0.623967112213791
Ridge-esm,GATA1,split6,C199R,0.5849802371541502,0.746001287571039
Ridge-esm,GATA1,split6,C207R,0.0039525691699604515,0.34319858116259644
Ridge-esm,GATA1,split6,C225R,1.0,0.7954762184915961
Ridge-esm,GATA1,split6,E114G,0.24110671936758898,0.5986302195728102
Ridge-esm,GATA1,split6,E200G,0.4545454545454546,0.6843359272485985
Ridge-esm,GATA1,split6,E328G,0.4347826086956522,0.7163949318148571
Ridge-esm,GATA1,split6,E348G,0.9209486166007905,0.7808868733484664
Ridge-esm,GATA1,split6,F172P,0.30434782608695654,0.6468331097871101
Ridge-esm,GATA1,split6,H222R,0.4189723320158103,0.6730913096457056
Ridge-esm,GATA1,split6,"I249T,V250A",0.22134387351778662,0.641705904914268
Ridge-esm,GATA1,split6,I87T,0.08300395256916993,0.5245750381985115
Ridge-esm,GATA1,split6,"K100G,T101A",0.13043478260869568,0.5618325683946117
Ridge-esm,GATA1,split6,K137E,0.4545454545454546,0.7115766242452023
Ridge-esm,GATA1,split6,K287G,0.11067193675889331,0.6083318202337921
Ridge-esm,GATA1,split6,"K299R,D300G",0.8379446640316206,0.7372678488764342
Ridge-esm,GATA1,split6,K312R,0.17786561264822132,0.5418245004122333
Ridge-esm,GATA1,split6,L146P,0.7391304347826086,0.7579133318525433
Ridge-esm,GATA1,split6,L190P,0.5375494071146245,0.7591084531666005
Ridge-esm,GATA1,split6,L224P,0.04347826086956519,0.4976767206110978
Ridge-esm,GATA1,split6,L355P,0.8379446640316206,0.7721370331700678
Ridge-esm,GATA1,split6,L363P,0.20948616600790515,0.6670136192461324
Ridge-esm,GATA1,split6,L387P,0.6521739130434783,0.7329079507401609
Ridge-esm,GATA1,split6,L6P,0.9486166007905138,0.7847114623442151
Ridge-esm,GATA1,split6,M1V,0.6403162055335969,0.7438688961183871
Ridge-esm,GATA1,split6,M335V,0.7430830039525691,0.7522068477054124
Ridge-esm,GATA1,split6,"N238G,R239G",0.8616600790513834,0.75138716985703
Ridge-esm,GATA1,split6,Q257R,0.5256916996047432,0.7212444229807267
Ridge-esm,GATA1,split6,R271G,0.22924901185770752,0.6495257413759786
Ridge-esm,GATA1,split6,S155P,0.5335968379446641,0.7299701764528322
Ridge-esm,GATA1,split6,S161G,0.5296442687747036,0.7142976899629114
Ridge-esm,GATA1,split6,S174P,0.09486166007905139,0.4752127093090158
Ridge-esm,GATA1,split6,S178G,0.9881422924901185,0.7973368519330839
Ridge-esm,GATA1,split6,S310P,0.7628458498023716,0.7430251710500152
Ridge-esm,GATA1,split6,S393P,0.8181818181818181,0.763181456377934
Ridge-esm,GATA1,split6,S72P,0.5770750988142292,0.72047393160975
Ridge-esm,GATA1,split6,T256A,0.8932806324110671,0.7647434231064013
Ridge-esm,GATA1,split6,T264A,0.26877470355731226,0.6458446091090424
Ridge-esm,GATA1,split6,T324A,0.32806324110671936,0.6488314484976418
Ridge-esm,GATA1,split6,T391A,0.19367588932806323,0.6267007970169479
Ridge-esm,GATA1,split6,"V109A,C110R",0.2885375494071146,0.6348688533055118
Ridge-esm,GATA1,split6,V158A,0.30434782608695654,0.6876915994943726
Ridge-esm,GATA1,split6,V291A,0.7272727272727273,0.7611100698992193
Ridge-esm,GATA1,split6,V32A,0.46640316205533594,0.7289912598042071
Ridge-esm,GATA1,split6,"V32A,F33P",0.08695652173913049,0.49602865168906896
Ridge-esm,GATA1,split6,"V336A,V337A",0.3438735177865613,0.6401045178629906
Ridge-esm,GATA1,split6,"V371A,L372P",0.691699604743083,0.7457694724289992
Ridge-esm,GATA1,split6,"Y185H,S186P",0.9565217391304348,0.7847061298246678
Ridge-esm,GATA1,split6,Y285C,0.06719367588932801,0.5222369868557363
Ridge-esm,GATA1,split6,Y62C,0.782608695652174,0.7606674962346767
Ridge-esm,GATA1,split6,Y62H,0.09881422924901184,0.552339087420646
Ridge-esm,GATA1,split6,Y78H,0.3517786561264822,0.6533070963356252
Ridge-esm,GATA1,split6,Y93H,0.5256916996047432,0.7246115840031865
Ridge-esm,JAK1,split1,E762K,0.43999999999999995,0.8527966609848608
Ridge-esm,JAK1,split1,"G1068E,G1068R",0.76,0.9395571290863606
Ridge-esm,JAK1,split1,"G887R,G887E",0.6,0.892107388220723
Ridge-esm,JAK1,split1,"P1118L,P1118S,P1121S",0.12,0.08593142259323708
Ridge-esm,JAK1,split1,Q387*,0.6,0.8036669844812153
Ridge-esm,JAK1,split1,Q437*,0.31999999999999995,0.7819348565350406
Ridge-esm,JAK1,split1,Q572*,0.96,0.8884494443016658
Ridge-esm,JAK1,split2,D775N,0.43999999999999995,0.7915729829600243
Ridge-esm,JAK1,split2,E1051K,0.84,0.8442638700516917
Ridge-esm,JAK1,split2,"E706K,D707N",0.8,0.8332111928413882
Ridge-esm,JAK1,split2,E762K,0.6,0.8058973198606645
Ridge-esm,JAK1,split2,"G1068E,G1068R",0.76,0.8272562289005079
Ridge-esm,JAK1,split2,"G590E,G590R",0.52,0.8225086111895528
Ridge-esm,JAK1,split2,"G887R,G887E",0.64,0.8097136126761464
Ridge-esm,JAK1,split2,"P1118L,P1118S,P1121S",0.12,0.08620221630383784
Ridge-esm,JAK1,split2,"P1121L,P1121S",0.19999999999999996,0.23968215636191814
Ridge-esm,JAK1,split2,P761S,0.72,0.8225157837848192
Ridge-esm,JAK1,split2,S1062F,0.88,0.8462725120287683
Ridge-esm,JAK1,split2,T717I,0.0,-0.10939114980162205
Ridge-esm,JAK1,split3,D775N,0.28,2.1460572885815915e-05
Ridge-esm,JAK1,split3,E1051K,0.16000000000000003,-0.01635715514539443
Ridge-esm,JAK1,split3,E447K,0.16000000000000003,0.01281879627555065
Ridge-esm,JAK1,split3,E486K,0.64,0.07253041383140876
Ridge-esm,JAK1,split3,"E706K,D707N",0.6,0.03470792880174941
Ridge-esm,JAK1,split3,E762K,0.0,-0.06626996369254456
Ridge-esm,JAK1,split3,"G1068E,G1068R",0.36,0.0022960617024103316
Ridge-esm,JAK1,split3,"G590E,G590R",0.19999999999999996,-0.007020108287187132
Ridge-esm,JAK1,split3,"G887R,G887E",0.76,0.1128635291891507
Ridge-esm,JAK1,split3,P761S,0.56,0.02036228998573874
Ridge-esm,JAK1,split3,Q387*,0.43999999999999995,0.01935114908642336
Ridge-esm,JAK1,split3,Q437*,0.76,0.05544358160167955
Ridge-esm,JAK1,split3,Q499*,0.19999999999999996,0.009671168842275606
Ridge-esm,JAK1,split3,Q545*,0.24,0.02263929301789095
Ridge-esm,JAK1,split3,Q572*,0.52,0.032799507169288374
Ridge-esm,JAK1,split3,R108Q,0.6799999999999999,0.1256050070342155
Ridge-esm,JAK1,split3,"R549Q,E550K",0.040000000000000036,-0.025485801610418322
Ridge-esm,JAK1,split3,S1062F,0.4,0.010051103855841279
Ridge-esm,JAK1,split3,T558I,0.8,0.25509009139686184
Ridge-esm,JAK1,split5,D775N,0.6799999999999999,0.9066831329331908
Ridge-esm,JAK1,split5,E486K,0.4,0.8485295811063543
Ridge-esm,JAK1,split5,E762K,0.56,0.8693790169919478
Ridge-esm,JAK1,split5,"G590E,G590R",0.6,0.8949989508452003
Ridge-esm,JAK1,split5,L321F,0.12,0.056161468374809176
Ridge-esm,JAK1,split5,"P1121L,P1121S",0.19999999999999996,0.16145239946880888
Ridge-esm,JAK1,split5,P761S,0.76,0.9335131056417885
Ridge-esm,JAK1,split5,Q387*,0.72,0.9048089191452295
Ridge-esm,JAK1,split5,Q437*,0.4,0.8380007006913607
Ridge-esm,JAK1,split5,Q499*,0.36,0.834671708795652
Ridge-esm,JAK1,split5,Q545*,0.31999999999999995,0.8220780824928255
Ridge-esm,JAK1,split5,R108Q,0.28,0.8101213116293627
Ridge-esm,JAK1,split5,"R549Q,E550K",0.52,0.8641911954803806
Ridge-esm,JAK1,split5,T717I,0.040000000000000036,-0.09580598681868441
Ridge-theta,TP53,split1,A159P,0.7731958762886598,0.8023119675687629
Ridge-theta,TP53,split1,A159V,0.8041237113402062,0.813547482407567
Ridge-theta,TP53,split1,C141Y,0.22680412371134018,0.7762199186686335
Ridge-theta,TP53,split1,C238Y,0.05154639175257736,0.7680905917446875
Ridge-theta,TP53,split1,G245V,0.35051546391752575,0.7622511668618399
Ridge-theta,TP53,split1,H179R,0.3298969072164949,0.7804477559318769
Ridge-theta,TP53,split1,P47S,0.45360824742268047,0.7610167063762009
Ridge-theta,TP53,split1,P58R,0.0,0.7073861252345991
Ridge-theta,TP53,split1,Q5R,0.5463917525773196,0.7663880855610495
Ridge-theta,TP53,split1,R175H,0.6288659793814433,0.7730595506107762
Ridge-theta,TP53,split1,R273H,0.9896907216494846,0.8342670982850527
Ridge-theta,TP53,split1,S241C,0.5360824742268041,0.7992066618942241
Ridge-theta,TP53,split1,S366A,0.19587628865979378,0.7467383996967364
Ridge-theta,TP53,split1,T312S,0.731958762886598,0.803084914201914
Ridge-theta,TP53,split1,V31I,0.25773195876288657,0.7511781179587907
Ridge-theta,TP53,split1,Y220C,0.3298969072164949,0.7580311075587524
Ridge-theta,TP53,split2,C238F,0.4639175257731959,0.7883378367916335
Ridge-theta,TP53,split2,C238Y,0.05154639175257736,0.7654561167278232
Ridge-theta,TP53,split2,C242F,0.3298969072164949,0.800194401349029
Ridge-theta,TP53,split2,C275F,0.010309278350515427,0.7534241919537757
Ridge-theta,TP53,split2,C275Y,0.04123711340206182,0.7552567631868415
Ridge-theta,TP53,split2,C277F,0.711340206185567,0.8040304509452513
Ridge-theta,TP53,split2,E271K,0.4329896907216495,0.7492488456916139
Ridge-theta,TP53,split2,E285K,0.23711340206185572,0.7342374182661084
Ridge-theta,TP53,split2,E286K,0.7010309278350515,0.7594978626588985
Ridge-theta,TP53,split2,E339K,0.04123711340206182,0.7172252551370544
Ridge-theta,TP53,split2,G244C,0.20618556701030932,0.7771105302100608
Ridge-theta,TP53,split2,G245C,0.5773195876288659,0.7411077900552336
Ridge-theta,TP53,split2,G245D,0.7938144329896908,0.7742893372207064
Ridge-theta,TP53,split2,G245S,0.6185567010309279,0.7515824825433832
Ridge-theta,TP53,split2,G245V,0.4948453608247423,0.7489788922568918
Ridge-theta,TP53,split2,G266E,0.45360824742268047,0.7690351511308645
Ridge-theta,TP53,split2,G266R,0.3402061855670103,0.7663383468973752
Ridge-theta,TP53,split2,G266V,0.5670103092783505,0.8084258040281425
Ridge-theta,TP53,split2,G360V,0.7938144329896908,0.7842271541149971
Ridge-theta,TP53,split2,L344L,0.7938144329896908,0.808712612552104
Ridge-theta,TP53,split2,M237I,0.3608247422680413,0.7874354155031088
Ridge-theta,TP53,split2,M246V,0.6907216494845361,0.7972533173944504
Ridge-theta,TP53,split2,P222P,0.28865979381443296,0.7780858434960649
Ridge-theta,TP53,split2,P250L,0.8969072164948454,0.8079568961451976
Ridge-theta,TP53,split2,P278L,0.35051546391752575,0.7723787511279439
Ridge-theta,TP53,split2,P278S,0.38144329896907214,0.7912007351622395
Ridge-theta,TP53,split2,P295P,0.6907216494845361,0.8039945142393483
Ridge-theta,TP53,split2,P301P,0.19587628865979378,0.7814493154573285
Ridge-theta,TP53,split2,P359P,0.6082474226804124,0.8039210494064153
Ridge-theta,TP53,split2,R248L,0.1030927835051546,0.757587760656668
Ridge-theta,TP53,split2,R248W,0.6597938144329897,0.8021265464536412
Ridge-theta,TP53,split2,R249M,0.22680412371134018,0.7337108146382334
Ridge-theta,TP53,split2,R249S,0.27835051546391754,0.7417858402046003
Ridge-theta,TP53,split2,R273C,0.09278350515463918,0.7615060021689019
Ridge-theta,TP53,split2,R273H,0.979381443298969,0.8298285006084045
Ridge-theta,TP53,split2,R273L,0.30927835051546393,0.787045826038814
Ridge-theta,TP53,split2,R280K,0.5670103092783505,0.7936228614617202
Ridge-theta,TP53,split2,R280T,0.25773195876288657,0.7742347145916292
Ridge-theta,TP53,split2,R282W,0.21649484536082475,0.7289975893104208
Ridge-theta,TP53,split2,R337C,0.14432989690721654,0.7578775145916409
Ridge-theta,TP53,split2,R337L,0.14432989690721654,0.7525848031523321
Ridge-theta,TP53,split2,S241C,0.5567010309278351,0.7989723946976882
Ridge-theta,TP53,split2,S241F,0.6804123711340206,0.8032112980801681
Ridge-theta,TP53,split2,S366A,0.24742268041237114,0.7522042571692303
Ridge-theta,TP53,split2,T312S,0.7525773195876289,0.8017181932268808
Ridge-theta,TP53,split2,V272L,0.5876288659793815,0.799743421576523
Ridge-theta,TP53,split2,V272M,0.4329896907216495,0.7816764200185007
Ridge-theta,TP53,split2,Y234C,0.8556701030927836,0.8086258846797016
Ridge-theta,TP53,split2,Y236C,0.8041237113402062,0.808737329429555
Ridge-theta,TP53,split3,G245C,0.5051546391752577,0.725518388880863
Ridge-theta,TP53,split3,G245D,0.7731958762886598,0.760813182306457
Ridge-theta,TP53,split3,G245S,0.5876288659793815,0.7354438988286156
Ridge-theta,TP53,split3,G245V,0.3917525773195877,0.7263724314862103
Ridge-theta,TP53,split3,R175H,0.5257731958762887,0.7345971608295137
Ridge-theta,TP53,split3,R249M,0.1649484536082474,0.7007075801594302
Ridge-theta,TP53,split3,R249S,0.5670103092783505,0.7509418578951078
Ridge-theta,TP53,split3,R282W,0.7010309278350515,0.748207681617584
Ridge-theta,TP53,split3,Y220C,0.28865979381443296,0.7240803187362165
Ridge-theta,TP53,split6,A159P,0.7835051546391752,0.8024649013594857
Ridge-theta,TP53,split6,A159V,0.7938144329896908,0.8138282337983908
Ridge-theta,TP53,split6,C141Y,0.27835051546391754,0.7773543719804086
Ridge-theta,TP53,split6,C238Y,0.061855670103092786,0.7686345422038064
Ridge-theta,TP53,split6,G245V,0.35051546391752575,0.7607180101838925
Ridge-theta,TP53,split6,H179R,0.3298969072164949,0.7812711613055544
Ridge-theta,TP53,split6,R175H,0.6288659793814433,0.7729241706535037
Ridge-theta,TP53,split6,R273H,0.9896907216494846,0.8338626800728138
Ridge-theta,TP53,split6,S241C,0.5360824742268041,0.7991840352166304
Ridge-theta,TP53,split6,Y220C,0.3298969072164949,0.756313915515517
Ridge-theta,KRAS,split1,A146T,0.8681318681318682,0.7331396058832669
Ridge-theta,KRAS,split1,A146V,0.9340659340659341,0.7465109353488515
Ridge-theta,KRAS,split1,G12C,0.3626373626373627,0.6914086007815955
Ridge-theta,KRAS,split1,G12D,0.5494505494505495,0.7163544637690377
Ridge-theta,KRAS,split1,G12R,0.29670329670329665,0.7052513769611062
Ridge-theta,KRAS,split1,G12V,0.1208791208791209,0.6796999471405216
Ridge-theta,KRAS,split1,Q61H,0.7802197802197802,0.7257566874536727
Ridge-theta,KRAS,split1,Q61L,0.48351648351648346,0.7067926964165658
Ridge-theta,KRAS,split2,A130V,0.7032967032967032,0.7180199130786779
Ridge-theta,KRAS,split2,A146P,0.7142857142857143,0.7154198234286142
Ridge-theta,KRAS,split2,A146T,0.8241758241758241,0.7178464325730959
Ridge-theta,KRAS,split2,A146V,0.8571428571428572,0.7364162061431633
Ridge-theta,KRAS,split2,A155G,0.37362637362637363,0.6976132982237869
Ridge-theta,KRAS,split2,A66A,0.37362637362637363,0.7120726493555372
Ridge-theta,KRAS,split2,C118S,0.48351648351648346,0.705416350051735
Ridge-theta,KRAS,split2,D119G,0.08791208791208793,0.6746802721285364
Ridge-theta,KRAS,split2,D173D,0.03296703296703296,0.6989693412723464
Ridge-theta,KRAS,split2,E63K,0.6043956043956045,0.7003171583886821
Ridge-theta,KRAS,split2,F141L,0.1428571428571429,0.6951070350850359
Ridge-theta,KRAS,split2,G75A,0.05494505494505497,0.6576899163097528
Ridge-theta,KRAS,split2,G77A,0.6153846153846154,0.7102226850250394
Ridge-theta,KRAS,split2,I163S,0.5604395604395604,0.7071528769448346
Ridge-theta,KRAS,split2,K117N,0.5274725274725275,0.6873643184332467
Ridge-theta,KRAS,split2,K117R,0.7582417582417582,0.7144981855538775
Ridge-theta,KRAS,split2,K147N,0.4285714285714286,0.6829978315850798
Ridge-theta,KRAS,split2,K147T,0.10989010989010994,0.6741168948095628
Ridge-theta,KRAS,split2,K169K,0.8131868131868132,0.7321375423039894
Ridge-theta,KRAS,split2,K176Q,0.7912087912087912,0.6918227630786387
Ridge-theta,KRAS,split2,K178K,0.5824175824175823,0.7189317769076676
Ridge-theta,KRAS,split2,K88K,0.3076923076923077,0.7021081413995892
Ridge-theta,KRAS,split2,L159S,0.8241758241758241,0.731935998349869
Ridge-theta,KRAS,split2,L79I,0.25274725274725274,0.6966485798218831
Ridge-theta,KRAS,split2,M111L,0.08791208791208793,0.678368413207207
Ridge-theta,KRAS,split2,P110S,0.3516483516483516,0.7051615960198321
Ridge-theta,KRAS,split2,Q99E,0.48351648351648346,0.6640618957809384
Ridge-theta,KRAS,split2,R135T,0.6813186813186813,0.7036934860808829
Ridge-theta,KRAS,split2,R149K,0.5384615384615384,0.7141047442043225
Ridge-theta,KRAS,split2,R164Q,0.17582417582417587,0.6603447298313624
Ridge-theta,KRAS,split2,R68S,0.2857142857142857,0.6823304376352406
Ridge-theta,KRAS,split2,S136N,0.6923076923076923,0.7160429257291946
Ridge-theta,KRAS,split2,T127T,0.4505494505494505,0.7069245887433488
Ridge-theta,KRAS,split2,T144P,0.23076923076923073,0.6887681003522963
Ridge-theta,KRAS,split2,T144T,0.2637362637362637,0.7091179107153904
Ridge-theta,KRAS,split2,T158A,0.1648351648351648,0.6930017640276149
Ridge-theta,KRAS,split2,T158T,0.07692307692307687,0.6883324716028121
Ridge-theta,KRAS,split2,T74A,0.9010989010989011,0.7397315746065775
Ridge-theta,KRAS,split2,T74T,0.48351648351648346,0.7131821604003297
Ridge-theta,KRAS,split2,V112I,0.6923076923076923,0.7232345546438448
Ridge-theta,KRAS,split2,Y166H,0.8351648351648352,0.7351515274819442
Ridge-theta,KRAS,split3,A146P,0.6923076923076923,0.7202133384138713
Ridge-theta,KRAS,split3,A146T,0.8131868131868132,0.7204838924564584
Ridge-theta,KRAS,split3,A146V,0.8571428571428572,0.7324023556391883
Ridge-theta,KRAS,split3,G12A,0.39560439560439564,0.6821911969780368
Ridge-theta,KRAS,split3,G12C,0.18681318681318682,0.6740505815587383
Ridge-theta,KRAS,split3,G12S,0.7252747252747253,0.706547445446474
Ridge-theta,KRAS,split3,G13C,0.5714285714285714,0.7208762907931338
Ridge-theta,KRAS,split3,K117R,0.7472527472527473,0.7146244216787923
Ridge-theta,KRAS,split3,Q61H,0.7252747252747253,0.7111498642771241
Ridge-theta,KRAS,split3,Q61P,0.08791208791208793,0.664758798623067
Ridge-theta,KRAS,split6,A146T,0.8681318681318682,0.7331396058832669
Ridge-theta,KRAS,split6,A146V,0.9340659340659341,0.7465109353488515
Ridge-theta,KRAS,split6,G12C,0.3626373626373627,0.6914086007815955
Ridge-theta,KRAS,split6,G12D,0.5494505494505495,0.7163544637690377
Ridge-theta,KRAS,split6,G12R,0.29670329670329665,0.7052513769611062
Ridge-theta,KRAS,split6,G12V,0.1208791208791209,0.6796999471405216
Ridge-theta,KRAS,split6,Q61H,0.7802197802197802,0.7257566874536727
Ridge-theta,KRAS,split6,Q61L,0.48351648351648346,0.7067926964165658
Ridge-theta,GATA1,split1,C199R,0.7272727272727273,0.7447133755854759
Ridge-theta,GATA1,split1,C207R,0.011857707509881465,0.47789140687790715
Ridge-theta,GATA1,split1,C225R,0.766798418972332,0.6772085668758093
Ridge-theta,GATA1,split1,E114G,0.2569169960474308,0.5796673731329332
Ridge-theta,GATA1,split1,E200G,0.43083003952569165,0.6524149891411031
Ridge-theta,GATA1,split1,E328G,0.3913043478260869,0.6880437181689919
Ridge-theta,GATA1,split1,E348G,0.8695652173913043,0.7723499077054946
Ridge-theta,GATA1,split1,F172P,0.2134387351778656,0.5899166396196573
Ridge-theta,GATA1,split1,H222R,0.45849802371541504,0.6525341739755216
Ridge-theta,GATA1,split1,"I249T,V250A",0.21739130434782605,0.6265670802490957
Ridge-theta,GATA1,split1,I87T,0.08695652173913049,0.5056519390563646
Ridge-theta,GATA1,split1,"K100G,T101A",0.12648221343873522,0.5727579960947481
Ridge-theta,GATA1,split1,K137E,0.6837944664031621,0.6748669147300485
Ridge-theta,GATA1,split1,K287G,0.11067193675889331,0.5938762053592742
Ridge-theta,GATA1,split1,"K299R,D300G",0.8774703557312253,0.7689588645144049
Ridge-theta,GATA1,split1,K312R,0.12252964426877466,0.5377355438092967
Ridge-theta,GATA1,split1,L146P,0.7075098814229249,0.756413771187828
Ridge-theta,GATA1,split1,L190P,0.5138339920948616,0.758185461213252
Ridge-theta,GATA1,split1,L224P,0.035573122529644285,0.43529406949985017
Ridge-theta,GATA1,split1,L355P,0.8853754940711462,0.7819302933006474
Ridge-theta,GATA1,split1,L363P,0.2055335968379447,0.6468407064866618
Ridge-theta,GATA1,split1,L387P,0.6205533596837944,0.7045911362811248
Ridge-theta,GATA1,split1,L6P,0.9051383399209486,0.7900537500584588
Ridge-theta,GATA1,split1,M1V,0.7193675889328064,0.7501894757247974
Ridge-theta,GATA1,split1,M335V,0.7391304347826086,0.74581073612343
Ridge-theta,GATA1,split1,"N238G,R239G",0.8774703557312253,0.7444900820710476
Ridge-theta,GATA1,split1,Q257R,0.5296442687747036,0.7114623503924178
Ridge-theta,GATA1,split1,R271G,0.24505928853754944,0.6287401412887398
Ridge-theta,GATA1,split1,S155P,0.5928853754940712,0.7294676712713734
Ridge-theta,GATA1,split1,S161G,0.541501976284585,0.7173961346196859
Ridge-theta,GATA1,split1,S174P,0.059288537549407105,0.45473342692252267
Ridge-theta,GATA1,split1,S178G,0.9960474308300395,0.8006125351042028
Ridge-theta,GATA1,split1,S310P,0.8695652173913043,0.7530844939475785
Ridge-theta,GATA1,split1,S393P,0.8814229249011858,0.756282386082034
Ridge-theta,GATA1,split1,S72P,0.5059288537549407,0.6998835128519102
Ridge-theta,GATA1,split1,T256A,0.8814229249011858,0.7593332810395669
Ridge-theta,GATA1,split1,T264A,0.23320158102766797,0.6180019868677551
Ridge-theta,GATA1,split1,T324A,0.33596837944664026,0.6516671537953882
Ridge-theta,GATA1,split1,T391A,0.18577075098814233,0.6247903187561182
Ridge-theta,GATA1,split1,"V109A,C110R",0.25296442687747034,0.6049016205843828
Ridge-theta,GATA1,split1,V158A,0.30434782608695654,0.6906083170671901
Ridge-theta,GATA1,split1,V291A,0.7154150197628458,0.7678944910360184
Ridge-theta,GATA1,split1,V32A,0.450592885375494,0.7263315408621955
Ridge-theta,GATA1,split1,"V32A,F33P",0.06719367588932801,0.4681566238586955
Ridge-theta,GATA1,split1,"V336A,V337A",0.3517786561264822,0.6359326873650273
Ridge-theta,GATA1,split1,"V371A,L372P",0.7114624505928854,0.7494011123349833
Ridge-theta,GATA1,split1,"Y185H,S186P",0.9604743083003953,0.7853970847982955
Ridge-theta,GATA1,split1,Y285C,0.06324110671936756,0.5357325206238487
Ridge-theta,GATA1,split1,Y62C,0.8142292490118577,0.7212568182718084
Ridge-theta,GATA1,split1,Y62H,0.09090909090909094,0.5196678946161932
Ridge-theta,GATA1,split1,Y78H,0.35573122529644263,0.6569279298311602
Ridge-theta,GATA1,split1,Y93H,0.4782608695652174,0.7194048797777418
Ridge-theta,GATA1,split2,C204R,0.5256916996047432,0.553130797958219
Ridge-theta,GATA1,split2,"C204R,V205A",0.39920948616600793,0.5170983503442973
Ridge-theta,GATA1,split2,C207R,0.7430830039525691,0.5576802429608809
Ridge-theta,GATA1,split2,C225R,0.23715415019762842,0.47507968056677663
Ridge-theta,GATA1,split2,C228R,0.8300395256916996,0.5628569724619
Ridge-theta,GATA1,split2,C258R,0.8695652173913043,0.5656805749262414
Ridge-theta,GATA1,split2,C261R,0.7588932806324111,0.5461117556355936
Ridge-theta,GATA1,split2,C346R,0.42292490118577075,0.6529194137395572
Ridge-theta,GATA1,split2,D276G,0.2845849802371542,0.5107719498140607
Ridge-theta,GATA1,split2,E328G,0.4980237154150198,0.6783139430720517
Ridge-theta,GATA1,split2,E348G,0.8893280632411067,0.7757099797330363
Ridge-theta,GATA1,split2,F382S,0.6956521739130435,0.7271321881819958
Ridge-theta,GATA1,split2,F394P,0.7786561264822134,0.7463769359316019
Ridge-theta,GATA1,split2,H222R,0.011857707509881465,0.2987383254926367
Ridge-theta,GATA1,split2,"H222R,Y223C",0.5612648221343873,0.5311029145914467
Ridge-theta,GATA1,split2,"H232R,K233E",0.5177865612648221,0.6029029605932169
Ridge-theta,GATA1,split2,H289R,0.6956521739130435,0.677210510099907
Ridge-theta,GATA1,split2,H362R,0.4189723320158103,0.7082884492199085
Ridge-theta,GATA1,split2,H378R,0.15810276679841895,0.6022375984906077
Ridge-theta,GATA1,split2,I242T,0.01976284584980237,0.45450345462461816
Ridge-theta,GATA1,split2,I242V,0.9407114624505929,0.7085167196917
Ridge-theta,GATA1,split2,I249T,0.18181818181818177,0.5744696440326514
Ridge-theta,GATA1,split2,"I249T,V250A",0.37944664031620556,0.6372882804641907
Ridge-theta,GATA1,split2,I249V,0.5217391304347826,0.6486356237890297
Ridge-theta,GATA1,split2,I302T,0.32806324110671936,0.5885380390640595
Ridge-theta,GATA1,split2,I302V,0.07509881422924902,0.5235709506579367
Ridge-theta,GATA1,split2,"K233R,M234V",0.9644268774703557,0.7048265990012075
Ridge-theta,GATA1,split2,K245G,0.2490118577075099,0.4724450191261167
Ridge-theta,GATA1,split2,K252G,0.3517786561264822,0.5674860575249289
Ridge-theta,GATA1,split2,K252R,0.47430830039525695,0.5925701797312973
Ridge-theta,GATA1,split2,K287G,0.6482213438735178,0.5624471515024089
Ridge-theta,GATA1,split2,K299E,0.2055335968379447,0.45276336838549625
Ridge-theta,GATA1,split2,"K299R,D300G",0.5019762845849802,0.6655722073591173
Ridge-theta,GATA1,split2,K308G,0.8814229249011858,0.6554296295516733
Ridge-theta,GATA1,split2,K312G,0.6205533596837944,0.5586006735278816
Ridge-theta,GATA1,split2,K312R,0.26877470355731226,0.556003322393484
Ridge-theta,GATA1,split2,"K314R,K315G",0.2648221343873518,0.5220009762445302
Ridge-theta,GATA1,split2,K316G,0.22924901185770752,0.5580804727681056
Ridge-theta,GATA1,split2,K316R,0.5138339920948616,0.6324042079484105
Ridge-theta,GATA1,split2,"L214P,W215R",0.6956521739130435,0.5651329603406844
Ridge-theta,GATA1,split2,L224P,0.9802371541501976,0.6627105029960729
Ridge-theta,GATA1,split2,"L230P,Y231H",0.25296442687747034,0.5932053393693895
Ridge-theta,GATA1,split2,L248P,0.41501976284584985,0.6337282491380067
Ridge-theta,GATA1,split2,"L268P,W269R",0.6363636363636364,0.5606843369462291
Ridge-theta,GATA1,split2,"L284P,Y285H",0.0,0.3236499069261193
Ridge-theta,GATA1,split2,L288P,0.22529644268774707,0.6135655489734914
Ridge-theta,GATA1,split2,L295P,0.6047430830039526,0.6612218521778837
Ridge-theta,GATA1,split2,L355P,0.7865612648221344,0.7569826050382192
Ridge-theta,GATA1,split2,L363P,0.24505928853754944,0.6609967369019175
Ridge-theta,GATA1,split2,"L363P,Y364H",0.2964426877470355,0.6554611168385626
Ridge-theta,GATA1,split2,L367P,0.5928853754940712,0.7449404379802268
Ridge-theta,GATA1,split2,"L372P,S373P",0.4347826086956522,0.7152919670179402
Ridge-theta,GATA1,split2,L379P,0.4782608695652174,0.6999257841028554
Ridge-theta,GATA1,split2,L386P,0.6956521739130435,0.7129955111207786
Ridge-theta,GATA1,split2,"L386P,L387P",0.5296442687747036,0.7075197349354834
Ridge-theta,GATA1,split2,L387P,0.5019762845849802,0.6897547388623989
Ridge-theta,GATA1,split2,L411P,0.9130434782608696,0.7695394473553331
Ridge-theta,GATA1,split2,M234T,0.3241106719367589,0.6171591869382215
Ridge-theta,GATA1,split2,"M234V,N235D",0.6403162055335969,0.6290962642328282
Ridge-theta,GATA1,split2,M297T,0.5928853754940712,0.6589983656842409
Ridge-theta,GATA1,split2,M335T,0.21739130434782605,0.5973794111388109
Ridge-theta,GATA1,split2,"M335T,V336A",0.3754940711462451,0.6553306536770588
Ridge-theta,GATA1,split2,M335V,0.7312252964426877,0.7416261375857045
Ridge-theta,GATA1,split2,M380T,0.6205533596837944,0.7475583538294116
Ridge-theta,GATA1,split2,M399T,0.6324110671936759,0.7287744388713789
Ridge-theta,GATA1,split2,M399V,0.8616600790513834,0.7532855987230589
Ridge-theta,GATA1,split2,N206G,0.7944664031620553,0.5677801204015969
Ridge-theta,GATA1,split2,"N238G,R239G",0.6007905138339921,0.6527254222048215
Ridge-theta,GATA1,split2,N272G,0.7865612648221344,0.5843117068294534
Ridge-theta,GATA1,split2,N292G,0.26086956521739135,0.5893140918856945
Ridge-theta,GATA1,split2,N292S,0.7430830039525691,0.6719294374202629
Ridge-theta,GATA1,split2,N306G,0.9723320158102767,0.7201248991362541
Ridge-theta,GATA1,split2,N345D,0.7035573122529644,0.6934477172999042
Ridge-theta,GATA1,split2,N345G,0.8221343873517787,0.7582979777119808
Ridge-theta,GATA1,split2,"Q237R,N238G",0.20158102766798414,0.5812528466198357
Ridge-theta,GATA1,split2,Q257R,0.6561264822134387,0.6667180308371854
Ridge-theta,GATA1,split2,"Q303R,T304A",0.6205533596837944,0.6597113329596774
Ridge-theta,GATA1,split2,Q365R,0.8932806324110671,0.7660166813443117
Ridge-theta,GATA1,split2,R271G,0.8656126482213439,0.5396250560828976
Ridge-theta,GATA1,split2,S274G,0.18972332015810278,0.39522548915179906
Ridge-theta,GATA1,split2,S310P,0.4347826086956522,0.6191813332476274
Ridge-theta,GATA1,split2,S320G,0.7272727272727273,0.6709561459117287
Ridge-theta,GATA1,split2,S341G,0.7549407114624506,0.7477768773221748
Ridge-theta,GATA1,split2,S343G,0.5691699604743083,0.719849001896376
Ridge-theta,GATA1,split2,S389P,0.9209486166007905,0.7610229564132964
Ridge-theta,GATA1,split2,S393P,0.9367588932806324,0.759621538156259
Ridge-theta,GATA1,split2,S412G,0.16600790513833996,0.612151217161298
Ridge-theta,GATA1,split2,T210A,0.6600790513833992,0.5641230569861378
Ridge-theta,GATA1,split2,T212A,0.7628458498023716,0.5551982793887319
Ridge-theta,GATA1,split2,T220A,0.2727272727272727,0.3708902928574018
Ridge-theta,GATA1,split2,T256A,0.2727272727272727,0.6021044718801312
Ridge-theta,GATA1,split2,T259A,0.6047430830039526,0.5188257434251254
Ridge-theta,GATA1,split2,"T263A,T264A",0.9802371541501976,0.6254489508005203
Ridge-theta,GATA1,split2,T264A,0.4624505928853755,0.4704169697000483
Ridge-theta,GATA1,split2,"T264A,T265A",0.07905138339920947,0.3382366487269659
Ridge-theta,GATA1,split2,T265A,0.04347826086956519,0.28166009940440145
Ridge-theta,GATA1,split2,"T265A,T266A",0.4782608695652174,0.4883786708771354
Ridge-theta,GATA1,split2,T266A,0.6561264822134387,0.529806542935003
Ridge-theta,GATA1,split2,T267A,0.24505928853754944,0.4658593459211465
Ridge-theta,GATA1,split2,T296A,0.5217391304347826,0.667377798150619
Ridge-theta,GATA1,split2,T324A,0.3675889328063241,0.6101388792530537
Ridge-theta,GATA1,split2,T354A,0.8577075098814229,0.7622330212928171
Ridge-theta,GATA1,split2,T360A,0.36363636363636365,0.6539171543783313
Ridge-theta,GATA1,split2,T391A,0.18577075098814233,0.6220195729095824
Ridge-theta,GATA1,split2,T402A,0.5335968379446641,0.7013832073255987
Ridge-theta,GATA1,split2,"T402A,T403A",0.9209486166007905,0.7749198826662195
Ridge-theta,GATA1,split2,"T403A,S404G",0.7549407114624506,0.7536813198842112
Ridge-theta,GATA1,split2,"T405A,T406A",0.48221343873517786,0.7123101514648942
Ridge-theta,GATA1,split2,V250A,0.06324110671936756,0.5103665966091108
Ridge-theta,GATA1,split2,"V278A,C279R",0.5770750988142292,0.546886250630932
Ridge-theta,GATA1,split2,V291A,0.4545454545454546,0.639503324290253
Ridge-theta,GATA1,split2,"V336A,V337A",0.2806324110671937,0.6254694082766163
Ridge-theta,GATA1,split2,V349A,0.1027667984189723,0.5509891001468756
Ridge-theta,GATA1,split2,V370A,0.8023715415019763,0.7565562034214369
Ridge-theta,GATA1,split2,"V371A,L372P",0.7628458498023716,0.7479453757955852
Ridge-theta,GATA1,split2,V407A,0.8181818181818181,0.7580951465279957
Ridge-theta,GATA1,split2,"V407A,V408A",0.48221343873517786,0.6996805348284335
Ridge-theta,GATA1,split2,V408A,0.22924901185770752,0.624799829232277
Ridge-theta,GATA1,split2,W215R,0.31225296442687744,0.5342695026850806
Ridge-theta,GATA1,split2,W269R,0.7351778656126482,0.5800305661952773
Ridge-theta,GATA1,split2,Y223C,0.4110671936758893,0.4885203176101236
Ridge-theta,GATA1,split2,Y231C,0.7272727272727273,0.665819210164155
Ridge-theta,GATA1,split2,Y285C,0.11857707509881421,0.5368023918803869
Ridge-theta,GATA1,split2,"Y285C,Y286C",0.007905138339920903,0.3928450983611994
Ridge-theta,GATA1,split2,"Y286C,K287E",0.6561264822134387,0.6134105764071929
Ridge-theta,GATA1,split2,Y286H,0.07509881422924902,0.49602664240308597
Ridge-theta,GATA1,split2,"Y364C,Q365R",0.3754940711462451,0.6967736671489345
Ridge-theta,GATA1,split3,C204R,0.015810276679841917,0.3799017642289247
Ridge-theta,GATA1,split3,"C204R,V205A",0.924901185770751,0.7135600947304054
Ridge-theta,GATA1,split3,C207R,0.0,0.35446030537524886
Ridge-theta,GATA1,split3,C225R,0.9960474308300395,0.7475561297509347
Ridge-theta,GATA1,split3,C228R,0.6877470355731226,0.6690677261207786
Ridge-theta,GATA1,split3,C258R,0.308300395256917,0.592336890991842
Ridge-theta,GATA1,split3,C261R,0.24505928853754944,0.5330242531017241
Ridge-theta,GATA1,split3,D276G,0.32806324110671936,0.5741147174807399
Ridge-theta,GATA1,split3,H222R,0.2569169960474308,0.5356001178105945
Ridge-theta,GATA1,split3,"H222R,Y223C",0.5454545454545454,0.6622387335600924
Ridge-theta,GATA1,split3,"L214P,W215R",0.7391304347826086,0.7111118052415633
Ridge-theta,GATA1,split3,L224P,0.04743083003952564,0.5048089061221553
Ridge-theta,GATA1,split3,"L268P,W269R",0.9604743083003953,0.7500537678960321
Ridge-theta,GATA1,split3,N206G,0.5019762845849802,0.6507293185395233
Ridge-theta,GATA1,split3,N272G,0.9723320158102767,0.727002806610277
Ridge-theta,GATA1,split3,R271G,0.4861660079051383,0.6324130478983035
Ridge-theta,GATA1,split3,S274G,0.2727272727272727,0.5773922624510759
Ridge-theta,GATA1,split3,T210A,0.9802371541501976,0.7263015606354168
Ridge-theta,GATA1,split3,T212A,0.8102766798418972,0.6943774420177243
Ridge-theta,GATA1,split3,T220A,0.08695652173913049,0.4659166727072276
Ridge-theta,GATA1,split3,T259A,0.8695652173913043,0.7004762315221595
Ridge-theta,GATA1,split3,"T263A,T264A",0.7272727272727273,0.6757498809060374
Ridge-theta,GATA1,split3,T264A,0.1462450592885376,0.5430294782370746
Ridge-theta,GATA1,split3,"T264A,T265A",0.2727272727272727,0.5322558421257672
Ridge-theta,GATA1,split3,T265A,0.22924901185770752,0.5223893489983901
Ridge-theta,GATA1,split3,"T265A,T266A",0.7865612648221344,0.6827337991972534
Ridge-theta,GATA1,split3,T266A,0.5770750988142292,0.6565024315281203
Ridge-theta,GATA1,split3,T267A,0.849802371541502,0.6839762468569835
Ridge-theta,GATA1,split3,"V278A,C279R",0.6403162055335969,0.6602841619301321
Ridge-theta,GATA1,split3,W215R,0.9762845849802372,0.7492317111894149
Ridge-theta,GATA1,split3,W269R,0.8932806324110671,0.7444937752796936
Ridge-theta,GATA1,split3,Y223C,0.8695652173913043,0.6926438700961696
Ridge-theta,GATA1,split5,C346R,0.46640316205533594,0.6749650987400952
Ridge-theta,GATA1,split5,E114G,0.2569169960474308,0.5862593923321788
Ridge-theta,GATA1,split5,"E114G,D115G",0.18972332015810278,0.5560771979282202
Ridge-theta,GATA1,split5,E134G,0.16600790513833996,0.5672511235843533
Ridge-theta,GATA1,split5,E13G,0.37154150197628455,0.6373344692750066
Ridge-theta,GATA1,split5,F168P,0.26086956521739135,0.6103242274756064
Ridge-theta,GATA1,split5,F172L,0.46640316205533594,0.7001879419348501
Ridge-theta,GATA1,split5,"F172S,F173P",0.18577075098814233,0.5616241949502018
Ridge-theta,GATA1,split5,"F33P,F34P",0.04347826086956519,0.4219895034039701
Ridge-theta,GATA1,split5,F3L,0.06719367588932801,0.5278521557173376
Ridge-theta,GATA1,split5,H222R,0.3399209486166008,0.6333550131078094
Ridge-theta,GATA1,split5,I249T,0.5454545454545454,0.7016339207862909
Ridge-theta,GATA1,split5,I302V,0.1699604743083004,0.5711908673973132
Ridge-theta,GATA1,split5,"K100G,T101A",0.13043478260869568,0.5635729647067879
Ridge-theta,GATA1,split5,K245G,0.03952569169960474,0.4049934762758778
Ridge-theta,GATA1,split5,K252R,0.1699604743083004,0.5646299048382797
Ridge-theta,GATA1,split5,K287G,0.11857707509881421,0.5971869185986661
Ridge-theta,GATA1,split5,K312G,0.06324110671936756,0.5052707954294725
Ridge-theta,GATA1,split5,K312R,0.11462450592885376,0.5325153067480773
Ridge-theta,GATA1,split5,"K314R,K315G",0.10671936758893286,0.5569405681939446
Ridge-theta,GATA1,split5,L136S,0.035573122529644285,0.39643148501401937
Ridge-theta,GATA1,split5,L141P,0.32806324110671936,0.6510350740300955
Ridge-theta,GATA1,split5,L196P,0.26877470355731226,0.6272337257390779
Ridge-theta,GATA1,split5,"L284P,Y285H",0.0039525691699604515,0.23628306881033528
Ridge-theta,GATA1,split5,"L386P,L387P",0.49011857707509876,0.7052357468166544
Ridge-theta,GATA1,split5,L80P,0.13833992094861658,0.5685923262434267
Ridge-theta,GATA1,split5,M335T,0.22529644268774707,0.601934149948178
Ridge-theta,GATA1,split5,N160D,0.04347826086956519,0.4798640680996646
Ridge-theta,GATA1,split5,"Q237R,N238G",0.42292490118577075,0.667672955062482
Ridge-theta,GATA1,split5,S12P,0.08300395256916993,0.4986941052619093
Ridge-theta,GATA1,split5,S142G,0.21739130434782605,0.6137502792748298
Ridge-theta,GATA1,split5,S174P,0.04347826086956519,0.4145350465456762
Ridge-theta,GATA1,split5,S186P,0.25296442687747034,0.6267496313954802
Ridge-theta,GATA1,split5,S36P,0.0,0.21287705668483342
Ridge-theta,GATA1,split5,S46P,0.11462450592885376,0.5122193433268769
Ridge-theta,GATA1,split5,T171A,0.12648221343873522,0.5344096790766835
Ridge-theta,GATA1,split5,T220A,0.1699604743083004,0.5727116050811607
Ridge-theta,GATA1,split5,V250A,0.35573122529644263,0.6551646248358801
Ridge-theta,GATA1,split5,"V278A,C279R",0.691699604743083,0.641159609194905
Ridge-theta,GATA1,split5,"V32A,F33P",0.07114624505928857,0.4879369291873739
Ridge-theta,GATA1,split5,"V336A,V337A",0.3399209486166008,0.6352404199869397
Ridge-theta,GATA1,split5,Y285C,0.06324110671936756,0.5069594017286293
Ridge-theta,GATA1,split5,"Y285C,Y286C",0.011857707509881465,0.33299643922698285
Ridge-theta,GATA1,split5,Y286H,0.07905138339920947,0.5171347594924458
Ridge-theta,GATA1,split5,Y69H,0.30434782608695654,0.625322311881518
Ridge-theta,GATA1,split6,C199R,0.7272727272727273,0.7447133755854759
Ridge-theta,GATA1,split6,C207R,0.011857707509881465,0.47789140687790715
Ridge-theta,GATA1,split6,C225R,0.766798418972332,0.6772085668758093
Ridge-theta,GATA1,split6,E114G,0.2569169960474308,0.5796673731329332
Ridge-theta,GATA1,split6,E200G,0.43083003952569165,0.6524149891411031
Ridge-theta,GATA1,split6,E328G,0.3913043478260869,0.6880437181689919
Ridge-theta,GATA1,split6,E348G,0.8695652173913043,0.7723499077054946
Ridge-theta,GATA1,split6,F172P,0.2134387351778656,0.5899166396196573
Ridge-theta,GATA1,split6,H222R,0.45849802371541504,0.6525341739755216
Ridge-theta,GATA1,split6,"I249T,V250A",0.21739130434782605,0.6265670802490957
Ridge-theta,GATA1,split6,I87T,0.08695652173913049,0.5056519390563646
Ridge-theta,GATA1,split6,"K100G,T101A",0.12648221343873522,0.5727579960947481
Ridge-theta,GATA1,split6,K137E,0.6837944664031621,0.6748669147300485
Ridge-theta,GATA1,split6,K287G,0.11067193675889331,0.5938762053592742
Ridge-theta,GATA1,split6,"K299R,D300G",0.8774703557312253,0.7689588645144049
Ridge-theta,GATA1,split6,K312R,0.12252964426877466,0.5377355438092967
Ridge-theta,GATA1,split6,L146P,0.7075098814229249,0.756413771187828
Ridge-theta,GATA1,split6,L190P,0.5138339920948616,0.758185461213252
Ridge-theta,GATA1,split6,L224P,0.035573122529644285,0.43529406949985017
Ridge-theta,GATA1,split6,L355P,0.8853754940711462,0.7819302933006474
Ridge-theta,GATA1,split6,L363P,0.2055335968379447,0.6468407064866618
Ridge-theta,GATA1,split6,L387P,0.6205533596837944,0.7045911362811248
Ridge-theta,GATA1,split6,L6P,0.9051383399209486,0.7900537500584588
Ridge-theta,GATA1,split6,M1V,0.7193675889328064,0.7501894757247974
Ridge-theta,GATA1,split6,M335V,0.7391304347826086,0.74581073612343
Ridge-theta,GATA1,split6,"N238G,R239G",0.8774703557312253,0.7444900820710476
Ridge-theta,GATA1,split6,Q257R,0.5296442687747036,0.7114623503924178
Ridge-theta,GATA1,split6,R271G,0.24505928853754944,0.6287401412887398
Ridge-theta,GATA1,split6,S155P,0.5928853754940712,0.7294676712713734
Ridge-theta,GATA1,split6,S161G,0.541501976284585,0.7173961346196859
Ridge-theta,GATA1,split6,S174P,0.059288537549407105,0.45473342692252267
Ridge-theta,GATA1,split6,S178G,0.9960474308300395,0.8006125351042028
Ridge-theta,GATA1,split6,S310P,0.8695652173913043,0.7530844939475785
Ridge-theta,GATA1,split6,S393P,0.8814229249011858,0.756282386082034
Ridge-theta,GATA1,split6,S72P,0.5059288537549407,0.6998835128519102
Ridge-theta,GATA1,split6,T256A,0.8814229249011858,0.7593332810395669
Ridge-theta,GATA1,split6,T264A,0.23320158102766797,0.6180019868677551
Ridge-theta,GATA1,split6,T324A,0.33596837944664026,0.6516671537953882
Ridge-theta,GATA1,split6,T391A,0.18577075098814233,0.6247903187561182
Ridge-theta,GATA1,split6,"V109A,C110R",0.25296442687747034,0.6049016205843828
Ridge-theta,GATA1,split6,V158A,0.30434782608695654,0.6906083170671901
Ridge-theta,GATA1,split6,V291A,0.7154150197628458,0.7678944910360184
Ridge-theta,GATA1,split6,V32A,0.450592885375494,0.7263315408621955
Ridge-theta,GATA1,split6,"V32A,F33P",0.06719367588932801,0.4681566238586955
Ridge-theta,GATA1,split6,"V336A,V337A",0.3517786561264822,0.6359326873650273
Ridge-theta,GATA1,split6,"V371A,L372P",0.7114624505928854,0.7494011123349833
Ridge-theta,GATA1,split6,"Y185H,S186P",0.9604743083003953,0.7853970847982955
Ridge-theta,GATA1,split6,Y285C,0.06324110671936756,0.5357325206238487
Ridge-theta,GATA1,split6,Y62C,0.8142292490118577,0.7212568182718084
Ridge-theta,GATA1,split6,Y62H,0.09090909090909094,0.5196678946161932
Ridge-theta,GATA1,split6,Y78H,0.35573122529644263,0.6569279298311602
Ridge-theta,GATA1,split6,Y93H,0.4782608695652174,0.7194048797777418
Ridge-theta,JAK1,split1,E762K,0.52,0.8768747776328275
Ridge-theta,JAK1,split1,"G1068E,G1068R",0.8,0.9176761251864343
Ridge-theta,JAK1,split1,"G887R,G887E",0.43999999999999995,0.8451150348167541
Ridge-theta,JAK1,split1,"P1118L,P1118S,P1121S",0.07999999999999996,0.12257405600448855
Ridge-theta,JAK1,split1,Q387*,0.6,0.891832499308158
Ridge-theta,JAK1,split1,Q437*,0.31999999999999995,0.8446604757570931
Ridge-theta,JAK1,split1,Q572*,1.0,0.952942525818624
Ridge-theta,JAK1,split1,splice_64850911,0.36,0.8469379578749053
Ridge-theta,JAK1,split1,syn_N357,0.0,-0.05229264172717793
Ridge-theta,JAK1,split2,D775N,0.64,0.9049499313600016
Ridge-theta,JAK1,split2,E1051K,0.92,0.9452665287688713
Ridge-theta,JAK1,split2,"E706K,D707N",0.92,0.9539218477211605
Ridge-theta,JAK1,split2,E762K,0.52,0.8690229280273877
Ridge-theta,JAK1,split2,"G1068E,G1068R",0.8,0.7280147536754625
Ridge-theta,JAK1,split2,"G590E,G590R",0.48,0.6276664758242787
Ridge-theta,JAK1,split2,"G887R,G887E",0.43999999999999995,0.6738057839590925
Ridge-theta,JAK1,split2,"P1118L,P1118S,P1121S",0.040000000000000036,0.18119677008768095
Ridge-theta,JAK1,split2,"P1121L,P1121S",0.16000000000000003,0.310595297148205
Ridge-theta,JAK1,split2,P761S,0.76,0.924249716484435
Ridge-theta,JAK1,split2,S1062F,0.56,0.35679991342302453
Ridge-theta,JAK1,split2,T717I,0.76,0.11049500918051187
Ridge-theta,JAK1,split2,splice_64850911,0.36,0.8556372136557125
Ridge-theta,JAK1,split3,D775N,0.52,0.038312435005076736
Ridge-theta,JAK1,split3,E1051K,0.16000000000000003,0.053458513693831214
Ridge-theta,JAK1,split3,E447K,0.19999999999999996,-0.05237751465857066
Ridge-theta,JAK1,split3,E486K,0.64,-0.02850840987611182
Ridge-theta,JAK1,split3,"E706K,D707N",0.36,0.007000328859437044
Ridge-theta,JAK1,split3,E762K,0.0,-0.057473250035565235
Ridge-theta,JAK1,split3,"G1068E,G1068R",0.12,-0.011088805419316644
Ridge-theta,JAK1,split3,"G590E,G590R",0.24,-0.03847516474936868
Ridge-theta,JAK1,split3,"G887R,G887E",0.84,0.09276022267211662
Ridge-theta,JAK1,split3,P761S,0.28,0.04063372897658368
Ridge-theta,JAK1,split3,Q387*,0.28,0.08636508542611945
Ridge-theta,JAK1,split3,Q437*,0.72,0.15685673477909556
Ridge-theta,JAK1,split3,Q499*,0.19999999999999996,0.07753476608229652
Ridge-theta,JAK1,split3,Q545*,0.24,0.08677022931011306
Ridge-theta,JAK1,split3,Q572*,0.07999999999999996,0.07290558678090074
Ridge-theta,JAK1,split3,R108Q,0.6799999999999999,0.05248846979234081
Ridge-theta,JAK1,split3,"R549Q,E550K",0.0,-0.07252693764752896
Ridge-theta,JAK1,split3,S1062F,0.36,-0.06749603671519891
Ridge-theta,JAK1,split3,T558I,0.8,0.006134123791263095
Ridge-theta,JAK1,split3,splice_64850911,0.040000000000000036,0.039854654158643
Ridge-theta,JAK1,split5,D775N,0.6799999999999999,0.9079709248599528
Ridge-theta,JAK1,split5,E486K,0.43999999999999995,0.8409443238723258
Ridge-theta,JAK1,split5,E762K,0.56,0.8772834247839449
Ridge-theta,JAK1,split5,"G590E,G590R",0.64,0.8896588318546526
Ridge-theta,JAK1,split5,L321F,0.12,0.14266279423404377
Ridge-theta,JAK1,split5,"P1121L,P1121S",0.16000000000000003,0.20995046974417614
Ridge-theta,JAK1,split5,P761S,0.8,0.8611575049491169
Ridge-theta,JAK1,split5,Q387*,0.6799999999999999,0.8924471547732185
Ridge-theta,JAK1,split5,Q437*,0.4,0.8400456292602855
Ridge-theta,JAK1,split5,Q499*,0.36,0.8209629309351004
Ridge-theta,JAK1,split5,Q545*,0.28,0.8040017666889395
Ridge-theta,JAK1,split5,R108Q,0.56,0.5580131948199956
Ridge-theta,JAK1,split5,"R549Q,E550K",0.52,0.822992584550599
Ridge-theta,JAK1,split5,T717I,0.0,-0.04346321583479413
Ridge-theta,JAK1,split5,splice_64850911,0.48,0.8435045731404568
Ridge-theta,JAK1,split5,syn_L158,0.07999999999999996,0.14379677724886936
Ridge-theta,JAK1,split5,syn_N357,0.040000000000000036,0.11065373000879734
WT-null,TP53,split1,A159P,0.5,0.0
WT-null,TP53,split1,A159V,0.5,0.0
WT-null,TP53,split1,C141Y,0.5,0.0
WT-null,TP53,split1,C238Y,0.5,0.0
WT-null,TP53,split1,G245V,0.5,0.0
WT-null,TP53,split1,H179R,0.5,0.0
WT-null,TP53,split1,P47S,0.5,0.0
WT-null,TP53,split1,P58R,0.5,0.0
WT-null,TP53,split1,Q5R,0.5,0.0
WT-null,TP53,split1,R175H,0.5,0.0
WT-null,TP53,split1,R273H,0.5,0.0
WT-null,TP53,split1,S241C,0.5,0.0
WT-null,TP53,split1,S366A,0.5,0.0
WT-null,TP53,split1,T312S,0.5,0.0
WT-null,TP53,split1,V31I,0.5,0.0
WT-null,TP53,split1,Y220C,0.5,0.0
WT-null,TP53,split2,C238F,0.5,0.0
WT-null,TP53,split2,C238Y,0.5,0.0
WT-null,TP53,split2,C242F,0.5,0.0
WT-null,TP53,split2,C275F,0.5,0.0
WT-null,TP53,split2,C275Y,0.5,0.0
WT-null,TP53,split2,C277F,0.5,0.0
WT-null,TP53,split2,E271K,0.5,0.0
WT-null,TP53,split2,E285K,0.5,0.0
WT-null,TP53,split2,E286K,0.5,0.0
WT-null,TP53,split2,E339K,0.5,0.0
WT-null,TP53,split2,G244C,0.5,0.0
WT-null,TP53,split2,G245C,0.5,0.0
WT-null,TP53,split2,G245D,0.5,0.0
WT-null,TP53,split2,G245S,0.5,0.0
WT-null,TP53,split2,G245V,0.5,0.0
WT-null,TP53,split2,G266E,0.5,0.0
WT-null,TP53,split2,G266R,0.5,0.0
WT-null,TP53,split2,G266V,0.5,0.0
WT-null,TP53,split2,G360V,0.5,0.0
WT-null,TP53,split2,L344L,0.5,0.0
WT-null,TP53,split2,M237I,0.5,0.0
WT-null,TP53,split2,M246V,0.5,0.0
WT-null,TP53,split2,P222P,0.5,0.0
WT-null,TP53,split2,P250L,0.5,0.0
WT-null,TP53,split2,P278L,0.5,0.0
WT-null,TP53,split2,P278S,0.5,0.0
WT-null,TP53,split2,P295P,0.5,0.0
WT-null,TP53,split2,P301P,0.5,0.0
WT-null,TP53,split2,P359P,0.5,0.0
WT-null,TP53,split2,R248L,0.5,0.0
WT-null,TP53,split2,R248W,0.5,0.0
WT-null,TP53,split2,R249M,0.5,0.0
WT-null,TP53,split2,R249S,0.5,0.0
WT-null,TP53,split2,R273C,0.5,0.0
WT-null,TP53,split2,R273H,0.5,0.0
WT-null,TP53,split2,R273L,0.5,0.0
WT-null,TP53,split2,R280K,0.5,0.0
WT-null,TP53,split2,R280T,0.5,0.0
WT-null,TP53,split2,R282W,0.5,0.0
WT-null,TP53,split2,R337C,0.5,0.0
WT-null,TP53,split2,R337L,0.5,0.0
WT-null,TP53,split2,S241C,0.5,0.0
WT-null,TP53,split2,S241F,0.5,0.0
WT-null,TP53,split2,S366A,0.5,0.0
WT-null,TP53,split2,T312S,0.5,0.0
WT-null,TP53,split2,V272L,0.5,0.0
WT-null,TP53,split2,V272M,0.5,0.0
WT-null,TP53,split2,Y234C,0.5,0.0
WT-null,TP53,split2,Y236C,0.5,0.0
WT-null,TP53,split3,G245C,0.5,0.0
WT-null,TP53,split3,G245D,0.5,0.0
WT-null,TP53,split3,G245S,0.5,0.0
WT-null,TP53,split3,G245V,0.5,0.0
WT-null,TP53,split3,R175H,0.5,0.0
WT-null,TP53,split3,R249M,0.5,0.0
WT-null,TP53,split3,R249S,0.5,0.0
WT-null,TP53,split3,R282W,0.5,0.0
WT-null,TP53,split3,Y220C,0.5,0.0
WT-null,TP53,split6,A159P,0.5,0.0
WT-null,TP53,split6,A159V,0.5,0.0
WT-null,TP53,split6,C141Y,0.5,0.0
WT-null,TP53,split6,C238Y,0.5,0.0
WT-null,TP53,split6,G245V,0.5,0.0
WT-null,TP53,split6,H179R,0.5,0.0
WT-null,TP53,split6,R175H,0.5,0.0
WT-null,TP53,split6,R273H,0.5,0.0
WT-null,TP53,split6,S241C,0.5,0.0
WT-null,TP53,split6,Y220C,0.5,0.0
WT-null,KRAS,split1,A146T,0.5,0.0
WT-null,KRAS,split1,A146V,0.5,0.0
WT-null,KRAS,split1,G12C,0.5,0.0
WT-null,KRAS,split1,G12D,0.5,0.0
WT-null,KRAS,split1,G12R,0.5,0.0
WT-null,KRAS,split1,G12V,0.5,0.0
WT-null,KRAS,split1,Q61H,0.5,0.0
WT-null,KRAS,split1,Q61L,0.5,0.0
WT-null,KRAS,split2,A130V,0.5,0.0
WT-null,KRAS,split2,A146P,0.5,0.0
WT-null,KRAS,split2,A146T,0.5,0.0
WT-null,KRAS,split2,A146V,0.5,0.0
WT-null,KRAS,split2,A155G,0.5,0.0
WT-null,KRAS,split2,A66A,0.5,0.0
WT-null,KRAS,split2,C118S,0.5,0.0
WT-null,KRAS,split2,D119G,0.5,0.0
WT-null,KRAS,split2,D173D,0.5,0.0
WT-null,KRAS,split2,E63K,0.5,0.0
WT-null,KRAS,split2,F141L,0.5,0.0
WT-null,KRAS,split2,G75A,0.5,0.0
WT-null,KRAS,split2,G77A,0.5,0.0
WT-null,KRAS,split2,I163S,0.5,0.0
WT-null,KRAS,split2,K117N,0.5,0.0
WT-null,KRAS,split2,K117R,0.5,0.0
WT-null,KRAS,split2,K147N,0.5,0.0
WT-null,KRAS,split2,K147T,0.5,0.0
WT-null,KRAS,split2,K169K,0.5,0.0
WT-null,KRAS,split2,K176Q,0.5,0.0
WT-null,KRAS,split2,K178K,0.5,0.0
WT-null,KRAS,split2,K88K,0.5,0.0
WT-null,KRAS,split2,L159S,0.5,0.0
WT-null,KRAS,split2,L79I,0.5,0.0
WT-null,KRAS,split2,M111L,0.5,0.0
WT-null,KRAS,split2,P110S,0.5,0.0
WT-null,KRAS,split2,Q99E,0.5,0.0
WT-null,KRAS,split2,R135T,0.5,0.0
WT-null,KRAS,split2,R149K,0.5,0.0
WT-null,KRAS,split2,R164Q,0.5,0.0
WT-null,KRAS,split2,R68S,0.5,0.0
WT-null,KRAS,split2,S136N,0.5,0.0
WT-null,KRAS,split2,T127T,0.5,0.0
WT-null,KRAS,split2,T144P,0.5,0.0
WT-null,KRAS,split2,T144T,0.5,0.0
WT-null,KRAS,split2,T158A,0.5,0.0
WT-null,KRAS,split2,T158T,0.5,0.0
WT-null,KRAS,split2,T74A,0.5,0.0
WT-null,KRAS,split2,T74T,0.5,0.0
WT-null,KRAS,split2,V112I,0.5,0.0
WT-null,KRAS,split2,Y166H,0.5,0.0
WT-null,KRAS,split3,A146P,0.5,0.0
WT-null,KRAS,split3,A146T,0.5,0.0
WT-null,KRAS,split3,A146V,0.5,0.0
WT-null,KRAS,split3,G12A,0.5,0.0
WT-null,KRAS,split3,G12C,0.5,0.0
WT-null,KRAS,split3,G12S,0.5,0.0
WT-null,KRAS,split3,G13C,0.5,0.0
WT-null,KRAS,split3,K117R,0.5,0.0
WT-null,KRAS,split3,Q61H,0.5,0.0
WT-null,KRAS,split3,Q61P,0.5,0.0
WT-null,KRAS,split6,A146T,0.5,0.0
WT-null,KRAS,split6,A146V,0.5,0.0
WT-null,KRAS,split6,G12C,0.5,0.0
WT-null,KRAS,split6,G12D,0.5,0.0
WT-null,KRAS,split6,G12R,0.5,0.0
WT-null,KRAS,split6,G12V,0.5,0.0
WT-null,KRAS,split6,Q61H,0.5,0.0
WT-null,KRAS,split6,Q61L,0.5,0.0
WT-null,GATA1,split1,C199R,0.5,0.0
WT-null,GATA1,split1,C207R,0.5,0.0
WT-null,GATA1,split1,C225R,0.5,0.0
WT-null,GATA1,split1,E114G,0.5,0.0
WT-null,GATA1,split1,E200G,0.5,0.0
WT-null,GATA1,split1,E328G,0.5,0.0
WT-null,GATA1,split1,E348G,0.5,0.0
WT-null,GATA1,split1,F172P,0.5,0.0
WT-null,GATA1,split1,H222R,0.5,0.0
WT-null,GATA1,split1,"I249T,V250A",0.5,0.0
WT-null,GATA1,split1,I87T,0.5,0.0
WT-null,GATA1,split1,"K100G,T101A",0.5,0.0
WT-null,GATA1,split1,K137E,0.5,0.0
WT-null,GATA1,split1,K287G,0.5,0.0
WT-null,GATA1,split1,"K299R,D300G",0.5,0.0
WT-null,GATA1,split1,K312R,0.5,0.0
WT-null,GATA1,split1,L146P,0.5,0.0
WT-null,GATA1,split1,L190P,0.5,0.0
WT-null,GATA1,split1,L224P,0.5,0.0
WT-null,GATA1,split1,L355P,0.5,0.0
WT-null,GATA1,split1,L363P,0.5,0.0
WT-null,GATA1,split1,L387P,0.5,0.0
WT-null,GATA1,split1,L6P,0.5,0.0
WT-null,GATA1,split1,M1V,0.5,0.0
WT-null,GATA1,split1,M335V,0.5,0.0
WT-null,GATA1,split1,"N238G,R239G",0.5,0.0
WT-null,GATA1,split1,Q257R,0.5,0.0
WT-null,GATA1,split1,R271G,0.5,0.0
WT-null,GATA1,split1,S155P,0.5,0.0
WT-null,GATA1,split1,S161G,0.5,0.0
WT-null,GATA1,split1,S174P,0.5,0.0
WT-null,GATA1,split1,S178G,0.5,0.0
WT-null,GATA1,split1,S310P,0.5,0.0
WT-null,GATA1,split1,S393P,0.5,0.0
WT-null,GATA1,split1,S72P,0.5,0.0
WT-null,GATA1,split1,T256A,0.5,0.0
WT-null,GATA1,split1,T264A,0.5,0.0
WT-null,GATA1,split1,T324A,0.5,0.0
WT-null,GATA1,split1,T391A,0.5,0.0
WT-null,GATA1,split1,"V109A,C110R",0.5,0.0
WT-null,GATA1,split1,V158A,0.5,0.0
WT-null,GATA1,split1,V291A,0.5,0.0
WT-null,GATA1,split1,V32A,0.5,0.0
WT-null,GATA1,split1,"V32A,F33P",0.5,0.0
WT-null,GATA1,split1,"V336A,V337A",0.5,0.0
WT-null,GATA1,split1,"V371A,L372P",0.5,0.0
WT-null,GATA1,split1,"Y185H,S186P",0.5,0.0
WT-null,GATA1,split1,Y285C,0.5,0.0
WT-null,GATA1,split1,Y62C,0.5,0.0
WT-null,GATA1,split1,Y62H,0.5,0.0
WT-null,GATA1,split1,Y78H,0.5,0.0
WT-null,GATA1,split1,Y93H,0.5,0.0
WT-null,GATA1,split2,C204R,0.5,0.0
WT-null,GATA1,split2,"C204R,V205A",0.5,0.0
WT-null,GATA1,split2,C207R,0.5,0.0
WT-null,GATA1,split2,C225R,0.5,0.0
WT-null,GATA1,split2,C228R,0.5,0.0
WT-null,GATA1,split2,C258R,0.5,0.0
WT-null,GATA1,split2,C261R,0.5,0.0
WT-null,GATA1,split2,C346R,0.5,0.0
WT-null,GATA1,split2,D276G,0.5,0.0
WT-null,GATA1,split2,E328G,0.5,0.0
WT-null,GATA1,split2,E348G,0.5,0.0
WT-null,GATA1,split2,F382S,0.5,0.0
WT-null,GATA1,split2,F394P,0.5,0.0
WT-null,GATA1,split2,H222R,0.5,0.0
WT-null,GATA1,split2,"H222R,Y223C",0.5,0.0
WT-null,GATA1,split2,"H232R,K233E",0.5,0.0
WT-null,GATA1,split2,H289R,0.5,0.0
WT-null,GATA1,split2,H362R,0.5,0.0
WT-null,GATA1,split2,H378R,0.5,0.0
WT-null,GATA1,split2,I242T,0.5,0.0
WT-null,GATA1,split2,I242V,0.5,0.0
WT-null,GATA1,split2,I249T,0.5,0.0
WT-null,GATA1,split2,"I249T,V250A",0.5,0.0
WT-null,GATA1,split2,I249V,0.5,0.0
WT-null,GATA1,split2,I302T,0.5,0.0
WT-null,GATA1,split2,I302V,0.5,0.0
WT-null,GATA1,split2,"K233R,M234V",0.5,0.0
WT-null,GATA1,split2,K245G,0.5,0.0
WT-null,GATA1,split2,K252G,0.5,0.0
WT-null,GATA1,split2,K252R,0.5,0.0
WT-null,GATA1,split2,K287G,0.5,0.0
WT-null,GATA1,split2,K299E,0.5,0.0
WT-null,GATA1,split2,"K299R,D300G",0.5,0.0
WT-null,GATA1,split2,K308G,0.5,0.0
WT-null,GATA1,split2,K312G,0.5,0.0
WT-null,GATA1,split2,K312R,0.5,0.0
WT-null,GATA1,split2,"K314R,K315G",0.5,0.0
WT-null,GATA1,split2,K316G,0.5,0.0
WT-null,GATA1,split2,K316R,0.5,0.0
WT-null,GATA1,split2,"L214P,W215R",0.5,0.0
WT-null,GATA1,split2,L224P,0.5,0.0
WT-null,GATA1,split2,"L230P,Y231H",0.5,0.0
WT-null,GATA1,split2,L248P,0.5,0.0
WT-null,GATA1,split2,"L268P,W269R",0.5,0.0
WT-null,GATA1,split2,"L284P,Y285H",0.5,0.0
WT-null,GATA1,split2,L288P,0.5,0.0
WT-null,GATA1,split2,L295P,0.5,0.0
WT-null,GATA1,split2,L355P,0.5,0.0
WT-null,GATA1,split2,L363P,0.5,0.0
WT-null,GATA1,split2,"L363P,Y364H",0.5,0.0
WT-null,GATA1,split2,L367P,0.5,0.0
WT-null,GATA1,split2,"L372P,S373P",0.5,0.0
WT-null,GATA1,split2,L379P,0.5,0.0
WT-null,GATA1,split2,L386P,0.5,0.0
WT-null,GATA1,split2,"L386P,L387P",0.5,0.0
WT-null,GATA1,split2,L387P,0.5,0.0
WT-null,GATA1,split2,L411P,0.5,0.0
WT-null,GATA1,split2,M234T,0.5,0.0
WT-null,GATA1,split2,"M234V,N235D",0.5,0.0
WT-null,GATA1,split2,M297T,0.5,0.0
WT-null,GATA1,split2,M335T,0.5,0.0
WT-null,GATA1,split2,"M335T,V336A",0.5,0.0
WT-null,GATA1,split2,M335V,0.5,0.0
WT-null,GATA1,split2,M380T,0.5,0.0
WT-null,GATA1,split2,M399T,0.5,0.0
WT-null,GATA1,split2,M399V,0.5,0.0
WT-null,GATA1,split2,N206G,0.5,0.0
WT-null,GATA1,split2,"N238G,R239G",0.5,0.0
WT-null,GATA1,split2,N272G,0.5,0.0
WT-null,GATA1,split2,N292G,0.5,0.0
WT-null,GATA1,split2,N292S,0.5,0.0
WT-null,GATA1,split2,N306G,0.5,0.0
WT-null,GATA1,split2,N345D,0.5,0.0
WT-null,GATA1,split2,N345G,0.5,0.0
WT-null,GATA1,split2,"Q237R,N238G",0.5,0.0
WT-null,GATA1,split2,Q257R,0.5,0.0
WT-null,GATA1,split2,"Q303R,T304A",0.5,0.0
WT-null,GATA1,split2,Q365R,0.5,0.0
WT-null,GATA1,split2,R271G,0.5,0.0
WT-null,GATA1,split2,S274G,0.5,0.0
WT-null,GATA1,split2,S310P,0.5,0.0
WT-null,GATA1,split2,S320G,0.5,0.0
WT-null,GATA1,split2,S341G,0.5,0.0
WT-null,GATA1,split2,S343G,0.5,0.0
WT-null,GATA1,split2,S389P,0.5,0.0
WT-null,GATA1,split2,S393P,0.5,0.0
WT-null,GATA1,split2,S412G,0.5,0.0
WT-null,GATA1,split2,T210A,0.5,0.0
WT-null,GATA1,split2,T212A,0.5,0.0
WT-null,GATA1,split2,T220A,0.5,0.0
WT-null,GATA1,split2,T256A,0.5,0.0
WT-null,GATA1,split2,T259A,0.5,0.0
WT-null,GATA1,split2,"T263A,T264A",0.5,0.0
WT-null,GATA1,split2,T264A,0.5,0.0
WT-null,GATA1,split2,"T264A,T265A",0.5,0.0
WT-null,GATA1,split2,T265A,0.5,0.0
WT-null,GATA1,split2,"T265A,T266A",0.5,0.0
WT-null,GATA1,split2,T266A,0.5,0.0
WT-null,GATA1,split2,T267A,0.5,0.0
WT-null,GATA1,split2,T296A,0.5,0.0
WT-null,GATA1,split2,T324A,0.5,0.0
WT-null,GATA1,split2,T354A,0.5,0.0
WT-null,GATA1,split2,T360A,0.5,0.0
WT-null,GATA1,split2,T391A,0.5,0.0
WT-null,GATA1,split2,T402A,0.5,0.0
WT-null,GATA1,split2,"T402A,T403A",0.5,0.0
WT-null,GATA1,split2,"T403A,S404G",0.5,0.0
WT-null,GATA1,split2,"T405A,T406A",0.5,0.0
WT-null,GATA1,split2,V250A,0.5,0.0
WT-null,GATA1,split2,"V278A,C279R",0.5,0.0
WT-null,GATA1,split2,V291A,0.5,0.0
WT-null,GATA1,split2,"V336A,V337A",0.5,0.0
WT-null,GATA1,split2,V349A,0.5,0.0
WT-null,GATA1,split2,V370A,0.5,0.0
WT-null,GATA1,split2,"V371A,L372P",0.5,0.0
WT-null,GATA1,split2,V407A,0.5,0.0
WT-null,GATA1,split2,"V407A,V408A",0.5,0.0
WT-null,GATA1,split2,V408A,0.5,0.0
WT-null,GATA1,split2,W215R,0.5,0.0
WT-null,GATA1,split2,W269R,0.5,0.0
WT-null,GATA1,split2,Y223C,0.5,0.0
WT-null,GATA1,split2,Y231C,0.5,0.0
WT-null,GATA1,split2,Y285C,0.5,0.0
WT-null,GATA1,split2,"Y285C,Y286C",0.5,0.0
WT-null,GATA1,split2,"Y286C,K287E",0.5,0.0
WT-null,GATA1,split2,Y286H,0.5,0.0
WT-null,GATA1,split2,"Y364C,Q365R",0.5,0.0
WT-null,GATA1,split3,C204R,0.5,0.0
WT-null,GATA1,split3,"C204R,V205A",0.5,0.0
WT-null,GATA1,split3,C207R,0.5,0.0
WT-null,GATA1,split3,C225R,0.5,0.0
WT-null,GATA1,split3,C228R,0.5,0.0
WT-null,GATA1,split3,C258R,0.5,0.0
WT-null,GATA1,split3,C261R,0.5,0.0
WT-null,GATA1,split3,D276G,0.5,0.0
WT-null,GATA1,split3,H222R,0.5,0.0
WT-null,GATA1,split3,"H222R,Y223C",0.5,0.0
WT-null,GATA1,split3,"L214P,W215R",0.5,0.0
WT-null,GATA1,split3,L224P,0.5,0.0
WT-null,GATA1,split3,"L268P,W269R",0.5,0.0
WT-null,GATA1,split3,N206G,0.5,0.0
WT-null,GATA1,split3,N272G,0.5,0.0
WT-null,GATA1,split3,R271G,0.5,0.0
WT-null,GATA1,split3,S274G,0.5,0.0
WT-null,GATA1,split3,T210A,0.5,0.0
WT-null,GATA1,split3,T212A,0.5,0.0
WT-null,GATA1,split3,T220A,0.5,0.0
WT-null,GATA1,split3,T259A,0.5,0.0
WT-null,GATA1,split3,"T263A,T264A",0.5,0.0
WT-null,GATA1,split3,T264A,0.5,0.0
WT-null,GATA1,split3,"T264A,T265A",0.5,0.0
WT-null,GATA1,split3,T265A,0.5,0.0
WT-null,GATA1,split3,"T265A,T266A",0.5,0.0
WT-null,GATA1,split3,T266A,0.5,0.0
WT-null,GATA1,split3,T267A,0.5,0.0
WT-null,GATA1,split3,"V278A,C279R",0.5,0.0
WT-null,GATA1,split3,W215R,0.5,0.0
WT-null,GATA1,split3,W269R,0.5,0.0
WT-null,GATA1,split3,Y223C,0.5,0.0
WT-null,GATA1,split5,C346R,0.5,0.0
WT-null,GATA1,split5,E114G,0.5,0.0
WT-null,GATA1,split5,"E114G,D115G",0.5,0.0
WT-null,GATA1,split5,E134G,0.5,0.0
WT-null,GATA1,split5,E13G,0.5,0.0
WT-null,GATA1,split5,F168P,0.5,0.0
WT-null,GATA1,split5,F172L,0.5,0.0
WT-null,GATA1,split5,"F172S,F173P",0.5,0.0
WT-null,GATA1,split5,"F33P,F34P",0.5,0.0
WT-null,GATA1,split5,F3L,0.5,0.0
WT-null,GATA1,split5,H222R,0.5,0.0
WT-null,GATA1,split5,I249T,0.5,0.0
WT-null,GATA1,split5,I302V,0.5,0.0
WT-null,GATA1,split5,"K100G,T101A",0.5,0.0
WT-null,GATA1,split5,K245G,0.5,0.0
WT-null,GATA1,split5,K252R,0.5,0.0
WT-null,GATA1,split5,K287G,0.5,0.0
WT-null,GATA1,split5,K312G,0.5,0.0
WT-null,GATA1,split5,K312R,0.5,0.0
WT-null,GATA1,split5,"K314R,K315G",0.5,0.0
WT-null,GATA1,split5,L136S,0.5,0.0
WT-null,GATA1,split5,L141P,0.5,0.0
WT-null,GATA1,split5,L196P,0.5,0.0
WT-null,GATA1,split5,"L284P,Y285H",0.5,0.0
WT-null,GATA1,split5,"L386P,L387P",0.5,0.0
WT-null,GATA1,split5,L80P,0.5,0.0
WT-null,GATA1,split5,M335T,0.5,0.0
WT-null,GATA1,split5,N160D,0.5,0.0
WT-null,GATA1,split5,"Q237R,N238G",0.5,0.0
WT-null,GATA1,split5,S12P,0.5,0.0
WT-null,GATA1,split5,S142G,0.5,0.0
WT-null,GATA1,split5,S174P,0.5,0.0
WT-null,GATA1,split5,S186P,0.5,0.0
WT-null,GATA1,split5,S36P,0.5,0.0
WT-null,GATA1,split5,S46P,0.5,0.0
WT-null,GATA1,split5,T171A,0.5,0.0
WT-null,GATA1,split5,T220A,0.5,0.0
WT-null,GATA1,split5,V250A,0.5,0.0
WT-null,GATA1,split5,"V278A,C279R",0.5,0.0
WT-null,GATA1,split5,"V32A,F33P",0.5,0.0
WT-null,GATA1,split5,"V336A,V337A",0.5,0.0
WT-null,GATA1,split5,Y285C,0.5,0.0
WT-null,GATA1,split5,"Y285C,Y286C",0.5,0.0
WT-null,GATA1,split5,Y286H,0.5,0.0
WT-null,GATA1,split5,Y69H,0.5,0.0
WT-null,GATA1,split6,C199R,0.5,0.0
WT-null,GATA1,split6,C207R,0.5,0.0
WT-null,GATA1,split6,C225R,0.5,0.0
WT-null,GATA1,split6,E114G,0.5,0.0
WT-null,GATA1,split6,E200G,0.5,0.0
WT-null,GATA1,split6,E328G,0.5,0.0
WT-null,GATA1,split6,E348G,0.5,0.0
WT-null,GATA1,split6,F172P,0.5,0.0
WT-null,GATA1,split6,H222R,0.5,0.0
WT-null,GATA1,split6,"I249T,V250A",0.5,0.0
WT-null,GATA1,split6,I87T,0.5,0.0
WT-null,GATA1,split6,"K100G,T101A",0.5,0.0
WT-null,GATA1,split6,K137E,0.5,0.0
WT-null,GATA1,split6,K287G,0.5,0.0
WT-null,GATA1,split6,"K299R,D300G",0.5,0.0
WT-null,GATA1,split6,K312R,0.5,0.0
WT-null,GATA1,split6,L146P,0.5,0.0
WT-null,GATA1,split6,L190P,0.5,0.0
WT-null,GATA1,split6,L224P,0.5,0.0
WT-null,GATA1,split6,L355P,0.5,0.0
WT-null,GATA1,split6,L363P,0.5,0.0
WT-null,GATA1,split6,L387P,0.5,0.0
WT-null,GATA1,split6,L6P,0.5,0.0
WT-null,GATA1,split6,M1V,0.5,0.0
WT-null,GATA1,split6,M335V,0.5,0.0
WT-null,GATA1,split6,"N238G,R239G",0.5,0.0
WT-null,GATA1,split6,Q257R,0.5,0.0
WT-null,GATA1,split6,R271G,0.5,0.0
WT-null,GATA1,split6,S155P,0.5,0.0
WT-null,GATA1,split6,S161G,0.5,0.0
WT-null,GATA1,split6,S174P,0.5,0.0
WT-null,GATA1,split6,S178G,0.5,0.0
WT-null,GATA1,split6,S310P,0.5,0.0
WT-null,GATA1,split6,S393P,0.5,0.0
WT-null,GATA1,split6,S72P,0.5,0.0
WT-null,GATA1,split6,T256A,0.5,0.0
WT-null,GATA1,split6,T264A,0.5,0.0
WT-null,GATA1,split6,T324A,0.5,0.0
WT-null,GATA1,split6,T391A,0.5,0.0
WT-null,GATA1,split6,"V109A,C110R",0.5,0.0
WT-null,GATA1,split6,V158A,0.5,0.0
WT-null,GATA1,split6,V291A,0.5,0.0
WT-null,GATA1,split6,V32A,0.5,0.0
WT-null,GATA1,split6,"V32A,F33P",0.5,0.0
WT-null,GATA1,split6,"V336A,V337A",0.5,0.0
WT-null,GATA1,split6,"V371A,L372P",0.5,0.0
WT-null,GATA1,split6,"Y185H,S186P",0.5,0.0
WT-null,GATA1,split6,Y285C,0.5,0.0
WT-null,GATA1,split6,Y62C,0.5,0.0
WT-null,GATA1,split6,Y62H,0.5,0.0
WT-null,GATA1,split6,Y78H,0.5,0.0
WT-null,GATA1,split6,Y93H,0.5,0.0
WT-null,JAK1,split1,E762K,0.5,0.0
WT-null,JAK1,split1,"G1068E,G1068R",0.5,0.0
WT-null,JAK1,split1,"G887R,G887E",0.5,0.0
WT-null,JAK1,split1,"P1118L,P1118S,P1121S",0.5,0.0
WT-null,JAK1,split1,Q387*,0.5,0.0
WT-null,JAK1,split1,Q437*,0.5,0.0
WT-null,JAK1,split1,Q572*,0.5,0.0
WT-null,JAK1,split1,splice_64850911,0.5,0.0
WT-null,JAK1,split1,syn_N357,0.5,0.0
WT-null,JAK1,split2,D775N,0.5,0.0
WT-null,JAK1,split2,E1051K,0.5,0.0
WT-null,JAK1,split2,"E706K,D707N",0.5,0.0
WT-null,JAK1,split2,E762K,0.5,0.0
WT-null,JAK1,split2,"G1068E,G1068R",0.5,0.0
WT-null,JAK1,split2,"G590E,G590R",0.5,0.0
WT-null,JAK1,split2,"G887R,G887E",0.5,0.0
WT-null,JAK1,split2,"P1118L,P1118S,P1121S",0.5,0.0
WT-null,JAK1,split2,"P1121L,P1121S",0.5,0.0
WT-null,JAK1,split2,P761S,0.5,0.0
WT-null,JAK1,split2,S1062F,0.5,0.0
WT-null,JAK1,split2,T717I,0.5,0.0
WT-null,JAK1,split2,splice_64850911,0.5,0.0
WT-null,JAK1,split3,D775N,0.5,0.0
WT-null,JAK1,split3,E1051K,0.5,0.0
WT-null,JAK1,split3,E447K,0.5,0.0
WT-null,JAK1,split3,E486K,0.5,0.0
WT-null,JAK1,split3,"E706K,D707N",0.5,0.0
WT-null,JAK1,split3,E762K,0.5,0.0
WT-null,JAK1,split3,"G1068E,G1068R",0.5,0.0
WT-null,JAK1,split3,"G590E,G590R",0.5,0.0
WT-null,JAK1,split3,"G887R,G887E",0.5,0.0
WT-null,JAK1,split3,P761S,0.5,0.0
WT-null,JAK1,split3,Q387*,0.5,0.0
WT-null,JAK1,split3,Q437*,0.5,0.0
WT-null,JAK1,split3,Q499*,0.5,0.0
WT-null,JAK1,split3,Q545*,0.5,0.0
WT-null,JAK1,split3,Q572*,0.5,0.0
WT-null,JAK1,split3,R108Q,0.5,0.0
WT-null,JAK1,split3,"R549Q,E550K",0.5,0.0
WT-null,JAK1,split3,S1062F,0.5,0.0
WT-null,JAK1,split3,T558I,0.5,0.0
WT-null,JAK1,split3,splice_64850911,0.5,0.0
WT-null,JAK1,split5,D775N,0.5,0.0
WT-null,JAK1,split5,E486K,0.5,0.0
WT-null,JAK1,split5,E762K,0.5,0.0
WT-null,JAK1,split5,"G590E,G590R",0.5,0.0
WT-null,JAK1,split5,L321F,0.5,0.0
WT-null,JAK1,split5,"P1121L,P1121S",0.5,0.0
WT-null,JAK1,split5,P761S,0.5,0.0
WT-null,JAK1,split5,Q387*,0.5,0.0
WT-null,JAK1,split5,Q437*,0.5,0.0
WT-null,JAK1,split5,Q499*,0.5,0.0
WT-null,JAK1,split5,Q545*,0.5,0.0
WT-null,JAK1,split5,R108Q,0.5,0.0
WT-null,JAK1,split5,"R549Q,E550K",0.5,0.0
WT-null,JAK1,split5,T717I,0.5,0.0
WT-null,JAK1,split5,splice_64850911,0.5,0.0
WT-null,JAK1,split5,syn_L158,0.5,0.0
WT-null,JAK1,split5,syn_N357,0.5,0.0
scGen,TP53,split1,A159P,0.9072164948453608,0.732452330148398
scGen,TP53,split1,A159V,0.9587628865979382,0.7405315254348825
scGen,TP53,split1,C141Y,0.3298969072164949,0.7014095629100239
scGen,TP53,split1,C238Y,0.12371134020618557,0.6901092184363603
scGen,TP53,split1,G245V,0.7216494845360825,0.7171713571771958
scGen,TP53,split1,H179R,0.3298969072164949,0.7000257584128472
scGen,TP53,split1,P47S,0.38144329896907214,0.6987060563713114
scGen,TP53,split1,P58R,0.15463917525773196,0.6851791833509828
scGen,TP53,split1,Q5R,0.7422680412371134,0.7171210009535735
scGen,TP53,split1,R175H,0.4948453608247423,0.7045431225556219
scGen,TP53,split1,R273H,1.0,0.7650335312611255
scGen,TP53,split1,S241C,0.6494845360824743,0.7174631346833654
scGen,TP53,split1,S366A,0.5567010309278351,0.7058734754295465
scGen,TP53,split1,T312S,0.5670103092783505,0.7158269872200287
scGen,TP53,split1,V31I,0.19587628865979378,0.6861333441670607
scGen,TP53,split1,Y220C,0.09278350515463918,0.6744853803000658
scGen,TP53,split2,C238F,0.3298969072164949,0.6864179096949115
scGen,TP53,split2,C238Y,0.09278350515463918,0.6744426618765711
scGen,TP53,split2,C242F,0.7216494845360825,0.7231265055888602
scGen,TP53,split2,C275F,0.21649484536082475,0.6897913105063527
scGen,TP53,split2,C275Y,0.08247422680412375,0.6694706487567494
scGen,TP53,split2,C277F,0.21649484536082475,0.6799529204019237
scGen,TP53,split2,E271K,0.20618556701030932,0.6735229487191853
scGen,TP53,split2,E285K,0.30927835051546393,0.6836446684142401
scGen,TP53,split2,E286K,0.45360824742268047,0.690317237226428
scGen,TP53,split2,E339K,0.11340206185567014,0.6563330194053312
scGen,TP53,split2,G244C,0.24742268041237114,0.6877664676187947
scGen,TP53,split2,G245C,0.6597938144329897,0.7039253799292167
scGen,TP53,split2,G245D,0.8969072164948454,0.7227183633169937
scGen,TP53,split2,G245S,0.3917525773195877,0.6890837742919776
scGen,TP53,split2,G245V,0.6288659793814433,0.7053700544175077
scGen,TP53,split2,G266E,0.061855670103092786,0.6563506754240509
scGen,TP53,split2,G266R,0.3711340206185567,0.6875702819599333
scGen,TP53,split2,G266V,0.9175257731958762,0.7337759241987757
scGen,TP53,split2,G360V,0.8350515463917526,0.7125565143959995
scGen,TP53,split2,L344L,0.8350515463917526,0.7157378468602913
scGen,TP53,split2,M237I,0.9484536082474226,0.7355585066924398
scGen,TP53,split2,M246V,0.6082474226804124,0.7045776830008186
scGen,TP53,split2,P222P,0.04123711340206182,0.6557153413740332
scGen,TP53,split2,P250L,0.5567010309278351,0.7039592813251707
scGen,TP53,split2,P278L,0.9072164948453608,0.7223402613048955
scGen,TP53,split2,P278S,0.3917525773195877,0.7008125707293688
scGen,TP53,split2,P295P,0.6701030927835052,0.7099223612533029
scGen,TP53,split2,P301P,0.4639175257731959,0.6989964624605488
scGen,TP53,split2,P359P,0.6185567010309279,0.7097432794790615
scGen,TP53,split2,R248L,0.020618556701030966,0.6568829363707464
scGen,TP53,split2,R248W,0.6082474226804124,0.7081970469893437
scGen,TP53,split2,R249M,0.3402061855670103,0.6847635728929097
scGen,TP53,split2,R249S,0.4742268041237113,0.6929195052565514
scGen,TP53,split2,R273C,0.19587628865979378,0.6837998451101694
scGen,TP53,split2,R273H,0.9896907216494846,0.7345328581250364
scGen,TP53,split2,R273L,0.21649484536082475,0.6895670219350338
scGen,TP53,split2,R280K,0.5773195876288659,0.7024840112527693
scGen,TP53,split2,R280T,0.134020618556701,0.6712019358470184
scGen,TP53,split2,R282W,0.3711340206185567,0.6865257812842679
scGen,TP53,split2,R337C,0.061855670103092786,0.6637329981468314
scGen,TP53,split2,R337L,0.4020618556701031,0.6937384738842278
scGen,TP53,split2,S241C,0.5773195876288659,0.7055829817461375
scGen,TP53,split2,S241F,0.9278350515463918,0.7253244332818694
scGen,TP53,split2,S366A,0.12371134020618557,0.6658864464136134
scGen,TP53,split2,T312S,0.8556701030927836,0.7188960109472964
scGen,TP53,split2,V272L,0.7010309278350515,0.716525597963312
scGen,TP53,split2,V272M,0.4020618556701031,0.6940535980545757
scGen,TP53,split2,Y234C,0.5360824742268041,0.701515223544758
scGen,TP53,split2,Y236C,0.9484536082474226,0.7263379635283722
scGen,TP53,split3,G245C,0.711340206185567,0.7137776587199952
scGen,TP53,split3,G245D,0.8762886597938144,0.7241929733177044
scGen,TP53,split3,G245S,0.5360824742268041,0.7010800460472644
scGen,TP53,split3,G245V,0.6185567010309279,0.7047392947090518
scGen,TP53,split3,R175H,0.07216494845360821,0.6735159942653897
scGen,TP53,split3,R249M,0.030927835051546393,0.6649390175804721
scGen,TP53,split3,R249S,0.4948453608247423,0.7032462265285567
scGen,TP53,split3,R282W,0.23711340206185572,0.6968313201629576
scGen,TP53,split3,Y220C,0.1030927835051546,0.6807473843441842
scGen,TP53,split6,A159P,0.6804123711340206,0.70390163746414
scGen,TP53,split6,A159V,0.5154639175257731,0.7039004135525369
scGen,TP53,split6,C141Y,0.6494845360824743,0.7023570708795783
scGen,TP53,split6,C238Y,0.020618556701030966,0.6501741415101078
scGen,TP53,split6,G245V,0.19587628865979378,0.6788201210299672
scGen,TP53,split6,H179R,0.5567010309278351,0.6958811326210519
scGen,TP53,split6,R175H,0.38144329896907214,0.6878266319357018
scGen,TP53,split6,R273H,0.9484536082474226,0.7418489564872334
scGen,TP53,split6,S241C,0.8969072164948454,0.7355940524848685
scGen,TP53,split6,Y220C,0.7628865979381443,0.7116304685135488
scGen,KRAS,split1,A146T,0.6373626373626373,0.5001670904406205
scGen,KRAS,split1,A146V,0.7802197802197802,0.5091704894938192
scGen,KRAS,split1,G12C,0.9230769230769231,0.5343697363965857
scGen,KRAS,split1,G12D,0.1428571428571429,0.4375706076151362
scGen,KRAS,split1,G12R,0.27472527472527475,0.4555664139840107
scGen,KRAS,split1,G12V,0.5274725274725275,0.48438562332658774
scGen,KRAS,split1,Q61H,0.989010989010989,0.5466011076678778
scGen,KRAS,split1,Q61L,0.1208791208791209,0.4361451314912822
scGen,KRAS,split2,A130V,0.5054945054945055,0.4175448653618051
scGen,KRAS,split2,A146P,0.3626373626373627,0.41466525640514373
scGen,KRAS,split2,A146T,0.21978021978021978,0.40627766638632573
scGen,KRAS,split2,A146V,0.9010989010989011,0.44973442381210577
scGen,KRAS,split2,A155G,0.7582417582417582,0.44937063328821114
scGen,KRAS,split2,A66A,0.7032967032967032,0.42834070748352115
scGen,KRAS,split2,C118S,0.6593406593406593,0.430091510739106
scGen,KRAS,split2,D119G,0.18681318681318682,0.39243022520857773
scGen,KRAS,split2,D173D,0.41758241758241754,0.4096094993209698
scGen,KRAS,split2,E63K,0.17582417582417587,0.3992298038929037
scGen,KRAS,split2,F141L,0.3626373626373627,0.40651079146279384
scGen,KRAS,split2,G75A,0.7912087912087912,0.43176135878456035
scGen,KRAS,split2,G77A,0.6373626373626373,0.4228770352201172
scGen,KRAS,split2,I163S,0.7142857142857143,0.4380882710175038
scGen,KRAS,split2,K117N,0.07692307692307687,0.3916964557119282
scGen,KRAS,split2,K117R,0.8131868131868132,0.4448566479495935
scGen,KRAS,split2,K147N,0.7472527472527473,0.429954120779339
scGen,KRAS,split2,K147T,0.8021978021978022,0.4340765034313599
scGen,KRAS,split2,K169K,0.7252747252747253,0.43382869316711575
scGen,KRAS,split2,K176Q,0.7142857142857143,0.43301654646066035
scGen,KRAS,split2,K178K,0.27472527472527475,0.4052574969520657
scGen,KRAS,split2,K88K,0.7142857142857143,0.4298039109647858
scGen,KRAS,split2,L159S,0.10989010989010994,0.4001277413370024
scGen,KRAS,split2,L79I,0.5494505494505495,0.4168753505427195
scGen,KRAS,split2,M111L,0.01098901098901095,0.3765159237019585
scGen,KRAS,split2,P110S,0.17582417582417587,0.3920851575406413
scGen,KRAS,split2,Q99E,0.3626373626373627,0.4064885701179875
scGen,KRAS,split2,R135T,0.8681318681318682,0.44093934470339924
scGen,KRAS,split2,R149K,0.9340659340659341,0.45637654221310514
scGen,KRAS,split2,R164Q,0.5054945054945055,0.4109249789612402
scGen,KRAS,split2,R68S,0.3516483516483516,0.4052317370324711
scGen,KRAS,split2,S136N,0.967032967032967,0.4599757570015464
scGen,KRAS,split2,T127T,0.19780219780219777,0.39744647426221236
scGen,KRAS,split2,T144P,0.6483516483516483,0.4305503079420961
scGen,KRAS,split2,T144T,0.08791208791208793,0.3866152332415967
scGen,KRAS,split2,T158A,0.10989010989010994,0.38768451845611984
scGen,KRAS,split2,T158T,0.02197802197802201,0.37791788728479525
scGen,KRAS,split2,T74A,0.5604395604395604,0.4185776937316523
scGen,KRAS,split2,T74T,0.7582417582417582,0.43780095215845527
scGen,KRAS,split2,V112I,0.7362637362637363,0.4410706782804086
scGen,KRAS,split2,Y166H,0.4945054945054945,0.418989220729187
scGen,KRAS,split3,A146P,0.3076923076923077,0.4334737978139531
scGen,KRAS,split3,A146T,0.6373626373626373,0.4627151621193115
scGen,KRAS,split3,A146V,0.7582417582417582,0.463699997434018
scGen,KRAS,split3,G12A,0.7692307692307692,0.46826467002632755
scGen,KRAS,split3,G12C,0.43956043956043955,0.4470600261291294
scGen,KRAS,split3,G12S,0.43956043956043955,0.4489438413280629
scGen,KRAS,split3,G13C,0.5274725274725275,0.4430541403637875
scGen,KRAS,split3,K117R,0.21978021978021978,0.4292079802151692
scGen,KRAS,split3,Q61H,0.989010989010989,0.4926631691260636
scGen,KRAS,split3,Q61P,0.6593406593406593,0.4647736197215505
scGen,KRAS,split6,A146T,0.6593406593406593,0.4831371313130275
scGen,KRAS,split6,A146V,0.9120879120879121,0.5020668569701784
scGen,KRAS,split6,G12C,0.9010989010989011,0.5028276695827332
scGen,KRAS,split6,G12D,0.4065934065934066,0.46273439560148133
scGen,KRAS,split6,G12R,0.09890109890109888,0.43501299227372525
scGen,KRAS,split6,G12V,0.20879120879120883,0.4393552710105926
scGen,KRAS,split6,Q61H,0.989010989010989,0.5352229153505726
scGen,KRAS,split6,Q61L,0.27472527472527475,0.4455301136543824
scGen,GATA1,split1,C199R,0.49011857707509876,-0.05786875019178364
scGen,GATA1,split1,C207R,0.9960474308300395,0.26771801091297365
scGen,GATA1,split1,C225R,0.11462450592885376,-0.14914713052178924
scGen,GATA1,split1,E114G,0.4861660079051383,-0.0389428537924479
scGen,GATA1,split1,E200G,0.4940711462450593,-0.02427758908052309
scGen,GATA1,split1,E328G,0.7272727272727273,-0.0003101813065902867
scGen,GATA1,split1,E348G,0.12648221343873522,-0.09926015797230374
scGen,GATA1,split1,F172P,0.2569169960474308,-0.14724629729212246
scGen,GATA1,split1,H222R,0.07509881422924902,-0.18244071506868167
scGen,GATA1,split1,"I249T,V250A",0.9090909090909091,0.06867756986458667
scGen,GATA1,split1,I87T,0.8972332015810277,0.04172565452963026
scGen,GATA1,split1,"K100G,T101A",0.8023715415019763,-0.0010832462970263492
scGen,GATA1,split1,K137E,0.7984189723320159,0.017931669696203894
scGen,GATA1,split1,K287G,0.9011857707509882,0.018815731709135728
scGen,GATA1,split1,"K299R,D300G",0.11857707509881421,-0.12967244442390946
scGen,GATA1,split1,K312R,0.6324110671936759,-0.01035579124431498
scGen,GATA1,split1,L146P,0.3596837944664032,-0.07483939564790501
scGen,GATA1,split1,L190P,0.8023715415019763,0.007820610585134797
scGen,GATA1,split1,L224P,0.9723320158102767,0.1383604580909916
scGen,GATA1,split1,L355P,0.02371541501976282,-0.138986417751531
scGen,GATA1,split1,L363P,0.8300395256916996,-0.004347444992489636
scGen,GATA1,split1,L387P,0.055335968379446654,-0.1617819278705315
scGen,GATA1,split1,L6P,0.4268774703557312,-0.03516672213019751
scGen,GATA1,split1,M1V,0.6205533596837944,-0.024263137001336813
scGen,GATA1,split1,M335V,0.4268774703557312,-0.05887945979680451
scGen,GATA1,split1,"N238G,R239G",0.32015810276679846,-0.07011628324070511
scGen,GATA1,split1,Q257R,0.4703557312252964,-0.06394553599121804
scGen,GATA1,split1,R271G,0.8577075098814229,0.034807813313078216
scGen,GATA1,split1,S155P,0.4703557312252964,-0.07553706221407808
scGen,GATA1,split1,S161G,0.4189723320158103,-0.06550456013362518
scGen,GATA1,split1,S174P,0.7351778656126482,0.048640035160504504
scGen,GATA1,split1,S178G,0.1541501976284585,-0.13216559620092075
scGen,GATA1,split1,S310P,0.13833992094861658,-0.14606489935480546
scGen,GATA1,split1,S393P,0.33596837944664026,-0.07596241529079653
scGen,GATA1,split1,S72P,0.616600790513834,0.011921833368035229
scGen,GATA1,split1,T256A,0.02766798418972327,-0.1939791842828797
scGen,GATA1,split1,T264A,0.450592885375494,-0.11542563358239816
scGen,GATA1,split1,T324A,0.2806324110671937,-0.11329980036888444
scGen,GATA1,split1,T391A,0.7549407114624506,-0.04021845483615289
scGen,GATA1,split1,"V109A,C110R",0.6798418972332017,-0.00994483024580668
scGen,GATA1,split1,V158A,0.691699604743083,-0.04556415730835292
scGen,GATA1,split1,V291A,0.5335968379446641,-0.06327192085207632
scGen,GATA1,split1,V32A,0.6877470355731226,-0.02456054673163873
scGen,GATA1,split1,"V32A,F33P",0.5849802371541502,-0.08286461616461989
scGen,GATA1,split1,"V336A,V337A",0.37154150197628455,-0.04500791963058437
scGen,GATA1,split1,"V371A,L372P",0.18577075098814233,-0.1272393185372812
scGen,GATA1,split1,"Y185H,S186P",0.11067193675889331,-0.1262794857037249
scGen,GATA1,split1,Y285C,0.9328063241106719,0.10571609091709108
scGen,GATA1,split1,Y62C,0.2134387351778656,-0.15115187747830405
scGen,GATA1,split1,Y62H,0.9407114624505929,0.09631115446102481
scGen,GATA1,split1,Y78H,0.5533596837944664,-0.03501096384153135
scGen,GATA1,split1,Y93H,0.6758893280632411,-0.011592104054199926
scGen,GATA1,split2,C204R,0.9881422924901185,0.21394084234760338
scGen,GATA1,split2,"C204R,V205A",0.18972332015810278,-0.1553630088133495
scGen,GATA1,split2,C207R,0.9960474308300395,0.3111441303590149
scGen,GATA1,split2,C225R,0.13043478260869568,-0.17177056897319576
scGen,GATA1,split2,C228R,0.43083003952569165,-0.11211787887494895
scGen,GATA1,split2,C258R,0.7233201581027668,-0.013267209507047191
scGen,GATA1,split2,C261R,0.8023715415019763,0.0570579998174843
scGen,GATA1,split2,C346R,0.383399209486166,-0.07295331276050003
scGen,GATA1,split2,D276G,0.15810276679841895,-0.17037557376670182
scGen,GATA1,split2,E328G,0.7312252964426877,-0.014735926080810221
scGen,GATA1,split2,E348G,0.09881422924901184,-0.07683819004224282
scGen,GATA1,split2,F382S,0.007905138339920903,-0.11368421983421308
scGen,GATA1,split2,F394P,0.32806324110671936,-0.03637781024844207
scGen,GATA1,split2,H222R,0.07905138339920947,-0.23312147718094012
scGen,GATA1,split2,"H222R,Y223C",0.49011857707509876,-0.11466429038141543
scGen,GATA1,split2,"H232R,K233E",0.8735177865612649,0.050677165795545855
scGen,GATA1,split2,H289R,0.22529644268774707,-0.1199893376433563
scGen,GATA1,split2,H362R,0.7154150197628458,-0.034679905402833174
scGen,GATA1,split2,H378R,0.9090909090909091,0.02422437412114936
scGen,GATA1,split2,I242T,0.9723320158102767,0.1406116397306222
scGen,GATA1,split2,I242V,0.7905138339920948,-0.018922326284219155
scGen,GATA1,split2,I249T,0.09090909090909094,-0.15668751406626338
scGen,GATA1,split2,"I249T,V250A",0.8774703557312253,0.05551905975447219
scGen,GATA1,split2,I249V,0.5335968379446641,-0.11074561532093524
scGen,GATA1,split2,I302T,0.9367588932806324,0.11684194649412069
scGen,GATA1,split2,I302V,0.3399209486166008,-0.02168130259000905
scGen,GATA1,split2,"K233R,M234V",0.6837944664031621,-0.012988193003972977
scGen,GATA1,split2,K245G,0.9565217391304348,0.17613305801114018
scGen,GATA1,split2,K252G,0.3162055335968379,-0.03957124956956587
scGen,GATA1,split2,K252R,0.7944664031620553,0.07860375915818815
scGen,GATA1,split2,K287G,0.9090909090909091,0.01232143245922167
scGen,GATA1,split2,K299E,0.20948616600790515,-0.10990562675986765
scGen,GATA1,split2,"K299R,D300G",0.09881422924901184,-0.1535608170010521
scGen,GATA1,split2,K308G,0.4347826086956522,-0.07130717158970463
scGen,GATA1,split2,K312G,0.9525691699604744,0.11138736840156532
scGen,GATA1,split2,K312R,0.6245059288537549,-0.014818062738659018
scGen,GATA1,split2,"K314R,K315G",0.7786561264822134,-0.033569230138136674
scGen,GATA1,split2,K316G,0.055335968379446654,-0.1635132915579051
scGen,GATA1,split2,K316R,0.5849802371541502,-0.040866841654580495
scGen,GATA1,split2,"L214P,W215R",0.7035573122529644,-0.0021136540876703926
scGen,GATA1,split2,L224P,0.9802371541501976,0.1669036123433469
scGen,GATA1,split2,"L230P,Y231H",0.3438735177865613,-0.09199512531241395
scGen,GATA1,split2,L248P,0.15019762845849804,-0.11537929271309778
scGen,GATA1,split2,"L268P,W269R",0.4782608695652174,-0.059718027648171045
scGen,GATA1,split2,"L284P,Y285H",0.924901185770751,0.09024309926310821
scGen,GATA1,split2,L288P,0.0513833992094862,-0.12598738244340307
scGen,GATA1,split2,L295P,0.42292490118577075,-0.032351452505705015
scGen,GATA1,split2,L355P,0.02371541501976282,-0.07502611770198944
scGen,GATA1,split2,L363P,0.8893280632411067,0.029231335421389247
scGen,GATA1,split2,"L363P,Y364H",0.766798418972332,0.022734836350023234
scGen,GATA1,split2,L367P,0.0039525691699604515,-0.10540814900379293
scGen,GATA1,split2,"L372P,S373P",0.7470355731225297,-0.015480579713828872
scGen,GATA1,split2,L379P,0.6363636363636364,0.00978518028542958
scGen,GATA1,split2,L386P,0.06719367588932801,-0.11154694326119892
scGen,GATA1,split2,"L386P,L387P",0.36363636363636365,-0.039078697291539365
scGen,GATA1,split2,L387P,0.02766798418972327,-0.10638306364346901
scGen,GATA1,split2,L411P,0.2845849802371542,-0.027200936013517356
scGen,GATA1,split2,M234T,0.2845849802371542,-0.08224942474305634
scGen,GATA1,split2,"M234V,N235D",0.7114624505928854,-0.020179138390727644
scGen,GATA1,split2,M297T,0.6798418972332017,-0.026409445813951382
scGen,GATA1,split2,M335T,0.5217391304347826,-0.04512235903122271
scGen,GATA1,split2,"M335T,V336A",0.16600790513833996,-0.0722063054542349
scGen,GATA1,split2,M335V,0.43873517786561267,-0.033841279179363956
scGen,GATA1,split2,M380T,0.6877470355731226,-0.010179190221746992
scGen,GATA1,split2,M399T,0.1620553359683794,-0.04976186386107019
scGen,GATA1,split2,M399V,0.2924901185770751,-0.06996870078245593
scGen,GATA1,split2,N206G,0.6245059288537549,-0.08209028577270146
scGen,GATA1,split2,"N238G,R239G",0.22924901185770752,-0.09500545275926134
scGen,GATA1,split2,N272G,0.5968379446640316,-0.03095134452434475
scGen,GATA1,split2,N292G,0.7391304347826086,0.012889660814514753
scGen,GATA1,split2,N292S,0.19367588932806323,-0.1552549209553254
scGen,GATA1,split2,N306G,0.691699604743083,-0.04514437034336429
scGen,GATA1,split2,N345D,0.3320158102766798,-0.08798779752132725
scGen,GATA1,split2,N345G,0.04347826086956519,-0.10879461335529306
scGen,GATA1,split2,"Q237R,N238G",0.19762845849802368,-0.11022040619934156
scGen,GATA1,split2,Q257R,0.4268774703557312,-0.10017689612466231
scGen,GATA1,split2,"Q303R,T304A",0.3320158102766798,-0.12931684643577887
scGen,GATA1,split2,Q365R,0.32806324110671936,-0.03935137061980274
scGen,GATA1,split2,R271G,0.8616600790513834,0.011941592913833125
scGen,GATA1,split2,S274G,0.37944664031620556,-0.153537511315776
scGen,GATA1,split2,S310P,0.15019762845849804,-0.16262122545587457
scGen,GATA1,split2,S320G,0.6837944664031621,-0.052370879935318845
scGen,GATA1,split2,S341G,0.4110671936758893,-0.016918915892467874
scGen,GATA1,split2,S343G,0.5177865612648221,-0.023766163233271638
scGen,GATA1,split2,S389P,0.3913043478260869,-0.06745801033073186
scGen,GATA1,split2,S393P,0.32015810276679846,-0.06626585202249882
scGen,GATA1,split2,S412G,0.9011857707509882,0.03504574865661443
scGen,GATA1,split2,T210A,0.34782608695652173,-0.1077091661054836
scGen,GATA1,split2,T212A,0.5335968379446641,-0.1119743851965812
scGen,GATA1,split2,T220A,0.3596837944664032,-0.19813052619594002
scGen,GATA1,split2,T256A,0.07114624505928857,-0.20054103914590762
scGen,GATA1,split2,T259A,0.5256916996047432,-0.10329676198607123
scGen,GATA1,split2,"T263A,T264A",0.9723320158102767,0.22633406488200106
scGen,GATA1,split2,T264A,0.541501976284585,-0.13739263101674706
scGen,GATA1,split2,"T264A,T265A",0.06719367588932801,-0.25883164485930205
scGen,GATA1,split2,T265A,0.04347826086956519,-0.2760670135454614
scGen,GATA1,split2,"T265A,T266A",0.33596837944664026,-0.1594478138459197
scGen,GATA1,split2,T266A,0.47430830039525695,-0.13197812567668932
scGen,GATA1,split2,T267A,0.1462450592885376,-0.1621949457407662
scGen,GATA1,split2,T296A,0.8774703557312253,-0.005480832585564457
scGen,GATA1,split2,T324A,0.3003952569169961,-0.12151894910186672
scGen,GATA1,split2,T354A,0.6086956521739131,-0.021518328202836706
scGen,GATA1,split2,T360A,0.3003952569169961,-0.027089239641283444
scGen,GATA1,split2,T391A,0.7905138339920948,-0.023797773049702358
scGen,GATA1,split2,T402A,0.2845849802371542,-0.04533830060216571
scGen,GATA1,split2,"T402A,T403A",0.4426877470355731,-0.06021892377397419
scGen,GATA1,split2,"T403A,S404G",0.01976284584980237,-0.11943499013867676
scGen,GATA1,split2,"T405A,T406A",0.6719367588932806,-0.012346712089540352
scGen,GATA1,split2,V250A,0.055335968379446654,-0.18567279945206508
scGen,GATA1,split2,"V278A,C279R",0.4782608695652174,-0.056468332295640244
scGen,GATA1,split2,V291A,0.48221343873517786,-0.08168638803150213
scGen,GATA1,split2,"V336A,V337A",0.3162055335968379,-0.024404275929499748
scGen,GATA1,split2,V349A,0.7786561264822134,-0.030232976531430113
scGen,GATA1,split2,V370A,0.12648221343873522,-0.05751268801132042
scGen,GATA1,split2,"V371A,L372P",0.2648221343873518,-0.062470204640732
scGen,GATA1,split2,V407A,0.2924901185770751,-0.05204256834042911
scGen,GATA1,split2,"V407A,V408A",0.36363636363636365,-0.036141071658460276
scGen,GATA1,split2,V408A,0.8063241106719368,0.018932794972002752
scGen,GATA1,split2,W215R,0.11857707509881421,-0.15925874380359267
scGen,GATA1,split2,W269R,0.6007905138339921,-0.041449485979267946
scGen,GATA1,split2,Y223C,0.26877470355731226,-0.1507398268523169
scGen,GATA1,split2,Y231C,0.6047430830039526,-0.023922869988175968
scGen,GATA1,split2,Y285C,0.924901185770751,0.057696126582880806
scGen,GATA1,split2,"Y285C,Y286C",0.9881422924901185,0.16853619091582708
scGen,GATA1,split2,"Y286C,K287E",0.39920948616600793,-0.09102145347335845
scGen,GATA1,split2,Y286H,0.6758893280632411,-0.08302159918448879
scGen,GATA1,split2,"Y364C,Q365R",0.8656126482213439,0.05479222990519534
scGen,GATA1,split3,C204R,0.9920948616600791,0.1893938979147996
scGen,GATA1,split3,"C204R,V205A",0.25296442687747034,-0.14628256105146392
scGen,GATA1,split3,C207R,0.9960474308300395,0.28086663064000955
scGen,GATA1,split3,C225R,0.13438735177865613,-0.18335346697899546
scGen,GATA1,split3,C228R,0.40711462450592883,-0.13808217013544036
scGen,GATA1,split3,C258R,0.7430830039525691,-0.033543437076523505
scGen,GATA1,split3,C261R,0.7905138339920948,0.01682632296114733
scGen,GATA1,split3,D276G,0.13833992094861658,-0.2106207669223193
scGen,GATA1,split3,H222R,0.08695652173913049,-0.2552814568221667
scGen,GATA1,split3,"H222R,Y223C",0.4545454545454546,-0.14352612190647027
scGen,GATA1,split3,"L214P,W215R",0.7193675889328064,-0.020578180274490748
scGen,GATA1,split3,L224P,0.9644268774703557,0.11816896474494622
scGen,GATA1,split3,"L268P,W269R",0.5177865612648221,-0.07493880601555597
scGen,GATA1,split3,N206G,0.6245059288537549,-0.10287379729093651
scGen,GATA1,split3,N272G,0.6758893280632411,-0.02426822270306335
scGen,GATA1,split3,R271G,0.8300395256916996,-0.024390122684086343
scGen,GATA1,split3,S274G,0.3241106719367589,-0.19973592215408278
scGen,GATA1,split3,T210A,0.37944664031620556,-0.12370652422797755
scGen,GATA1,split3,T212A,0.541501976284585,-0.12177324395742758
scGen,GATA1,split3,T220A,0.3754940711462451,-0.212691878970907
scGen,GATA1,split3,T259A,0.5494071146245059,-0.1070216806598749
scGen,GATA1,split3,"T263A,T264A",0.9723320158102767,0.24129316245890128
scGen,GATA1,split3,T264A,0.4940711462450593,-0.16628879943121677
scGen,GATA1,split3,"T264A,T265A",0.09486166007905139,-0.2659164006453306
scGen,GATA1,split3,T265A,0.031620553359683834,-0.3194775834187685
scGen,GATA1,split3,"T265A,T266A",0.3438735177865613,-0.18329055070219222
scGen,GATA1,split3,T266A,0.49011857707509876,-0.1402573953116686
scGen,GATA1,split3,T267A,0.15810276679841895,-0.17384135024618588
scGen,GATA1,split3,"V278A,C279R",0.5770750988142292,-0.04600325869078871
scGen,GATA1,split3,W215R,0.14229249011857703,-0.17284332486410176
scGen,GATA1,split3,W269R,0.6403162055335969,-0.05632785436424266
scGen,GATA1,split3,Y223C,0.22134387351778662,-0.1991777515161154
scGen,GATA1,split5,C346R,0.2134387351778656,-0.16286500122026412
scGen,GATA1,split5,E114G,0.41501976284584985,-0.08589128849537354
scGen,GATA1,split5,"E114G,D115G",0.2924901185770751,-0.1427402907599779
scGen,GATA1,split5,E134G,0.8735177865612649,0.03530098715935371
scGen,GATA1,split5,E13G,0.22134387351778662,-0.16486586098338935
scGen,GATA1,split5,F168P,0.21739130434782605,-0.16514551733865535
scGen,GATA1,split5,F172L,0.02766798418972327,-0.22462116306223925
scGen,GATA1,split5,"F172S,F173P",0.11857707509881421,-0.21908604018735048
scGen,GATA1,split5,"F33P,F34P",0.7035573122529644,-0.042721562477973866
scGen,GATA1,split5,F3L,0.924901185770751,0.008081538475230916
scGen,GATA1,split5,H222R,0.059288537549407105,-0.2343641289479445
scGen,GATA1,split5,I249T,0.07509881422924902,-0.21294078500538888
scGen,GATA1,split5,I302V,0.47430830039525695,-0.03379077916009319
scGen,GATA1,split5,"K100G,T101A",0.7707509881422925,-0.03970581056296745
scGen,GATA1,split5,K245G,0.9723320158102767,0.20037462337972065
scGen,GATA1,split5,K252R,0.8537549407114624,0.08311144732617906
scGen,GATA1,split5,K287G,0.8893280632411067,-0.02282447445164202
scGen,GATA1,split5,K312G,0.9604743083003953,0.1308670356603936
scGen,GATA1,split5,K312R,0.7193675889328064,0.003052371408632627
scGen,GATA1,split5,"K314R,K315G",0.7905138339920948,-0.03265759006051949
scGen,GATA1,split5,L136S,0.8458498023715415,0.0026861034046101705
scGen,GATA1,split5,L141P,0.6324110671936759,-0.043025845094384514
scGen,GATA1,split5,L196P,0.03952569169960474,-0.22396015897362176
scGen,GATA1,split5,"L284P,Y285H",0.9446640316205533,0.13046805660267763
scGen,GATA1,split5,"L386P,L387P",0.4268774703557312,-0.09170653087077983
scGen,GATA1,split5,L80P,0.0039525691699604515,-0.2831995138634471
scGen,GATA1,split5,M335T,0.383399209486166,-0.13546312463833088
scGen,GATA1,split5,N160D,0.9169960474308301,-0.007791601042409536
scGen,GATA1,split5,"Q237R,N238G",0.18181818181818177,-0.13304467669189773
scGen,GATA1,split5,S12P,0.7430830039525691,-0.02378969937446518
scGen,GATA1,split5,S142G,0.7509881422924901,-0.024626645200970965
scGen,GATA1,split5,S174P,0.7233201581027668,0.019078940358787357
scGen,GATA1,split5,S186P,0.8102766798418972,-0.05233001963941083
scGen,GATA1,split5,S36P,0.9565217391304348,0.07021090094545303
scGen,GATA1,split5,S46P,0.7193675889328064,-0.010356476449338514
scGen,GATA1,split5,T171A,0.5494071146245059,-0.09677747051374028
scGen,GATA1,split5,T220A,0.32015810276679846,-0.18180927281682602
scGen,GATA1,split5,V250A,0.06324110671936756,-0.22978415424918044
scGen,GATA1,split5,"V278A,C279R",0.5612648221343873,-0.06938918778309673
scGen,GATA1,split5,"V32A,F33P",0.6561264822134387,-0.08709312489741058
scGen,GATA1,split5,"V336A,V337A",0.44664031620553357,-0.06357300945530882
scGen,GATA1,split5,Y285C,0.9367588932806324,0.06819366237398516
scGen,GATA1,split5,"Y285C,Y286C",0.9841897233201581,0.16968355397943558
scGen,GATA1,split5,Y286H,0.5928853754940712,-0.12087680055660664
scGen,GATA1,split5,Y69H,0.24505928853754944,-0.12687052461923368
scGen,GATA1,split6,C199R,0.5098814229249011,-0.0736622423418689
scGen,GATA1,split6,C207R,0.9960474308300395,0.24824222671729068
scGen,GATA1,split6,C225R,0.1462450592885376,-0.1810876232799245
scGen,GATA1,split6,E114G,0.4031620553359684,-0.08124660406695274
scGen,GATA1,split6,E200G,0.5138339920948616,-0.05232134528503524
scGen,GATA1,split6,E328G,0.7430830039525691,-0.032121744783621
scGen,GATA1,split6,E348G,0.08695652173913049,-0.14152076673418243
scGen,GATA1,split6,F172P,0.23715415019762842,-0.1681345574174106
scGen,GATA1,split6,H222R,0.09486166007905139,-0.19834339505231852
scGen,GATA1,split6,"I249T,V250A",0.8932806324110671,0.01396388926451759
scGen,GATA1,split6,I87T,0.9209486166007905,0.02469278262112014
scGen,GATA1,split6,"K100G,T101A",0.8023715415019763,-0.03358860761220384
scGen,GATA1,split6,K137E,0.8063241106719368,-0.021024335857864503
scGen,GATA1,split6,K287G,0.8932806324110671,-0.015780276462514217
scGen,GATA1,split6,"K299R,D300G",0.11067193675889331,-0.15582680689113665
scGen,GATA1,split6,K312R,0.7430830039525691,-0.0142409329965913
scGen,GATA1,split6,L146P,0.3754940711462451,-0.09114506976498464
scGen,GATA1,split6,L190P,0.7035573122529644,-0.05534730398655249
scGen,GATA1,split6,L224P,0.9683794466403162,0.08559656400691566
scGen,GATA1,split6,L355P,0.02766798418972327,-0.1488223204926708
scGen,GATA1,split6,L363P,0.7905138339920948,-0.052545868786398595
scGen,GATA1,split6,L387P,0.11067193675889331,-0.167357161251207
scGen,GATA1,split6,L6P,0.35573122529644263,-0.08234514735386401
scGen,GATA1,split6,M1V,0.5019762845849802,-0.0854545690944747
scGen,GATA1,split6,M335V,0.4861660079051383,-0.07562023566204258
scGen,GATA1,split6,"N238G,R239G",0.3952569169960475,-0.0893845103498448
scGen,GATA1,split6,Q257R,0.5177865612648221,-0.07710141184139496
scGen,GATA1,split6,R271G,0.8379446640316206,-0.010669366543885745
scGen,GATA1,split6,S155P,0.4347826086956522,-0.10284903728387197
scGen,GATA1,split6,S161G,0.4426877470355731,-0.08437501409942337
scGen,GATA1,split6,S174P,0.7747035573122529,0.004011252904578942
scGen,GATA1,split6,S178G,0.1462450592885376,-0.14123953308740023
scGen,GATA1,split6,S310P,0.15810276679841895,-0.1438125630826401
scGen,GATA1,split6,S393P,0.2964426877470355,-0.10720819370994732
scGen,GATA1,split6,S72P,0.691699604743083,-0.011425907752258692
scGen,GATA1,split6,T256A,0.031620553359683834,-0.1933426695099153
scGen,GATA1,split6,T264A,0.4110671936758893,-0.13325823138748297
scGen,GATA1,split6,T324A,0.27667984189723316,-0.13011445480450876
scGen,GATA1,split6,T391A,0.6996047430830039,-0.07587364530679842
scGen,GATA1,split6,"V109A,C110R",0.7391304347826086,-0.024198210516931315
scGen,GATA1,split6,V158A,0.6482213438735178,-0.07741249184529186
scGen,GATA1,split6,V291A,0.45849802371541504,-0.09739439801901983
scGen,GATA1,split6,V32A,0.6600790513833992,-0.05828784377262816
scGen,GATA1,split6,"V32A,F33P",0.6679841897233201,-0.07800764723937689
scGen,GATA1,split6,"V336A,V337A",0.3952569169960475,-0.07016841060633168
scGen,GATA1,split6,"V371A,L372P",0.21739130434782605,-0.12077432835408952
scGen,GATA1,split6,"Y185H,S186P",0.1027667984189723,-0.14755254576883484
scGen,GATA1,split6,Y285C,0.9328063241106719,0.05107205658528301
scGen,GATA1,split6,Y62C,0.19367588932806323,-0.1727897577543393
scGen,GATA1,split6,Y62H,0.924901185770751,0.036912509379187865
scGen,GATA1,split6,Y78H,0.5652173913043479,-0.0585832671442659
scGen,GATA1,split6,Y93H,0.6561264822134387,-0.04820347204360359
scGen,JAK1,split1,E762K,0.56,0.8588613681164997
scGen,JAK1,split1,"G1068E,G1068R",0.8,0.9299534595198459
scGen,JAK1,split1,"G887R,G887E",0.52,0.8467446343285712
scGen,JAK1,split1,"P1118L,P1118S,P1121S",0.040000000000000036,0.0864625847441
scGen,JAK1,split1,Q387*,0.6799999999999999,0.8892096172988182
scGen,JAK1,split1,Q437*,0.4,0.8416461221564264
scGen,JAK1,split1,Q572*,0.96,0.9457718892181551
scGen,JAK1,split1,splice_64850911,0.48,0.8481442066907217
scGen,JAK1,split1,syn_N357,0.0,-0.2627682165956264
scGen,JAK1,split2,D775N,0.6799999999999999,0.8860134640126109
scGen,JAK1,split2,E1051K,0.88,0.9256378636985065
scGen,JAK1,split2,"E706K,D707N",0.92,0.9423995050916681
scGen,JAK1,split2,E762K,0.56,0.8567862245352504
scGen,JAK1,split2,"G1068E,G1068R",0.92,0.8997678916799435
scGen,JAK1,split2,"G590E,G590R",0.52,0.8142255035066905
scGen,JAK1,split2,"G887R,G887E",0.56,0.8418754453705055
scGen,JAK1,split2,"P1118L,P1118S,P1121S",0.19999999999999996,0.11504092465780599
scGen,JAK1,split2,"P1121L,P1121S",0.12,0.1249872073792745
scGen,JAK1,split2,P761S,0.76,0.9088422778733896
scGen,JAK1,split2,S1062F,0.8,0.6488502722334403
scGen,JAK1,split2,T717I,0.76,0.0613174141469822
scGen,JAK1,split2,splice_64850911,0.4,0.8462936593658458
scGen,JAK1,split3,D775N,0.6,0.05558421631247312
scGen,JAK1,split3,E1051K,0.07999999999999996,0.04429891187309287
scGen,JAK1,split3,E447K,0.12,-0.06061040287611172
scGen,JAK1,split3,E486K,0.6799999999999999,-0.04302823035263869
scGen,JAK1,split3,"E706K,D707N",0.24,0.012761660225815718
scGen,JAK1,split3,E762K,0.0,-0.038397141318742105
scGen,JAK1,split3,"G1068E,G1068R",0.07999999999999996,-0.12616322038136357
scGen,JAK1,split3,"G590E,G590R",0.24,-0.17910896122801903
scGen,JAK1,split3,"G887R,G887E",0.6799999999999999,-0.053730477740064425
scGen,JAK1,split3,P761S,0.4,0.059902132819455535
scGen,JAK1,split3,Q387*,0.31999999999999995,0.08220734832564429
scGen,JAK1,split3,Q437*,0.84,0.1684475148287449
scGen,JAK1,split3,Q499*,0.07999999999999996,0.07114588211201264
scGen,JAK1,split3,Q545*,0.12,0.07770168370879718
scGen,JAK1,split3,Q572*,0.19999999999999996,0.07769850547263023
scGen,JAK1,split3,R108Q,0.36,0.03859856864135835
scGen,JAK1,split3,"R549Q,E550K",0.0,-0.046908779344393935
scGen,JAK1,split3,S1062F,0.31999999999999995,-0.13498837614558912
scGen,JAK1,split3,T558I,0.4,-0.13002600564633868
scGen,JAK1,split3,splice_64850911,0.24,0.0783962788755586
scGen,JAK1,split5,D775N,0.6799999999999999,0.8837703906161466
scGen,JAK1,split5,E486K,0.4,0.8350854351968249
scGen,JAK1,split5,E762K,0.56,0.8582978304961781
scGen,JAK1,split5,"G590E,G590R",0.6,0.8732755317986765
scGen,JAK1,split5,L321F,0.07999999999999996,0.03154550600955176
scGen,JAK1,split5,"P1121L,P1121S",0.12,0.07938296325977165
scGen,JAK1,split5,P761S,0.72,0.8762541010243349
scGen,JAK1,split5,Q387*,0.6799999999999999,0.8764719551237035
scGen,JAK1,split5,Q437*,0.43999999999999995,0.8273789279793146
scGen,JAK1,split5,Q499*,0.36,0.8150952271236462
scGen,JAK1,split5,Q545*,0.28,0.787276670926939
scGen,JAK1,split5,R108Q,0.48,0.6599318774387788
scGen,JAK1,split5,"R549Q,E550K",0.4,0.8123185854863527
scGen,JAK1,split5,T717I,0.0,-0.07888844943677926
scGen,JAK1,split5,splice_64850911,0.52,0.8312961298445716
scGen,JAK1,split5,syn_L158,0.16000000000000003,0.13025067318994396
scGen,JAK1,split5,syn_N357,0.0,-0.031587617969106196
scVIDR,TP53,split1,A159P,0.9175257731958762,0.7305500614802624
scVIDR,TP53,split1,A159V,0.9484536082474226,0.7377830996775687
scVIDR,TP53,split1,C141Y,0.4020618556701031,0.7021248551139924
scVIDR,TP53,split1,C238Y,0.061855670103092786,0.6804650112425252
scVIDR,TP53,split1,G245V,0.6082474226804124,0.7090353525731583
scVIDR,TP53,split1,H179R,0.3711340206185567,0.6987936510763137
scVIDR,TP53,split1,P47S,0.4020618556701031,0.6619899704552765
scVIDR,TP53,split1,P58R,0.3608247422680413,0.6598364242321086
scVIDR,TP53,split1,Q5R,0.865979381443299,0.6896069913456873
scVIDR,TP53,split1,R175H,0.5567010309278351,0.7043405903746682
scVIDR,TP53,split1,R273H,1.0,0.7670524617592505
scVIDR,TP53,split1,S241C,0.6701030927835052,0.7171282956156138
scVIDR,TP53,split1,S366A,0.5154639175257731,0.6674649293977901
scVIDR,TP53,split1,T312S,0.23711340206185572,0.6570854642294859
scVIDR,TP53,split1,V31I,0.3608247422680413,0.6560084876226383
scVIDR,TP53,split1,Y220C,0.134020618556701,0.6779322853001951
scVIDR,TP53,split2,C238F,0.41237113402061853,0.6832913687538498
scVIDR,TP53,split2,C238Y,0.030927835051546393,0.6489627356312169
scVIDR,TP53,split2,C242F,0.5463917525773196,0.7154163067669757
scVIDR,TP53,split2,C275F,0.09278350515463918,0.6667587109167996
scVIDR,TP53,split2,C275Y,0.061855670103092786,0.6522548797230453
scVIDR,TP53,split2,C277F,0.4639175257731959,0.6908687011547124
scVIDR,TP53,split2,E271K,0.23711340206185572,0.6621497199532327
scVIDR,TP53,split2,E285K,0.22680412371134018,0.6623363270113609
scVIDR,TP53,split2,E286K,0.5876288659793815,0.6860290761446878
scVIDR,TP53,split2,E339K,0.020618556701030966,0.624221733881678
scVIDR,TP53,split2,G244C,0.134020618556701,0.6697428552997781
scVIDR,TP53,split2,G245C,0.6804123711340206,0.6890725845799022
scVIDR,TP53,split2,G245D,0.8556701030927836,0.7147902201792654
scVIDR,TP53,split2,G245S,0.3298969072164949,0.670222196312175
scVIDR,TP53,split2,G245V,0.4948453608247423,0.6850307060963307
scVIDR,TP53,split2,G266E,0.061855670103092786,0.6394147626498075
scVIDR,TP53,split2,G266R,0.3711340206185567,0.6741071220618758
scVIDR,TP53,split2,G266V,0.7938144329896908,0.7287897217472014
scVIDR,TP53,split2,G360V,0.9690721649484536,0.6819664744127419
scVIDR,TP53,split2,L344L,0.4948453608247423,0.6502583413275942
scVIDR,TP53,split2,M237I,0.6804123711340206,0.7202029514944334
scVIDR,TP53,split2,M246V,0.711340206185567,0.7033629606739096
scVIDR,TP53,split2,P222P,0.010309278350515427,0.5981700704320231
scVIDR,TP53,split2,P250L,0.7216494845360825,0.7073861443196131
scVIDR,TP53,split2,P278L,0.7938144329896908,0.7098791767481417
scVIDR,TP53,split2,P278S,0.4020618556701031,0.6961904752194992
scVIDR,TP53,split2,P295P,0.8041237113402062,0.6652164403131755
scVIDR,TP53,split2,P301P,0.9072164948453608,0.6708350663795981
scVIDR,TP53,split2,P359P,0.9381443298969072,0.6727496843628047
scVIDR,TP53,split2,R248L,0.04123711340206182,0.6419066066130698
scVIDR,TP53,split2,R248W,0.6494845360824743,0.7121455941011652
scVIDR,TP53,split2,R249M,0.4742268041237113,0.6822299149237251
scVIDR,TP53,split2,R249S,0.4329896907216495,0.67865708293434
scVIDR,TP53,split2,R273C,0.23711340206185572,0.680155343195928
scVIDR,TP53,split2,R273H,0.9690721649484536,0.734975719043096
scVIDR,TP53,split2,R273L,0.24742268041237114,0.6867362211114493
scVIDR,TP53,split2,R280K,0.6804123711340206,0.7011688452521257
scVIDR,TP53,split2,R280T,0.09278350515463918,0.6541078279819674
scVIDR,TP53,split2,R282W,0.27835051546391754,0.6634110646874974
scVIDR,TP53,split2,R337C,0.04123711340206182,0.6575228584333369
scVIDR,TP53,split2,R337L,0.4226804123711341,0.6972626755560088
scVIDR,TP53,split2,S241C,0.6494845360824743,0.7068202515909723
scVIDR,TP53,split2,S241F,0.845360824742268,0.7194619861415146
scVIDR,TP53,split2,S366A,0.2680412371134021,0.6319295274815135
scVIDR,TP53,split2,T312S,0.5360824742268041,0.6559084224923633
scVIDR,TP53,split2,V272L,0.6804123711340206,0.7127380462007291
scVIDR,TP53,split2,V272M,0.6391752577319587,0.6968404932040992
scVIDR,TP53,split2,Y234C,0.5567010309278351,0.702134569178254
scVIDR,TP53,split2,Y236C,0.9587628865979382,0.7289472008127581
scVIDR,TP53,split3,G245C,0.7216494845360825,0.7124944816141147
scVIDR,TP53,split3,G245D,0.8969072164948454,0.7271494842683118
scVIDR,TP53,split3,G245S,0.4020618556701031,0.6925643886166657
scVIDR,TP53,split3,G245V,0.41237113402061853,0.6930028379563821
scVIDR,TP53,split3,R175H,0.1030927835051546,0.6730064072722505
scVIDR,TP53,split3,R249M,0.030927835051546393,0.6662947991888883
scVIDR,TP53,split3,R249S,0.6082474226804124,0.7097457287693902
scVIDR,TP53,split3,R282W,0.35051546391752575,0.6958924665610099
scVIDR,TP53,split3,Y220C,0.17525773195876293,0.684441562847047
scVIDR,TP53,split6,A159P,0.6597938144329897,0.698871213563135
scVIDR,TP53,split6,A159V,0.5154639175257731,0.703299983699494
scVIDR,TP53,split6,C141Y,0.711340206185567,0.7029728773661568
scVIDR,TP53,split6,C238Y,0.030927835051546393,0.6350757339811938
scVIDR,TP53,split6,G245V,0.18556701030927836,0.6705642307407594
scVIDR,TP53,split6,H179R,0.5773195876288659,0.6918982686388552
scVIDR,TP53,split6,R175H,0.4226804123711341,0.6909387170375386
scVIDR,TP53,split6,R273H,0.9278350515463918,0.7442040195582448
scVIDR,TP53,split6,S241C,0.8762886597938144,0.7300022731585387
scVIDR,TP53,split6,Y220C,0.7731958762886598,0.7166676228240874
scVIDR,KRAS,split1,A146T,0.7252747252747253,0.5082922307231785
scVIDR,KRAS,split1,A146V,0.8131868131868132,0.5117655800603196
scVIDR,KRAS,split1,G12C,0.945054945054945,0.5369226723627091
scVIDR,KRAS,split1,G12D,0.13186813186813184,0.4289513493718873
scVIDR,KRAS,split1,G12R,0.25274725274725274,0.44836640851006
scVIDR,KRAS,split1,G12V,0.6043956043956045,0.4869716888214758
scVIDR,KRAS,split1,Q61H,0.989010989010989,0.5460577129981192
scVIDR,KRAS,split1,Q61L,0.13186813186813184,0.42849344062832495
scVIDR,KRAS,split2,A130V,0.31868131868131866,0.40604736770364896
scVIDR,KRAS,split2,A146P,0.3626373626373627,0.4187010836144101
scVIDR,KRAS,split2,A146T,0.27472527472527475,0.41572368964607964
scVIDR,KRAS,split2,A146V,0.9120879120879121,0.4558170024594499
scVIDR,KRAS,split2,A155G,0.7032967032967032,0.43419880687933404
scVIDR,KRAS,split2,A66A,0.8131868131868132,0.37700714834906224
scVIDR,KRAS,split2,C118S,0.5604395604395604,0.39373529628231746
scVIDR,KRAS,split2,D119G,0.13186813186813184,0.39673727149786975
scVIDR,KRAS,split2,D173D,0.8461538461538461,0.37135239972614553
scVIDR,KRAS,split2,E63K,0.31868131868131866,0.41169056878315907
scVIDR,KRAS,split2,F141L,0.3626373626373627,0.4099925373107909
scVIDR,KRAS,split2,G75A,0.7582417582417582,0.43244635893997957
scVIDR,KRAS,split2,G77A,0.6043956043956045,0.4256796629019175
scVIDR,KRAS,split2,I163S,0.7472527472527473,0.4463964646045474
scVIDR,KRAS,split2,K117N,0.1648351648351648,0.40161137789307616
scVIDR,KRAS,split2,K117R,0.8131868131868132,0.4452670276408981
scVIDR,KRAS,split2,K147N,0.7032967032967032,0.432558466989028
scVIDR,KRAS,split2,K147T,0.8351648351648352,0.438914700645356
scVIDR,KRAS,split2,K169K,0.17582417582417587,0.34420434280970075
scVIDR,KRAS,split2,K176Q,0.5604395604395604,0.3805023195145949
scVIDR,KRAS,split2,K178K,0.31868131868131866,0.34684984166750743
scVIDR,KRAS,split2,K88K,0.8791208791208791,0.38727896399281053
scVIDR,KRAS,split2,L159S,0.1648351648351648,0.4072553984370014
scVIDR,KRAS,split2,L79I,0.6593406593406593,0.39992893850083583
scVIDR,KRAS,split2,M111L,0.1428571428571429,0.36016032153512006
scVIDR,KRAS,split2,P110S,0.15384615384615385,0.3969846634974507
scVIDR,KRAS,split2,Q99E,0.3296703296703297,0.3981519529060876
scVIDR,KRAS,split2,R135T,0.5384615384615384,0.3783351439055158
scVIDR,KRAS,split2,R149K,0.8461538461538461,0.4281959317362201
scVIDR,KRAS,split2,R164Q,0.4725274725274725,0.39227016348575067
scVIDR,KRAS,split2,R68S,0.3846153846153846,0.410419297233772
scVIDR,KRAS,split2,S136N,0.5274725274725275,0.36757303734316116
scVIDR,KRAS,split2,T127T,0.21978021978021978,0.3477298073657907
scVIDR,KRAS,split2,T144P,0.6483516483516483,0.43654139792684443
scVIDR,KRAS,split2,T144T,0.5604395604395604,0.35275584865533277
scVIDR,KRAS,split2,T158A,0.13186813186813184,0.331804446638289
scVIDR,KRAS,split2,T158T,0.19780219780219777,0.3336086697794764
scVIDR,KRAS,split2,T74A,0.5604395604395604,0.4060848526643551
scVIDR,KRAS,split2,T74T,0.989010989010989,0.4251768276443418
scVIDR,KRAS,split2,V112I,0.4505494505494505,0.3843756107890302
scVIDR,KRAS,split2,Y166H,0.05494505494505497,0.3273685207208975
scVIDR,KRAS,split3,A146P,0.23076923076923073,0.44308893810671385
scVIDR,KRAS,split3,A146T,0.7362637362637363,0.4845758564629911
scVIDR,KRAS,split3,A146V,0.8351648351648352,0.48258277788331
scVIDR,KRAS,split3,G12A,0.8131868131868132,0.4841597736833756
scVIDR,KRAS,split3,G12C,0.4945054945054945,0.4621201932875918
scVIDR,KRAS,split3,G12S,0.5164835164835164,0.468386725891263
scVIDR,KRAS,split3,G13C,0.5824175824175823,0.4640112826310994
scVIDR,KRAS,split3,K117R,0.2417582417582418,0.4400931203715713
scVIDR,KRAS,split3,Q61H,0.967032967032967,0.5099270612516938
scVIDR,KRAS,split3,Q61P,0.8901098901098901,0.49676630154873397
scVIDR,KRAS,split6,A146T,0.7912087912087912,0.49637677463057633
scVIDR,KRAS,split6,A146V,0.8681318681318682,0.5063514948694972
scVIDR,KRAS,split6,G12C,0.9230769230769231,0.5128151626755469
scVIDR,KRAS,split6,G12D,0.25274725274725274,0.45597172514085804
scVIDR,KRAS,split6,G12R,0.13186813186813184,0.4376087579900345
scVIDR,KRAS,split6,G12V,0.34065934065934067,0.45413358706518564
scVIDR,KRAS,split6,Q61H,0.978021978021978,0.5423281846954595
scVIDR,KRAS,split6,Q61L,0.27472527472527475,0.44485308380876115
scVIDR,GATA1,split1,C199R,0.5059288537549407,-0.02441715631364834
scVIDR,GATA1,split1,C207R,1.0,0.4071660804830961
scVIDR,GATA1,split1,C225R,0.11462450592885376,-0.15908063869859343
scVIDR,GATA1,split1,E114G,0.4545454545454546,-0.05433860379016954
scVIDR,GATA1,split1,E200G,0.5375494071146245,-0.0016406821636195785
scVIDR,GATA1,split1,E328G,0.6956521739130435,-0.0060830472266208
scVIDR,GATA1,split1,E348G,0.12648221343873522,-0.10155590285874846
scVIDR,GATA1,split1,F172P,0.2569169960474308,-0.18396948346091774
scVIDR,GATA1,split1,H222R,0.08300395256916993,-0.2634003217097721
scVIDR,GATA1,split1,"I249T,V250A",0.9090909090909091,0.06753329337246768
scVIDR,GATA1,split1,I87T,0.8972332015810277,0.04196300256285441
scVIDR,GATA1,split1,"K100G,T101A",0.7865612648221344,-0.018327103981979825
scVIDR,GATA1,split1,K137E,0.8023715415019763,0.02441029197259542
scVIDR,GATA1,split1,K287G,0.9011857707509882,0.02815605137568909
scVIDR,GATA1,split1,"K299R,D300G",0.12252964426877466,-0.14836135776474568
scVIDR,GATA1,split1,K312R,0.6442687747035574,-0.014026393206902056
scVIDR,GATA1,split1,L146P,0.36363636363636365,-0.07150484545399348
scVIDR,GATA1,split1,L190P,0.8063241106719368,0.009671246486363798
scVIDR,GATA1,split1,L224P,0.9723320158102767,0.1638468737148678
scVIDR,GATA1,split1,L355P,0.02371541501976282,-0.15246701673579474
scVIDR,GATA1,split1,L363P,0.849802371541502,0.00771950369250396
scVIDR,GATA1,split1,L387P,0.0513833992094862,-0.2004881504188277
scVIDR,GATA1,split1,L6P,0.43083003952569165,-0.032440030391027705
scVIDR,GATA1,split1,M1V,0.6205533596837944,-0.01925669129828122
scVIDR,GATA1,split1,M335V,0.5177865612648221,-0.011812809956617399
scVIDR,GATA1,split1,"N238G,R239G",0.32015810276679846,-0.06702955254745566
scVIDR,GATA1,split1,Q257R,0.4782608695652174,-0.05309707769407042
scVIDR,GATA1,split1,R271G,0.8537549407114624,0.025996806476844336
scVIDR,GATA1,split1,S155P,0.4703557312252964,-0.07498107927694693
scVIDR,GATA1,split1,S161G,0.4189723320158103,-0.060756957074059856
scVIDR,GATA1,split1,S174P,0.7628458498023716,0.08221646548882477
scVIDR,GATA1,split1,S178G,0.13833992094861658,-0.10802138617086077
scVIDR,GATA1,split1,S310P,0.13833992094861658,-0.11788913275978649
scVIDR,GATA1,split1,S393P,0.33596837944664026,-0.07568131126355583
scVIDR,GATA1,split1,S72P,0.616600790513834,0.015748134350191605
scVIDR,GATA1,split1,T256A,0.02766798418972327,-0.2172798000722435
scVIDR,GATA1,split1,T264A,0.4426877470355731,-0.1311977297821736
scVIDR,GATA1,split1,T324A,0.30434782608695654,-0.08379013690844986
scVIDR,GATA1,split1,T391A,0.7628458498023716,-0.04196679504633249
scVIDR,GATA1,split1,"V109A,C110R",0.6996047430830039,-0.006171511439624994
scVIDR,GATA1,split1,V158A,0.6996047430830039,-0.04032180854791696
scVIDR,GATA1,split1,V291A,0.4861660079051383,-0.04622191051440884
scVIDR,GATA1,split1,V32A,0.7035573122529644,-0.02527815547767541
scVIDR,GATA1,split1,"V32A,F33P",0.541501976284585,-0.16736385846627358
scVIDR,GATA1,split1,"V336A,V337A",0.36363636363636365,-0.053925128698751955
scVIDR,GATA1,split1,"V371A,L372P",0.18577075098814233,-0.13243218277834357
scVIDR,GATA1,split1,"Y185H,S186P",0.11067193675889331,-0.12918916247325393
scVIDR,GATA1,split1,Y285C,0.9288537549407114,0.1316757602183701
scVIDR,GATA1,split1,Y62C,0.19367588932806323,-0.11145626094079046
scVIDR,GATA1,split1,Y62H,0.9407114624505929,0.10245860880409997
scVIDR,GATA1,split1,Y78H,0.5533596837944664,-0.033546921935762405
scVIDR,GATA1,split1,Y93H,0.7312252964426877,0.010874881810924537
scVIDR,GATA1,split2,C204R,0.9881422924901185,0.2301979462117455
scVIDR,GATA1,split2,"C204R,V205A",0.18972332015810278,-0.15765873213000633
scVIDR,GATA1,split2,C207R,0.9960474308300395,0.44225219872874355
scVIDR,GATA1,split2,C225R,0.13043478260869568,-0.18259692635799313
scVIDR,GATA1,split2,C228R,0.45849802371541504,-0.061584939388676915
scVIDR,GATA1,split2,C258R,0.7233201581027668,-0.013122694611046865
scVIDR,GATA1,split2,C261R,0.8063241106719368,0.05504543683135791
scVIDR,GATA1,split2,C346R,0.36363636363636365,-0.09634781839039876
scVIDR,GATA1,split2,D276G,0.1620553359683794,-0.2013864383198823
scVIDR,GATA1,split2,E328G,0.7391304347826086,0.0009048397162100392
scVIDR,GATA1,split2,E348G,0.09881422924901184,-0.07820581965815263
scVIDR,GATA1,split2,F382S,0.007905138339920903,-0.1731274522597459
scVIDR,GATA1,split2,F394P,0.383399209486166,-0.00025555967418850286
scVIDR,GATA1,split2,H222R,0.08695652173913049,-0.31891850359669455
scVIDR,GATA1,split2,"H222R,Y223C",0.4861660079051383,-0.08648016276136093
scVIDR,GATA1,split2,"H232R,K233E",0.8735177865612649,0.05422440589337651
scVIDR,GATA1,split2,H289R,0.22529644268774707,-0.11832895579160678
scVIDR,GATA1,split2,H362R,0.7233201581027668,-0.011317640730752958
scVIDR,GATA1,split2,H378R,0.9090909090909091,0.02088760729391125
scVIDR,GATA1,split2,I242T,0.9762845849802372,0.21025920985226418
scVIDR,GATA1,split2,I242V,0.7984189723320159,-0.008291499103910643
scVIDR,GATA1,split2,I249T,0.09090909090909094,-0.20392249575274507
scVIDR,GATA1,split2,"I249T,V250A",0.8774703557312253,0.053744216474716215
scVIDR,GATA1,split2,I249V,0.5375494071146245,-0.1079621722161689
scVIDR,GATA1,split2,I302T,0.9367588932806324,0.16544804763822094
scVIDR,GATA1,split2,I302V,0.37944664031620556,-0.02329184289315168
scVIDR,GATA1,split2,"K233R,M234V",0.6798418972332017,-0.011854719123940413
scVIDR,GATA1,split2,K245G,0.9644268774703557,0.2946067958929035
scVIDR,GATA1,split2,K252G,0.3320158102766798,-0.04728933680887206
scVIDR,GATA1,split2,K252R,0.8102766798418972,0.10254698973763261
scVIDR,GATA1,split2,K287G,0.9130434782608696,0.02201612307624138
scVIDR,GATA1,split2,K299E,0.20948616600790515,-0.10804541952080134
scVIDR,GATA1,split2,"K299R,D300G",0.10671936758893286,-0.17684646849785335
scVIDR,GATA1,split2,K308G,0.40711462450592883,-0.054185913060264726
scVIDR,GATA1,split2,K312G,0.9604743083003953,0.16528267314904138
scVIDR,GATA1,split2,K312R,0.6403162055335969,-0.02087684542058811
scVIDR,GATA1,split2,"K314R,K315G",0.7984189723320159,-0.0369398781914935
scVIDR,GATA1,split2,K316G,0.055335968379446654,-0.15692974795466297
scVIDR,GATA1,split2,K316R,0.5849802371541502,-0.040591031126253445
scVIDR,GATA1,split2,"L214P,W215R",0.6996047430830039,-0.003190390536078328
scVIDR,GATA1,split2,L224P,0.9802371541501976,0.19439261769960595
scVIDR,GATA1,split2,"L230P,Y231H",0.3320158102766798,-0.11402987459360243
scVIDR,GATA1,split2,L248P,0.12648221343873522,-0.09446966578931325
scVIDR,GATA1,split2,"L268P,W269R",0.4268774703557312,-0.04201770645901495
scVIDR,GATA1,split2,"L284P,Y285H",0.9288537549407114,0.17172670695077139
scVIDR,GATA1,split2,L288P,0.0513833992094862,-0.12096624817321688
scVIDR,GATA1,split2,L295P,0.41501976284584985,-0.028686797547483975
scVIDR,GATA1,split2,L355P,0.02371541501976282,-0.08647059002845633
scVIDR,GATA1,split2,L363P,0.9328063241106719,0.038394855041555064
scVIDR,GATA1,split2,"L363P,Y364H",0.7588932806324111,0.022535449741031523
scVIDR,GATA1,split2,L367P,0.0039525691699604515,-0.07935370657573207
scVIDR,GATA1,split2,"L372P,S373P",0.7312252964426877,-0.012950202972201825
scVIDR,GATA1,split2,L379P,0.6363636363636364,0.01040908337384645
scVIDR,GATA1,split2,L386P,0.055335968379446654,-0.19187819617948879
scVIDR,GATA1,split2,"L386P,L387P",0.37154150197628455,-0.045360974740882604
scVIDR,GATA1,split2,L387P,0.02766798418972327,-0.14363873942751398
scVIDR,GATA1,split2,L411P,0.2964426877470355,-0.00427192276446345
scVIDR,GATA1,split2,M234T,0.2845849802371542,-0.07348089984030594
scVIDR,GATA1,split2,"M234V,N235D",0.7114624505928854,-0.019015370965475765
scVIDR,GATA1,split2,M297T,0.6877470355731226,-0.011751312065903557
scVIDR,GATA1,split2,M335T,0.5138339920948616,-0.0657964540143379
scVIDR,GATA1,split2,"M335T,V336A",0.15019762845849804,-0.06908758787658707
scVIDR,GATA1,split2,M335V,0.5375494071146245,0.012377713518171955
scVIDR,GATA1,split2,M380T,0.6877470355731226,-0.005074431075467589
scVIDR,GATA1,split2,M399T,0.17391304347826086,-0.020153334764835044
scVIDR,GATA1,split2,M399V,0.2845849802371542,-0.060734718678353644
scVIDR,GATA1,split2,N206G,0.6284584980237153,-0.05831392481593464
scVIDR,GATA1,split2,"N238G,R239G",0.22924901185770752,-0.0904738397371287
scVIDR,GATA1,split2,N272G,0.5810276679841897,-0.02838125794490181
scVIDR,GATA1,split2,N292G,0.7470355731225297,0.018911434259582794
scVIDR,GATA1,split2,N292S,0.20158102766798414,-0.13419453371063042
scVIDR,GATA1,split2,N306G,0.7154150197628458,-0.02294876937409376
scVIDR,GATA1,split2,N345D,0.3320158102766798,-0.07605273821125873
scVIDR,GATA1,split2,N345G,0.035573122529644285,-0.09566827343011436
scVIDR,GATA1,split2,"Q237R,N238G",0.21739130434782605,-0.1321752473905688
scVIDR,GATA1,split2,Q257R,0.4347826086956522,-0.08097774318826967
scVIDR,GATA1,split2,"Q303R,T304A",0.3320158102766798,-0.12348414045960605
scVIDR,GATA1,split2,Q365R,0.3438735177865613,-0.008702631802258902
scVIDR,GATA1,split2,R271G,0.8458498023715415,0.0075780737980774724
scVIDR,GATA1,split2,S274G,0.37944664031620556,-0.12585186093802023
scVIDR,GATA1,split2,S310P,0.15810276679841895,-0.12408789783296345
scVIDR,GATA1,split2,S320G,0.7193675889328064,-0.013383043180311815
scVIDR,GATA1,split2,S341G,0.3913043478260869,-0.0011021844266578694
scVIDR,GATA1,split2,S343G,0.4268774703557312,-0.0013465924283923413
scVIDR,GATA1,split2,S389P,0.39920948616600793,-0.027669455123565757
scVIDR,GATA1,split2,S393P,0.32015810276679846,-0.06514115619916142
scVIDR,GATA1,split2,S412G,0.9011857707509882,0.026596547294665554
scVIDR,GATA1,split2,T210A,0.3241106719367589,-0.07465577993090942
scVIDR,GATA1,split2,T212A,0.5256916996047432,-0.04098098258738173
scVIDR,GATA1,split2,T220A,0.35573122529644263,-0.24372201340010538
scVIDR,GATA1,split2,T256A,0.06719367588932801,-0.2287401123586665
scVIDR,GATA1,split2,T259A,0.5177865612648221,-0.09373979119398562
scVIDR,GATA1,split2,"T263A,T264A",0.9762845849802372,0.2694762900118214
scVIDR,GATA1,split2,T264A,0.5335968379446641,-0.15261773085405672
scVIDR,GATA1,split2,"T264A,T265A",0.059288537549407105,-0.3019407204850434
scVIDR,GATA1,split2,T265A,0.04347826086956519,-0.33779679800241724
scVIDR,GATA1,split2,"T265A,T266A",0.34782608695652173,-0.1298690348543586
scVIDR,GATA1,split2,T266A,0.48221343873517786,-0.10945600928464415
scVIDR,GATA1,split2,T267A,0.1462450592885376,-0.185308644110865
scVIDR,GATA1,split2,T296A,0.8814229249011858,0.00427078954812615
scVIDR,GATA1,split2,T324A,0.31225296442687744,-0.08767622431220692
scVIDR,GATA1,split2,T354A,0.5968379446640316,-0.012774663017162116
scVIDR,GATA1,split2,T360A,0.2924901185770751,-0.03379843834454568
scVIDR,GATA1,split2,T391A,0.7905138339920948,-0.025202928153322313
scVIDR,GATA1,split2,T402A,0.2845849802371542,-0.04239357509773923
scVIDR,GATA1,split2,"T402A,T403A",0.4703557312252964,-0.03604335429647986
scVIDR,GATA1,split2,"T403A,S404G",0.02371541501976282,-0.11338028712222052
scVIDR,GATA1,split2,"T405A,T406A",0.6245059288537549,-0.005731776498912496
scVIDR,GATA1,split2,V250A,0.06719367588932801,-0.2523694305818365
scVIDR,GATA1,split2,"V278A,C279R",0.48221343873517786,-0.06188398470633309
scVIDR,GATA1,split2,V291A,0.42292490118577075,-0.05378631685202367
scVIDR,GATA1,split2,"V336A,V337A",0.3162055335968379,-0.031006046829652
scVIDR,GATA1,split2,V349A,0.8063241106719368,-0.024842514009929192
scVIDR,GATA1,split2,V370A,0.1541501976284585,-0.017553250184688354
scVIDR,GATA1,split2,"V371A,L372P",0.26086956521739135,-0.06638052622993103
scVIDR,GATA1,split2,V407A,0.2885375494071146,-0.032745040217521566
scVIDR,GATA1,split2,"V407A,V408A",0.30434782608695654,-0.009955650411229793
scVIDR,GATA1,split2,V408A,0.7786561264822134,0.009267925862131064
scVIDR,GATA1,split2,W215R,0.12252964426877466,-0.16757543553831772
scVIDR,GATA1,split2,W269R,0.5573122529644269,-0.035270622282385616
scVIDR,GATA1,split2,Y223C,0.26877470355731226,-0.1229825925527927
scVIDR,GATA1,split2,Y231C,0.5770750988142292,-0.021658623405894813
scVIDR,GATA1,split2,Y285C,0.924901185770751,0.08355766982270989
scVIDR,GATA1,split2,"Y285C,Y286C",0.9841897233201581,0.27057761274656494
scVIDR,GATA1,split2,"Y286C,K287E",0.3913043478260869,-0.10092728841574476
scVIDR,GATA1,split2,Y286H,0.6719367588932806,-0.10860926674791294
scVIDR,GATA1,split2,"Y364C,Q365R",0.8656126482213439,0.049422618526991806
scVIDR,GATA1,split3,C204R,0.9920948616600791,0.2026047828286414
scVIDR,GATA1,split3,"C204R,V205A",0.25296442687747034,-0.14831383901620054
scVIDR,GATA1,split3,C207R,0.9960474308300395,0.3960739746348419
scVIDR,GATA1,split3,C225R,0.13438735177865613,-0.19114037486576674
scVIDR,GATA1,split3,C228R,0.4031620553359684,-0.09614108852142075
scVIDR,GATA1,split3,C258R,0.7430830039525691,-0.03324227009277171
scVIDR,GATA1,split3,C261R,0.7944664031620553,0.013742074313210657
scVIDR,GATA1,split3,D276G,0.13833992094861658,-0.24020762656154715
scVIDR,GATA1,split3,H222R,0.08300395256916993,-0.33081180812979283
scVIDR,GATA1,split3,"H222R,Y223C",0.45849802371541504,-0.11835678040480067
scVIDR,GATA1,split3,"L214P,W215R",0.7035573122529644,-0.024033716611201728
scVIDR,GATA1,split3,L224P,0.9644268774703557,0.1368056345350922
scVIDR,GATA1,split3,"L268P,W269R",0.47430830039525695,-0.0645287840668488
scVIDR,GATA1,split3,N206G,0.6363636363636364,-0.08084782048683235
scVIDR,GATA1,split3,N272G,0.6798418972332017,-0.02212110363891269
scVIDR,GATA1,split3,R271G,0.8102766798418972,-0.031208805155768155
scVIDR,GATA1,split3,S274G,0.32806324110671936,-0.172289250959771
scVIDR,GATA1,split3,T210A,0.3438735177865613,-0.10012610342465857
scVIDR,GATA1,split3,T212A,0.6205533596837944,-0.05091857675452489
scVIDR,GATA1,split3,T220A,0.3675889328063241,-0.25526476185970104
scVIDR,GATA1,split3,T259A,0.5533596837944664,-0.09872797100809572
scVIDR,GATA1,split3,"T263A,T264A",0.9723320158102767,0.28097104294242875
scVIDR,GATA1,split3,T264A,0.4782608695652174,-0.18187959588323055
scVIDR,GATA1,split3,"T264A,T265A",0.09090909090909094,-0.29997784756561824
scVIDR,GATA1,split3,T265A,0.035573122529644285,-0.36643177194287807
scVIDR,GATA1,split3,"T265A,T266A",0.3517786561264822,-0.1569891152359226
scVIDR,GATA1,split3,T266A,0.5138339920948616,-0.12018891510912237
scVIDR,GATA1,split3,T267A,0.17391304347826086,-0.19016494007304346
scVIDR,GATA1,split3,"V278A,C279R",0.5889328063241106,-0.04977849433161339
scVIDR,GATA1,split3,W215R,0.14229249011857703,-0.17908522951135647
scVIDR,GATA1,split3,W269R,0.6047430830039526,-0.05379803049096094
scVIDR,GATA1,split3,Y223C,0.22529644268774707,-0.17488464392935335
scVIDR,GATA1,split5,C346R,0.23715415019762842,-0.1994860342763822
scVIDR,GATA1,split5,E114G,0.4031620553359684,-0.11355923944064064
scVIDR,GATA1,split5,"E114G,D115G",0.31225296442687744,-0.21888705088616076
scVIDR,GATA1,split5,E134G,0.8735177865612649,0.04330295346570894
scVIDR,GATA1,split5,E13G,0.2134387351778656,-0.23058035138358945
scVIDR,GATA1,split5,F168P,0.22924901185770752,-0.2199679360966396
scVIDR,GATA1,split5,F172L,0.02766798418972327,-0.3392325025114317
scVIDR,GATA1,split5,"F172S,F173P",0.13438735177865613,-0.3415417028035259
scVIDR,GATA1,split5,"F33P,F34P",0.6719367588932806,-0.08954923126448244
scVIDR,GATA1,split5,F3L,0.924901185770751,0.03000705515341937
scVIDR,GATA1,split5,H222R,0.0513833992094862,-0.36299642270687416
scVIDR,GATA1,split5,I249T,0.07905138339920947,-0.28483996659239696
scVIDR,GATA1,split5,I302V,0.4426877470355731,-0.04794936759282137
scVIDR,GATA1,split5,"K100G,T101A",0.7549407114624506,-0.06465169008157862
scVIDR,GATA1,split5,K245G,0.9723320158102767,0.32568524218016803
scVIDR,GATA1,split5,K252R,0.8379446640316206,0.09902773141221356
scVIDR,GATA1,split5,K287G,0.9011857707509882,-0.01456671496254936
scVIDR,GATA1,split5,K312G,0.9604743083003953,0.19122180445487075
scVIDR,GATA1,split5,K312R,0.6956521739130435,0.00036488394882169643
scVIDR,GATA1,split5,"K314R,K315G",0.7944664031620553,-0.04233452918489986
scVIDR,GATA1,split5,L136S,0.8221343873517787,-0.019107652004419426
scVIDR,GATA1,split5,L141P,0.6521739130434783,-0.04807657115438363
scVIDR,GATA1,split5,L196P,0.035573122529644285,-0.3185616582020295
scVIDR,GATA1,split5,"L284P,Y285H",0.9446640316205533,0.2298219085203179
scVIDR,GATA1,split5,"L386P,L387P",0.450592885375494,-0.10596101923737887
scVIDR,GATA1,split5,L80P,0.0,-0.4649703825633686
scVIDR,GATA1,split5,M335T,0.4545454545454546,-0.16763522373829498
scVIDR,GATA1,split5,N160D,0.9169960474308301,-0.006732350128151416
scVIDR,GATA1,split5,"Q237R,N238G",0.17786561264822132,-0.17303696488245882
scVIDR,GATA1,split5,S12P,0.7747035573122529,-0.014602579361212172
scVIDR,GATA1,split5,S142G,0.7786561264822134,-0.017920557046458764
scVIDR,GATA1,split5,S174P,0.7312252964426877,0.031611187778814935
scVIDR,GATA1,split5,S186P,0.8181818181818181,-0.06508655794179986
scVIDR,GATA1,split5,S36P,0.9723320158102767,0.14870428670055494
scVIDR,GATA1,split5,S46P,0.7154150197628458,-0.013007095009809556
scVIDR,GATA1,split5,T171A,0.5810276679841897,-0.13429655794249462
scVIDR,GATA1,split5,T220A,0.32015810276679846,-0.24904770843258336
scVIDR,GATA1,split5,V250A,0.06719367588932801,-0.31380022153876536
scVIDR,GATA1,split5,"V278A,C279R",0.5573122529644269,-0.0780055139059125
scVIDR,GATA1,split5,"V32A,F33P",0.6047430830039526,-0.18802623685580755
scVIDR,GATA1,split5,"V336A,V337A",0.39920948616600793,-0.08359533311484067
scVIDR,GATA1,split5,Y285C,0.9288537549407114,0.09833569976483193
scVIDR,GATA1,split5,"Y285C,Y286C",0.9841897233201581,0.2722913276824002
scVIDR,GATA1,split5,Y286H,0.6482213438735178,-0.14461395282921635
scVIDR,GATA1,split5,Y69H,0.2490118577075099,-0.16207698439429022
scVIDR,GATA1,split6,C199R,0.5652173913043479,-0.03262569974911549
scVIDR,GATA1,split6,C207R,0.9960474308300395,0.37641076159075776
scVIDR,GATA1,split6,C225R,0.1541501976284585,-0.19355685049839383
scVIDR,GATA1,split6,E114G,0.4031620553359684,-0.09604103505157131
scVIDR,GATA1,split6,E200G,0.5335968379446641,-0.02934132832320349
scVIDR,GATA1,split6,E328G,0.7351778656126482,-0.022382241599386635
scVIDR,GATA1,split6,E348G,0.08695652173913049,-0.1441204219401935
scVIDR,GATA1,split6,F172P,0.23715415019762842,-0.20912274689140656
scVIDR,GATA1,split6,H222R,0.07509881422924902,-0.300160554551187
scVIDR,GATA1,split6,"I249T,V250A",0.8932806324110671,0.012869388604831108
scVIDR,GATA1,split6,I87T,0.9209486166007905,0.024781400413871488
scVIDR,GATA1,split6,"K100G,T101A",0.7786561264822134,-0.0537612128696576
scVIDR,GATA1,split6,K137E,0.8102766798418972,-0.015662071760372168
scVIDR,GATA1,split6,K287G,0.8972332015810277,-0.013137887199453599
scVIDR,GATA1,split6,"K299R,D300G",0.11462450592885376,-0.17871795997147172
scVIDR,GATA1,split6,K312R,0.7312252964426877,-0.02181922711790791
scVIDR,GATA1,split6,L146P,0.37944664031620556,-0.08686953343177722
scVIDR,GATA1,split6,L190P,0.6996047430830039,-0.051502368208127994
scVIDR,GATA1,split6,L224P,0.9644268774703557,0.10509964512844318
scVIDR,GATA1,split6,L355P,0.02766798418972327,-0.16278933021749029
scVIDR,GATA1,split6,L363P,0.8023715415019763,-0.0330063074048793
scVIDR,GATA1,split6,L387P,0.10671936758893286,-0.20636747410059708
scVIDR,GATA1,split6,L6P,0.35573122529644263,-0.0778307980508341
scVIDR,GATA1,split6,M1V,0.4861660079051383,-0.07841663405618268
scVIDR,GATA1,split6,M335V,0.5652173913043479,-0.026910313592233046
scVIDR,GATA1,split6,"N238G,R239G",0.38735177865612647,-0.08596609292274222
scVIDR,GATA1,split6,Q257R,0.5217391304347826,-0.06431330625828295
scVIDR,GATA1,split6,R271G,0.8260869565217391,-0.015469534399906015
scVIDR,GATA1,split6,S155P,0.43873517786561267,-0.10216012329791836
scVIDR,GATA1,split6,S161G,0.44664031620553357,-0.07918826318482712
scVIDR,GATA1,split6,S174P,0.7865612648221344,0.029615859463860594
scVIDR,GATA1,split6,S178G,0.1462450592885376,-0.1122319737742089
scVIDR,GATA1,split6,S310P,0.17786561264822132,-0.1123151914103744
scVIDR,GATA1,split6,S393P,0.2964426877470355,-0.10683112320400893
scVIDR,GATA1,split6,S72P,0.7154150197628458,-0.0072927097378950425
scVIDR,GATA1,split6,T256A,0.02766798418972327,-0.2188716202187861
scVIDR,GATA1,split6,T264A,0.40711462450592883,-0.15037343297888756
scVIDR,GATA1,split6,T324A,0.3003952569169961,-0.0977884019644255
scVIDR,GATA1,split6,T391A,0.7114624505928854,-0.07861051222978725
scVIDR,GATA1,split6,"V109A,C110R",0.7549407114624506,-0.021587725287515444
scVIDR,GATA1,split6,V158A,0.6521739130434783,-0.07031325982196335
scVIDR,GATA1,split6,V291A,0.39920948616600793,-0.07569027017579037
scVIDR,GATA1,split6,V32A,0.6600790513833992,-0.06166792805102943
scVIDR,GATA1,split6,"V32A,F33P",0.5652173913043479,-0.1840557815305016
scVIDR,GATA1,split6,"V336A,V337A",0.39920948616600793,-0.07932646197388503
scVIDR,GATA1,split6,"V371A,L372P",0.21739130434782605,-0.12661426226382458
scVIDR,GATA1,split6,"Y185H,S186P",0.10671936758893286,-0.15090441719071918
scVIDR,GATA1,split6,Y285C,0.9367588932806324,0.07789454551705927
scVIDR,GATA1,split6,Y62C,0.18181818181818177,-0.12438771193609335
scVIDR,GATA1,split6,Y62H,0.924901185770751,0.042879358162310685
scVIDR,GATA1,split6,Y78H,0.5652173913043479,-0.05692359979888497
scVIDR,GATA1,split6,Y93H,0.7272727272727273,-0.018026277567612055
scVIDR,JAK1,split1,E762K,0.5,0.0
scVIDR,JAK1,split1,"G1068E,G1068R",0.5,0.0
scVIDR,JAK1,split1,"G887R,G887E",0.5,0.0
scVIDR,JAK1,split1,"P1118L,P1118S,P1121S",0.5,0.0
scVIDR,JAK1,split1,Q387*,0.5,0.0
scVIDR,JAK1,split1,Q437*,0.5,0.0
scVIDR,JAK1,split1,Q572*,0.5,0.0
scVIDR,JAK1,split1,splice_64850911,0.5,0.0
scVIDR,JAK1,split1,syn_N357,0.5,0.0
scVIDR,JAK1,split2,D775N,0.5,0.0
scVIDR,JAK1,split2,E1051K,0.5,0.0
scVIDR,JAK1,split2,"E706K,D707N",0.5,0.0
scVIDR,JAK1,split2,E762K,0.5,0.0
scVIDR,JAK1,split2,"G1068E,G1068R",0.5,0.0
scVIDR,JAK1,split2,"G590E,G590R",0.5,0.0
scVIDR,JAK1,split2,"G887R,G887E",0.5,0.0
scVIDR,JAK1,split2,"P1118L,P1118S,P1121S",0.5,0.0
scVIDR,JAK1,split2,"P1121L,P1121S",0.5,0.0
scVIDR,JAK1,split2,P761S,0.5,0.0
scVIDR,JAK1,split2,S1062F,0.5,0.0
scVIDR,JAK1,split2,T717I,0.5,0.0
scVIDR,JAK1,split2,splice_64850911,0.5,0.0
scVIDR,JAK1,split3,D775N,0.5,0.0
scVIDR,JAK1,split3,E1051K,0.5,0.0
scVIDR,JAK1,split3,E447K,0.5,0.0
scVIDR,JAK1,split3,E486K,0.5,0.0
scVIDR,JAK1,split3,"E706K,D707N",0.5,0.0
scVIDR,JAK1,split3,E762K,0.5,0.0
scVIDR,JAK1,split3,"G1068E,G1068R",0.5,0.0
scVIDR,JAK1,split3,"G590E,G590R",0.5,0.0
scVIDR,JAK1,split3,"G887R,G887E",0.5,0.0
scVIDR,JAK1,split3,P761S,0.5,0.0
scVIDR,JAK1,split3,Q387*,0.5,0.0
scVIDR,JAK1,split3,Q437*,0.5,0.0
scVIDR,JAK1,split3,Q499*,0.5,0.0
scVIDR,JAK1,split3,Q545*,0.5,0.0
scVIDR,JAK1,split3,Q572*,0.5,0.0
scVIDR,JAK1,split3,R108Q,0.5,0.0
scVIDR,JAK1,split3,"R549Q,E550K",0.5,0.0
scVIDR,JAK1,split3,S1062F,0.5,0.0
scVIDR,JAK1,split3,T558I,0.5,0.0
scVIDR,JAK1,split3,splice_64850911,0.5,0.0
scVIDR,JAK1,split5,D775N,0.5,0.0
scVIDR,JAK1,split5,E486K,0.5,0.0
scVIDR,JAK1,split5,E762K,0.5,0.0
scVIDR,JAK1,split5,"G590E,G590R",0.5,0.0
scVIDR,JAK1,split5,L321F,0.5,0.0
scVIDR,JAK1,split5,"P1121L,P1121S",0.5,0.0
scVIDR,JAK1,split5,P761S,0.5,0.0
scVIDR,JAK1,split5,Q387*,0.5,0.0
scVIDR,JAK1,split5,Q437*,0.5,0.0
scVIDR,JAK1,split5,Q499*,0.5,0.0
scVIDR,JAK1,split5,Q545*,0.5,0.0
scVIDR,JAK1,split5,R108Q,0.5,0.0
scVIDR,JAK1,split5,"R549Q,E550K",0.5,0.0
scVIDR,JAK1,split5,T717I,0.5,0.0
scVIDR,JAK1,split5,splice_64850911,0.5,0.0
scVIDR,JAK1,split5,syn_L158,0.5,0.0
scVIDR,JAK1,split5,syn_N357,0.5,0.0
