dataset,perturbation,log_effect,y,score,n_pos,n_neg
Replogle,AAAS,-0.3262649986947565,0,0.14529327377121348,819,1013
Replogle,AAMP,0.3596223666097876,1,0.4289272844486089,819,1013
Replogle,AARS2,-0.10258642671320937,0,0.21628139503191723,819,1013
Replogle,AATF,0.5422062455691071,1,0.5272942372663366,819,1013
Replogle,ABCB10,0.39884561114156664,0,0.4498533043487246,819,1013
Replogle,ABCB7,0.17001184953281248,0,0.33248546041407967,819,1013
Replogle,ABCE1,0.6247979877316368,1,0.5715545527703202,819,1013
Replogle,ABCF1,0.1618211593609851,1,0.3285594279814126,819,1013
Replogle,ABCG1,-0.01230710295734746,0,0.251259557007616,819,1013
Replogle,ABHD17A,-0.08825180015511593,0,0.22159114181161227,819,1013
Replogle,ABT1,0.3439560065518929,1,0.4206353548830548,819,1013
Replogle,ACD,-0.12271016014450024,0,0.20898376550551206,819,1013
Replogle,ACIN1,-0.16395623663218123,0,0.19459739222531836,819,1013
Replogle,ACOT12,-0.04481087792245905,0,0.23824673974963428,819,1013
Replogle,ACTB,0.18705632983033013,0,0.3407299197793119,819,1013
Replogle,ACTL6A,0.5594524912729713,1,0.5365955801438775,819,1013
Replogle,ACTR10,0.17552464266075807,0,0.3351411040578499,819,1013
Replogle,ACTR1A,-0.24334944553871343,0,0.1690476599530406,819,1013
Replogle,ACTR1B,-0.31636250332228466,0,0.14797743016992468,819,1013
Replogle,ACTR2,-0.0938213329680426,0,0.21951709958275514,819,1013
Replogle,ACTR3,-0.16665850539382357,0,0.19368158960844634,819,1013
Replogle,ACTR6,0.10368666146979413,0,0.30140017371559275,819,1013
Replogle,ACTR8,0.2602745151730236,1,0.377202958422705,819,1013
Replogle,ADAT2,-0.07598089776771787,0,0.22621002608032098,819,1013
Replogle,ADAT3,0.08372584405090171,0,0.2923747012023006,819,1013
Replogle,ADRM1,-0.09403233766598046,0,0.21943879838084854,819,1013
Replogle,ADSL,-0.01578628670839616,0,0.24984436281302771,819,1013
Replogle,AHCTF1,-0.05349646224427675,0,0.2348489676975811,819,1013
Replogle,AHCY,0.11369308635421092,0,0.3059837839372642,819,1013
Replogle,AIFM1,0.022971797456005083,0,0.2659079099830592,819,1013
Replogle,AKIRIN2,0.15123853588899416,0,0.32352218776981295,819,1013
Replogle,ALDOA,0.581512353100356,1,0.5484551512539413,819,1013
Replogle,ALG1,-0.0783222160884941,0,0.22532349886080746,819,1013
Replogle,ALG11,-0.06231917221194808,0,0.23143208812300417,819,1013
Replogle,ALG13,0.034703767315813885,0,0.2708981436282384,819,1013
Replogle,ALG14,-0.14233188939478353,0,0.20204420767280418,819,1013
Replogle,ALG1L,-0.2860752540113345,0,0.15644181088695933,819,1013
Replogle,ALG2,0.09831023438802045,1,0.2989536033309813,819,1013
Replogle,ALYREF,0.024779745063276487,0,0.26667309360460695,819,1013
Replogle,ANAPC1,0.13002334042316951,0,0.31354700102876565,819,1013
Replogle,ANAPC11,0.05189726136304084,0,0.278316874942695,819,1013
Replogle,ANAPC13,-0.1090442616114279,0,0.2139196165556207,819,1013
Replogle,ANAPC15,-0.4434965526893727,0,0.11650493223347104,819,1013
Replogle,ANAPC2,0.1126803372294039,1,0.3055181065432781,819,1013
Replogle,ANAPC4,0.36661611599832417,0,0.4326421658080007,819,1013
Replogle,ANKLE2,-0.15870438768744205,0,0.19638663540086268,819,1013
Replogle,ANKRD11,0.27882021270240487,1,0.3866861412344595,819,1013
Replogle,ANKRD49,-0.06981706301877419,0,0.22855571409670888,819,1013
Replogle,ANKS6,-0.05298229992036505,0,0.23504916791333888,819,1013
Replogle,ANLN,-0.19055722220593563,0,0.18572473774075776,819,1013
Replogle,AP2M1,-0.20398167006820622,0,0.18136704833042847,819,1013
Replogle,AP2S1,0.31429615058989385,1,0.4050624534308605,819,1013
Replogle,AQP7,-0.18451540618761458,0,0.18771217084552483,819,1013
Replogle,AQR,0.963551944377885,1,0.7353635847856572,819,1013
Replogle,ARCN1,0.34632783961410624,1,0.421887971847497,819,1013
Replogle,ARF4,-0.127733002237694,0,0.20719080609915008,819,1013
Replogle,ARFRP1,-0.17399628212183146,0,0.19121133846827343,819,1013
Replogle,ARGFX,-0.05164594651861993,0,0.23557005875506118,819,1013
Replogle,ARGLU1,0.07811375254064645,1,0.2898658900598204,819,1013
Replogle,ARHGAP11B,-0.41789842050933523,0,0.12233506200271939,819,1013
Replogle,ARIH1,0.32864448218219977,0,0.4125742419880762,819,1013
Replogle,ARL2,0.3292719575774511,0,0.4129037026593488,819,1013
Replogle,ARL4D,-0.12522374833393857,0,0.20808508853143484,819,1013
Replogle,ARMC6,-0.15386517857982013,0,0.19804627637902703,819,1013
Replogle,ARMC7,0.21017872317993702,0,0.352069412518461,819,1013
Replogle,ARPC2,-0.12690582434423464,0,0.20748529309245445,819,1013
Replogle,ARPC3,-0.22154278173203695,0,0.17578728706662303,819,1013
Replogle,ARPC4,-0.02126067902171967,0,0.2476283841290667,819,1013
Replogle,ASF1B,-0.3336320737427192,0,0.14332267889694456,819,1013
Replogle,ATF4,0.24442014001362983,0,0.36916953269115865,819,1013
Replogle,ATF5,0.721313043053889,1,0.6218171429104777,819,1013
Replogle,ATL2,-0.08180318232400574,0,0.22401001033385767,819,1013
Replogle,ATP1A1,0.5193444707504646,1,0.5149361098924289,819,1013
Replogle,ATP2A2,-0.23205890020585446,0,0.17251110446908152,819,1013
Replogle,ATP6AP1,0.3200195695595654,1,0.4080537196004966,819,1013
Replogle,ATP6AP2,0.07268577088650613,0,0.28745154478690893,819,1013
Replogle,ATP6V0B,0.18798590401296744,0,0.34118239738337314,819,1013
Replogle,ATP6V0C,0.504453352694228,1,0.5068758052627912,819,1013
Replogle,ATP6V0D1,-0.1104154609894775,0,0.2134205606345307,819,1013
Replogle,ATP6V1A,0.29448460191952186,0,0.39476381561026797,819,1013
Replogle,ATP6V1B2,0.4943606213440825,1,0.5014104951138638,819,1013
Replogle,ATP6V1C1,0.06569338870845338,0,0.2843591123589184,819,1013
Replogle,ATP6V1D,-0.0035868276092344757,0,0.2548299561288677,819,1013
Replogle,ATP6V1E1,-0.20251772197872392,0,0.18183836436336923,819,1013
Replogle,ATP6V1F,-0.00669050466918976,0,0.25355538015944956,819,1013
Replogle,ATP6V1G1,0.08035640491340608,0,0.2908669092455873,819,1013
Replogle,ATP6V1H,0.2263015078750296,0,0.3600770113350254,819,1013
Replogle,ATR,0.23241885797252695,1,0.3631360595529395,819,1013
Replogle,ATRIP,0.1413049343597368,0,0.31883079495225236,819,1013
Replogle,AURKA,0.34606263368295,0,0.4217478605617577,819,1013
Replogle,AURKAIP1,0.05005412177873484,0,0.277515640234605,819,1013
Replogle,BANF1,-0.1599185754220897,0,0.19597187409090272,819,1013
Replogle,BANP,0.15916688946294988,0,0.32729224961387565,819,1013
Replogle,BAP1,0.38486119614413433,1,0.4423681360814089,819,1013
Replogle,BARD1,-0.24216569462481713,0,0.16940816746875956,819,1013
Replogle,BCAR1,-0.3972578605080704,0,0.12721735647346427,819,1013
Replogle,BCAS2,0.5387049227733645,1,0.5254033565057387,819,1013
Replogle,BCL2L1,-0.09907044282331152,0,0.21757518509586352,819,1013
Replogle,BCLAF1,0.11996877591108089,0,0.308878260226022,819,1013
Replogle,BCR,0.7476148590331095,1,0.6351195433266433,819,1013
Replogle,BCS1L,-0.03284577628078593,0,0.24298250196974808,819,1013
Replogle,BDP1,0.4412955848696772,1,0.47270019341901887,819,1013
Replogle,BET1,0.053449529087446455,0,0.27899276552671043,819,1013
Replogle,BGLAP,0.2645403966560394,1,0.37937626328498353,819,1013
Replogle,BNIP1,0.4101960016806861,1,0.4559455073186465,819,1013
Replogle,BOP1,-0.10905840341100305,0,0.21391446523384197,819,1013
Replogle,BORA,0.39361158225183307,0,0.4470489410620235,819,1013
Replogle,BPTF,0.14125635822935245,0,0.318807942640459,819,1013
Replogle,BRCA1,0.08908065722218064,0,0.29478033783378793,819,1013
Replogle,BRCA2,-0.01906914753890472,0,0.24851390865832018,819,1013
Replogle,BRD4,0.07011640304172848,0,0.28631289285997696,819,1013
Replogle,BRD8,0.49714770947754894,1,0.502919819101801,819,1013
Replogle,BRF1,0.08578615158262215,0,0.2932989253909434,819,1013
Replogle,BRF2,-0.311949125270186,0,0.14918685445889876,819,1013
Replogle,BRIP1,-0.030757833686271083,0,0.2438154235518915,819,1013
Replogle,BRIX1,0.48915500824629815,1,0.49859139186702855,819,1013
Replogle,BRK1,-0.32454365296795035,0,0.1457569397815553,819,1013
Replogle,BTF3,0.3135278941968529,0,0.4046614657081459,819,1013
Replogle,BTF3L4,-0.28115153646010455,0,0.1578545157324311,819,1013
Replogle,BUB1,-0.25111518092188134,0,0.16669777415493703,819,1013
Replogle,BUB1B,0.016761086919078797,0,0.26329002128903006,819,1013
Replogle,BUB3,0.2103020027651097,1,0.35213033328147597,819,1013
Replogle,BUD13,0.5709522217903272,1,0.5427839604089808,819,1013
Replogle,BYSL,0.5189025512395498,1,0.5146969976110551,819,1013
Replogle,C12orf45,0.4300848110291721,1,0.466651381765705,819,1013
Replogle,C12orf60,0.511572235625831,1,0.5107298371992565,819,1013
Replogle,C14orf178,0.5848836903262731,1,0.5502631114279415,819,1013
Replogle,C16orf86,-0.334466842400138,0,0.14310079876151072,819,1013
Replogle,C17orf58,0.03149949626298212,0,0.2695293691495912,819,1013
Replogle,C19orf25,-0.2914041832328104,0,0.15492446598869639,819,1013
Replogle,C19orf53,-0.1546348323985428,0,0.19778161353543663,819,1013
Replogle,C1D,0.02323958074412513,0,0.26602115640081087,819,1013
Replogle,C1QBP,0.25654281425608844,1,0.37530583560491504,819,1013
Replogle,C1QTNF4,-0.276382400270963,0,0.15923273410044955,819,1013
Replogle,C1orf109,-0.22419961890586826,0,0.1749549846709737,819,1013
Replogle,C6orf15,-0.22815302110625604,0,0.17372226220610137,819,1013
Replogle,C7orf26,0.36885970811128327,1,0.43383552554997434,819,1013
Replogle,C7orf50,-0.13933711574816865,0,0.2030921278990107,819,1013
Replogle,C9orf16,-0.13401772093944278,0,0.20496344429431765,819,1013
Replogle,C9orf78,-0.324966511960282,0,0.14564292383996158,819,1013
Replogle,CA5A,-0.22842122039528986,0,0.1736388831338834,819,1013
Replogle,CACNB3,-0.35991090325651404,0,0.1364742030737694,819,1013
Replogle,CACTIN,0.5471866557813083,0,0.5299825339498275,819,1013
Replogle,CADM4,-0.3092103136527792,0,0.14994147863900187,819,1013
Replogle,CAMLG,0.05967040715894042,0,0.28171154046722013,819,1013
Replogle,CAPZB,0.3445816174279738,0,0.4209656551588836,819,1013
Replogle,CASP8AP2,0.724704540601468,1,0.6235432423959305,819,1013
Replogle,CBLL1,0.0835651988787448,0,0.29230270995867424,819,1013
Replogle,CBLN1,-0.07875692352444129,0,0.2251591707639323,819,1013
Replogle,CBX1,-0.11663059040582337,0,0.21116917280953384,819,1013
Replogle,CCDC115,-0.2835815502915421,0,0.15715600892275516,819,1013
Replogle,CCDC130,-0.07339776859996483,0,0.227190974181383,819,1013
Replogle,CCDC137,-0.15185018299121003,0,0.19874044089963616,819,1013
Replogle,CCDC144A,-0.16883202633219205,0,0.1929473593538069,819,1013
Replogle,CCDC144NL,-0.19781014734112556,0,0.18336041693864397,819,1013
Replogle,CCDC174,0.47185810993388483,1,0.4892258845352199,819,1013
Replogle,CCDC59,0.2693350494752829,1,0.3818247427487922,819,1013
Replogle,CCDC78,0.2411453195892186,1,0.36751900985856556,819,1013
Replogle,CCDC84,0.44482101163250504,1,0.4746040918140339,819,1013
Replogle,CCDC86,0.5156577646158808,1,0.5129411206867281,819,1013
Replogle,CCNB1,-0.07249162291544264,0,0.22753579542133168,819,1013
Replogle,CCND1,-0.23421423838214225,0,0.17184563127769373,819,1013
Replogle,CCNH,0.45839687610884705,1,0.4819421144409555,819,1013
Replogle,CCNK,0.1466449591504395,1,0.32134826915346965,819,1013
Replogle,CCNL1,-0.14493258073330495,0,0.20113746354288495,819,1013
Replogle,CCT2,0.5293408538647063,1,0.5203428814057827,819,1013
Replogle,CCT3,0.4775117156605652,1,0.49228655056039894,819,1013
Replogle,CCT4,0.44415469048231043,1,0.474244188367554,819,1013
Replogle,CCT5,0.47619693656141676,1,0.4915747147482575,819,1013
Replogle,CCT6A,0.4302728912885141,1,0.46675278529654746,819,1013
Replogle,CCT7,0.574396003135642,1,0.5446346929703094,819,1013
Replogle,CCT8,0.38620314862728633,1,0.4430853376873171,819,1013
Replogle,CD2BP2,-0.05751507871320302,0,0.2332883065855131,819,1013
Replogle,CD3EAP,0.46242014858198827,1,0.4841184129032023,819,1013
Replogle,CD8B,-0.11426820547877813,0,0.2120228756681911,819,1013
Replogle,CDAN1,0.15341160449755428,0,0.32455326556656294,819,1013
Replogle,CDC123,0.2693381403456785,1,0.3818263231125507,819,1013
Replogle,CDC16,0.20725466777311158,0,0.3506258539298938,819,1013
Replogle,CDC20,0.17760133763431862,0,0.33614422107946446,819,1013
Replogle,CDC23,0.3121912423998396,1,0.4039641102662726,819,1013
Replogle,CDC27,0.06600511775123691,0,0.28449654915645894,819,1013
Replogle,CDC37,-0.2423437210761462,0,0.1693539110152191,819,1013
Replogle,CDC40,0.30836431969255634,0,0.4019696884345867,819,1013
Replogle,CDC42,-0.01716369781794899,0,0.24928555767517604,819,1013
Replogle,CDC45,-0.11433549721752718,0,0.21199852336251698,819,1013
Replogle,CDC5L,0.6654147630185961,1,0.5929516569158181,819,1013
Replogle,CDC6,0.47761263745214827,1,0.4923411920535274,819,1013
Replogle,CDC7,0.19873081835055684,0,0.3464334178585408,819,1013
Replogle,CDC73,0.661226458224513,1,0.5907600270036356,819,1013
Replogle,CDCA5,0.029704666404492527,0,0.2687645780077049,819,1013
Replogle,CDCA8,-0.005887654201139577,0,0.2538846799043444,819,1013
Replogle,CDIPT,-0.19773582021442318,0,0.1833845274119862,819,1013
Replogle,CDK1,0.4156972169606233,1,0.45890309164727416,819,1013
Replogle,CDK11A,-0.3753822809451442,0,0.13257248587020226,819,1013
Replogle,CDK2,-0.06584475648940888,0,0.2300764455866886,819,1013
Replogle,CDK9,0.25317423599499456,1,0.37359659683389557,819,1013
Replogle,CEBPZ,0.49722459649102746,1,0.5029614559852937,819,1013
Replogle,CENPA,0.11917424528554924,0,0.3085109696089514,819,1013
Replogle,CENPC,0.34394695485015736,1,0.42063057642741547,819,1013
Replogle,CENPE,0.2781830210896937,1,0.3863588429842413,819,1013
Replogle,CENPH,-0.005114729436641824,0,0.25420197167575664,819,1013
Replogle,CENPJ,0.5013239964397247,1,0.5051813437964522,819,1013
Replogle,CENPK,0.46877324468422515,1,0.48755617141438856,819,1013
Replogle,CENPN,-0.06436555095339506,0,0.2306445444776357,819,1013
Replogle,CENPT,0.10667200768597847,0,0.30276357446973945,819,1013
Replogle,CENPW,0.1610464830672784,0,0.3281893297682858,819,1013
Replogle,CEP152,0.016052981378724913,0,0.26299260042092415,819,1013
Replogle,CEP192,0.13114373058108822,0,0.31406961298214325,819,1013
Replogle,CEP68,0.026080947354110758,0,0.2672246720738918,819,1013
Replogle,CEP85,0.012187416188883627,0,0.2613727868513948,819,1013
Replogle,CEP97,-0.2589461312511793,0,0.164354688719563,819,1013
Replogle,CFDP1,-0.13582712813459952,0,0.20432547824085756,819,1013
Replogle,CHAF1B,0.6893890493082513,1,0.6054232707946408,819,1013
Replogle,CHCHD1,0.0596404426568618,0,0.2816984062354335,819,1013
Replogle,CHCHD2,-0.04642547081836081,0,0.23761256826806149,819,1013
Replogle,CHCHD4,0.3812718484043558,1,0.44045101104326,819,1013
Replogle,CHEK1,0.3989060332612452,1,0.449885697147076,819,1013
Replogle,CHERP,0.3655670066699513,0,0.43208441497995326,819,1013
Replogle,CHMP1A,0.38512566987324875,0,0.4425094641822015,819,1013
Replogle,CHMP2A,0.47896947470573553,0,0.493075833723438,819,1013
Replogle,CHMP3,0.9215174193012496,1,0.717268516048625,819,1013
Replogle,CHMP4B,0.02188714645641522,0,0.26544952217803036,819,1013
Replogle,CHMP5,-0.0026979407939069122,0,0.25519576775501196,819,1013
Replogle,CHMP6,0.5198012705008954,1,0.5151832663341988,819,1013
Replogle,CHMP7,-0.31652321560930685,0,0.14793354248483997,819,1013
Replogle,CHORDC1,-0.25065188910020775,0,0.16683722863540973,819,1013
Replogle,CHTF18,0.04252159568556511,0,0.27425597171182753,819,1013
Replogle,CHTOP,-0.10676219521618514,0,0.21475206974096678,819,1013
Replogle,CIAO1,-0.13108643878298315,0,0.2060000993840239,819,1013
Replogle,CIAPIN1,0.37289434574829755,1,0.4359834596126856,819,1013
Replogle,CINP,0.266499241857397,0,0.38037585025027637,819,1013
Replogle,CKAP5,-0.033500455135482575,0,0.2427217358726787,819,1013
Replogle,CLASRP,-0.06134056340983566,0,0.23180936687029474,819,1013
Replogle,CLK2,-0.20993314990253642,0,0.17946076938031713,819,1013
Replogle,CLNS1A,0.4400917033483801,1,0.4720502190764812,819,1013
Replogle,CLP1,0.3097845340548644,0,0.4027094662354362,819,1013
Replogle,CLSPN,0.28692794677025923,1,0.39085959012106036,819,1013
Replogle,CLTC,0.27611092485508776,1,0.3852952063316849,819,1013
Replogle,CMPK1,-0.20976494402290702,0,0.17951443065764025,819,1013
Replogle,CMTR1,0.539163807756146,1,0.525651218868613,819,1013
Replogle,CNIH4,0.36808845040111765,1,0.4334252086762529,819,1013
Replogle,CNN2,-0.26112183064188277,0,0.1637084158348978,819,1013
Replogle,CNOT1,0.7876634690044013,1,0.6549788193817159,819,1013
Replogle,CNOT2,0.3841482611310545,1,0.44198720811225967,819,1013
Replogle,CNOT3,0.6034555888496823,1,0.5601976955390875,819,1013
Replogle,COA5,-0.1297140025417204,0,0.2064867975802289,819,1013
Replogle,COASY,-0.24301501725669034,0,0.169149447027369,819,1013
Replogle,COG2,0.005616349729437929,0,0.2586341036557802,819,1013
Replogle,COG3,0.38189403393897275,1,0.4407832041875291,819,1013
Replogle,COG4,-0.06959598567814906,0,0.22864016369153548,819,1013
Replogle,COG6,-0.14907761918928408,0,0.1996985753447151,819,1013
Replogle,COPA,0.32719883823496315,1,0.4118154942030869,819,1013
Replogle,COPB1,0.5761894937352205,1,0.545598053245051,819,1013
Replogle,COPB2,0.46121410748951946,1,0.48346596520298013,819,1013
Replogle,COPE,0.09201941370471649,0,0.29610545120156884,819,1013
Replogle,COPG1,-0.34701777131813594,0,0.13979917476578635,819,1013
Replogle,COPS3,0.35856958281241447,0,0.4283687577492149,819,1013
Replogle,COPS4,0.3500690927992619,1,0.42386584812990796,819,1013
Replogle,COPS5,0.24364501270703337,0,0.36877858712636885,819,1013
Replogle,COPS6,0.32290995485446866,1,0.40956694731028986,819,1013
Replogle,COPS8,0.09847484469261293,1,0.299028340895304,819,1013
Replogle,COPZ1,0.39142797228391646,1,0.44587995994030083,819,1013
Replogle,COQ2,0.02182664171635368,0,0.2654239669430399,819,1013
Replogle,COQ4,-0.17507050742339686,0,0.19085172813371268,819,1013
Replogle,COQ5,-0.19274035657666969,0,0.18501061000408714,819,1013
Replogle,COX10,0.21427024927600924,0,0.3540938728964681,819,1013
Replogle,COX11,0.1568751534430713,0,0.32620017102997984,819,1013
Replogle,COX15,0.39482177927582557,1,0.44769706509181423,819,1013
Replogle,COX17,0.11255418664312021,0,0.3054601283992903,819,1013
Replogle,COX5A,0.12999275287363393,0,0.31353273992909064,819,1013
Replogle,COX5B,0.06891340614915119,0,0.2857806970131817,819,1013
Replogle,COX6C,0.06988951357226197,0,0.2862124734385399,819,1013
Replogle,COX7B,0.05371088140729655,0,0.2791066628433114,819,1013
Replogle,COX7C,0.09489306506759834,0,0.29740453894173563,819,1013
Replogle,CPAMD8,-0.3474313561448856,0,0.1396914714334751,819,1013
Replogle,CPNE7,-0.04286782218807958,0,0.239011464036142,819,1013
Replogle,CPOX,-0.27311867432575526,0,0.16018151911519268,819,1013
Replogle,CPSF1,0.36629789384957784,0,0.4324729673661949,819,1013
Replogle,CPSF3,0.4892896758050364,1,0.49866432081715717,819,1013
Replogle,CPSF4,0.5213911846881011,1,0.5160434479024477,819,1013
Replogle,CPSF6,0.560234717467563,1,0.5370169008675792,819,1013
Replogle,CRCP,-0.15785008251693605,0,0.19667885969145785,819,1013
Replogle,CRKL,-0.1295332777170433,0,0.20655095019993025,819,1013
Replogle,CRLS1,-0.13012387754787957,0,0.2063413572249115,819,1013
Replogle,CRNKL1,0.34481234426893526,1,0.4210874885949748,819,1013
Replogle,CS,-0.008887538418552235,0,0.25265568063901045,819,1013
Replogle,CSE1L,0.7490902432502681,1,0.6358598703032844,819,1013
Replogle,CSH2,-0.17387913508182423,0,0.19125058617473292,819,1013
Replogle,CSNK1A1,0.16353612427697117,0,0.3293795022399173,819,1013
Replogle,CSNK2B,0.34069756922345473,1,0.418916170926476,819,1013
Replogle,CSTF1,0.40163702154269765,1,0.4513502420925777,819,1013
Replogle,CSTF3,0.4086402351118467,0,0.4551096442665872,819,1013
Replogle,CTBP2,-0.12372018318418833,0,0.20862231165510645,819,1013
Replogle,CTCF,0.19270359870086498,0,0.34348322214563837,819,1013
Replogle,CTDP1,0.4221754516972957,1,0.46238964537196575,819,1013
Replogle,CTNNBL1,0.4076468429900989,1,0.45457605880199153,819,1013
Replogle,CTR9,0.7277352060699619,1,0.6250830492695628,819,1013
Replogle,CTU2,-0.042289949299714934,0,0.23923922078515633,819,1013
Replogle,CUL1,0.010214120398559543,0,0.2605483931373864,819,1013
Replogle,CUL2,0.34889104934780285,1,0.42324278939680243,819,1013
Replogle,CUL3,-0.01226146149875571,0,0.25127815749457516,819,1013
Replogle,CWC15,0.6449138647629614,1,0.582190395499072,819,1013
Replogle,CWC25,-0.11037577457282025,0,0.213434992805691,819,1013
Replogle,CWF19L2,0.5372772136924435,1,0.524632113497414,819,1013
Replogle,CXXC1,0.5015332252899639,1,0.5052946396844401,819,1013
Replogle,CYC1,0.06259999242039772,0,0.2829974501986106,819,1013
Replogle,CYCS,0.059699422018265544,0,0.28172425880022967,819,1013
Replogle,CYFIP1,-0.12308364306598028,0,0.2088500546499723,819,1013
Replogle,CYP2A13,-0.193571035561364,0,0.18473944362294184,819,1013
Replogle,CYP4F11,-0.08280111833079568,0,0.22363446075847856,819,1013
Replogle,CYS1,-0.2357224071792951,0,0.17138118632740473,819,1013
Replogle,DAD1,0.353781647220197,1,0.42583096671098025,819,1013
Replogle,DAP3,0.21601515023511778,1,0.3549588366255175,819,1013
Replogle,DARS,0.6557736634276566,1,0.5879013221454508,819,1013
Replogle,DBF4,0.20839738240998357,1,0.35118966986696903,819,1013
Replogle,DBR1,0.42859691319914717,1,0.4658492789811565,819,1013
Replogle,DCAF6,-0.11995529356522555,0,0.209971982564488,819,1013
Replogle,DCLRE1B,-0.11954327520647996,0,0.2101200750602387,819,1013
Replogle,DCTN1,-0.13871750852227072,0,0.20330944352617575,819,1013
Replogle,DCTN2,0.0758723274730924,0,0.28886745868888697,819,1013
Replogle,DCTN3,-0.1820354888496697,0,0.18853265078149084,819,1013
Replogle,DCTN4,0.09985292500844362,0,0.299654446922269,819,1013
Replogle,DCTN5,0.07188725291236542,0,0.28709738093460285,819,1013
Replogle,DCTN6,0.03311111113746074,0,0.27021725992986023,819,1013
Replogle,DCUN1D5,0.4015609187042237,1,0.4513094189456514,819,1013
Replogle,DDB1,0.10255634090837139,0,0.300884870936021,819,1013
Replogle,DDN,-0.3053079437641773,0,0.15102212537100482,819,1013
Replogle,DDOST,0.29623456796999514,0,0.39566989207530207,819,1013
Replogle,DDX1,0.06533333401180821,0,0.28420041929205747,819,1013
Replogle,DDX10,0.46141226352233494,1,0.4835731604330298,819,1013
Replogle,DDX11,-0.32919572251302115,0,0.1445066638334833,819,1013
Replogle,DDX18,0.7106213187545874,1,0.6163555405535622,819,1013
Replogle,DDX19A,-0.10918463521122891,0,0.213868487771718,819,1013
Replogle,DDX19B,-0.44195432931332485,0,0.1168492443592713,819,1013
Replogle,DDX20,0.3365988668905507,1,0.4167564524796953,819,1013
Replogle,DDX21,0.39417210924556095,1,0.4473491104529166,819,1013
Replogle,DDX23,0.5295771471799885,1,0.5204706333896104,819,1013
Replogle,DDX24,0.5767163060522056,1,0.5458809620781485,819,1013
Replogle,DDX41,0.718999168331916,1,0.6206377216434954,819,1013
Replogle,DDX46,0.3373582192809595,1,0.4171563376056042,819,1013
Replogle,DDX47,0.7004761068549666,1,0.6111458007986429,819,1013
Replogle,DDX5,0.07027020977117016,0,0.28638097845665017,819,1013
Replogle,DDX51,0.3847272336794253,1,0.44229655347305713,819,1013
Replogle,DDX52,0.47461073574303414,1,0.4907159739749634,819,1013
Replogle,DDX54,0.30483020658113974,0,0.40013074124861653,819,1013
Replogle,DDX55,0.2668611872745823,1,0.38056066018092294,819,1013
Replogle,DDX56,0.6224853328729976,1,0.5703273422192575,819,1013
Replogle,DDX59,0.10746069831579222,0,0.30312434983422704,819,1013
Replogle,DDX6,0.6077924400195828,1,0.5625109576541766,819,1013
Replogle,DENR,0.07689994861770795,1,0.2893249537653888,819,1013
Replogle,DERL2,0.3605044227976581,1,0.4293953755889999,819,1013
Replogle,DHDDS,0.6365829569203353,1,0.5777942823321858,819,1013
Replogle,DHFR,-0.2838575574934558,0,0.1570768299595157,819,1013
Replogle,DHODH,0.044114598948986186,1,0.27494334789303143,819,1013
Replogle,DHPS,0.033875296011373596,0,0.2705438255611244,819,1013
Replogle,DHX15,0.745635312716876,1,0.6341252305393253,819,1013
Replogle,DHX16,0.6252518691540115,1,0.5717953022058151,819,1013
Replogle,DHX33,0.240103247503092,1,0.36699444977305135,819,1013
Replogle,DHX36,0.27977309530390604,1,0.3871757875123173,819,1013
Replogle,DHX37,0.4409335027263473,1,0.47250469582582016,819,1013
Replogle,DHX8,0.4170574009434266,1,0.4596348138063083,819,1013
Replogle,DHX9,0.1316436230584717,0,0.31430294278128573,819,1013
Replogle,DICER1,0.1305718617965988,0,0.31380280272822,819,1013
Replogle,DIMT1,0.5224850794879903,1,0.5166352162390364,819,1013
Replogle,DKC1,0.3169296281437496,0,0.40643794305463365,819,1013
Replogle,DLD,0.6558547686690603,1,0.587943886701536,819,1013
Replogle,DMAP1,0.7143518927835574,1,0.6182646270301817,819,1013
Replogle,DMRTA2,-0.08794103578987071,0,0.22170727945296165,819,1013
Replogle,DNAJA1,-0.05605264647286042,0,0.23385541721213982,819,1013
Replogle,DNAJA3,0.5088970752807037,1,0.5092816796687597,819,1013
Replogle,DNAJC19,0.7853905923423996,1,0.6538653462218014,819,1013
Replogle,DNAJC8,-0.06670609526463081,0,0.22974609490679254,819,1013
Replogle,DNAJC9,-0.04077282485590345,0,0.2398378720173497,819,1013
Replogle,DNLZ,-0.011017622908848479,0,0.25178541722540526,819,1013
Replogle,DNM1,-0.15482217196911774,0,0.19771723293572002,819,1013
Replogle,DNM1L,0.25990450350722377,1,0.3770146826152924,819,1013
Replogle,DNMT1,0.09780395990182382,0,0.2987238080830751,819,1013
Replogle,DNTTIP2,0.655665636820007,1,0.5878446270403431,819,1013
Replogle,DOHH,0.19226691050689482,1,0.34326993792956695,819,1013
Replogle,DOLK,-0.0008690584400045899,0,0.25594950928839094,819,1013
Replogle,DONSON,0.5494686043854522,1,0.5312136993563681,819,1013
Replogle,DPAGT1,-0.2501678152288906,0,0.16698303833385567,819,1013
Replogle,DPH1,-0.24359943796040243,0,0.16897160377100648,819,1013
Replogle,DPH2,0.09761023315073113,0,0.29863590338708657,819,1013
Replogle,DPH3,-0.11735710187954096,0,0.21090713759935245,819,1013
Replogle,DPH6,-0.13862535068530785,0,0.20334178095257363,819,1013
Replogle,DPM2,-0.20359347071301728,0,0.18149193584161608,819,1013
Replogle,DPPA2,-0.12307621974742194,0,0.20885271166349062,819,1013
Replogle,DPY19L2,0.02424140655342064,0,0.266445104390411,819,1013
Replogle,DR1,0.08915246847370242,0,0.29481267705230835,819,1013
Replogle,DRAP1,-0.04517732500902136,0,0.23810270657032104,819,1013
Replogle,DRG1,-0.18141457121467672,0,0.18873851163512526,819,1013
Replogle,DSN1,0.46832532642947583,1,0.4873137535354407,819,1013
Replogle,DTL,0.3953475413384622,1,0.44797869378834265,819,1013
Replogle,DTYMK,0.32601131133794226,1,0.4111925327032125,819,1013
Replogle,DYNC1H1,0.2808001064661249,1,0.38770378073815354,819,1013
Replogle,DYNC1I2,0.2675196139818735,1,0.3808969426812477,819,1013
Replogle,DYNLL1,0.3444888801493566,0,0.4209166887023925,819,1013
Replogle,DYNLRB1,0.11670972177972297,1,0.3073732262063888,819,1013
Replogle,E2F6,-0.1489356337297128,0,0.1997477354468761,819,1013
Replogle,E4F1,0.4399977643493737,1,0.4719995054682626,819,1013
Replogle,EARS2,-0.0031620907673490357,0,0.2550047088646946,819,1013
Replogle,EBNA1BP2,0.5202575277824504,1,0.5154301218540497,819,1013
Replogle,ECD,0.4625811391016494,1,0.48420551017839386,819,1013
Replogle,ECT2,0.05710984161819644,0,0.2805905213214719,819,1013
Replogle,EDC4,-0.04990124526927137,0,0.23625131863664706,819,1013
Replogle,EEF1G,0.3683055161914768,1,0.43354068065895723,819,1013
Replogle,EEF2,0.28619678632575146,1,0.390482560083199,819,1013
Replogle,EFTUD2,0.5023206742583266,1,0.505721032555633,819,1013
Replogle,EGLN2,-0.12888245443672136,0,0.20678209769715516,819,1013
Replogle,EIF1,0.11034353039738432,0,0.30444512397567025,819,1013
Replogle,EIF1AX,0.4927227839929306,1,0.5005235244039759,819,1013
Replogle,EIF2B1,0.4567782953614617,1,0.4810667682752556,819,1013
Replogle,EIF2B2,0.7602505406749105,1,0.6414389271605208,819,1013
Replogle,EIF2B3,0.7490594279756694,1,0.6358444141940854,819,1013
Replogle,EIF2B4,0.7602127017733329,1,0.641420074951607,819,1013
Replogle,EIF2B5,0.7408206390152318,1,0.6317020900377709,819,1013
Replogle,EIF2S1,0.9437293116290343,1,0.7269232937884587,819,1013
Replogle,EIF2S2,0.5242930340334442,1,0.5176131690706836,819,1013
Replogle,EIF2S3,0.897171631737071,1,0.7064521043008691,819,1013
Replogle,EIF3A,0.6757237492139622,1,0.5983301784802216,819,1013
Replogle,EIF3D,0.6482907869666868,1,0.5839686821960165,819,1013
Replogle,EIF3E,0.5128578731120821,1,0.5114257350069202,819,1013
Replogle,EIF3F,0.36941186685781047,1,0.4341293353241815,819,1013
Replogle,EIF3G,0.5811650376123043,1,0.5482688214993556,819,1013
Replogle,EIF3H,0.3939866569052728,1,0.4472497940880807,819,1013
Replogle,EIF3I,0.5345852861046388,1,0.5231776277324128,819,1013
Replogle,EIF3J,0.31269885951551435,0,0.4042288977841837,819,1013
Replogle,EIF3L,0.312328164812983,0,0.4040355273879715,819,1013
Replogle,EIF3M,0.5578672063533748,1,0.5357415582918318,819,1013
Replogle,EIF4E,0.5180415166837558,1,0.514231092783136,819,1013
Replogle,EIF4G1,0.40516973077712537,1,0.4532459725973735,819,1013
Replogle,EIF4G2,0.179571058116003,1,0.33709703327818075,819,1013
Replogle,EIF5,0.21265311042224555,1,0.35329309329394964,819,1013
Replogle,EIF5A,0.35364274426600234,1,0.4257574003911919,819,1013
Replogle,EIF6,0.4899924445081974,1,0.49904490466997764,819,1013
Replogle,ELAC2,-0.033808591430793414,0,0.2425990674830884,819,1013
Replogle,ELL,0.11565306017108459,0,0.3068861355001003,819,1013
Replogle,ELOVL1,-0.09604207658717757,0,0.21869401592634113,819,1013
Replogle,ELP2,-0.07423099020111726,0,0.2268742289359801,819,1013
Replogle,ELP3,0.12821116365355573,0,0.31270270268112843,819,1013
Replogle,ELP5,0.09611751107742836,0,0.29795907014960676,819,1013
Replogle,ELP6,-0.13461484321523695,0,0.20475274588782935,819,1013
Replogle,EMC1,0.02093789082016458,0,0.2650487685606031,819,1013
Replogle,EMC3,-0.2182865874596649,0,0.17681159331843807,819,1013
Replogle,EMC4,0.09980639561882285,0,0.29963329489854373,819,1013
Replogle,EMC7,-0.19051138007257812,0,0.18573975600031317,819,1013
Replogle,ENO1,0.1791659566987794,0,0.3369009652480157,819,1013
Replogle,EP400,0.8313306126765773,1,0.6760305889202053,819,1013
Replogle,EPRS,0.47750806038280613,1,0.4922845715082714,819,1013
Replogle,ERAL1,-0.115858712663485,0,0.2114478316561851,819,1013
Replogle,ERCC2,0.3684284158468767,1,0.4336060625029715,819,1013
Replogle,ERCC3,0.23248342679579323,1,0.3631684075547106,819,1013
Replogle,ERH,0.49360790747039474,1,0.5010028637301668,819,1013
Replogle,ERVW-1,-0.2801974481804835,0,0.1581294570371684,819,1013
Replogle,ESF1,0.35759246687734475,1,0.4278505378623053,819,1013
Replogle,ESPL1,0.0036937070071526887,0,0.2578363289962891,819,1013
Replogle,ESPN,-0.44290792312016414,0,0.11663624383932435,819,1013
Replogle,ETF1,0.7473180459199007,1,0.63497052931132,819,1013
Replogle,EXOC1,-0.19228186013634757,0,0.1851604130516493,819,1013
Replogle,EXOC2,-0.016097871877309686,0,0.24971788201173048,819,1013
Replogle,EXOC3,-0.25880659173131326,0,0.16439620759683743,819,1013
Replogle,EXOC4,0.022369012595024967,0,0.2656531028488348,819,1013
Replogle,EXOC5,0.05693613499191944,0,0.28051457094777343,819,1013
Replogle,EXOSC1,-0.01253367701312967,0,0.25116723371769484,819,1013
Replogle,EXOSC10,0.25407364312901665,0,0.3740526551880336,819,1013
Replogle,EXOSC2,0.7721584601178318,1,0.6473497640835375,819,1013
Replogle,EXOSC3,0.765894652763735,1,0.6442460314668147,819,1013
Replogle,EXOSC4,0.758560188632103,1,0.640596329313282,819,1013
Replogle,EXOSC6,0.686961832314191,1,0.6041665488025006,819,1013
Replogle,EXOSC7,0.42228573924003304,1,0.46244903441438007,819,1013
Replogle,EXOSC8,0.7047839183890935,1,0.6133611143550265,819,1013
Replogle,FAF2,-0.07973969606589418,0,0.22478797655605562,819,1013
Replogle,FAM136A,0.7491329381669546,1,0.6358812844567135,819,1013
Replogle,FAM207A,-0.13632192686707909,0,0.20415127784512402,819,1013
Replogle,FAM229A,-0.04655143092452111,0,0.23756314319757624,819,1013
Replogle,FAM32A,0.4456432008215042,1,0.47504822138738073,819,1013
Replogle,FAM72D,-0.1348497060011522,0,0.2046699171357684,819,1013
Replogle,FARSA,0.639134263106923,1,0.5791419176466818,819,1013
Replogle,FARSB,0.666183240632026,1,0.5933533824531263,819,1013
Replogle,FASTKD5,0.0940473440344123,0,0.29702187369814137,819,1013
Replogle,FBL,0.7219431767200274,1,0.6221380838900132,819,1013
Replogle,FBLIM1,-0.13665237799725644,0,0.20403499969268496,819,1013
Replogle,FBXO5,0.05103497273927664,0,0.2779418509431488,819,1013
Replogle,FCF1,0.6171648156761835,1,0.5675007487775767,819,1013
Replogle,FDXR,-0.1367159237562325,0,0.2040126450486939,819,1013
Replogle,FEN1,-0.13050512210472645,0,0.20620614418247307,819,1013
Replogle,FGFR1OP,-0.05952945179134266,0,0.2325087289486289,819,1013
Replogle,FNBP4,0.0017361141126662637,0,0.25702570395374474,819,1013
Replogle,FNTA,0.29174714887503134,0,0.39334790142044224,819,1013
Replogle,FNTB,-0.27795469794126043,0,0.1587772859174913,819,1013
Replogle,FOLR3,0.16912488981244012,1,0.33205917778740884,819,1013
Replogle,FOXD4,-0.1376503959354022,0,0.20368411916802068,819,1013
Replogle,FOXL2,-0.05941175131858415,0,0.23255422993055605,819,1013
Replogle,FRG2,-0.0484197914573705,0,0.23683085466418666,819,1013
Replogle,FTSJ3,0.5338408174636318,1,0.5227753105569516,819,1013
Replogle,FXN,-0.011707250093845146,0,0.2515040909712235,819,1013
Replogle,GAB2,0.765341703454409,1,0.6439714557956971,819,1013
Replogle,GABPA,-0.08980374579324442,0,0.2210118062291336,819,1013
Replogle,GAK,-0.3050360975540928,0,0.15109764323821298,819,1013
Replogle,GAPDH,-0.03611451250081827,0,0.24168242347822838,819,1013
Replogle,GAR1,0.10183260750747522,0,0.3005551911907565,819,1013
Replogle,GARS,0.10247579479877136,0,0.30084816986242685,819,1013
Replogle,GATA1,1.0025100908688886,1,0.7514572855418595,819,1013
Replogle,GBF1,0.6381770278065547,1,0.578636429780049,819,1013
Replogle,GCOM1,-0.06338394282072046,0,0.23102207951122286,819,1013
Replogle,GEMIN4,0.31068122716216945,1,0.4031767745225516,819,1013
Replogle,GEMIN5,0.42003241458262797,1,0.4612358493035317,819,1013
Replogle,GEMIN6,-0.08680438196731899,0,0.2221324359744402,819,1013
Replogle,GEMIN7,-0.12423034975448907,0,0.20843991497849795,819,1013
Replogle,GEMIN8,-0.10354721577863087,0,0.21592882038618738,819,1013
Replogle,GET1,-0.00721694846371464,0,0.25333960542774764,819,1013
Replogle,GET3,-0.03431367362283217,0,0.24239808652055495,819,1013
Replogle,GFER,0.3187956226790394,1,0.4074134596593333,819,1013
Replogle,GFM1,0.23304731375481308,1,0.363450958971616,819,1013
Replogle,GGPS1,-0.2863395376036203,0,0.15636627507599649,819,1013
Replogle,GINS1,0.7225921672441135,1,0.6224685172342954,819,1013
Replogle,GINS2,0.5623000245272097,1,0.5381290558626723,819,1013
Replogle,GINS3,0.43668979691952403,1,0.4702140527785719,819,1013
Replogle,GINS4,0.5800922601833173,1,0.5476932066318326,819,1013
Replogle,GIT2,0.16268569999027424,0,0.3289727099838024,819,1013
Replogle,GJA3,-0.052054393469343055,0,0.23541076745762518,819,1013
Replogle,GLE1,0.4313554115395547,0,0.4673364795828349,819,1013
Replogle,GLI4,-0.29041121223533,0,0.15520628782811485,819,1013
Replogle,GLMN,0.12119931087151684,0,0.30944758114602267,819,1013
Replogle,GLRX3,-0.040636818123701325,0,0.23989158978055752,819,1013
Replogle,GLRX5,-0.08625731207936999,0,0.2223372707413071,819,1013
Replogle,GMPPB,0.10039342771071692,0,0.2999002192853637,819,1013
Replogle,GMPS,0.23389846604833048,1,0.3638776312522564,819,1013
Replogle,GNB1L,-0.10032001864667549,0,0.21711473487957772,819,1013
Replogle,GNL2,0.5796354709220514,1,0.5474480706585776,819,1013
Replogle,GNL3L,0.40275927215095403,1,0.45195231642240413,819,1013
Replogle,GNPNAT1,-0.10635522415588151,0,0.2149007718475547,819,1013
Replogle,GOLGA6L1,-0.3363217367104001,0,0.14260879518045724,819,1013
Replogle,GOLT1B,0.13303140381718456,1,0.3149511950057589,819,1013
Replogle,GON4L,-0.21046253367536988,0,0.17929196641138395,819,1013
Replogle,GOSR2,-0.06865534104088826,0,0.22899972704031407,819,1013
Replogle,GPKOW,0.4300547321680807,1,0.4666351649936675,819,1013
Replogle,GPN1,0.6513913446201444,1,0.5855995138681814,819,1013
Replogle,GPN3,0.6764534958634207,1,0.5987100308734802,819,1013
Replogle,GPR61,-0.2093402707507243,0,0.17964996629665195,819,1013
Replogle,GPS1,0.28397069092734484,1,0.3893354591049991,819,1013
Replogle,GRB2,0.0065115318420005995,0,0.2590060953201462,819,1013
Replogle,GRPEL1,0.5934527702419405,1,0.5548524053453986,819,1013
Replogle,GRSF1,0.15777576005814337,0,0.32662911206202794,819,1013
Replogle,GRWD1,-0.26881409123904254,0,0.16143987746658595,819,1013
Replogle,GSDMA,-0.03477595763031325,0,0.24221423496753455,819,1013
Replogle,GSPT1,0.7801338286722871,1,0.6512836271249474,819,1013
Replogle,GTF2A1,0.5210246609076438,1,0.5158451580242378,819,1013
Replogle,GTF2A2,0.39725512675946684,1,0.44900078623967565,819,1013
Replogle,GTF2E1,0.29586748823818004,1,0.3954797703142989,819,1013
Replogle,GTF2E2,0.3815830740958707,1,0.440617171938609,819,1013
Replogle,GTF2F2,0.5171070689946629,1,0.5137254362301071,819,1013
Replogle,GTF2H1,0.5228725222489682,1,0.5168448014873765,819,1013
Replogle,GTF2H2,-0.12004091119059042,0,0.2099412184870211,819,1013
Replogle,GTF2H2C,0.03478835782012401,0,0.27093433743933926,819,1013
Replogle,GTF2H3,0.16557017581948083,0,0.33035350794095897,819,1013
Replogle,GTF2H4,0.23564636977612355,1,0.36475450516027286,819,1013
Replogle,GTF3A,-0.0029861192858956008,0,0.2550771332487905,819,1013
Replogle,GTF3C1,-0.025021997785737854,0,0.24611350251274056,819,1013
Replogle,GTF3C2,0.09888556171119542,0,0.29921486431903266,819,1013
Replogle,GTF3C3,0.16192201547429796,0,0.32860762722736825,819,1013
Replogle,GTF3C4,-0.10069127521542848,0,0.21697806809190553,819,1013
Replogle,GTF3C5,-0.1859282751569266,0,0.18724595259257312,819,1013
Replogle,GTF3C6,-0.2949355502316874,0,0.1539255899123841,819,1013
Replogle,GTPBP4,0.42548272318025127,1,0.46417104347857596,819,1013
Replogle,GUCD1,0.4534435459156977,1,0.4792636716346407,819,1013
Replogle,GUK1,-0.21341531177033157,0,0.17835269932282607,819,1013
Replogle,H2AFX,-0.1962226178632741,0,0.18387591944530826,819,1013
Replogle,H2AFZ,0.11135985418630177,0,0.30491152510253183,819,1013
Replogle,H3F3A,-0.10058984064777571,0,0.21701540196020708,819,1013
Replogle,HAPLN2,-0.03286462246307641,0,0.24297499266057498,819,1013
Replogle,HARS,0.7743356164576771,1,0.6484256606555567,819,1013
Replogle,HARS2,0.3794312186807482,1,0.4394685876032552,819,1013
Replogle,HAUS1,0.25329208026568634,0,0.37365633883172134,819,1013
Replogle,HAUS3,-0.17826952906529783,0,0.18978387755728432,819,1013
Replogle,HAUS4,0.34932281385339065,1,0.4234711183168661,819,1013
Replogle,HAUS5,0.2252341923673257,1,0.35954444280911196,819,1013
Replogle,HAUS7,-0.25238581674286886,0,0.1663157813694487,819,1013
Replogle,HAUS8,0.14064246234021371,0,0.3185192145928551,819,1013
Replogle,HBS1L,0.7935343647690757,1,0.6578470670226199,819,1013
Replogle,HCFC1,0.43027077675164377,0,0.46675164522804546,819,1013
Replogle,HCRTR1,-0.1281958816312382,0,0.207026149281751,819,1013
Replogle,HDAC3,0.17186777048637478,0,0.3333783239639566,819,1013
Replogle,HDAC7,0.5726946844415159,1,0.54372053319464,819,1013
Replogle,HEATR1,0.7061168252941052,1,0.6140456237224077,819,1013
Replogle,HECTD1,-0.06887809371588745,0,0.2289145434645978,819,1013
Replogle,HGS,0.610883681146756,1,0.5641581636372561,819,1013
Replogle,HINFP,0.5494890859712667,1,0.5312247479599933,819,1013
Replogle,HIRA,-0.13875249586064434,0,0.20329716776028034,819,1013
Replogle,HIST1H2AB,-0.10710339052168047,0,0.21462745888715506,819,1013
Replogle,HIST1H2AE,-0.31177701473015895,0,0.1492341836687583,819,1013
Replogle,HIST1H2AI,0.047962637597797814,0,0.2766081698698883,819,1013
Replogle,HIST1H2BB,-0.1877741769934585,0,0.18663818567020976,819,1013
Replogle,HIST1H2BC,-0.046850689422271954,0,0.23744574652712033,819,1013
Replogle,HIST1H2BE,-0.03292647160697326,0,0.24295034981940683,819,1013
Replogle,HIST1H2BL,-0.32873721721901805,0,0.14462949326178606,819,1013
Replogle,HIST1H2BM,-0.2973587733029533,0,0.15324321383516265,819,1013
Replogle,HIST1H2BN,-0.24442116813264003,0,0.16872179762657183,819,1013
Replogle,HIST2H2AA3,-0.05640763106310921,0,0.23371767120650205,819,1013
Replogle,HIST2H2AC,0.01700599289914298,0,0.26339293781322465,819,1013
Replogle,HIST2H2BF,-0.12602904047788238,0,0.20779777771768287,819,1013
Replogle,HIST2H3A,0.31832488766029604,0,0.40716729661058776,819,1013
Replogle,HIST2H3D,-0.18594221656943735,0,0.18724135665106637,819,1013
Replogle,HJURP,-0.19470429401170689,0,0.1843699992413585,819,1013
Replogle,HMGA1,-0.04717759583240105,0,0.23731754946929987,819,1013
Replogle,HMGB1,-0.4239983853982361,0,0.12092337286708794,819,1013
Replogle,HMGCR,-0.07311316389159922,0,0.22729923682149752,819,1013
Replogle,HMGCS1,0.32416390641136383,1,0.41022397396262295,819,1013
Replogle,HMGN2,-0.04845029428278502,0,0.23681891225795432,819,1013
Replogle,HNRNPC,0.5548346066831797,1,0.5341072616571695,819,1013
Replogle,HNRNPH1,0.2269228149779894,1,0.36038718962076904,819,1013
Replogle,HNRNPL,0.3717621348933358,0,0.4353804544847879,819,1013
Replogle,HNRNPM,0.015867838118258037,0,0.2629148715718779,819,1013
Replogle,HNRNPR,-0.30041408769910183,0,0.1523863754008016,819,1013
Replogle,HNRNPU,0.35565010502584865,1,0.42682086446467865,819,1013
Replogle,HOXC10,-0.09045329210276022,0,0.2207696552746078,819,1013
Replogle,HS6ST1,-0.2930285657282919,0,0.1544643401615404,819,1013
Replogle,HSCB,0.2543582750414779,0,0.3741970288872753,819,1013
Replogle,HSD17B12,0.4702472572123123,1,0.48835396258310415,819,1013
Replogle,HSF1,0.1524685477077923,1,0.3241055941218841,819,1013
Replogle,HSP90B1,-0.06997091706417792,0,0.22849695616289917,819,1013
Replogle,HSPA14,-0.06475101574830301,0,0.23049640954341968,819,1013
Replogle,HSPA5,0.8132152811819777,1,0.6673775001964822,819,1013
Replogle,HSPA8,0.5332393481048544,1,0.5224502497991547,819,1013
Replogle,HSPA9,0.9304175476261483,1,0.7211618679744751,819,1013
Replogle,HSPD1,0.13066253771245231,0,0.31384510014342804,819,1013
Replogle,HTATSF1,0.04278561793408316,0,0.2743698225912031,819,1013
Replogle,HUS1,-0.12648643472495122,0,0.20763471970795933,819,1013
Replogle,HUWE1,0.2673151325782396,0,0.38079249433410217,819,1013
Replogle,HYPK,0.18834968138312633,1,0.34135954775199273,819,1013
Replogle,IARS,0.596105684217255,1,0.5562713545063867,819,1013
Replogle,IARS2,0.593067310369705,1,0.5546461616029347,819,1013
Replogle,ICE1,0.3797100332337091,1,0.4396173726664117,819,1013
Replogle,IFITM2,-0.32371812333444056,0,0.1459797415812645,819,1013
Replogle,IGBP1,0.45139651407896275,1,0.4781571075308194,819,1013
Replogle,IK,0.17931442813359344,1,0.33697281852371336,819,1013
Replogle,ILF2,0.3374660594283024,1,0.41721313652025194,819,1013
Replogle,ILF3,0.2888439891602373,1,0.39184823355555815,819,1013
Replogle,IMP4,0.6500095555598017,1,0.5848729498007281,819,1013
Replogle,IMPDH2,0.5024315899309025,1,0.5057810912244385,819,1013
Replogle,INCENP,0.3210376632699834,0,0.40858653347708057,819,1013
Replogle,ING3,0.21352883699934905,0,0.3537266362816147,819,1013
Replogle,INO80,0.3532028594097479,1,0.4255244485727573,819,1013
Replogle,INO80B,0.1336929071429976,0,0.3152604467401655,819,1013
Replogle,INTS1,0.07432854721785791,1,0.2881809785788684,819,1013
Replogle,INTS2,0.9236483246422816,1,0.7182036723967772,819,1013
Replogle,INTS3,0.404166072966737,1,0.4527072470939434,819,1013
Replogle,INTS5,0.8071794838711613,1,0.6644687707266088,819,1013
Replogle,INTS6,0.011818473959921338,0,0.26121852397086026,819,1013
Replogle,INTS7,0.6765535085178329,1,0.5987620808742624,819,1013
Replogle,INTS8,0.8229537004949621,1,0.6720437189201708,819,1013
Replogle,INTS9,0.6812568290772891,1,0.6012073155393014,819,1013
Replogle,IPO11,0.10255335647132413,0,0.3008835110229372,819,1013
Replogle,IPO13,0.4988491211980416,1,0.5038411798161738,819,1013
Replogle,IPO7,0.1143085731663313,0,0.306266987889658,819,1013
Replogle,IPO9,-0.004101837575145413,0,0.254618167361825,819,1013
Replogle,ISCA2,-0.09544100593925918,0,0.21891657373989165,819,1013
Replogle,ISCU,0.39268618456333554,0,0.44655346329630546,819,1013
Replogle,ISG20L2,0.5373665737575212,1,0.5246803889497638,819,1013
Replogle,JAZF1,-0.05840430646553623,0,0.23294394467745022,819,1013
Replogle,JMJD6,-0.19036180459495347,0,0.185788764674877,819,1013
Replogle,KANSL1,0.4517055935305569,1,0.47832417315349857,819,1013
Replogle,KANSL2,0.4525242876706542,1,0.47876672233602013,819,1013
Replogle,KANSL3,0.2728711186229371,1,0.3836343646802054,819,1013
Replogle,KARS,0.4186483612916005,0,0.4604909046655735,819,1013
Replogle,KAT5,-0.10524308748769176,0,0.21530751392763045,819,1013
Replogle,KAT8,0.32037524299724657,1,0.40823983488997956,819,1013
Replogle,KATNB1,-0.20677303588960935,0,0.180471008444255,819,1013
Replogle,KCMF1,0.07209858638175445,0,0.2871910875569085,819,1013
Replogle,KCNA10,-0.10115844755163861,0,0.2168061812186691,819,1013
Replogle,KCTD10,0.45250967709203216,1,0.4787588242210343,819,1013
Replogle,KDM2A,-0.16909035046776436,0,0.1928602366594605,819,1013
Replogle,KDM8,0.0435210862206121,0,0.274687123939539,819,1013
Replogle,KIAA1143,-0.20390706581809087,0,0.1813910440499331,819,1013
Replogle,KIF11,-0.4124879471032924,0,0.12359903209055331,819,1013
Replogle,KIF14,-0.19780892273844675,0,0.18336081415929747,819,1013
Replogle,KIF18B,0.1388576774464547,0,0.317680584936561,819,1013
Replogle,KIF20A,0.47331345504298533,1,0.4900136898879195,819,1013
Replogle,KIF23,0.08376033956961569,0,0.29239016132004103,819,1013
Replogle,KIF4A,-0.2290738660451829,0,0.17343611760088837,819,1013
Replogle,KIN,0.32930775822734254,1,0.4129225024147856,819,1013
Replogle,KLC2,-0.21279442326212272,0,0.1785498811253798,819,1013
Replogle,KLF7,-0.26660903315533696,0,0.16208756772644003,819,1013
Replogle,KLHL11,-0.17612464029469277,0,0.19049934660229656,819,1013
Replogle,KPNA6,0.10424273861799575,0,0.30165386825112844,819,1013
Replogle,KPNB1,0.4868896883661984,1,0.497364623802519,819,1013
Replogle,KRI1,0.5020525490645816,1,0.5055758473252281,819,1013
Replogle,KRR1,0.5830352541712105,1,0.5492720046729012,819,1013
Replogle,KRT10,-0.3207514602111022,0,0.1467827441152799,819,1013
Replogle,KRT17,-0.1514772943956859,0,0.19886910117689427,819,1013
Replogle,KRT8,-0.2981444130275422,0,0.1530225113165256,819,1013
Replogle,KRTAP4-2,-0.2817071303254618,0,0.15769458830080854,819,1013
Replogle,KRTAP4-7,-0.2970539949513377,0,0.15332890256602513,819,1013
Replogle,KTI12,-0.10141277043193134,0,0.21671264952058236,819,1013
Replogle,KXD1,0.07341593716480514,0,0.2877756208814899,819,1013
Replogle,LAMTOR2,0.34387167302686755,0,0.4205908352111328,819,1013
Replogle,LAMTOR4,0.2051663004819198,0,0.34959653031491106,819,1013
Replogle,LARS,0.6087603406421088,1,0.5630268654575435,819,1013
Replogle,LARS2,-0.12204310827273117,0,0.20922273385256387,819,1013
Replogle,LAS1L,0.31667071342377234,0,0.40630264406470706,819,1013
Replogle,LCE1C,-0.25193249629430264,0,0.16645198318075707,819,1013
Replogle,LCE1E,-0.053915885909058645,0,0.23468574357199856,819,1013
Replogle,LCN10,-0.15236836838969756,0,0.19856175182578098,819,1013
Replogle,LENG8,0.030959111518846612,0,0.2692989625200664,819,1013
Replogle,LETM1,0.35738052822228655,1,0.42773815564552203,819,1013
Replogle,LIMS1,-0.14648082347487737,0,0.20059910845884063,819,1013
Replogle,LIN54,-0.23050166983055212,0,0.1729931765250519,819,1013
Replogle,LONP1,0.3450879508265167,1,0.42123303299677206,819,1013
Replogle,LPA,-0.12701515674270533,0,0.20744635150304178,819,1013
Replogle,LRPPRC,0.5799739339365819,1,0.5476297090629662,819,1013
Replogle,LRR1,0.07806630529465648,0,0.2898447337775396,819,1013
Replogle,LRRC37A3,-0.18916449071086783,0,0.18618142644665542,819,1013
Replogle,LRRC37B,-0.14027521307947768,0,0.20276343733071792,819,1013
Replogle,LSG1,0.5426042804627434,1,0.5275091464911377,819,1013
Replogle,LSM10,0.42707868788997577,1,0.46503100914066187,819,1013
Replogle,LSM11,0.48921838641686,1,0.49862571418268886,819,1013
Replogle,LSM12,0.1899336267472962,0,0.34213140488622784,819,1013
Replogle,LSM2,0.6726328104999153,1,0.5967199587463455,819,1013
Replogle,LSM3,0.49725451711859253,1,0.5029776589924915,819,1013
Replogle,LSM4,0.542523414146101,1,0.5274654855200399,819,1013
Replogle,LSM5,0.1945620250226748,1,0.3443916074278974,819,1013
Replogle,LSM6,0.6812018630329302,1,0.6011787678215975,819,1013
Replogle,LSM7,0.5041162937598659,1,0.5066933038989083,819,1013
Replogle,LST1,-0.10348936062392809,0,0.21595003933477327,819,1013
Replogle,LTB4R2,-0.21804817945309918,0,0.17688677352945095,819,1013
Replogle,LTBP3,-0.2965467278956203,0,0.15347160818852582,819,1013
Replogle,LTV1,0.6057628355983716,1,0.5614287054501261,819,1013
Replogle,LURAP1,-0.17165290567886748,0,0.19199760781232833,819,1013
Replogle,LYRM4,0.09503842729311698,0,0.29747033993291705,819,1013
Replogle,MAD2L1,0.2207304246429836,1,0.35730097596929966,819,1013
Replogle,MAD2L2,-0.22297125991718383,0,0.17533940384455973,819,1013
Replogle,MAGOH,0.4399447525847975,1,0.4719708869612325,819,1013
Replogle,MAK16,0.532522371468634,1,0.5220627389551469,819,1013
Replogle,MANF,-0.21467299802674408,0,0.177953805787428,819,1013
Replogle,MARS,0.5612658689191093,1,0.5375722162424684,819,1013
Replogle,MARS2,0.02555203063157455,0,0.2670003773448159,819,1013
Replogle,MASTL,0.02202525669462062,0,0.2655078613388892,819,1013
Replogle,MAT2A,0.4606101334098002,1,0.4831392465496094,819,1013
Replogle,MAU2,0.34645054286303356,0,0.42195280161479853,819,1013
Replogle,MAX,0.759217925176961,1,0.6409242977886236,819,1013
Replogle,MBTPS1,0.1564459608530269,0,0.325995857403656,819,1013
Replogle,MBTPS2,0.14001247094195354,1,0.3182230613486388,819,1013
Replogle,MCL1,-0.11415829785563053,0,0.21206265469542893,819,1013
Replogle,MCM10,0.5439539240094231,1,0.5282377772204258,819,1013
Replogle,MCM2,0.4422085983394574,1,0.4731931902434564,819,1013
Replogle,MCM3,0.27623317720541435,1,0.3853579299134214,819,1013
Replogle,MCM3AP,0.40686432636365666,1,0.4541558152826268,819,1013
Replogle,MCM4,0.4338792616258734,1,0.4686976826213865,819,1013
Replogle,MCM5,0.3131887678582666,0,0.40448450079513404,819,1013
Replogle,MCM6,0.3509260727614251,1,0.4243192509437357,819,1013
Replogle,MCM7,0.11172875025333709,0,0.3050809143650152,819,1013
Replogle,MCMBP,0.3148036219726859,1,0.4053273952073677,819,1013
Replogle,MCRS1,0.15733347448403173,0,0.32641842392978915,819,1013
Replogle,MDN1,0.3076093031997538,1,0.40157658806151003,819,1013
Replogle,MED1,0.7866395316235262,1,0.6544774061554065,819,1013
Replogle,MED10,0.629805776513862,1,0.5742089030217,819,1013
Replogle,MED11,0.6637027348206797,1,0.5920562392316268,819,1013
Replogle,MED12,0.8662057585728778,1,0.6923515385420335,819,1013
Replogle,MED14,0.6588339798257841,1,0.5895064795829679,819,1013
Replogle,MED17,0.8118670049519422,1,0.666728844334287,819,1013
Replogle,MED19,0.7512846013204317,1,0.6369597786515845,819,1013
Replogle,MED20,0.663962481540596,1,0.5921921303461636,819,1013
Replogle,MED21,0.8171851754278783,1,0.669283728966106,819,1013
Replogle,MED22,0.7725377014912491,1,0.6475372836230975,819,1013
Replogle,MED26,0.1702154386128367,1,0.33258334632429404,819,1013
Replogle,MED28,0.7272035153132456,1,0.6248130922226554,819,1013
Replogle,MED29,0.5880844591589589,1,0.5519783731352078,819,1013
Replogle,MED30,0.9009361714555284,1,0.7081403702524703,819,1013
Replogle,MED4,0.8125845042660793,1,0.6670741121391747,819,1013
Replogle,MED6,0.7219566115017352,1,0.6221449253567142,819,1013
Replogle,MED7,0.8349466196432147,1,0.6777437540123905,819,1013
Replogle,MED8,0.5487235988629894,1,0.5308117922449332,819,1013
Replogle,MED9,0.9063217550986826,1,0.7105456643866555,819,1013
Replogle,MEPCE,-0.14266590439407728,0,0.20192758102130343,819,1013
Replogle,METAP1,-0.03034207995464876,0,0.24398150669946908,819,1013
Replogle,METAP2,0.39036878910172634,1,0.44531314797594446,819,1013
Replogle,METTL1,-0.23335003939384766,0,0.17211221310041327,819,1013
Replogle,METTL14,0.12890082193952282,0,0.31302387042684804,819,1013
Replogle,METTL17,-0.007764322452396374,0,0.2531153806784578,819,1013
Replogle,METTL23,-0.15946634192544382,0,0.19612627764193297,819,1013
Replogle,METTL3,0.07777376526338836,0,0.2897143131101255,819,1013
Replogle,MEX3A,0.07317326803790374,0,0.28766789076182336,819,1013
Replogle,MFAP1,0.6339611123036998,1,0.5764081799950527,819,1013
Replogle,MFN2,-0.09921865640124915,0,0.217520533754701,819,1013
Replogle,MICOS10,0.35824468141360816,0,0.4281964266524341,819,1013
Replogle,MIOS,0.17934635673761973,0,0.3369882714690519,819,1013
Replogle,MIPEP,-0.0539032545158205,0,0.2346906580925727,819,1013
Replogle,MIS12,0.10039129119842777,0,0.29989924756354336,819,1013
Replogle,MIS18A,-0.23957978232398106,0,0.1701978270092355,819,1013
Replogle,MIS18BP1,-0.16727632036811182,0,0.1934726717734554,819,1013
Replogle,MKRN1,-0.14903303396582387,0,0.199714011258253,819,1013
Replogle,MLST8,0.05700356465884088,0,0.2805440519743563,819,1013
Replogle,MMGT1,-0.14016706696183143,0,0.20280130933271784,819,1013
Replogle,MMS19,-0.04489612399218175,0,0.23821322817016866,819,1013
Replogle,MMS22L,0.5402572602143426,1,0.5262417856540194,819,1013
Replogle,MNAT1,0.43385074087184033,1,0.46868229771291864,819,1013
Replogle,MOB4,0.34362871220136,1,0.420462583402949,819,1013
Replogle,MOCS3,-0.20460637269792992,0,0.1811662158783322,819,1013
Replogle,MOG,-0.09344469736230365,0,0.21965691424892844,819,1013
Replogle,MOK,-0.03497887551782164,0,0.2421335639638954,819,1013
Replogle,MRGBP,0.3681440356090222,1,0.433454777521672,819,1013
Replogle,MRPL1,0.03327667719263407,0,0.2702879916141438,819,1013
Replogle,MRPL10,0.28451293183234616,1,0.3896147620931663,819,1013
Replogle,MRPL13,0.27159172925686,0,0.38297924811779,819,1013
Replogle,MRPL14,0.11183861366382701,1,0.3051313715174468,819,1013
Replogle,MRPL16,0.22632459773479016,0,0.3600885365140205,819,1013
Replogle,MRPL17,0.3130026617398898,0,0.4043873963494495,819,1013
Replogle,MRPL18,0.3021301525212542,1,0.39872768081728643,819,1013
Replogle,MRPL19,0.3084484574381055,1,0.40201350268326247,819,1013
Replogle,MRPL2,0.25870189545903155,1,0.3764030071629792,819,1013
Replogle,MRPL20,0.145373499845388,0,0.3207479092059562,819,1013
Replogle,MRPL22,0.29067296520453717,0,0.3927927807949744,819,1013
Replogle,MRPL24,0.22597575163835396,1,0.35991442906366333,819,1013
Replogle,MRPL27,0.31490091324169517,1,0.40537819555202464,819,1013
Replogle,MRPL28,0.172419335006689,0,0.3336439066541513,819,1013
Replogle,MRPL3,0.2694274597812097,1,0.3818719932700241,819,1013
Replogle,MRPL32,0.2868801324610602,0,0.39083493021621263,819,1013
Replogle,MRPL33,0.2737742911236679,1,0.38409709249869134,819,1013
Replogle,MRPL35,0.30475999392489067,1,0.4000942349696678,819,1013
Replogle,MRPL36,0.25729316119906165,1,0.37568699186458016,819,1013
Replogle,MRPL37,0.2280627694777284,1,0.3609565979083308,819,1013
Replogle,MRPL38,0.16427527321792668,0,0.32973327480997455,819,1013
Replogle,MRPL39,0.3605817511367317,1,0.4294364183628516,819,1013
Replogle,MRPL4,0.14344603924721938,0,0.31983892776328887,819,1013
Replogle,MRPL41,0.25548243557932937,0,0.3747674549772731,819,1013
Replogle,MRPL43,0.3280213047128894,1,0.41224711546408205,819,1013
Replogle,MRPL44,0.22966024900878446,0,0.36175519819049473,819,1013
Replogle,MRPL45,-0.058370401972401335,0,0.2329570680222509,819,1013
Replogle,MRPL50,0.21393011922106525,1,0.3539253781526086,819,1013
Replogle,MRPL51,0.35429592121030234,1,0.426103367050272,819,1013
Replogle,MRPL53,0.15141798283962773,0,0.3236072670360505,819,1013
Replogle,MRPL54,0.12116511871917342,0,0.30943175393873007,819,1013
Replogle,MRPL55,0.24596484610805833,1,0.3699491372509096,819,1013
Replogle,MRPL9,0.056689439382147655,0,0.28040672889662244,819,1013
Replogle,MRPS10,0.2287532027579268,1,0.3613016602274695,819,1013
Replogle,MRPS11,0.3123708370360527,0,0.4040577855491857,819,1013
Replogle,MRPS12,0.30864430850023694,0,0.40211549706134286,819,1013
Replogle,MRPS14,0.47835977007757896,1,0.49274571328947075,819,1013
Replogle,MRPS18A,0.2707544771008991,1,0.38255075954706713,819,1013
Replogle,MRPS18B,0.22612987884922733,0,0.3599913486890403,819,1013
Replogle,MRPS2,0.11499903608120031,0,0.3065848647561877,819,1013
Replogle,MRPS21,0.24553043228490234,0,0.36972982225696166,819,1013
Replogle,MRPS22,0.06180182536036306,0,0.282646751433119,819,1013
Replogle,MRPS23,0.19736615910594912,0,0.3457644016343797,819,1013
Replogle,MRPS24,0.11702922483155408,0,0.3075205925964652,819,1013
Replogle,MRPS25,0.14399054961142776,0,0.32009557803571265,819,1013
Replogle,MRPS26,0.16941396820689955,0,0.3321980818689105,819,1013
Replogle,MRPS27,0.31439561392077536,0,0.4051143771132984,819,1013
Replogle,MRPS28,0.16738344424028104,0,0.3312230203599055,819,1013
Replogle,MRPS31,0.08995625573392234,0,0.29517479252595646,819,1013
Replogle,MRPS34,0.39250722615477607,1,0.44645765734696735,819,1013
Replogle,MRPS35,0.22780390696165304,1,0.3608272614769697,819,1013
Replogle,MRPS5,0.18587656585682927,0,0.34015607817478727,819,1013
Replogle,MRPS6,-0.003104259976392076,0,0.25502850872598676,819,1013
Replogle,MRPS7,0.11316055648410417,0,0.3057388691532102,819,1013
Replogle,MRPS9,0.25860043826471085,1,0.3763514215751999,819,1013
Replogle,MRTO4,0.10882986399622488,0,0.3037512316926819,819,1013
Replogle,MSRB1,-0.3156324032511499,0,0.14817694306672438,819,1013
Replogle,MST1,-0.1385223508444393,0,0.2033779272818148,819,1013
Replogle,MSTO1,-0.17736951072284926,0,0.19008384519283905,819,1013
Replogle,MT2A,-0.1695804157343653,0,0.19269503896677992,819,1013
Replogle,MTBP,0.45328095472461577,1,0.4791757721233366,819,1013
Replogle,MTG2,-0.21158627154358173,0,0.1789340549222346,819,1013
Replogle,MTOR,0.5075529523417658,1,0.5085539987518678,819,1013
Replogle,MTPAP,0.6425970889978281,1,0.5809691416141164,819,1013
Replogle,MVD,0.4614754210722146,1,0.4836073266960455,819,1013
Replogle,MVK,0.010383036988444885,0,0.2606188963240555,819,1013
Replogle,MYBBP1A,0.46503812349456114,1,0.48553487611160956,819,1013
Replogle,MYBL2,0.3593141422043855,1,0.42876374530462524,819,1013
Replogle,MYC,0.38478811530745716,0,0.4423290851673493,819,1013
Replogle,MYCBP,-0.3590898135577249,0,0.13668395091938168,819,1013
Replogle,MYO1H,-0.10178911852162766,0,0.21657429447066204,819,1013
Replogle,MZF1,-0.11703551520170737,0,0.21102309677847617,819,1013
Replogle,MZT1,0.2059867824733172,1,0.35000076655810813,819,1013
Replogle,N6AMT1,0.026576009382707818,0,0.26743471866146495,819,1013
Replogle,NAA10,0.04461560507666098,0,0.27515975149225014,819,1013
Replogle,NAA15,0.21428795050164878,1,0.3541026427799082,819,1013
Replogle,NAA20,0.19104788477347667,1,0.3426748846928491,819,1013
Replogle,NAA25,0.3604298802334794,1,0.42935581231144876,819,1013
Replogle,NAA35,-0.06365600628973456,0,0.2309173982430111,819,1013
Replogle,NAA38,0.6717099283459748,1,0.5962387786930193,819,1013
Replogle,NAA50,0.20268827335301806,0,0.3483769659476709,819,1013
Replogle,NACA,0.6412607406982799,1,0.5802642530296144,819,1013
Replogle,NAE1,0.3251653880489574,1,0.4107489455535911,819,1013
Replogle,NAF1,-0.0842452590326695,0,0.2230917867041438,819,1013
Replogle,NAGLU,-0.3383408608477541,0,0.14207483416058772,819,1013
Replogle,NANOG,-0.15938566616622651,0,0.19615383197978642,819,1013
Replogle,NAPG,0.09991734208848314,0,0.29968373200904147,819,1013
Replogle,NARS,0.7052946162925896,1,0.6136234344594695,819,1013
Replogle,NASP,-0.28169593918390273,0,0.15769780836560457,819,1013
Replogle,NBAS,0.2581934009448854,0,0.3761444929413948,819,1013
Replogle,NBEAL1,-0.17092196545038088,0,0.1922433627906625,819,1013
Replogle,NBPF12,-0.15153159824015658,0,0.1988503604590144,819,1013
Replogle,NBPF15,-0.15392804672075341,0,0.19802464775030804,819,1013
Replogle,NBPF3,-0.08478366265815922,0,0.22288970768629898,819,1013
Replogle,NCAPD3,-0.14636183854050477,0,0.20064044359309,819,1013
Replogle,NCAPG,0.08719134187050924,0,0.29393025273799867,819,1013
Replogle,NCAPG2,-0.015040899167595264,0,0.25014710898378617,819,1013
Replogle,NCAPH,0.4397458820085827,0,0.47186352792674163,819,1013
Replogle,NCAPH2,-0.13343342033003142,0,0.20516977422722232,819,1013
Replogle,NCBP1,0.6273525969135608,1,0.5729091334764039,819,1013
Replogle,NCBP2,0.6149386698046402,1,0.5663167637719213,819,1013
Replogle,NCKAP1,0.36337209349134736,0,0.43091806486372297,819,1013
Replogle,NCL,0.02240741489458307,1,0.26566933148752997,819,1013
Replogle,NCOA4,-0.2826682667503217,0,0.15741823663207383,819,1013
Replogle,NDC80,0.40295452786394204,1,0.45205708324425076,819,1013
Replogle,NDUFA11,-0.054600229802102385,0,0.23441959123329567,819,1013
Replogle,NDUFA2,0.5636605062680677,1,0.5388614602305287,819,1013
Replogle,NDUFA4,-0.0037202746076934836,0,0.25477506727872606,819,1013
Replogle,NDUFA6,0.005160494105939676,0,0.25844480722978214,819,1013
Replogle,NDUFA8,0.09438666328125722,0,0.2971753720642833,819,1013
Replogle,NDUFAB1,0.25933333653459956,1,0.37672412432999364,819,1013
Replogle,NDUFAF3,0.042969953515211226,0,0.2744493286475409,819,1013
Replogle,NDUFB10,0.019044132703976455,0,0.2642504245671517,819,1013
Replogle,NDUFB3,-0.2616710447632042,0,0.1635455999060046,819,1013
Replogle,NDUFB4,0.08474035247139498,0,0.29282958143850196,819,1013
Replogle,NDUFB6,-0.08056368382032829,0,0.22447709055284112,819,1013
Replogle,NDUFB7,0.05162194367063356,0,0.2781971008140076,819,1013
Replogle,NDUFB8,0.028763060063961614,0,0.268363901459848,819,1013
Replogle,NDUFS3,-0.013718307825665986,0,0.2506848933416242,819,1013
Replogle,NDUFS5,-0.3166725017179054,0,0.14789278472420844,819,1013
Replogle,NEDD1,0.2922687584653471,1,0.39361756024646477,819,1013
Replogle,NEDD8,0.5341297380802958,1,0.5229314492494671,819,1013
Replogle,NELFA,0.41561200668595616,1,0.4588572579446394,819,1013
Replogle,NELFB,0.399752175073822,1,0.4503393652956026,819,1013
Replogle,NELFCD,0.23178332828236745,1,0.36281773493425373,819,1013
Replogle,NELFE,0.2653546890361741,0,0.3797916680243057,819,1013
Replogle,NEMF,0.1933481398254989,0,0.34379813984759194,819,1013
Replogle,NFATC2IP,-0.26163586517060505,0,0.1635560250800081,819,1013
Replogle,NFKBIE,0.30930478786732263,0,0.4024595207525864,819,1013
Replogle,NFRKB,0.2913183130191867,1,0.3931262529121261,819,1013
Replogle,NFS1,0.36762508188979615,0,0.4331787358119806,819,1013
Replogle,NHLRC2,-0.1520419457060037,0,0.19867430008683543,819,1013
Replogle,NHP2,0.19947488193446414,0,0.346798446816267,819,1013
Replogle,NIFK,0.595275970740586,1,0.5558276678652615,819,1013
Replogle,NIP7,0.4571787996811604,1,0.4812833547779617,819,1013
Replogle,NISCH,-0.17053671453242922,0,0.19237298736393177,819,1013
Replogle,NKAP,0.5569775306352411,1,0.5352621816129729,819,1013
Replogle,NLE1,0.5569857437672379,1,0.5352666073269394,819,1013
Replogle,NMD3,0.4214019081531429,1,0.46197312786806,819,1013
Replogle,NOB1,0.3489358864372114,1,0.423266498956448,819,1013
Replogle,NOC3L,0.43587987947362444,1,0.4697770197865728,819,1013
Replogle,NOL11,0.635010176242259,1,0.5769629389303459,819,1013
Replogle,NOL12,0.38068462781066836,1,0.44013753505016473,819,1013
Replogle,NOL6,0.6861415029074744,1,0.6037415008103598,819,1013
Replogle,NOL7,0.08799005461071319,0,0.29428945370932613,819,1013
Replogle,NOL8,0.45816261985688317,1,0.4818154191112626,819,1013
Replogle,NOLC1,0.17796350164653665,0,0.33631931083193783,819,1013
Replogle,NOM1,0.3867748429551676,1,0.44339094990165495,819,1013
Replogle,NOMO3,0.020553646687157805,0,0.26488665966523206,819,1013
Replogle,NOP10,0.30250376898995535,1,0.3989217289283688,819,1013
Replogle,NOP16,0.5548007242306894,1,0.5340889978805751,819,1013
Replogle,NOP2,0.6949767770765666,1,0.6083110695553627,819,1013
Replogle,NOP56,-0.06500102688042116,0,0.2304003653740419,819,1013
Replogle,NOP58,0.5189287267550311,1,0.514711160757028,819,1013
Replogle,NOP9,-0.06392083255658527,0,0.23081553350048567,819,1013
Replogle,NOS1AP,-0.05020354820024479,0,0.23613317990851976,819,1013
Replogle,NPB,-0.178342393348013,0,0.18975960844659565,819,1013
Replogle,NPEPPS,0.026577957330975538,0,0.26743554535054637,819,1013
Replogle,NPLOC4,0.7167464154316944,1,0.6194880839590204,819,1013
Replogle,NPM3,0.05764305816774603,0,0.28082373984317854,819,1013
Replogle,NR2C2AP,-0.06604090645293684,0,0.23000118659052593,819,1013
Replogle,NRBP1,0.3765030552482469,1,0.4379066806008475,819,1013
Replogle,NRDE2,0.5894583670082569,1,0.5527142605633965,819,1013
Replogle,NRF1,0.35875913997941955,1,0.4284693088803425,819,1013
Replogle,NSA2,0.21524798236471998,1,0.3545784271750264,819,1013
Replogle,NSF,-0.2863626613123521,0,0.15635966742227703,819,1013
Replogle,NSL1,0.07162559736237382,0,0.2869813864838477,819,1013
Replogle,NSMCE1,-0.013822301650274128,0,0.25064258012446666,819,1013
Replogle,NSMCE2,-0.25410411008693196,0,0.16580032369300562,819,1013
Replogle,NSRP1,0.5868652969700813,1,0.5513251792185022,819,1013
Replogle,NSUN4,-0.21242562560469608,0,0.1786670846501828,819,1013
Replogle,NUBP1,0.21172820986851965,0,0.3528354678704429,819,1013
Replogle,NUBP2,-0.14354641272813232,0,0.2016203785671964,819,1013
Replogle,NUDC,0.1200176323250701,0,0.30890085315333216,819,1013
Replogle,NUDCD3,0.2508577129078524,0,0.3724230036107564,819,1013
Replogle,NUDT21,0.542347825405879,1,0.5273706810064613,819,1013
Replogle,NUF2,0.17841463229886148,1,0.33653747478701695,819,1013
Replogle,NUFIP1,0.21415773479901318,0,0.35403813109334353,819,1013
Replogle,NUMA1,0.3194571302461799,1,0.4077594625745857,819,1013
Replogle,NUP107,0.5396907967704404,1,0.5259358513766351,819,1013
Replogle,NUP133,0.380894800598147,1,0.4402497261250976,819,1013
Replogle,NUP153,0.17410895034832938,0,0.3344581264896182,819,1013
Replogle,NUP160,0.4105869202672155,1,0.45615557443542537,819,1013
Replogle,NUP205,-0.2385344966621907,0,0.17051785507305997,819,1013
Replogle,NUP214,0.16226492219967423,0,0.32877152971950485,819,1013
Replogle,NUP35,0.0918297936124598,0,0.29601984559318817,819,1013
Replogle,NUP54,0.5607306419270836,1,0.5372839871269587,819,1013
Replogle,NUP62,0.7735381866950615,1,0.6480317649048525,819,1013
Replogle,NUP85,0.4738077714301549,1,0.49028128401605076,819,1013
Replogle,NUP93,-0.07632854841546638,0,0.22607823419491624,819,1013
Replogle,NUP98,0.514415086047818,1,0.512268573292907,819,1013
Replogle,NUS1,-0.0691066666261782,0,0.22882715731689643,819,1013
Replogle,NUTF2,0.5768078687383931,1,0.5459301300694537,819,1013
Replogle,NVL,0.4089514792517329,1,0.45527684558918136,819,1013
Replogle,NXF1,-0.25389922767897966,0,0.16586171752081133,819,1013
Replogle,OGFOD1,0.3172051483237351,1,0.40658193502209256,819,1013
Replogle,OIP5,-0.2508873017262211,0,0.16676635592802425,819,1013
Replogle,OLFML3,-0.22817210704249685,0,0.17371632763448364,819,1013
Replogle,OPA1,0.35008698885529393,1,0.4238753150976116,819,1013
Replogle,OR1D2,-0.27733156656625685,0,0.1589576621177116,819,1013
Replogle,OR2A1,-0.4092647501771967,0,0.12435734087628258,819,1013
Replogle,OR2T29,-0.10461318122803395,0,0.2155381374045251,819,1013
Replogle,OR2T5,-0.09407065472490263,0,0.2194245815542212,819,1013
Replogle,OR4F4,-0.15636621365696138,0,0.19718721328646835,819,1013
Replogle,OR4N2,-0.14047681211909965,0,0.20269285285841937,819,1013
Replogle,OR7A17,-0.12451662086952457,0,0.2083376177160138,819,1013
Replogle,ORC1,0.3776905164872715,1,0.43853993586142226,819,1013
Replogle,ORC3,-0.2059613704178276,0,0.18073119989464395,819,1013
Replogle,ORC4,0.09875166864635802,0,0.2991540506687844,819,1013
Replogle,ORC5,0.3724197397642762,1,0.4357306656603647,819,1013
Replogle,ORC6,0.2926407914425625,0,0.39380993140823994,819,1013
Replogle,OSBP,0.0063774792349164606,0,0.25895036779871455,819,1013
Replogle,OSGEP,-0.2096958423745377,0,0.17953647919534615,819,1013
Replogle,OSTC,-0.17250956331123848,0,0.19170988936295438,819,1013
Replogle,OTOP1,-0.1902949196495524,0,0.1858106828767705,819,1013
Replogle,OTX1,-0.12803063010361018,0,0.20708492194015035,819,1013
Replogle,OVCA2,-0.08246220874595335,0,0.22376195106642383,819,1013
Replogle,OXA1L,0.5462833416287852,1,0.5294950728686019,819,1013
Replogle,PABPN1,0.4460588842577569,1,0.4752727800396114,819,1013
Replogle,PAF1,0.7775931355878805,1,0.6500326320627838,819,1013
Replogle,PAFAH1B1,-0.0011609050792928597,0,0.2558291319805568,819,1013
Replogle,PALB2,-0.08215565207452823,0,0.223877315472449,819,1013
Replogle,PAM16,0.6951890698383039,1,0.6084206368157351,819,1013
Replogle,PARN,-0.02332285355746001,0,0.24679706374856172,819,1013
Replogle,PARS2,0.07325340014183893,0,0.28770346181297013,819,1013
Replogle,PAXBP1,0.4438957818964825,1,0.474104349948794,819,1013
Replogle,PC,-0.23840423116913717,0,0.17055777106304015,819,1013
Replogle,PCBP1,0.19431132462813888,1,0.34426900033114105,819,1013
Replogle,PCBP2,-0.11663837842004283,0,0.21116636259646093,819,1013
Replogle,PCF11,0.35863710022059514,1,0.428404571870054,819,1013
Replogle,PCID2,-0.12117874602623059,0,0.20953268658047117,819,1013
Replogle,PCNA,0.6912390223177682,1,0.6063801832040229,819,1013
Replogle,PDAP1,0.4816135577561066,1,0.4945075207163441,819,1013
Replogle,PDCD11,0.6930467209662727,1,0.6073144411377208,819,1013
Replogle,PDCD2,0.3377228159074872,1,0.4173483778285508,819,1013
Replogle,PDCD5,-0.16787699312477114,0,0.19326971495573927,819,1013
Replogle,PDCD6,-0.2849401447695398,0,0.15676657840910763,819,1013
Replogle,PDCD6IP,-0.3525786925928,0,0.13835684063174472,819,1013
Replogle,PDCD7,0.30407071214995623,0,0.3997359096463783,819,1013
Replogle,PDPK1,0.11525719055037503,0,0.3067037617510655,819,1013
Replogle,PDRG1,0.30794766642734245,1,0.40175274172092873,819,1013
Replogle,PELO,0.375396846625975,1,0.43731693807185423,819,1013
Replogle,PELP1,0.43597403031712295,1,0.4698278213926656,819,1013
Replogle,PES1,0.5332875412044129,1,0.5224762961952847,819,1013
Replogle,PET117,0.08560241934768942,0,0.2932164363819889,819,1013
Replogle,PEX1,0.1952032544750463,0,0.3447053002447242,819,1013
Replogle,PFDN2,0.5871297277560286,1,0.5514668691526602,819,1013
Replogle,PFDN5,-0.23348438108801514,0,0.17207075085845536,819,1013
Replogle,PFDN6,-0.047167207655949395,0,0.23732162248168473,819,1013
Replogle,PFN1,-0.04307424279880041,0,0.2389301436456685,819,1013
Replogle,PGAM1,0.1942671715493437,1,0.3442474090508998,819,1013
Replogle,PGD,0.34402053549754563,1,0.42066942058842516,819,1013
Replogle,PGPEP1,0.4297081365054395,1,0.46644830587168085,819,1013
Replogle,PGS1,-0.021274026931435052,0,0.2476229971764557,819,1013
Replogle,PHAX,0.42984135093228343,1,0.46652012427124023,819,1013
Replogle,PHB,0.9245318892203366,1,0.718590876554152,819,1013
Replogle,PHB2,0.866785748448949,1,0.6926190836783305,819,1013
Replogle,PHF12,-0.0004573351432143911,0,0.25611939501772085,819,1013
Replogle,PHF5A,0.652644538030705,1,0.5862581387434861,819,1013
Replogle,PI4KA,-0.016425138624618196,0,0.24958508164124313,819,1013
Replogle,PIAS4,0.5220784944260047,1,0.5164152697655442,819,1013
Replogle,PIGH,-0.11178504301628388,0,0.21292294075386395,819,1013
Replogle,PIK3C3,-0.1530467314282295,0,0.1983280104123887,819,1013
Replogle,PIK3R4,-0.0301141814467436,0,0.24407257892134882,819,1013
Replogle,PKM,-0.214343393157165,0,0.1780582771391828,819,1013
Replogle,PKMYT1,-0.09794476791014729,0,0.21799058288308434,819,1013
Replogle,PLA2G10,-0.31270193133739393,0,0.14897998345664618,819,1013
Replogle,PLEKHN1,-0.1934917720309078,0,0.18476530509370173,819,1013
Replogle,PLK1,-0.005505017818978028,0,0.25404172252379875,819,1013
Replogle,PLRG1,0.7630516592341354,1,0.6428332915596368,819,1013
Replogle,PMF1,0.3022323895748472,1,0.39878077731776845,819,1013
Replogle,PMPCA,0.4725782657096915,1,0.4896157117942668,819,1013
Replogle,PMPCB,0.6332822004177057,1,0.576049059595174,819,1013
Replogle,PNISR,0.13817447309768607,0,0.3173598752963002,819,1013
Replogle,PNKP,-0.28942181695498087,0,0.15548751089538684,819,1013
Replogle,PNN,0.33227239195584163,0,0.41448017689563993,819,1013
Replogle,PNO1,0.5854488043179154,1,0.5505660387407054,819,1013
Replogle,PNPT1,0.5070337248278528,1,0.5082728896246931,819,1013
Replogle,POLA1,0.48725801524079265,1,0.49756408686309406,819,1013
Replogle,POLA2,0.531589433018753,1,0.5215584655853114,819,1013
Replogle,POLD1,0.6381514916852777,1,0.5786229426415886,819,1013
Replogle,POLD2,0.48567539642201946,1,0.4967070446540847,819,1013
Replogle,POLD3,0.5882349639136866,1,0.5520589970969423,819,1013
Replogle,POLE,0.5825131316074615,1,0.548991978352546,819,1013
Replogle,POLE2,0.2275130961306695,0,0.3606819866684203,819,1013
Replogle,POLG2,0.06411882740762366,0,0.28366552307749016,819,1013
Replogle,POLR1A,0.5834879160157777,1,0.5495147523635908,819,1013
Replogle,POLR1B,0.754666275456507,1,0.6386520161023447,819,1013
Replogle,POLR1C,0.40209171779847563,1,0.4515941642557729,819,1013
Replogle,POLR1E,0.39756273806591735,1,0.4491656462622314,819,1013
Replogle,POLR2A,0.4650718716410806,1,0.4855531372140116,819,1013
Replogle,POLR2B,0.6218630735738065,1,0.5699969919617014,819,1013
Replogle,POLR2C,0.6729677504749282,1,0.5968945465972494,819,1013
Replogle,POLR2D,0.3850287404725287,1,0.4424576664693883,819,1013
Replogle,POLR2E,0.07584467760752875,1,0.28885515495463737,819,1013
Replogle,POLR2F,0.4816593973165783,1,0.49453234224463005,819,1013
Replogle,POLR2G,0.7528588594192234,1,0.6377479846084393,819,1013
Replogle,POLR2H,0.7796155126419877,1,0.6510285854767998,819,1013
Replogle,POLR2I,0.700312671687538,1,0.6110616623578302,819,1013
Replogle,POLR2L,0.41769436590960546,1,0.4599775343834672,819,1013
Replogle,POLR3B,0.26542915337937195,1,0.3798296642142215,819,1013
Replogle,POLR3C,0.016322221441339633,0,0.26310566207162067,819,1013
Replogle,POLR3D,0.21644270233385482,0,0.3551709231204712,819,1013
Replogle,POLR3E,0.10302051862942105,1,0.3010964245766683,819,1013
Replogle,POLR3F,0.18990728162771034,1,0.3421185600493268,819,1013
Replogle,POLR3H,-0.12456441429548269,0,0.20832054262651414,819,1013
Replogle,POLR3K,0.09064965874888341,0,0.2954873862185438,819,1013
Replogle,POLRMT,0.6181044408842985,1,0.5680002618757188,819,1013
Replogle,POP1,0.47283321560767533,1,0.4897537216817138,819,1013
Replogle,POP4,0.388238025021753,1,0.44417332183358643,819,1013
Replogle,POP5,0.4746518360270533,1,0.4907382242646126,819,1013
Replogle,POP7,-0.08336432918686067,0,0.22342270766248193,819,1013
Replogle,POTEI,0.019428674473083586,0,0.2644124095448843,819,1013
Replogle,POU5F1B,0.19936527229213322,0,0.346744662264864,819,1013
Replogle,PPA1,0.07954584351292582,0,0.2905048758231332,819,1013
Replogle,PPA2,-0.03837901155343582,0,0.24078454464305826,819,1013
Replogle,PPAN,0.5032089301233976,1,0.5062020009657275,819,1013
Replogle,PPARGC1B,-0.03946081880883398,0,0.24035641051966894,819,1013
Replogle,PPIA,-0.2411032148076588,0,0.16973226319524246,819,1013
Replogle,PPIH,0.18294880015019505,0,0.33873402933031427,819,1013
Replogle,PPIL2,-0.06875331388145804,0,0.22896225818249402,819,1013
Replogle,PPIL4,0.5993469428496654,1,0.5580037408395324,819,1013
Replogle,PPME1,-0.15160712122483008,0,0.19882429904297907,819,1013
Replogle,PPP1CA,0.04246141031582958,0,0.27423002287162845,819,1013
Replogle,PPP1CB,-0.17298037260461616,0,0.19155190268014444,819,1013
Replogle,PPP1R11,0.32088362741976173,0,0.40850590581734486,819,1013
Replogle,PPP1R12A,-0.2050395968497681,0,0.181027042584722,819,1013
Replogle,PPP1R15B,0.1674832282426724,0,0.3312709030815827,819,1013
Replogle,PPP1R2,0.10184268127382713,0,0.30055977864436906,819,1013
Replogle,PPP1R7,-0.023437697315867104,0,0.24675082221071254,819,1013
Replogle,PPP1R8,0.23805056686427772,0,0.36596208981705014,819,1013
Replogle,PPP2CA,-0.044629878797515454,0,0.23831790411293813,819,1013
Replogle,PPP2R1A,-0.18263139702015335,0,0.1883352437750272,819,1013
Replogle,PPP2R3C,-0.020653850574833564,0,0.24787337112499333,819,1013
Replogle,PPP4C,0.23235327896170507,1,0.36310320673018937,819,1013
Replogle,PPP4R2,0.27944583378376714,1,0.3870075958225823,819,1013
Replogle,PPP6C,0.01039223678370112,0,0.26062273653180335,819,1013
Replogle,PPRC1,0.5052156007630271,1,0.5072885194645105,819,1013
Replogle,PRC1,-0.3807951348364215,0,0.13122990281463542,819,1013
Replogle,PRELID1,0.20155382109691075,1,0.34781930489945406,819,1013
Replogle,PRELID3B,0.6001325484244177,1,0.5584234201174632,819,1013
Replogle,PRIM1,0.6019106036006492,1,0.5593729680078997,819,1013
Replogle,PRIM2,0.6680052008003219,1,0.5943053215315675,819,1013
Replogle,PRKRA,0.09131519024014714,0,0.29578759580661396,819,1013
Replogle,PRKRIP1,-0.2768014171625039,0,0.15911125387885358,819,1013
Replogle,PRMT1,0.3938950715743015,1,0.4472007484180154,819,1013
Replogle,PRMT5,0.04837656304651701,0,0.27678762171942156,819,1013
Replogle,PRODH,-0.4346106321488633,0,0.11850090845002567,819,1013
Replogle,PRPF18,0.5805535199509742,1,0.5479407182253175,819,1013
Replogle,PRPF19,0.5683548636389599,1,0.5413873221034864,819,1013
Replogle,PRPF3,0.7104554864626443,1,0.6162705936166222,819,1013
Replogle,PRPF4,0.676639371047216,1,0.598806764889857,819,1013
Replogle,PRPF40A,0.4779364149442995,1,0.49251649422897004,819,1013
Replogle,PRPF4B,0.21209913716432174,1,0.35301896416856354,819,1013
Replogle,PRPF6,0.5098711982020523,1,0.5098090256714012,819,1013
Replogle,PRPF8,0.4415866140956436,1,0.4728573337608611,819,1013
Replogle,PRRC2A,0.18387353620634747,0,0.3391828710360968,819,1013
Replogle,PSAT1,-0.03677608513812637,0,0.24141987280122515,819,1013
Replogle,PSMA1,0.40038029576574413,1,0.4506761925020219,819,1013
Replogle,PSMA2,0.2946810985422263,0,0.39486551936762176,819,1013
Replogle,PSMA3,0.6325705684069411,1,0.5756725451714836,819,1013
Replogle,PSMA4,0.5987881625443624,1,0.5577051836927546,819,1013
Replogle,PSMB1,0.3610222103478838,1,0.4296702148928736,819,1013
Replogle,PSMB2,0.5620194623068491,1,0.5379779968778005,819,1013
Replogle,PSMB4,0.07334274400041604,0,0.2877431251003124,819,1013
Replogle,PSMB5,0.5503937234244941,1,0.5317127156470413,819,1013
Replogle,PSMB6,0.5698937224457783,1,0.5422148694188248,819,1013
Replogle,PSMB7,0.36366741311647255,1,0.43107494979241984,819,1013
Replogle,PSMC1,0.7184999086217353,1,0.6203830528716108,819,1013
Replogle,PSMC2,0.6359150784860784,1,0.5774413074397181,819,1013
Replogle,PSMC4,0.767432029772615,1,0.6450089411853662,819,1013
Replogle,PSMC6,0.537123630078495,1,0.5245491411484321,819,1013
Replogle,PSMD1,0.24214603466882517,1,0.36802304699707705,819,1013
Replogle,PSMD11,0.5538149276146249,1,0.5335575806784592,819,1013
Replogle,PSMD12,0.6056095813483658,1,0.5613469613469025,819,1013
Replogle,PSMD13,0.6094134042964202,1,0.5633748827413256,819,1013
Replogle,PSMD2,0.8546533526833333,1,0.6869957074547456,819,1013
Replogle,PSMD3,0.41097282491982257,0,0.4563629625256213,819,1013
Replogle,PSMD4,0.5465258937534316,1,0.529625968357322,819,1013
Replogle,PSMD6,0.7119055825724793,1,0.617013158839977,819,1013
Replogle,PSMD7,0.6994378533897972,1,0.6106111827148996,819,1013
Replogle,PSMD9,-0.05823765212068387,0,0.2330084561972561,819,1013
Replogle,PSME1,0.207236131397356,1,0.3506167115053019,819,1013
Replogle,PSME2,-0.20910642905108526,0,0.17972463162980717,819,1013
Replogle,PSMG1,-0.04801917050932473,0,0.23698774353892973,819,1013
Replogle,PSMG2,-0.24158170889352046,0,0.16958624375109477,819,1013
Replogle,PSMG3,-0.14861695569297526,0,0.19985810547546337,819,1013
Replogle,PSMG4,0.4468291476510084,1,0.4756889146606916,819,1013
Replogle,PSTK,-0.40151614167358424,0,0.12619666817218853,819,1013
Replogle,PTBP1,0.3233978281089533,1,0.4098225375578031,819,1013
Replogle,PTCD1,0.19212576292327427,1,0.34320101312580453,819,1013
Replogle,PTCD3,0.11429603879204815,0,0.3062612189876742,819,1013
Replogle,PTK2,-0.09077801517825625,0,0.22064866977758482,819,1013
Replogle,PTMA,0.08671870122121147,0,0.29371781506153183,819,1013
Replogle,PTPMT1,-0.11417617615369179,0,0.21205618360533543,819,1013
Replogle,PTPN23,-0.21913776096849863,0,0.1765433867086842,819,1013
Replogle,PUF60,0.28192625248221914,0,0.3882830431238897,819,1013
Replogle,PWP1,0.23515529512533717,0,0.3645080559144047,819,1013
Replogle,PWP2,0.50198032569861,1,0.5055367394396098,819,1013
Replogle,PXN,-0.15709679143584312,0,0.19693680334881486,819,1013
Replogle,PYROXD1,-0.08777371276410563,0,0.2217698287844207,819,1013
Replogle,QARS,0.7511323083068216,1,0.636883488831687,819,1013
Replogle,QRSL1,-0.020111471044018794,0,0.24809247647631594,819,1013
Replogle,RAB4A,-0.19827860699089087,0,0.18320851305454602,819,1013
Replogle,RAB6A,-0.07249486529255227,0,0.22753456092153418,819,1013
Replogle,RABGGTA,0.17906830726545006,0,0.33685371156856325,819,1013
Replogle,RABGGTB,-0.14905981373929808,0,0.19970473968745758,819,1013
Replogle,RAC1,-0.1154513711222745,0,0.2115949961934535,819,1013
Replogle,RAC3,-0.017909989286323383,0,0.24898314184545356,819,1013
Replogle,RACGAP1,0.2516040444046511,0,0.3728009454846285,819,1013
Replogle,RAD17,-0.13576572927244843,0,0.20434710222002994,819,1013
Replogle,RAD21,0.49801814608862066,1,0.5033911870684483,819,1013
Replogle,RAD51,0.4399122279803319,1,0.47195332857970174,819,1013
Replogle,RAD51C,0.42962439950511105,1,0.46640316239368707,819,1013
Replogle,RAD51D,-0.11453197600240686,0,0.21192743106823206,819,1013
Replogle,RAE1,0.5464129471703058,1,0.5295650161990344,819,1013
Replogle,RAN,0.22021594490650806,0,0.35704509307924154,819,1013
Replogle,RANBP2,-0.12438123471816394,0,0.20838599253236914,819,1013
Replogle,RANGAP1,0.5124522883128289,1,0.5112062022132339,819,1013
Replogle,RARS,0.646919673017207,1,0.5832469146111943,819,1013
Replogle,RARS2,0.26124375956303686,1,0.3776963218929791,819,1013
Replogle,RBBP4,0.24713814132455245,0,0.37054174661153616,819,1013
Replogle,RBBP6,0.3834936755390517,1,0.441637516884701,819,1013
Replogle,RBBP8,0.3129753634978234,1,0.4043731535961246,819,1013
Replogle,RBM10,0.006016433268247705,0,0.25880031480194354,819,1013
Replogle,RBM14,0.5185449642793951,1,0.5145035107647457,819,1013
Replogle,RBM17,0.2535192982270194,0,0.3737715394834696,819,1013
Replogle,RBM25,0.7063828268967469,1,0.6141821739882354,819,1013
Replogle,RBM28,0.5393202608151288,1,0.5257357226184609,819,1013
Replogle,RBM39,0.3411992922274018,0,0.4191807578624232,819,1013
Replogle,RBM4,0.0709868594713419,1,0.28669834541264944,819,1013
Replogle,RBM42,0.2912087077985635,0,0.39306960931134666,819,1013
Replogle,RBM48,0.3639287157886464,0,0.4312137751699735,819,1013
Replogle,RBMX,0.3879625146939064,1,0.4440259835873108,819,1013
Replogle,RBMX2,0.621645871260863,1,0.5698816670752986,819,1013
Replogle,RBMXL1,0.04666939083746481,0,0.2760479632320473,819,1013
Replogle,RBX1,0.5382832397326919,1,0.5251755773783078,819,1013
Replogle,RCC1,0.12281849169901614,1,0.3101975949374212,819,1013
Replogle,RCL1,0.5688181336474079,1,0.5416364776079571,819,1013
Replogle,REV3L,-0.2756853266242149,0,0.15943499432928426,819,1013
Replogle,REXO2,0.29916775864444184,0,0.3971902095849372,819,1013
Replogle,RFC1,0.4823845690537563,1,0.49492501685340745,819,1013
Replogle,RFC2,0.4594499177350272,1,0.4825116707211581,819,1013
Replogle,RFC3,0.4469415633122846,1,0.47574965003276926,819,1013
Replogle,RFC4,0.39134383556133495,1,0.44583492979448597,819,1013
Replogle,RFC5,0.2737283142798951,1,0.38407353182784737,819,1013
Replogle,RFT1,0.03253430271687533,0,0.26997093193400684,819,1013
Replogle,RGP1,-0.15768182719793752,0,0.19673645192580358,819,1013
Replogle,RGPD6,-0.2425410507775863,0,0.16929378774884105,819,1013
Replogle,RHOQ,-0.3050557968957624,0,0.15109216979125797,819,1013
Replogle,RHPN1,-0.3444296007846174,0,0.14047475102690757,819,1013
Replogle,RINT1,0.17670811482658305,1,0.33571258113720065,819,1013
Replogle,RIOK1,0.5403348196509474,1,0.526283672248286,819,1013
Replogle,RIOK2,0.5728858334359248,1,0.5438232569873906,819,1013
Replogle,RMI1,0.03564542424150677,0,0.2713012224956993,819,1013
Replogle,RNASEH2C,0.16565050852527655,0,0.33039200521454726,819,1013
Replogle,RNF103,-0.11349321641096988,0,0.21230348496352655,819,1013
Replogle,RNF113A,0.608129829724105,1,0.5626908076240906,819,1013
Replogle,RNF123,-0.10678791459582263,0,0.21474267471504382,819,1013
Replogle,RNF14,-0.21909334493995458,0,0.17655737438750543,819,1013
Replogle,RNF168,0.028973445650591123,0,0.2684533928561115,819,1013
Replogle,RNF20,0.6194312439921056,1,0.5687053665064113,819,1013
Replogle,RNF40,0.2769138988202087,1,0.38570725494418906,819,1013
Replogle,RNF8,-0.16129784786728119,0,0.19550152464228068,819,1013
Replogle,RNGTT,0.199248141594648,1,0.34668719151970306,819,1013
Replogle,RNMT,0.47131060600553265,1,0.4889295241273036,819,1013
Replogle,RNPC3,0.4098407185234036,1,0.45575460313217236,819,1013
Replogle,RNPS1,0.2710927055545016,1,0.38272383602965243,819,1013
Replogle,ROMO1,0.6274107161241627,1,0.5729399385312948,819,1013
Replogle,RPA1,0.2534303721233415,1,0.37372645179503267,819,1013
Replogle,RPA2,0.5763942153362809,1,0.5457079963790927,819,1013
Replogle,RPA3,0.4735320954465315,1,0.4901320483831394,819,1013
Replogle,RPAIN,-0.02994655313378882,0,0.24413958081200882,819,1013
Replogle,RPAP1,0.603395567115555,1,0.5601656615522306,819,1013
Replogle,RPAP2,0.6701297994020433,1,0.5954144882741705,819,1013
Replogle,RPE,-0.17026507747753672,0,0.19246442453561688,819,1013
Replogle,RPF1,0.44811670582953,1,0.4763845927691107,819,1013
Replogle,RPF2,0.44529928536183977,1,0.4748624405352148,819,1013
Replogle,RPL10,0.6181013474336086,1,0.5679986175961812,819,1013
Replogle,RPL10A,0.5882551395066044,1,0.55206980476172,819,1013
Replogle,RPL11,0.6125137404159089,1,0.5650261933633706,819,1013
Replogle,RPL12,0.6293541038190654,1,0.5739696694790171,819,1013
Replogle,RPL13,0.6097855981683341,1,0.5635731967702723,819,1013
Replogle,RPL13A,0.12991272381076563,0,0.31349542894915183,819,1013
Replogle,RPL14,0.7599453256371301,1,0.6412868495731314,819,1013
Replogle,RPL15,0.742278237526124,1,0.632436382041986,819,1013
Replogle,RPL17,0.8447537237255153,1,0.6823660185487934,819,1013
Replogle,RPL18,0.6795676124416009,1,0.6003296735224203,819,1013
Replogle,RPL18A,0.48206719734104175,1,0.4947531618483647,819,1013
Replogle,RPL19,0.7389300304617517,1,0.6307487515444208,819,1013
Replogle,RPL21,0.6280952534435215,1,0.5733027227380232,819,1013
Replogle,RPL23,0.7764008735942725,1,0.6494448684150051,819,1013
Replogle,RPL23A,0.7979911159771997,1,0.6600167643515382,819,1013
Replogle,RPL24,0.7066021932781115,1,0.6142947708363274,819,1013
Replogle,RPL26,0.7275598061101317,1,0.6249940014765325,819,1013
Replogle,RPL26L1,-0.09540385760658797,0,0.21893033396223563,819,1013
Replogle,RPL27A,0.7872577055153428,1,0.6547801617047347,819,1013
Replogle,RPL28,0.2642669546513806,0,0.37923680864745446,819,1013
Replogle,RPL29,0.04925366248815728,0,0.27716811384976875,819,1013
Replogle,RPL3,-0.12550200072677026,1,0.20798578099609533,819,1013
Replogle,RPL30,0.6642998215014243,1,0.5923685946978484,819,1013
Replogle,RPL31,0.7967904803442647,1,0.6594329100682518,819,1013
Replogle,RPL32,0.5689801572809592,1,0.5417236121206983,819,1013
Replogle,RPL34,0.6998868900968608,1,0.6108424336788789,819,1013
Replogle,RPL35A,0.5940801803056497,1,0.5551880662645732,819,1013
Replogle,RPL36,0.7923751422040428,1,0.6572816300251534,819,1013
Replogle,RPL36A,0.30882456198999914,0,0.40220937609701224,819,1013
Replogle,RPL36AL,-0.2085178145802067,0,0.17991268268524627,819,1013
Replogle,RPL37,0.42310074760540867,1,0.4628879434350149,819,1013
Replogle,RPL37A,0.6435106665965078,1,0.5814508398151467,819,1013
Replogle,RPL38,0.7210451687594386,1,0.621680676271755,819,1013
Replogle,RPL4,0.6606959693802424,1,0.5904821766897485,819,1013
Replogle,RPL5,0.6564883592238421,1,0.5882763538106405,819,1013
Replogle,RPL6,0.7993624870522118,1,0.6606830507937925,819,1013
Replogle,RPL7,0.6892213872925531,1,0.6053365062837583,819,1013
Replogle,RPL8,0.6746776143413267,1,0.5977854317562875,819,1013
Replogle,RPL9,0.6527951004653386,1,0.5863372472149108,819,1013
Replogle,RPLP0,0.6164600624138031,1,0.5671260055416093,819,1013
Replogle,RPLP1,0.3622643929203463,1,0.43032973631243293,819,1013
Replogle,RPLP2,0.48931212752531256,1,0.49867647950748545,819,1013
Replogle,RPN1,0.1519624833463393,0,0.32386549664672964,819,1013
Replogle,RPN2,-0.06765906928088287,0,0.22938098722897854,819,1013
Replogle,RPP14,0.5042198774150168,1,0.5067493897081486,819,1013
Replogle,RPP21,0.007723521611624582,0,0.2595102902004989,819,1013
Replogle,RPP30,0.5255522031306649,1,0.5182941954285618,819,1013
Replogle,RPP38,0.30856768828289,0,0.4020755941422658,819,1013
Replogle,RPP40,0.5169755938783813,1,0.513654288980155,819,1013
Replogle,RPS10,0.5387020474138425,1,0.5254018033680237,819,1013
Replogle,RPS10-NUDT3,0.6138641061628688,1,0.5657449807156327,819,1013
Replogle,RPS11,0.6700336531197112,1,0.5953643151566452,819,1013
Replogle,RPS12,0.6139884857740471,1,0.5658111729883504,819,1013
Replogle,RPS13,0.7334776303481767,1,0.627993682668092,819,1013
Replogle,RPS14,0.5436541450322178,1,0.5280759461238199,819,1013
Replogle,RPS15A,0.6071147751867638,1,0.5621496699936385,819,1013
Replogle,RPS16,0.6545357194787317,1,0.5872514783148858,819,1013
Replogle,RPS17,0.49694657881526283,1,0.5028108999464522,819,1013
Replogle,RPS18,0.7275218012031207,1,0.6249747058695825,819,1013
Replogle,RPS19,0.6811858119808196,1,0.601170431255948,819,1013
Replogle,RPS19BP1,0.5792593701533502,1,0.5472462188834141,819,1013
Replogle,RPS2,0.5294221926831484,1,0.520386857540107,819,1013
Replogle,RPS20,0.5196872877071094,1,0.5151215954024169,819,1013
Replogle,RPS21,0.4203442964384973,1,0.46140373877029706,819,1013
Replogle,RPS23,0.6694769409813066,1,0.5950737605234698,819,1013
Replogle,RPS24,0.7147727191379534,1,0.6184797531396553,819,1013
Replogle,RPS26,0.7135851907060614,1,0.6178725703176611,819,1013
Replogle,RPS27,0.6223665254563835,1,0.5702642735657809,819,1013
Replogle,RPS27A,0.6988199226255264,1,0.6102928710712713,819,1013
Replogle,RPS28,0.5357764414289546,1,0.523821275413149,819,1013
Replogle,RPS29,0.409159430004968,1,0.4553885630038309,819,1013
Replogle,RPS3,0.725785351136813,1,0.6240926639364954,819,1013
Replogle,RPS3A,0.5624074114251599,1,0.5381868727576614,819,1013
Replogle,RPS4X,0.7753475013381496,1,0.6489251971953984,819,1013
Replogle,RPS5,0.6719789468548377,1,0.5963790609853725,819,1013
Replogle,RPS6,0.7716952400392825,1,0.6471206588727818,819,1013
Replogle,RPS7,0.7026344092044902,1,0.6122562986830392,819,1013
Replogle,RPS9,0.6105031357997852,1,0.563955461003788,819,1013
Replogle,RPSA,0.5220234699792171,1,0.516385503220779,819,1013
Replogle,RPTOR,0.44772921035807933,1,0.4761752160653468,819,1013
Replogle,RPUSD3,-0.052858934183725094,0,0.2350972206118394,819,1013
Replogle,RPUSD4,0.1023833323461909,0,0.30080604221624085,819,1013
Replogle,RRM1,0.6438514290880618,1,0.5816304725031609,819,1013
Replogle,RRM2,0.32671214432119355,1,0.41156014647406863,819,1013
Replogle,RRP1,0.3351086687192821,1,0.4159720129419638,819,1013
Replogle,RRP12,0.5963609828796903,1,0.5564078566315892,819,1013
Replogle,RRP9,0.30993489771473276,1,0.40278781539716374,819,1013
Replogle,RRS1,0.5808338899118786,1,0.5480911529256849,819,1013
Replogle,RSL1D1,0.17588553769222776,1,0.33531532255965457,819,1013
Replogle,RSL24D1,0.5185844004740728,1,0.5145248495226857,819,1013
Replogle,RSRC2,-0.018067880391727107,0,0.24891919189056208,819,1013
Replogle,RTCB,0.13497419959013165,0,0.31585991455240364,819,1013
Replogle,RTEL1,-0.1683979616703239,0,0.19309381993142186,819,1013
Replogle,RTF1,0.7140573275425224,1,0.6181140179000227,819,1013
Replogle,RTTN,-0.04716218679307013,0,0.23732359108667445,819,1013
Replogle,RUVBL1,0.7423100250078304,1,0.6324523887404223,819,1013
Replogle,SACM1L,-0.12920624537655528,0,0.2066670756622112,819,1013
Replogle,SAE1,0.37656288182259495,1,0.43793858039361366,819,1013
Replogle,SAMM50,0.6281351856294372,1,0.5733238831658208,819,1013
Replogle,SAP130,0.2058568251290975,0,0.3499367246057289,819,1013
Replogle,SAP18,0.4216573600654825,1,0.4621106710935292,819,1013
Replogle,SARNP,-0.0672101513368937,0,0.22955292789746568,819,1013
Replogle,SARS2,0.09917423768581862,0,0.29934600379443266,819,1013
Replogle,SART1,0.5861030492665616,1,0.5509166975275014,819,1013
Replogle,SART3,0.3974534527741566,1,0.44910707504154784,819,1013
Replogle,SASS6,0.05091039239714433,0,0.27788769453557544,819,1013
Replogle,SBDS,-0.17514260444831403,0,0.19082761127051678,819,1013
Replogle,SBNO1,-0.11109088612316362,0,0.21317504782109675,819,1013
Replogle,SCAF1,0.4365114490281586,1,0.4701178119725313,819,1013
Replogle,SCAP,0.057752487538716674,0,0.28087161672572214,819,1013
Replogle,SCFD1,0.2671214703362829,0,0.3806935825445409,819,1013
Replogle,SCNM1,-0.17191864383228356,0,0.19190832135147617,819,1013
Replogle,SDAD1,0.5391193444615139,1,0.5256272029936175,819,1013
Replogle,SDC1,0.13348371141014392,0,0.31516263035780107,819,1013
Replogle,SDE2,0.18873829804216022,0,0.34154884316188927,819,1013
Replogle,SDHA,0.03724740991533643,0,0.27198782128018417,819,1013
Replogle,SDHAF2,-0.15110674188696555,0,0.1989970174370288,819,1013
Replogle,SDHC,0.12058081211237337,0,0.30916135329753824,819,1013
Replogle,SEC13,0.5035118443667921,1,0.5063660188979086,819,1013
Replogle,SEC16A,-0.17949392041561765,0,0.1893763816517181,819,1013
Replogle,SEC61A1,0.4429936675105712,1,0.4736171432517688,819,1013
Replogle,SEC61B,0.07874063326128539,0,0.29014549607818113,819,1013
Replogle,SEC61G,0.5922733618235035,1,0.5542212931180747,819,1013
Replogle,SEC63,0.12098506614469515,0,0.3093484167642234,819,1013
Replogle,SEH1L,0.43875717351263765,1,0.4713298186675689,819,1013
Replogle,SEM1,0.5796677428195972,1,0.5474653901306095,819,1013
Replogle,SENP6,-0.1641763519408543,0,0.1945226721524353,819,1013
Replogle,SEPHS2,-0.18891802479072384,0,0.186262334886054,819,1013
Replogle,SEPSECS,-0.0038651757680743287,0,0.2547154759634862,819,1013
Replogle,SERBP1,0.06662963730732721,0,0.2847720110840424,819,1013
Replogle,SETD1A,0.6990275709141168,1,0.6103998464143772,819,1013
Replogle,SETD2,-0.06130553460409744,0,0.23182287932944376,819,1013
Replogle,SETDB1,0.3705869145610741,1,0.43475474505922196,819,1013
Replogle,SF3A1,0.03816280561121037,0,0.27238064116802435,819,1013
Replogle,SF3A2,0.5226500498498584,1,0.5167244568613665,819,1013
Replogle,SF3B1,0.36825256817552415,0,0.4335125133603061,819,1013
Replogle,SF3B2,0.5259957074543699,1,0.5185340503608438,819,1013
Replogle,SF3B3,0.5279850162113261,1,0.5196097968397837,819,1013
Replogle,SF3B4,0.4936949917928591,1,0.501050024229257,819,1013
Replogle,SF3B5,0.6721317220711526,1,0.5964587200795751,819,1013
Replogle,SFPQ,0.7676731993224175,1,0.6451285526890871,819,1013
Replogle,SFSWAP,0.2821549005003967,1,0.3884006927754854,819,1013
Replogle,SGPP1,-0.30118435523557213,0,0.15217098121540296,819,1013
Replogle,SHQ1,-0.06446165987273857,0,0.23060760337959163,819,1013
Replogle,SIGLEC14,0.04440574646950721,0,0.2750690927192013,819,1013
Replogle,SIN3A,0.05314615223293366,1,0.2788605896629609,819,1013
Replogle,SKA1,0.14921245642233283,0,0.32256239517966745,819,1013
Replogle,SKA3,0.1770956802472599,0,0.33589983413650304,819,1013
Replogle,SKP1,0.41170340308589937,0,0.45675562215859067,819,1013
Replogle,SKP2,0.13716380494599725,1,0.31688576558432346,819,1013
Replogle,SLBP,0.6544400501832122,1,0.5872012451767865,819,1013
Replogle,SLC16A5,0.1122617982643771,0,0.3053257719452808,819,1013
Replogle,SLC1A5,-0.4028673833397675,0,0.12587424992100402,819,1013
Replogle,SLC25A10,0.23095134832856207,1,0.36240119388255565,819,1013
Replogle,SLC25A3,-0.21514293705248402,0,0.1778049372710549,819,1013
Replogle,SLC35B1,0.04977994105101737,0,0.2773965720645431,819,1013
Replogle,SLC35G6,-0.37925252147026417,0,0.13161134621114753,819,1013
Replogle,SLC39A10,-0.09549283188198822,0,0.21889737778113783,819,1013
Replogle,SLC39A7,0.18047932910787895,0,0.3375368377624058,819,1013
Replogle,SLC39A9,-0.019198780424109396,1,0.24846146941703082,819,1013
Replogle,SLC4A5,-0.3066990266637639,0,0.15063617327293186,819,1013
Replogle,SLC7A5,0.2326300199781596,1,0.3632418531134727,819,1013
Replogle,SLC9B1,-0.12144705671509028,0,0.20943643661476738,819,1013
Replogle,SLU7,0.8131902561765897,1,0.667365466431064,819,1013
Replogle,SMAGP,-0.13800401857819683,0,0.20355990124570994,819,1013
Replogle,SMARCB1,-0.02923828020642203,0,0.24442281854629402,819,1013
Replogle,SMC1A,0.7594820382355383,1,0.6410559559665838,819,1013
Replogle,SMC2,0.34828889378196326,1,0.4229244077673081,819,1013
Replogle,SMC3,0.7224029049230032,1,0.6223721661150129,819,1013
Replogle,SMC4,0.13171775263714192,0,0.3143375514944425,819,1013
Replogle,SMC5,-0.13991555712015363,0,0.20288940668750344,819,1013
Replogle,SMC6,0.11366060940906464,0,0.3059688443874734,819,1013
Replogle,SMG5,0.6357982126469363,1,0.577379535502824,819,1013
Replogle,SMG6,0.16278080373377612,0,0.32901818922449666,819,1013
Replogle,SMN2,0.741291294087467,1,0.6319392580971577,819,1013
Replogle,SMU1,0.6725607210795669,1,0.5966823788461562,819,1013
Replogle,SMUG1,0.3121175164727092,0,0.4039256573739754,819,1013
Replogle,SNAPC1,0.5616411386300281,1,0.5377742905949261,819,1013
Replogle,SNAPC2,0.313872335205318,0,0.40484122932928784,819,1013
Replogle,SNAPC3,0.28385094776600955,1,0.3892737903543274,819,1013
Replogle,SNAPC4,0.059486796981640014,0,0.2816310651301878,819,1013
Replogle,SNAPC5,0.17779768767831516,0,0.3362391417705823,819,1013
Replogle,SNF8,-0.1529426840168989,0,0.19836384825103284,819,1013
Replogle,SNRNP200,0.6067974387637735,1,0.5619804637679637,819,1013
Replogle,SNRNP25,0.19095593953063617,1,0.34263002271742443,819,1013
Replogle,SNRNP35,0.35611356048883974,1,0.4270664914784903,819,1013
Replogle,SNRNP40,-0.17039102573681753,0,0.19242202431702973,819,1013
Replogle,SNRNP48,0.46773413070678216,1,0.4869938016004468,819,1013
Replogle,SNRNP70,0.6834293961718662,1,0.6023351289783331,819,1013
Replogle,SNRPA1,0.6371974809721963,1,0.5781189891713163,819,1013
Replogle,SNRPB,0.4238570324356905,1,0.4632952793514642,819,1013
Replogle,SNRPD1,0.7520528534514531,1,0.6373445225017844,819,1013
Replogle,SNRPD3,0.7132309513335793,1,0.617691376465425,819,1013
Replogle,SNRPE,0.6909375055792409,1,0.6062242768627273,819,1013
Replogle,SNRPF,0.7788370319566061,1,0.6506453651725367,819,1013
Replogle,SNRPG,0.5778384479661539,1,0.5464834759248547,819,1013
Replogle,SNUPN,-0.13890879755541313,0,0.20324233400579977,819,1013
Replogle,SNW1,0.06032054271257039,0,0.28199660365772644,819,1013
Replogle,SNX15,0.010772290919029686,1,0.2607814119543493,819,1013
Replogle,SOD1,-0.12016972773035142,0,0.20989493843573334,819,1013
Replogle,SOD2,-0.2254692222604602,0,0.17455835616197174,819,1013
Replogle,SON,0.5673679333211038,1,0.5408564631718575,819,1013
Replogle,SP2,-0.06800856559702226,0,0.22924718880844722,819,1013
Replogle,SPATA5,0.005700974222641986,0,0.258669254351699,819,1013
Replogle,SPATA5L1,0.09090447067228787,0,0.29560230651042774,819,1013
Replogle,SPC24,0.6803195133216589,1,0.6007204077766595,819,1013
Replogle,SPC25,0.6962188456913322,1,0.6089519633066993,819,1013
Replogle,SPCS2,0.1407321084134546,0,0.31856136832813514,819,1013
Replogle,SPCS3,0.11864678298143123,0,0.30826727130174925,819,1013
Replogle,SPDL1,0.0289530558369664,0,0.268444718845498,819,1013
Replogle,SPDYE2,-0.3407936219156147,0,0.14142844226554926,819,1013
Replogle,SPRTN,-0.04601453950010272,0,0.23777386145957508,819,1013
Replogle,SPTSSA,-0.20256662378922238,0,0.18182260512714016,819,1013
Replogle,SRBD1,0.32848524811779417,0,0.4124906473901437,819,1013
Replogle,SRCAP,-0.05719849073367896,0,0.2334109937538103,819,1013
Replogle,SRF,-0.10036920112016726,0,0.21709662627721812,819,1013
Replogle,SRFBP1,0.4590005872600306,1,0.48226863670308395,819,1013
Replogle,SRP14,0.15750584616577296,1,0.3265005269557333,819,1013
Replogle,SRP19,0.07896484584806937,0,0.29024553975877065,819,1013
Replogle,SRP54,0.3683863448077801,0,0.4335836807143678,819,1013
Replogle,SRP68,0.43925444526562096,1,0.471598240063057,819,1013
Replogle,SRP72,0.04691872920642269,0,0.2761559166054396,819,1013
Replogle,SRP9,0.1551345711182164,1,0.325371990778434,819,1013
Replogle,SRPRB,0.20393237241256137,0,0.34898900381638903,819,1013
Replogle,SRRM1,0.2036565449013484,1,0.3488532666782919,819,1013
Replogle,SRRM2,0.22043346564364605,1,0.35715326978060863,819,1013
Replogle,SRRT,0.6743756379184731,1,0.5976281406516616,819,1013
Replogle,SRSF1,0.5049527212798439,1,0.5071461861916421,819,1013
Replogle,SRSF10,0.2408209980459718,0,0.3673557186204012,819,1013
Replogle,SRSF11,-0.2769126747880951,0,0.15907901100219296,819,1013
Replogle,SRSF2,0.343497321604162,0,0.42039323067886225,819,1013
Replogle,SRSF6,-0.22578099999307505,0,0.17446106421634064,819,1013
Replogle,SRSF7,0.38463094131195447,1,0.4422451012958889,819,1013
Replogle,SS18L2,0.13406164704529472,0,0.31543290315089634,819,1013
Replogle,SSBP1,0.50320922264493,1,0.5062021593570039,819,1013
Replogle,SSBP3,-0.06744991156704949,0,0.22946108575166038,819,1013
Replogle,SSRP1,0.5292024388138825,1,0.5202680460700843,819,1013
Replogle,SSU72,0.36854924213332313,1,0.4336703435809822,819,1013
Replogle,SSX4,-0.08922929801471897,0,0.22122611891698804,819,1013
Replogle,STARD7,0.2499659683254652,1,0.3719716290471492,819,1013
Replogle,STAT5A,-0.019086188050634993,0,0.2485070149883963,819,1013
Replogle,STIL,-0.007449677187515689,0,0.25324425504963377,819,1013
Replogle,STRAP,0.33243202569981695,1,0.4145641003097835,819,1013
Replogle,STRIP1,0.05285498597544524,0,0.27873376986169107,819,1013
Replogle,STX18,0.16996214502726129,0,0.33246156461545207,819,1013
Replogle,STX5,-0.023651730840737083,0,0.246664657721563,819,1013
Replogle,SUGP1,0.32506615688757046,1,0.4106969199888161,819,1013
Replogle,SUGT1,0.3293522866247782,1,0.4129458856681217,819,1013
Replogle,SUMO2,0.3011912353113598,0,0.39824016856052596,819,1013
Replogle,SUPT16H,0.7208516077471497,1,0.6215820560063878,819,1013
Replogle,SUPT4H1,0.392637133479368,1,0.4465272032483027,819,1013
Replogle,SUPT5H,0.8372713470167529,1,0.678842632467067,819,1013
Replogle,SUPT6H,0.918361087004269,1,0.715879897898298,819,1013
Replogle,SUPV3L1,0.4419018161964852,1,0.473027532238216,819,1013
Replogle,SURF6,0.3525092256776627,1,0.4251571850188457,819,1013
Replogle,SYF2,0.4364447060341454,1,0.470081796420824,819,1013
Replogle,SYMPK,0.5865574357974324,1,0.551160207487606,819,1013
Replogle,SYS1,0.08174613565712148,0,0.2914882447241568,819,1013
Replogle,TACC3,0.011736948132240348,0,0.2611844441653362,819,1013
Replogle,TADA3,0.17954592583083276,0,0.33708486768590007,819,1013
Replogle,TAF1,0.7090108120479274,1,0.615530265157939,819,1013
Replogle,TAF12,0.7320450681923037,1,0.6272684264083664,819,1013
Replogle,TAF1B,0.14841652040366773,0,0.3221857534114295,819,1013
Replogle,TAF1C,0.28633947532578036,1,0.39055612880459106,819,1013
Replogle,TAF1D,0.3296434518744479,1,0.4130987953165901,819,1013
Replogle,TAF2,0.6145604050187587,1,0.566115506408598,819,1013
Replogle,TAF6,0.4835788066283388,1,0.49557170022315233,819,1013
Replogle,TAF7,0.5842055146991509,1,0.5498995286389848,819,1013
Replogle,TAF8,0.5701900548643374,1,0.5423742005812783,819,1013
Replogle,TAMM41,-0.09344604557706312,0,0.21965641365056696,819,1013
Replogle,TANGO6,0.5459282586212868,1,0.5293034417400293,819,1013
Replogle,TARDBP,-0.1206313780396909,0,0.20972914239126617,819,1013
Replogle,TARS,0.6025439962204675,1,0.5597111187947251,819,1013
Replogle,TARS2,0.20382391454196958,0,0.3489356278233487,819,1013
Replogle,TBC1D28,-0.1475024752268014,0,0.2002444511621131,819,1013
Replogle,TBCA,-0.2505734773023613,0,0.16686084043280391,819,1013
Replogle,TBCB,0.34993172642207626,1,0.42379318353018275,819,1013
Replogle,TBCC,-0.2343303320125709,0,0.17180984450114586,819,1013
Replogle,TBCE,-0.010163174359968353,0,0.2521342701292132,819,1013
Replogle,TBL3,0.5005434028565292,1,0.5047586534933256,819,1013
Replogle,TBP,0.31045402312406123,1,0.4030583513202982,819,1013
Replogle,TCERG1,0.19950866530362021,1,0.3468150248270358,819,1013
Replogle,TCOF1,0.25552199142112725,0,0.37478753290904315,819,1013
Replogle,TCP1,0.5506469002288057,1,0.5318492701413733,819,1013
Replogle,TDGF1,-0.20797061128754094,0,0.1800876413974647,819,1013
Replogle,TEAD3,-0.243185869776553,0,0.16909744001079505,819,1013
Replogle,TEFM,0.4194114865105151,1,0.4609016230443408,819,1013
Replogle,TELO2,0.5199227920779909,1,0.5152490156511588,819,1013
Replogle,TEN1,-0.16992852619138377,0,0.1925777587358396,819,1013
Replogle,TERF1,-0.02307474831393253,0,0.24689698256167017,819,1013
Replogle,TERF2,0.5522716889208562,1,0.5327255085147561,819,1013
Replogle,TEX10,0.4773544764334395,1,0.49220141781648424,819,1013
Replogle,TFAM,0.3286431218698652,0,0.41257352783081264,819,1013
Replogle,TFB2M,-0.11121764327227929,0,0.21312899534476273,819,1013
Replogle,TFDP1,0.2641675784016624,1,0.37918613198682394,819,1013
Replogle,TFIP11,0.40662506999193476,0,0.4540273378088883,819,1013
Replogle,TFRC,0.22811825275334022,0,0.3609843218468599,819,1013
Replogle,TGS1,-0.15621181073984525,0,0.1972401665526746,819,1013
Replogle,THAP1,0.42616932807911995,1,0.4645409861449715,819,1013
Replogle,THAP11,-0.036477267336104735,0,0.2415384370802714,819,1013
Replogle,THOC2,0.5999265968231344,1,0.5583134065169592,819,1013
Replogle,THOC3,0.2399010526454021,1,0.36689270501317756,819,1013
Replogle,THOC6,-0.04470880557064939,0,0.23828687026903067,819,1013
Replogle,THOC7,0.337551883904404,1,0.41725834145112456,819,1013
Replogle,TICRR,0.5630828066206419,1,0.5385504805968141,819,1013
Replogle,TIGD1,-0.022194172310560853,0,0.24725183422743677,819,1013
Replogle,TIMELESS,0.3720895672374195,0,0.43555482238531085,819,1013
Replogle,TIMM10,0.039008039294079005,0,0.2727436677517786,819,1013
Replogle,TIMM13,0.3831401511939291,1,0.44144868195905546,819,1013
Replogle,TIMM22,0.04280869934512371,0,0.2743797770847605,819,1013
Replogle,TIMM23B,0.8132694652471055,1,0.66740355492026,819,1013
Replogle,TIMM8A,-0.1796045673705955,0,0.1893395897330519,819,1013
Replogle,TIMM9,0.052832065644214325,1,0.27872378822995253,819,1013
Replogle,TINF2,0.20765222227379843,0,0.35082196029302637,819,1013
Replogle,TIPIN,0.15783357435984094,0,0.32665665778513014,819,1013
Replogle,TKT,-0.1874077639844168,0,0.18675870686121168,819,1013
Replogle,TLCD1,-0.17598944853380766,0,0.1905445114467032,819,1013
Replogle,TLN1,-0.17072126249814004,0,0.19231088458802034,819,1013
Replogle,TM7SF2,-0.08399394328238116,0,0.22318615773578782,819,1013
Replogle,TMA16,0.19517752437474328,0,0.3446927103362278,819,1013
Replogle,TMED2,0.03415888695759988,0,0.2706650780435045,819,1013
Replogle,TMEM127,-0.2929808927831328,0,0.1544778281715256,819,1013
Replogle,TMEM199,-0.17266960201446613,0,0.19165617497585502,819,1013
Replogle,TMEM240,-0.2611261755064708,0,0.16370712727728629,819,1013
Replogle,TMEM258,0.019916835096031916,0,0.26461813468917006,819,1013
Replogle,TMSB10,0.03746061288201293,1,0.27207928046196755,819,1013
Replogle,TMX2,0.506190711739633,1,0.5078164723287734,819,1013
Replogle,TNPO3,0.2051511933675477,1,0.34958908934446237,819,1013
Replogle,TOE1,-0.006127888848986847,0,0.2537861149094583,819,1013
Replogle,TOMM20,0.09018123155558298,0,0.2952761930322206,819,1013
Replogle,TOMM22,0.4617524185558844,1,0.4837571754939474,819,1013
Replogle,TOMM40,0.22762830355987493,0,0.36073953559335475,819,1013
Replogle,TOP1,0.286637797708284,1,0.39070995629293054,819,1013
Replogle,TOP3A,-0.11869033315577347,0,0.2104268931290364,819,1013
Replogle,TOPBP1,0.24817275718601559,0,0.37106463535072354,819,1013
Replogle,TP53RK,0.052042134011721544,0,0.27837991301708226,819,1013
Replogle,TPR,0.5925060228202086,1,0.5543458060534684,819,1013
Replogle,TPX2,0.32883828313867564,1,0.41267599029310004,819,1013
Replogle,TRA2B,0.36493933439342163,1,0.43175080010694417,819,1013
Replogle,TRAIP,0.0026618084599117392,0,0.25740881943328353,819,1013
Replogle,TRAPPC1,-0.15912266787905516,0,0.19624367784030533,819,1013
Replogle,TRAPPC11,0.19666396555161317,0,0.3454203928244428,819,1013
Replogle,TRAPPC3,-0.07766869448828576,0,0.22557070308515959,819,1013
Replogle,TRAPPC4,-0.3171761707661042,0,0.14775534259428907,819,1013
Replogle,TRAPPC5,0.09463179834257562,0,0.2972862926675223,819,1013
Replogle,TRAPPC8,0.03565763331892298,0,0.2713064510967177,819,1013
Replogle,TREML2,-0.022885583448124833,0,0.24697318272855548,819,1013
Replogle,TREX2,0.343252835890808,1,0.42026419061579245,819,1013
Replogle,TRIAP1,0.09946881573501101,0,0.29947985838910685,819,1013
Replogle,TRIM49C,-0.09635724004433853,0,0.2185773858048581,819,1013
Replogle,TRMT10C,0.24909149863550212,0,0.3715292152779027,819,1013
Replogle,TRMT112,0.42076085184631196,1,0.4616279888230012,819,1013
Replogle,TRMT5,0.4838496077722361,1,0.4957183420252026,819,1013
Replogle,TRMT6,-0.015519993224290972,0,0.24995249235692152,819,1013
Replogle,TRNP1,-0.257097234975695,0,0.1649054970416813,819,1013
Replogle,TRNT1,-0.04013262312707462,0,0.24009080048968584,819,1013
Replogle,TRPM7,0.3153914005960989,1,0.40563433288974315,819,1013
Replogle,TRRAP,0.6521915686058531,1,0.5860201128527223,819,1013
Replogle,TSEN2,0.3322730182740734,1,0.4144805061569555,819,1013
Replogle,TSEN34,-0.295829291346517,0,0.1536736248409646,819,1013
Replogle,TSEN54,0.23528120286931453,0,0.36457123682874887,819,1013
Replogle,TSFM,0.007848922686663044,0,0.2595624941640292,819,1013
Replogle,TSG101,0.7387986231134741,1,0.6306824514080392,819,1013
Replogle,TSPYL5,-0.04756900710732287,0,0.2371641194163831,819,1013
Replogle,TSR1,0.19756047682753158,1,0.34585962757833544,819,1013
Replogle,TSR2,0.7048292372901928,1,0.6133843950823334,819,1013
Replogle,TSSK3,-0.308918932596915,0,0.15002194754922324,819,1013
Replogle,TTC1,0.11574329571350632,0,0.3069277146989968,819,1013
Replogle,TTC27,0.39783520962882696,1,0.4493116829548467,819,1013
Replogle,TTC4,0.059037870992413935,0,0.2814343621966525,819,1013
Replogle,TTF2,0.026616476213353026,0,0.26745189269877023,819,1013
Replogle,TTI1,0.47651116006542704,1,0.49174483579847894,819,1013
Replogle,TTK,0.603501309213226,1,0.5602220964557205,819,1013
Replogle,TUBA1B,0.2852732365878352,0,0.3900065095933803,819,1013
Replogle,TUBA1C,-0.0088204074283963,0,0.2526831398918235,819,1013
Replogle,TUBA3D,-0.052041903644930325,0,0.23541563729187598,819,1013
Replogle,TUBB,0.22651775427056683,1,0.3601849558751575,819,1013
Replogle,TUBD1,-0.36715556623569345,0,0.1346352745610891,819,1013
Replogle,TUBE1,-0.2899416169182834,0,0.1553397125456177,819,1013
Replogle,TUBGCP2,0.18290276305380077,1,0.3387116917473221,819,1013
Replogle,TUBGCP5,-0.010246282812771937,0,0.25210032467957194,819,1013
Replogle,TUBGCP6,-0.31862459049252106,0,0.14736068353389542,819,1013
Replogle,TULP1,-0.18863001176489674,0,0.18635691652407038,819,1013
Replogle,TUT1,0.00044082132941850434,0,0.2564902498356247,819,1013
Replogle,TVP23C,-0.07617631289759057,0,0.2261359389056211,819,1013
Replogle,TWF1,-0.09498670531728447,0,0.21908489530021433,819,1013
Replogle,TWISTNB,0.7887816704255829,1,0.6555259992050018,819,1013
Replogle,TXN,0.4441454929511422,1,0.4742392206444347,819,1013
Replogle,TXNL4A,0.30292629389515396,0,0.39914121725192997,819,1013
Replogle,TXNL4B,-0.12484024303969342,0,0.20822201783181832,819,1013
Replogle,U2AF1,0.7141148886429353,1,0.6181434502702811,819,1013
Replogle,U2AF2,0.22764733835427373,0,0.36074904432320376,819,1013
Replogle,U2SURP,0.5442228887931554,1,0.5283829686956708,819,1013
Replogle,UBA1,0.6566706503076439,1,0.5883719934042471,819,1013
Replogle,UBA2,0.39073189301854705,1,0.4455074436894716,819,1013
Replogle,UBA3,0.34336767584564204,1,0.42032480202426364,819,1013
Replogle,UBA5,0.018635840820833707,0,0.26407850467711186,819,1013
Replogle,UBA52,0.3979639059405007,0,0.4493806634084906,819,1013
Replogle,UBAP1,0.4705756595023711,1,0.4885317145130591,819,1013
Replogle,UBC,-0.06571512317762164,0,0.23012619288914313,819,1013
Replogle,UBE2D3,-0.031268446972079776,0,0.24361155124008704,819,1013
Replogle,UBE2H,-0.2526287476411715,0,0.16624282860226286,819,1013
Replogle,UBE2I,0.40624377328717615,1,0.45382259923472673,819,1013
Replogle,UBE2L3,-0.07140068432399017,0,0.2279514266384876,819,1013
Replogle,UBE2M,-0.29869392033179093,0,0.15286829812994693,819,1013
Replogle,UBE2N,0.008096567330754116,0,0.2596656076654622,819,1013
Replogle,UBE2Z,-0.1127114535399738,0,0.21258682168338772,819,1013
Replogle,UBL5,0.5955741681244193,1,0.5559871382541439,819,1013
Replogle,UBQLN4,0.22061851251380823,1,0.3572453081495008,819,1013
Replogle,UBTF,-0.26686948160869484,0,0.16201095735648585,819,1013
Replogle,UFL1,0.09796913402487309,0,0.298798768579131,819,1013
Replogle,UFM1,0.1313476668307988,0,0.31416479092072186,819,1013
Replogle,UNC45A,-0.16453830413883397,0,0.19439985162061402,819,1013
Replogle,UNC50,0.05858454472572913,0,0.28123581605574094,819,1013
Replogle,UPF1,0.47406676268954706,1,0.490421489046624,819,1013
Replogle,UPF2,0.43010184966428744,1,0.4666605680377924,819,1013
Replogle,UPF3A,0.017292702958368343,0,0.26351345444424934,819,1013
Replogle,UQCC2,0.22507407360632448,0,0.3594645766359271,819,1013
Replogle,UQCRB,0.11104649499326284,0,0.3047676786750898,819,1013
Replogle,UQCRC1,-0.30146108148635903,0,0.15209365973538802,819,1013
Replogle,UQCRC2,0.2109934933207953,0,0.3524721345722343,819,1013
Replogle,UQCRFS1,0.2153727638315971,1,0.3546402890643011,819,1013
Replogle,UQCRH,-0.030010290316210168,0,0.24411410326835548,819,1013
Replogle,UQCRQ,0.14468878995294068,1,0.320424847020255,819,1013
Replogle,URB2,0.2337750882510443,1,0.3638157701756848,819,1013
Replogle,URI1,0.17346672197181542,0,0.3341485223291641,819,1013
Replogle,URM1,-0.02415309462692092,0,0.24646290056326384,819,1013
Replogle,UROD,-0.31202122761047923,0,0.14916703049261668,819,1013
Replogle,USF2,-0.18607796020632922,0,0.18719661179122746,819,1013
Replogle,USP10,-0.20723057809178289,0,0.18032446526500592,819,1013
Replogle,USP19,-0.08383268643102745,0,0.2232467259286648,819,1013
Replogle,USP36,-0.02253547334738034,0,0.24711425720478367,819,1013
Replogle,USP37,0.2637297084241055,0,0.37896287273549306,819,1013
Replogle,USP39,0.49235359942831664,1,0.500323591873141,819,1013
Replogle,USP5,0.07419236270459213,0,0.288120467385107,819,1013
Replogle,USP7,-0.1933515098239349,0,0.1848110755854331,819,1013
Replogle,USP8,-0.010609194043696644,0,0.25195212995497396,819,1013
Replogle,USP9X,-0.06563427254868381,0,0.23015722345985876,819,1013
Replogle,USPL1,0.29951161749240995,1,0.39736856755157635,819,1013
Replogle,UTP15,0.7085896693829548,1,0.6153143481798484,819,1013
Replogle,UTP18,0.40162983485078907,0,0.4513463869734124,819,1013
Replogle,UTP20,0.5500257331459739,1,0.5315142264154298,819,1013
Replogle,UTP23,0.4496937552942581,1,0.4772368099638958,819,1013
Replogle,UTP6,0.5898823974834634,1,0.5529413317194986,819,1013
Replogle,UXS1,-0.13448184711816,0,0.20479966048438641,819,1013
Replogle,UXT,0.41363419952650304,1,0.45779361364994975,819,1013
Replogle,VARS,0.7126483242507128,1,0.617393290866984,819,1013
Replogle,VARS2,0.07134581759733066,0,0.28685738837631797,819,1013
Replogle,VBP1,-0.13469143413542795,0,0.204725731933396,819,1013
Replogle,VCP,-0.1296472860889747,0,0.20651047847195145,819,1013
Replogle,VEZT,-0.19130185065432637,0,0.18548092260643453,819,1013
Replogle,VHL,-0.16030743513723042,0,0.19583918141743462,819,1013
Replogle,VMP1,0.1005993053135207,0,0.29999386433312725,819,1013
Replogle,VPS13D,0.01066611942799773,0,0.2607370782756218,819,1013
Replogle,VPS18,-0.10007506983173405,0,0.21720493937482982,819,1013
Replogle,VPS25,-0.06692099502922143,0,0.22966372594693324,819,1013
Replogle,VPS28,0.8169812340498248,1,0.6691859368397359,819,1013
Replogle,VPS29,0.3967151814747804,1,0.4487114371528737,819,1013
Replogle,VPS33A,0.026449374000416026,0,0.26738097939751576,819,1013
Replogle,VPS37A,-0.09919074662179586,0,0.21753082427345857,819,1013
Replogle,VPS37C,-0.3428787565836865,0,0.1408808667180894,819,1013
Replogle,VPS41,-0.07627109128778421,0,0.2261000120331901,819,1013
Replogle,VPS51,0.011182085540174738,0,0.2609525742914272,819,1013
Replogle,VPS54,0.13463448586583546,1,0.31570091569066716,819,1013
Replogle,VPS72,0.28656589251933257,0,0.3906728769836991,819,1013
Replogle,WAC,0.05129824175205645,0,0.27805631815152215,819,1013
Replogle,WARS,-0.02828976020611151,0,0.24480247892846116,819,1013
Replogle,WBP1,-0.2572964696453445,0,0.16484607150692449,819,1013
Replogle,WBP11,0.4057938530954959,1,0.45358103313529324,819,1013
Replogle,WBP1L,-0.25382524289230274,0,0.1658838918316637,819,1013
Replogle,WDHD1,0.1949331280347269,1,0.34457313645784915,819,1013
Replogle,WDR1,-0.09931996640560223,0,0.21748318304509637,819,1013
Replogle,WDR12,0.5004977477616696,1,0.5047339311086592,819,1013
Replogle,WDR18,0.07835532006050763,0,0.2899736169224468,819,1013
Replogle,WDR24,0.3294946207565857,0,0.4130206324031029,819,1013
Replogle,WDR25,-0.1467501014425473,0,0.20050558537214697,819,1013
Replogle,WDR26,-0.05602416717379601,0,0.23386647058534604,819,1013
Replogle,WDR3,0.5533129496330185,1,0.5332869481195065,819,1013
Replogle,WDR33,0.47465360630664055,1,0.49073918263432753,819,1013
Replogle,WDR36,0.5373370094498383,1,0.5246644173211971,819,1013
Replogle,WDR4,-0.2752051817257927,0,0.15957443239058158,819,1013
Replogle,WDR43,0.5744115351946695,1,0.5446430373461958,819,1013
Replogle,WDR46,0.45428687617317837,1,0.479719610525214,819,1013
Replogle,WDR5,0.5889188346162622,1,0.5524253055787803,819,1013
Replogle,WDR54,-0.3757349324233911,0,0.13248466239148965,819,1013
Replogle,WDR55,0.17331793957857028,0,0.33407681798419514,819,1013
Replogle,WDR61,0.3840349056433486,1,0.4419266474726465,819,1013
Replogle,WDR7,0.13059573983557793,0,0.31381394076979424,819,1013
Replogle,WDR74,0.1344856493123461,0,0.3156312681423106,819,1013
Replogle,WDR75,0.6407899572885379,1,0.5800158489783612,819,1013
Replogle,WDR82,0.6826801558354849,1,0.6019463087501413,819,1013
Replogle,WDR83OS,0.00021961279123371177,0,0.2563988787110301,819,1013
Replogle,WDR92,-0.06800623448823981,0,0.2292480810501288,819,1013
Replogle,WDTC1,0.4815919001258244,1,0.4944957933994642,819,1013
Replogle,WNK1,0.047465108704620916,0,0.2763925679835758,819,1013
Replogle,WTAP,-0.11946153871336984,0,0.21014946286534067,819,1013
Replogle,XAB2,0.587372014756411,1,0.5515966864499543,819,1013
Replogle,XPO1,0.7072710058872643,1,0.6146379848802261,819,1013
Replogle,XPO5,-0.0640476513551182,0,0.23076676411400532,819,1013
Replogle,XRCC1,-0.2584631021398624,0,0.16449844609423736,819,1013
Replogle,XRCC2,-0.19661596447206348,0,0.18374808740961165,819,1013
Replogle,XRCC3,0.31754100454540457,0,0.40675748144132085,819,1013
Replogle,XRCC5,0.5165408066843454,1,0.5134190016491086,819,1013
Replogle,XRN2,0.33072363829949003,0,0.41366621709723767,819,1013
Replogle,YARS,0.04875691713389281,0,0.2769525824964786,819,1013
Replogle,YARS2,0.03711933331022018,0,0.2719328886147942,819,1013
Replogle,YBX1,0.057778412910286195,0,0.2808829601677397,819,1013
Replogle,YEATS2,0.20914222575800218,1,0.3515573996989216,819,1013
Replogle,YEATS4,0.2833701618805368,1,0.3890262172000695,819,1013
Replogle,YJEFN3,-0.27862489169524235,0,0.15858347206509335,819,1013
Replogle,YKT6,0.2844759573021498,0,0.3895957145710325,819,1013
Replogle,YPEL1,-0.20027983565649135,0,0.18256068893830918,819,1013
Replogle,YPEL5,0.11239338940218215,0,0.30538623577173096,819,1013
Replogle,YRDC,-0.08038195274059337,0,0.22454563041126074,819,1013
Replogle,YTHDC1,0.3518368201404599,1,0.42480124015521065,819,1013
Replogle,YY1,0.07267797559177351,0,0.2874480861078192,819,1013
Replogle,ZBTB11,-0.0734769812055444,0,0.22716084845932308,819,1013
Replogle,ZBTB17,0.12422608099522174,0,0.31085041035065963,819,1013
Replogle,ZCCHC9,0.5302240544600069,1,0.5208203700715994,819,1013
Replogle,ZCRB1,0.27723383097858384,1,0.385871474816939,819,1013
Replogle,ZFC3H1,0.6686489486687329,1,0.594641498372224,819,1013
Replogle,ZFP69B,-0.17602656189709123,0,0.19053211180429303,819,1013
Replogle,ZMAT2,0.3670974145959665,1,0.43289810169969883,819,1013
Replogle,ZMAT5,0.2964592345059242,1,0.3957862692756901,819,1013
Replogle,ZNF100,0.07660900859165037,0,0.28919538420200713,819,1013
Replogle,ZNF133,-0.1366376985468943,0,0.20404016400813735,819,1013
Replogle,ZNF207,0.05937902300222152,0,0.28158383489423916,819,1013
Replogle,ZNF236,0.5021699190038387,1,0.5056394012675172,819,1013
Replogle,ZNF24,-0.05109550263822816,0,0.23578484574289962,819,1013
Replogle,ZNF253,-0.23544966234368478,0,0.1714651050807769,819,1013
Replogle,ZNF284,-0.29629213854629965,0,0.15354327086676103,819,1013
Replogle,ZNF317,0.10121368760402463,0,0.3002734202563319,819,1013
Replogle,ZNF335,0.10846027082777498,0,0.30358193892477137,819,1013
Replogle,ZNF407,-0.16131818884013505,0,0.19549459451031906,819,1013
Replogle,ZNF468,-0.2201063101953897,0,0.17623858364813635,819,1013
Replogle,ZNF492,-0.18250870577160916,0,0.18837587482852106,819,1013
Replogle,ZNF506,-0.128131136427678,0,0.20704917481798024,819,1013
Replogle,ZNF559,-0.028554160627540133,0,0.24469660835586401,819,1013
Replogle,ZNF574,-0.1480614328763741,0,0.20005061301838725,819,1013
Replogle,ZNF658,-0.10522448473102042,0,0.21531432226715264,819,1013
Replogle,ZNF674,-0.24842793374495306,0,0.16750795580452427,819,1013
Replogle,ZNF676,-0.07828135766436042,0,0.2253389485332547,819,1013
Replogle,ZNF687,0.14691908522357466,1,0.32147778400449056,819,1013
Replogle,ZNF718,-0.28706085607620074,0,0.15616026374858427,819,1013
Replogle,ZNF720,-0.04565897398753736,0,0.23791348399495416,819,1013
Replogle,ZNF763,-0.29808913027596246,0,0.15303803286789122,819,1013
Replogle,ZNHIT2,0.07832225136521763,0,0.28995886856225633,819,1013
Replogle,ZNHIT3,-0.1179430795350381,0,0.21069596319015407,819,1013
Replogle,ZNHIT6,0.37673570169379433,1,0.4380307315907934,819,1013
Replogle,ZNRD1,0.5387369997122117,1,0.525420682967797,819,1013
Replogle,ZRSR2,0.13402305319543306,0,0.3154148507631526,819,1013
Replogle,ZW10,-0.12595257815318672,0,0.20782504524197357,819,1013
Norman,AHR,0.3315020598642775,1,0.4752255340227004,228,8
Norman,AHR_FEV,0.7675730554172284,1,0.9491862032294078,228,8
Norman,AHR_KLF1,0.5239189118626743,1,0.7749226235863772,228,8
Norman,ARID1A,0.42613327114296096,1,0.6359023786062828,228,8
Norman,ARRDC3,-0.09739126673225744,1,0.04410910496134529,228,8
Norman,ATL1,0.5083139280974309,1,0.7554715043623047,228,8
Norman,BAK1,-0.4799289726188927,1,0.003233221235754059,228,8
Norman,BCL2L11,-0.5487593537258639,0,0.002007680552367803,228,8
Norman,BCL2L11_BAK1,-0.24140986145049223,0,0.016699102167811095,228,8
Norman,BCL2L11_TGFBR2,0.058624126761610704,1,0.11992618951162203,228,8
Norman,BCORL1,0.0233726500768487,1,0.09640723947270143,228,8
Norman,BPGM,0.3769271456519981,1,0.5538158670695369,228,8
Norman,BPGM_SAMD1,0.5539450814331841,1,0.8091845188673051,228,8
Norman,BPGM_ZBTB1,0.5431421153689796,1,0.7973382198988109,228,8
Norman,C19orf26,0.0986277178867425,1,0.15245449307101075,228,8
Norman,C3orf72,0.3296541153383692,1,0.47202798207351193,228,8
Norman,C3orf72_FOXL2,0.43088813004242976,1,0.6435085019912306,228,8
Norman,CBFA2T3,0.22554889379415094,1,0.3026811287998946,228,8
Norman,CBL,0.24774364948977703,1,0.33614594688713456,228,8
Norman,CBL_CNN1,0.7431486659412908,1,0.9403588587872475,228,8
Norman,CBL_PTPN12,0.6154896637594182,1,0.8666755999612331,228,8
Norman,CBL_PTPN9,0.5208336054142284,1,0.7711656661195627,228,8
Norman,CBL_TGFBR2,0.49470586468583994,1,0.7376057664697439,228,8
Norman,CBL_UBASH3A,0.4879000100481583,1,0.7283613024170645,228,8
Norman,CBL_UBASH3B,0.6581770989583272,1,0.8973534267690086,228,8
Norman,CDKN1A,0.37180955443180047,1,0.5450230009131962,228,8
Norman,CDKN1B,0.29653446370585634,1,0.4153536207884264,228,8
Norman,CDKN1B_CDKN1A,0.4724457805168276,1,0.7066277975281928,228,8
Norman,CDKN1C,0.37951674429828913,1,0.5582527765552344,228,8
Norman,CDKN1C_CDKN1A,0.49968391599929146,1,0.7442377657738577,228,8
Norman,CDKN1C_CDKN1B,0.4831684078010226,1,0.7218152902365095,228,8
Norman,CEBPA,0.8910358221982291,1,0.9777812388971314,228,8
Norman,CEBPB,0.597911218835998,1,0.851936865129951,228,8
Norman,CEBPB_CEBPA,0.8671362673367466,1,0.9738770414764243,228,8
Norman,CEBPB_MAPK1,0.6505819115525411,1,0.8923950722241343,228,8
Norman,CEBPB_OSR2,0.7113865447453113,1,0.9267269554033765,228,8
Norman,CEBPB_PTPN12,0.41239469734677436,1,0.6135521664704615,228,8
Norman,CEBPE,0.6590680963288973,1,0.897921647791223,228,8
Norman,CEBPE_CEBPA,0.8504144722497351,1,0.9707562736088134,228,8
Norman,CEBPE_CEBPB,0.7624411856074969,1,0.9474405145590359,228,8
Norman,CEBPE_CNN1,0.37366399966940095,1,0.5482127817251597,228,8
Norman,CEBPE_KLF1,0.39445231043931195,1,0.5836406056220897,228,8
Norman,CEBPE_PTPN12,0.30334397942147706,1,0.42687454721431556,228,8
Norman,CEBPE_RUNX1T1,0.4556905744083119,1,0.6819548140980514,228,8
Norman,CEBPE_SPI1,0.8701623146146551,1,0.9744060778053008,228,8
Norman,CELF2,0.1777337031329654,1,0.23750062569964497,228,8
Norman,CITED1,0.3149442860871048,1,0.446678330873339,228,8
Norman,CKS1B,0.32066595556034755,1,0.45651298031392834,228,8
Norman,CLDN6,0.49839750221613344,1,0.7425345324113971,228,8
Norman,CNN1,0.45056358128576746,1,0.6741872955907562,228,8
Norman,CNN1_MAPK1,0.34134397769768154,1,0.4922831691324837,228,8
Norman,CNN1_UBASH3A,0.6982412727673265,1,0.920285279667852,228,8
Norman,CNNM4,0.30508288845440074,1,0.42982987155431673,228,8
Norman,COL1A1,0.4655706195800083,1,0.6966390089903214,228,8
Norman,COL2A1,0.4872092557609582,1,0.7274117102054475,228,8
Norman,CSRNP1,-0.05818490686592673,1,0.05711594835522548,228,8
Norman,DLX2,0.2662000218790712,1,0.36530367248551704,228,8
Norman,DUSP9,0.5631952940313824,1,0.81890147662066,228,8
Norman,DUSP9_ETS2,0.4711737445748076,1,0.7047942195943553,228,8
Norman,DUSP9_IGDCC3,0.6531915743984054,1,0.8941220482729341,228,8
Norman,DUSP9_KLF1,0.7192708763932492,1,0.9303571536284612,228,8
Norman,DUSP9_MAPK1,0.19685228021496834,1,0.26236042900543943,228,8
Norman,DUSP9_PRTG,0.6811513778838091,1,0.9111383805951663,228,8
Norman,DUSP9_SNAI1,0.6736419055616688,1,0.9068270111135077,228,8
Norman,EGR1,0.18777935826024525,1,0.2503572140507946,228,8
Norman,ELMSAN1,0.08559400226893882,1,0.14112942714076954,228,8
Norman,ETS2,0.40092023109069425,1,0.5945068239411286,228,8
Norman,ETS2_CEBPE,0.6626984384563198,1,0.9002081115271517,228,8
Norman,ETS2_CNN1,0.2634602996036822,1,0.36090620419814246,228,8
Norman,ETS2_IGDCC3,0.2961223743643797,1,0.41465924052950637,228,8
Norman,ETS2_IKZF3,0.7212491491637382,1,0.9312415501963104,228,8
Norman,ETS2_MAP7D1,0.49026121927138616,1,0.7315915896466039,228,8
Norman,ETS2_MAPK1,0.7162122369598367,1,0.928969042788452,228,8
Norman,ETS2_PRTG,0.3910491234037851,1,0.5778896707508295,228,8
Norman,FEV,0.5347358706381393,1,0.7877466083729031,228,8
Norman,FEV_CBFA2T3,0.7460033049485458,1,0.941460408501446,228,8
Norman,FEV_ISL2,0.6717478973006606,1,0.9057103560387664,228,8
Norman,FEV_MAP7D1,0.6044573919252404,1,0.8575768632777819,228,8
Norman,FOSB,0.33645364141789713,1,0.48380269762863704,228,8
Norman,FOSB_CEBPB,0.7909546842920608,1,0.956466740519583,228,8
Norman,FOSB_CEBPE,0.7756791241906492,1,0.9518322209647095,228,8
Norman,FOSB_IKZF3,0.6026245078769783,1,0.8560160069968648,228,8
Norman,FOSB_OSR2,0.6911175382350194,1,0.9165818986280914,228,8
Norman,FOSB_PTPN12,0.2470879079673764,1,0.33513108061502994,228,8
Norman,FOSB_UBASH3B,0.17778036017767684,1,0.2375592744195427,228,8
Norman,FOXA1,0.13176140632465225,1,0.18459675109419418,228,8
Norman,FOXA1_FOXF1,0.4316572387043962,1,0.6447321533968013,228,8
Norman,FOXA1_FOXL2,0.48063114897627635,1,0.7182654177461596,228,8
Norman,FOXA1_HOXB9,0.541363029802086,1,0.7953355778032202,228,8
Norman,FOXA3,0.21790656776485978,1,0.2916041870853597,228,8
Norman,FOXA3_FOXA1,0.4965280300883363,1,0.7400461476179808,228,8
Norman,FOXA3_FOXF1,0.4353200556769828,1,0.6505335461768272,228,8
Norman,FOXA3_FOXL2,0.6046581960154755,1,0.8577470046189007,228,8
Norman,FOXA3_HOXB9,0.5750963796198899,1,0.8308303884125556,228,8
Norman,FOXF1,-0.04206162755272871,1,0.06344981106927373,228,8
Norman,FOXF1_FOXL2,0.559972896045314,1,0.8155609393921268,228,8
Norman,FOXF1_HOXB9,0.48995659083409443,1,0.7311762073733783,228,8
Norman,FOXL2,0.2866610231897493,1,0.3988150079964734,228,8
Norman,FOXL2_HOXB9,0.6021882632420962,1,0.8556424177106113,228,8
Norman,FOXL2_MEIS1,0.45979132526229705,1,0.6880957629537395,228,8
Norman,FOXO4,0.33171928957212216,1,0.4756015514440029,228,8
Norman,GLB1L2,0.06425597456947989,1,0.12411343673304286,228,8
Norman,HES7,0.6240601984995227,1,0.8734003800605842,228,8
Norman,HK2,-0.07260120420559585,1,0.051960201693025676,228,8
Norman,HNF4A,0.38144882782744877,1,0.5615571196778617,228,8
Norman,HOXA13,0.5678764801443558,1,0.8236700461653372,228,8
Norman,HOXB9,0.25305343988668655,1,0.34441887092278023,228,8
Norman,HOXC13,0.4553625105354174,1,0.6814607506103652,228,8
Norman,IER5L,0.39684097132561014,1,0.5876636680683803,228,8
Norman,IGDCC3,0.3790362600035613,1,0.5574302157023466,228,8
Norman,IGDCC3_MAPK1,0.28399809769352524,1,0.39439202764318865,228,8
Norman,IGDCC3_PRTG,0.5115472390378385,1,0.7595933745738933,228,8
Norman,IGDCC3_ZBTB25,0.6354206264849763,1,0.8818652477912361,228,8
Norman,IKZF3,0.7399024096544579,1,0.9390826126149261,228,8
Norman,IRF1,0.39066467913221475,1,0.5772386505517635,228,8
Norman,IRF1_SET,0.5989614670787816,1,0.8528539970859118,228,8
Norman,ISL2,-0.0699740798534215,1,0.05286578539541452,228,8
Norman,JUN,0.31737400637790136,1,0.4508499954774032,228,8
Norman,JUN_CEBPA,0.9336354543694992,1,0.9833739393983933,228,8
Norman,JUN_CEBPB,0.7088717315349419,1,0.9255328637667815,228,8
Norman,KIAA1804,0.08839373929825818,1,0.14350128205567694,228,8
Norman,KIF18B,-0.042153409649066144,1,0.06341196692103879,228,8
Norman,KIF18B_KIF2C,0.027969528063855605,0,0.099222618137787,228,8
Norman,KIF2C,-0.23929652075907895,1,0.016941668806859465,228,8
Norman,KLF1,0.4733181903429186,1,0.7078814755723718,228,8
Norman,KLF1_BAK1,0.438108965408537,1,0.6549212028932537,228,8
Norman,KLF1_CEBPA,0.793774055748088,1,0.9572742874239809,228,8
Norman,KLF1_CLDN6,0.638569075994719,1,0.8841228668052944,228,8
Norman,KLF1_COL2A1,0.5212630893249158,1,0.7716912774140517,228,8
Norman,KLF1_FOXA1,0.4932396411689283,1,0.7356314054976417,228,8
Norman,KLF1_MAP2K6,0.45153411326566983,1,0.6756652044603764,228,8
Norman,KLF1_TGFBR2,0.49344861194614253,1,0.7359133783861483,228,8
Norman,KMT2A,0.001176991799196771,1,0.08379630724478772,228,8
Norman,LHX1,0.2872594802795388,1,0.3998113185459121,228,8
Norman,LHX1_ELMSAN1,0.34792725505095484,1,0.5037055445116688,228,8
Norman,LYL1,0.1171679971725622,1,0.16983504238441838,228,8
Norman,LYL1_CEBPB,0.4750318987382107,1,0.7103349362380326,228,8
Norman,LYL1_IER5L,0.5092486203096617,1,0.7566679573429941,228,8
Norman,MAML2,-0.16594862315076364,1,0.0278734823622898,228,8
Norman,MAP2K3,0.04820201458976455,1,0.11249897693400625,228,8
Norman,MAP2K3_ELMSAN1,0.33534027231233915,1,0.48187309975358683,228,8
Norman,MAP2K3_IKZF3,0.7074127527614441,1,0.9248319294352247,228,8
Norman,MAP2K3_MAP2K6,0.05746067506175623,1,0.11907652316911431,228,8
Norman,MAP2K3_SLC38A2,0.12078302536725737,1,0.17340196153202944,228,8
Norman,MAP2K6,-0.03794414930627497,1,0.06516936236903517,228,8
Norman,MAP2K6_ELMSAN1,0.21717649209411471,1,0.2905585560403655,228,8
Norman,MAP2K6_IKZF3,0.7074985340710217,1,0.9248733083587526,228,8
Norman,MAP2K6_SPI1,0.30672064821668976,1,0.43261787472054003,228,8
Norman,MAP4K3,-0.18505102573305854,0,0.024497222462368795,228,8
Norman,MAP4K5,-0.10164771260167679,0,0.042880131349469865,228,8
Norman,MAP7D1,-0.16664194002433103,1,0.027743387680551655,228,8
Norman,MAPK1,0.5456989302230612,1,0.8001906628803847,228,8
Norman,MAPK1_IKZF3,0.6297145079872861,1,0.8776765270308117,228,8
Norman,MAPK1_PRTG,0.33618157079610583,1,0.48333112086365737,228,8
Norman,MAPK1_TGFBR2,0.43703162452064054,1,0.653229352433396,228,8
Norman,MEIS1,0.006018577768965343,1,0.08641256295274892,228,8
Norman,MIDN,0.38574402390422236,1,0.5688830325633665,228,8
Norman,NCL,-0.12163136604361938,0,0.037535154184426905,228,8
Norman,NIT1,0.31598808861269156,1,0.4484695839576381,228,8
Norman,OSR2,0.45544099418195183,1,0.6815789840111065,228,8
Norman,PLK4,-0.12465736101616097,0,0.03678374286894411,228,8
Norman,PLK4_STIL,0.326489660814941,0,0.4665579046068928,228,8
Norman,POU3F2,0.18807374603513868,1,0.2507408822674616,228,8
Norman,POU3F2_CBFA2T3,0.4046957383912751,1,0.6008079310705073,228,8
Norman,POU3F2_FOXL2,0.540500635186933,1,0.7943595413182528,228,8
Norman,PRDM1,0.6288594220978109,1,0.8770379292011208,228,8
Norman,PRDM1_CBFA2T3,0.6517053400452589,1,0.8931415312226981,228,8
Norman,PRTG,0.47608451048796463,1,0.7118358608191134,228,8
Norman,PTPN1,0.4877890243313393,1,0.7282088683201221,228,8
Norman,PTPN12,0.2913433541947903,1,0.4066318979941393,228,8
Norman,PTPN12_OSR2,0.11558494470960348,1,0.16829152978113465,228,8
Norman,PTPN12_PTPN9,0.5554874386299105,1,0.8108319493230824,228,8
Norman,PTPN12_SNAI1,0.2527082386280957,1,0.34387808692300587,228,8
Norman,PTPN12_UBASH3A,0.6318870607834278,1,0.8792862098795051,228,8
Norman,PTPN12_ZBTB25,0.6190260059611884,1,0.8694862574026094,228,8
Norman,PTPN13,0.1614447750160693,1,0.21763752967752187,228,8
Norman,PTPN9,0.14596946627138116,1,0.19990377417612326,228,8
Norman,RHOXF2,0.5032724026787779,1,0.7489497458082418,228,8
Norman,RHOXF2_SET,0.5775615597950616,1,0.8332216198571556,228,8
Norman,RHOXF2_ZBTB25,0.61195920851594,1,0.8638187011262469,228,8
Norman,RREB1,0.22469345448940362,1,0.30142944007802525,228,8
Norman,RUNX1T1,-0.1086968839879133,1,0.040916454734077345,228,8
Norman,S1PR2,0.3971812808906157,1,0.5882358901715876,228,8
Norman,SAMD1,0.35784109697900507,1,0.5208955616975327,228,8
Norman,SAMD1_PTPN12,0.6059111095866897,1,0.8588047720151889,228,8
Norman,SAMD1_TGFBR2,0.48532116887041654,1,0.7248055593096547,228,8
Norman,SAMD1_UBASH3B,0.5714973642859159,1,0.8272904173598998,228,8
Norman,SAMD1_ZBTB1,0.6052523429658674,1,0.8582494325864561,228,8
Norman,SET,0.4693698098697432,1,0.7021825545497904,228,8
Norman,SET_CEBPE,0.4539490488409172,1,0.6793274192577902,228,8
Norman,SET_KLF1,0.5431170924915081,1,0.797310154303618,228,8
Norman,SGK1,0.32141685803273307,1,0.4578063522838663,228,8
Norman,SGK1_S1PR2,0.5781115217171884,1,0.8337513814597116,228,8
Norman,SGK1_TBX2,0.5567459482856412,1,0.8121680987806539,228,8
Norman,SGK1_TBX3,0.5947958753539762,1,0.8491885856255802,228,8
Norman,SLC38A2,-0.05535886639138776,1,0.058181487348555806,228,8
Norman,SLC4A1,0.3314606957384413,1,0.4751539372630719,228,8
Norman,SLC6A9,0.1795721195292806,1,0.23981908487643125,228,8
Norman,SNAI1,0.3138965615000539,1,0.44488173843874496,228,8
Norman,SNAI1_DLX2,0.5643643370069782,1,0.8201016735358604,228,8
Norman,SNAI1_UBASH3B,0.2711193009844032,1,0.3732557599997636,228,8
Norman,SPI1,0.5721809372646778,1,0.8279672554543244,228,8
Norman,STIL,-0.03974132961073653,1,0.06441355103784983,228,8
Norman,TBX2,0.42527630040332354,1,0.6345241401994878,228,8
Norman,TBX3,0.5077153611552971,1,0.7547032217722226,228,8
Norman,TBX3_TBX2,0.5883361263943027,1,0.8433563740439985,228,8
Norman,TGFBR2,-0.17549458338346074,1,0.026133267663870655,228,8
Norman,TGFBR2_C19orf26,0.4286777229495449,1,0.6399813468476513,228,8
Norman,TGFBR2_ETS2,0.24321424461191296,1,0.3291672416867041,228,8
Norman,TGFBR2_IGDCC3,0.4498721743394096,1,0.6731323141867962,228,8
Norman,TGFBR2_PRTG,0.5000223029818418,1,0.7446845652603657,228,8
Norman,TMSB4X,0.09431104580383787,1,0.14862341027644968,228,8
Norman,TMSB4X_BAK1,0.08881548946970325,1,0.1438614383807043,228,8
Norman,TP73,0.7530723133195496,1,0.9441065856159749,228,8
Norman,TSC22D1,-0.09061345464896373,1,0.0461356660603812,228,8
Norman,UBASH3A,-0.1625818333065278,1,0.02851370080353265,228,8
Norman,UBASH3B,0.1455541271286772,1,0.19944310370021584,228,8
Norman,UBASH3B_CNN1,0.7416748464391479,1,0.9397825689972167,228,8
Norman,UBASH3B_OSR2,0.163565752767285,1,0.2201545061244025,228,8
Norman,UBASH3B_PTPN12,0.6073439690785782,1,0.8600063935839628,228,8
Norman,UBASH3B_PTPN9,0.5571048741483657,1,0.8125478352869474,228,8
Norman,UBASH3B_UBASH3A,0.3254037244705638,1,0.4646825394550253,228,8
Norman,UBASH3B_ZBTB25,0.5860591932209372,1,0.8412572979345092,228,8
Norman,ZBTB1,0.4298360785576837,1,0.6418316528063525,228,8
Norman,ZBTB10,0.5270404230023762,1,0.7786789145369599,228,8
Norman,ZBTB10_DLX2,0.7354388005002818,1,0.9372860415994656,228,8
Norman,ZBTB10_ELMSAN1,0.568227670826839,1,0.8240237825914927,228,8
Norman,ZBTB10_PTPN12,0.4761353998637727,1,0.7119083068453171,228,8
Norman,ZBTB10_SNAI1,0.7022264791431361,1,0.9222909752431354,228,8
Norman,ZBTB25,0.24759498634900015,1,0.33591573354897913,228,8
Norman,ZC3HAV1,-0.012520648332537866,1,0.07678021774120247,228,8
Norman,ZC3HAV1_CEBPA,0.8378431368471877,1,0.9681748894456292,228,8
Norman,ZC3HAV1_CEBPE,0.2767306030446617,1,0.38241068035277365,228,8
Norman,ZC3HAV1_HOXC13,0.32096329772552523,1,0.45702506026875983,228,8
Norman,ZNF318,-0.05327712774964056,1,0.05897829237715631,228,8
Norman,ZNF318_FOXL2,0.3208749720992317,1,0.45687293715136645,228,8
Adamson,*,0.041377068578746436,0,0.1201850579321148,82,14
Adamson,63(mod)_pBA580,-0.4107831117968248,1,0.005665219262291104,82,14
Adamson,AARS_pDS381,0.6884878517887026,1,0.9279867742348828,82,14
Adamson,AMIGO3_pDS434,-0.2012306765694298,1,0.024237144859185933,82,14
Adamson,ARHGAP22_pDS458,0.08038944815946693,1,0.15231439239433195,82,14
Adamson,ASCC3_pDS051,0.3024516533507225,1,0.46101192855112477,82,14
Adamson,ASCC3_pDS052,0.39150049086099775,1,0.6152468221455776,82,14
Adamson,ATF4_pBA608,-0.06263984542193111,0,0.06171415605572308,82,14
Adamson,ATP5B_pDS055,0.31838667368041507,1,0.4889258098659371,82,14
Adamson,CAD_pDS468,0.4721421121035517,1,0.7380852387011511,82,14
Adamson,CARS_pDS460,0.7986255874342796,1,0.9654450148748992,82,14
Adamson,CCND3_pDS006,0.2565497829980857,1,0.38253705657209586,82,14
Adamson,CHERP_pDS024,0.2888661918387798,1,0.4373986821147363,82,14
Adamson,COPB1_pDS065,0.2604638648860346,1,0.3890536969706392,82,14
Adamson,COPZ1_pDS462,0.43875287543522246,1,0.6902812989292663,82,14
Adamson,DAD1_pDS499,-0.12504705700710614,1,0.040697565475419216,82,14
Adamson,DARS_pDS495,0.35084520547526665,1,0.545811653781376,82,14
Adamson,DDOST_pDS382,0.12329391177692405,1,0.1954309016390156,82,14
Adamson,DDRGK1_pDS041,-0.1545961768710176,0,0.033321553470891746,82,14
Adamson,DERL2_pDS042,-0.010265525110941724,1,0.08678485294159606,82,14
Adamson,DHDDS_pDS383,0.6104547951609942,1,0.8816217122922763,82,14
Adamson,DNAJC19_pDS026,0.6717853338211633,1,0.9197392459186156,82,14
Adamson,DNAJC19_pDS074,0.4448326114775859,1,0.6993392195455428,82,14
Adamson,EIF2AK3_pBA572,0.18321948788723064,0,0.2701148248383784,82,14
Adamson,EIF2B2_pDS463,0.6274453885875797,1,0.8935246210956672,82,14
Adamson,EIF2B3_pDS508,0.6875684107016684,1,0.9275538513244644,82,14
Adamson,EIF2B4_pDS491,0.5364358955572559,1,0.8157467513333043,82,14
Adamson,EIF2S1_pDS386,0.811316869714988,1,0.9682995649130572,82,14
Adamson,FARSB_pDS390,0.5129441378374084,1,0.7896356754489512,82,14
Adamson,FECH_pDS494,0.2469168541039694,1,0.36668189018936115,82,14
Adamson,GBF1_pDS043,-0.2856366541597803,0,0.013540972183220541,82,14
Adamson,GBF1_pDS044,0.44196375882305644,1,0.6950838389493634,82,14
Adamson,GMPPB_pDS391,-0.12255542649654438,1,0.04138658956916288,82,14
Adamson,GNPNAT1_pDS506,-0.26801934846695885,0,0.015298016920847646,82,14
Adamson,HARS_pDS466,0.6556804629008086,1,0.91097923859568,82,14
Adamson,HSD17B12_pDS087,0.29514144932608555,1,0.4482772392195573,82,14
Adamson,HSPA5_pDS017,0.7146798543498704,1,0.9393576423807642,82,14
Adamson,HSPA5_pDS371,0.7099147206293065,1,0.9374220730148822,82,14
Adamson,HSPA9_pDS088,0.7779643479952236,1,0.960260677339548,82,14
Adamson,HYOU1_pDS089,-0.22260634161132165,0,0.020927804131063446,82,14
Adamson,IARS2_pDS090,0.6715907521811462,1,0.91963826235111,82,14
Adamson,IARS2_pDS091,0.720632822487804,1,0.9416970255478824,82,14
Adamson,IDH3A_pDS393,-0.023641125061841673,1,0.07961998945620234,82,14
Adamson,IER3IP1_pDS002,0.28592501731870923,1,0.4323199681864115,82,14
Adamson,IER3IP1_pDS110,0.23289465340030854,1,0.3441163759708218,82,14
Adamson,KCTD16_pDS096,-0.1476486114781919,1,0.03493031492926593,82,14
Adamson,MANF_pDS027,-0.3069750914681912,0,0.011677632062902886,82,14
Adamson,MARS_pDS394,0.5621343254551998,1,0.841357008902886,82,14
Adamson,MRGBP_pDS124,-0.016335194972477714,1,0.08346390324762763,82,14
Adamson,MRPL39_pDS498,0.10087186491617572,1,0.1718395373212003,82,14
Adamson,MTHFD1_pDS395,0.4103998561187538,1,0.6461630421160387,82,14
Adamson,NEDD8_pDS396,0.44940056841781895,1,0.7060444160042134,82,14
Adamson,OST4_pDS353,-0.23694051470997773,0,0.018960699658292873,82,14
Adamson,P4HB_pDS397,-0.1716057111026891,0,0.02967929621854421,82,14
Adamson,PDIA6_pDS029,-0.16264465852356375,1,0.031547253184552086,82,14
Adamson,PPWD1_pDS398,0.35458585110679575,1,0.5523190828372978,82,14
Adamson,PSMD4_pDS488,0.5791141275174475,1,0.8566409180027904,82,14
Adamson,PTDSS1_pDS478,-0.23687333793080675,0,0.018969481593269045,82,14
Adamson,QARS_pDS510,0.6997818573574643,1,0.9331131240705697,82,14
Adamson,SAMM50_pDS156,0.38107219205453613,1,0.5977618962592655,82,14
Adamson,SARS_pDS467,0.6548331003230405,1,0.9104952184588809,82,14
Adamson,SCYL1_pDS159,0.19709089665845364,1,0.28975499109449615,82,14
Adamson,SCYL1_pDS160,0.31736139166912514,1,0.4871258393567508,82,14
Adamson,SEC61A1_pDS031,0.5176201840009382,1,0.7950414424719564,82,14
Adamson,SEC61A1_pDS032,0.5219112520336627,1,0.7999108262839899,82,14
Adamson,SEC61B_pDS033,-0.009060552240006427,1,0.08745821000783498,82,14
Adamson,SEC61B_pDS162,0.04018001041472835,1,0.11929851253185897,82,14
Adamson,SEC61G_pDS440,0.26007615097712755,1,0.3884063693754958,82,14
Adamson,SEC63_pDS218,-0.18925245382070924,1,0.026309339597141938,82,14
Adamson,SEL1L_pDS373,0.19267114220691564,1,0.2834059535249849,82,14
Adamson,SLC35B1_pDS046,-0.23490730914714789,0,0.019228271941699876,82,14
Adamson,SLC39A7_pDS219,0.06466519356369922,1,0.13859035652006382,82,14
Adamson,SLMO2_pDS433,0.5594831575365087,1,0.8388547750663078,82,14
Adamson,SOCS1_pDS479,0.1513296023331435,1,0.22826912940544158,82,14
Adamson,SPCS2_pDS401,-0.07446295167062855,1,0.057075301844973204,82,14
Adamson,SPCS3_pDS402,0.3276398007099498,1,0.5051778112000626,82,14
Adamson,SRP68_pDS403,0.22733841796137016,1,0.33535939068856613,82,14
Adamson,SRP72_pDS505,0.010165319029647842,1,0.09885745258328721,82,14
Adamson,SRPRB_pDS404,0.24991131456589757,1,0.37158154489090056,82,14
Adamson,SRPR_pDS482,0.13280987785022508,1,0.2061587204600698,82,14
Adamson,STT3A_pDS011,-0.2093436242355834,0,0.022924944601207864,82,14
Adamson,SYVN1_pDS442,-0.03659158803619528,1,0.07320176640139765,82,14
Adamson,TARS_pDS405,0.4152351394718245,1,0.6538917348617931,82,14
Adamson,TELO2_pDS496,-0.08695466562316098,1,0.052531212383393956,82,14
Adamson,TIMM23_pDS284,0.2723255024695106,1,0.4090371143327108,82,14
Adamson,TIMM44_pDS430,0.6576097064936931,1,0.9120724373548939,82,14
Adamson,TMED10_pDS036,-0.08293043957708773,1,0.05395648203141218,82,14
Adamson,TMED2_pDS175,-0.053385829814143096,1,0.06558834532841036,82,14
Adamson,TMEM167A_pDS038,0.25378114755799547,1,0.3779527154652092,82,14
Adamson,TTI1_pDS407,0.3328040999694057,1,0.5142457225838787,82,14
Adamson,TTI2_pDS408,-0.15869890386485672,1,0.03240537890265681,82,14
Adamson,UFL1_pDS410,-0.02821163439896948,1,0.07729818886035249,82,14
Adamson,UFM1_pDS040,-0.1552916520279425,0,0.033164506192420666,82,14
Adamson,XRN1_pDS411,-0.03969934922062796,1,0.07173405653785546,82,14
Adamson,YIPF5_pDS186,0.25064159829558696,1,0.372780524156859,82,14
Adamson,YIPF5_pDS226,0.2991760516735342,1,0.45529838715410287,82,14
GATA1,GATA1__C110R,0.4151345517893897,0,0.8818924751255803,6,248
GATA1,GATA1__C199R,0.4923227726632035,0,0.9439422008626981,6,248
GATA1,GATA1__C204R,0.7472167652354825,1,0.9959665266367299,6,248
GATA1,"GATA1__C204R,V205A",0.37310849706844157,0,0.827457534043678,6,248
GATA1,GATA1__C207R,0.8753175071888041,0,0.9989507976142762,6,248
GATA1,GATA1__C225R,0.3518349778907407,0,0.7930796749022443,6,248
GATA1,GATA1__C228R,0.47407458322072654,0,0.9328571792553598,6,248
GATA1,GATA1__C258R,0.5223783609260042,0,0.958525945078381,6,248
GATA1,GATA1__C261R,0.44663210953761856,0,0.9123213071040962,6,248
GATA1,GATA1__C346R,0.36839193087058175,0,0.8202472616044427,6,248
GATA1,GATA1__D115G,0.6704648612798212,0,0.9909909482743644,6,248
GATA1,GATA1__D123G,0.4150588667896587,0,0.8818093972632222,6,248
GATA1,GATA1__D125G,0.333634760384848,0,0.7598475212920266,6,248
GATA1,GATA1__D144G,0.35858246135518534,0,0.8045026050374292,6,248
GATA1,GATA1__D276G,0.27974357193572486,0,0.6420056238849746,6,248
GATA1,GATA1__D65G,0.30608738933042384,0,0.7029993865242504,6,248
GATA1,GATA1__E114G,0.4680373714793646,0,0.9287619787498061,6,248
GATA1,"GATA1__E114G,D115G",0.5127717820157441,0,0.9543104598893398,6,248
GATA1,"GATA1__E122G,D123G",0.4998886960261199,0,0.9480138364428657,6,248
GATA1,GATA1__E134G,0.6188268065806191,0,0.9845784734984789,6,248
GATA1,"GATA1__E134G,T135A",0.44678258912964935,0,0.912448038918769,6,248
GATA1,GATA1__E13G,0.34632937886614445,0,0.783399190465694,6,248
GATA1,GATA1__E200G,0.4883141713338261,0,0.9416651207663473,6,248
GATA1,GATA1__E203G,0.5152668319103877,0,0.9554430046236834,6,248
GATA1,GATA1__E2G,0.2498706036734266,0,0.5669349998663978,6,248
GATA1,GATA1__E328G,0.4797684152399074,0,0.9365182633895847,6,248
GATA1,GATA1__E348G,0.2438536223095597,0,0.5513101546318128,6,248
GATA1,GATA1__E39G,0.42479440811820884,0,0.8920876360851916,6,248
GATA1,GATA1__E85G,0.24330853936712563,0,0.549889195238084,6,248
GATA1,GATA1__F168P,0.26981173026881305,0,0.6176165979265511,6,248
GATA1,GATA1__F172L,0.31598408706215714,0,0.7242989807655553,6,248
GATA1,GATA1__F172P,0.4235049845233728,0,0.8907729046178933,6,248
GATA1,"GATA1__F172S,F173P",0.23496304974443283,0,0.5280455659534974,6,248
GATA1,GATA1__F18P,0.5816954290192285,0,0.9773626420073754,6,248
GATA1,"GATA1__F33P,F34P",0.5943204135621654,0,0.9801259295751462,6,248
GATA1,GATA1__F382S,0.3772333761272114,0,0.8335739778744137,6,248
GATA1,GATA1__F394P,0.5045894184674496,0,0.9504010966750549,6,248
GATA1,GATA1__F3L,0.7125037797844826,0,0.9941959098076869,6,248
GATA1,GATA1__F3P,0.5155495128795013,0,0.955569617628436,6,248
GATA1,GATA1__F75P,0.3033623119031276,0,0.6969703254714908,6,248
GATA1,GATA1__H222R,0.49551037779803325,0,0.9456929696947961,6,248
GATA1,"GATA1__H222R,Y223C",0.2991182051454962,0,0.6874444552200659,6,248
GATA1,"GATA1__H232R,K233E",0.6105779719316349,0,0.9832018333267326,6,248
GATA1,GATA1__H289R,0.3769657025070066,0,0.8331823898096591,6,248
GATA1,GATA1__H362R,0.47025612863424027,0,0.9302931560075436,6,248
GATA1,GATA1__H378R,0.6419093080784352,0,0.9878671560987351,6,248
GATA1,GATA1__I242T,0.760009675024422,0,0.9964733145130535,6,248
GATA1,GATA1__I242V,0.6049676364830219,0,0.9821972230743901,6,248
GATA1,GATA1__I249T,0.2561644416312081,0,0.5831370625751233,6,248
GATA1,"GATA1__I249T,V250A",0.579501533274443,0,0.976845575517702,6,248
GATA1,GATA1__I249V,0.42241314601162844,0,0.8896486683256974,6,248
GATA1,GATA1__I302T,0.7330293683244595,1,0.995319301324781,6,248
GATA1,GATA1__I302V,0.6113968738024894,0,0.9833437315885997,6,248
GATA1,GATA1__I87T,0.6401104996038979,0,0.9876379020485571,6,248
GATA1,"GATA1__K100G,T101A",0.5468754330390367,0,0.967654946291793,6,248
GATA1,GATA1__K137E,0.5663063006991521,0,0.9734838164785851,6,248
GATA1,GATA1__K137G,0.6654746717690829,0,0.990509254628056,6,248
GATA1,"GATA1__K233R,M234V",0.5043607815691895,0,0.9502874264836724,6,248
GATA1,GATA1__K245G,0.8059118808799927,0,0.9978226367066005,6,248
GATA1,GATA1__K252G,0.5017088918321749,0,0.9489508420415103,6,248
GATA1,GATA1__K252R,0.6462799065638773,0,0.988406826915625,6,248
GATA1,GATA1__K287G,0.6185972155822158,0,0.9845417036588147,6,248
GATA1,GATA1__K299E,0.39378527748702324,0,0.8563810802740188,6,248
GATA1,"GATA1__K299R,D300G",0.26973770762948457,0,0.6174324052226718,6,248
GATA1,GATA1__K308G,0.3668550968367762,0,0.8178476246920952,6,248
GATA1,GATA1__K312G,0.7230135915389733,0,0.9948011024478645,6,248
GATA1,GATA1__K312R,0.5661808681100716,0,0.9734496836760009,6,248
GATA1,"GATA1__K314R,K315G",0.520172578677931,0,0.9575922054511073,6,248
GATA1,GATA1__K316G,0.38104902632011683,0,0.8390762407160408,6,248
GATA1,GATA1__K316R,0.4695249435489127,0,0.9297919544579317,6,248
GATA1,GATA1__L103P,0.27109983295667417,0,0.6208163714086403,6,248
GATA1,"GATA1__L103P,Y104H",0.594427703283303,0,0.9801479355794895,6,248
GATA1,GATA1__L124P,0.22611320744605445,0,0.504765785123134,6,248
GATA1,GATA1__L133P,0.3610278919380158,0,0.8085228842126938,6,248
GATA1,GATA1__L136P,0.440706034592274,0,0.9071969355536144,6,248
GATA1,GATA1__L136S,0.612295400553975,0,0.9834980715269617,6,248
GATA1,GATA1__L141P,0.4514913516095337,0,0.9163308583151307,6,248
GATA1,GATA1__L145P,0.8340879878875639,1,0.9983809684672743,6,248
GATA1,GATA1__L146P,0.16158982938236857,0,0.34057916157147144,6,248
GATA1,GATA1__L148P,0.29303570946715185,0,0.6735130638825167,6,248
GATA1,GATA1__L152P,0.4131374473207815,0,0.8796832926564722,6,248
GATA1,GATA1__L156P,0.49902315274884,0,0.94756258755536,6,248
GATA1,GATA1__L180P,0.5640055990402072,0,0.9728509068960935,6,248
GATA1,GATA1__L190P,0.6264181059548776,0,0.9857469174205717,6,248
GATA1,GATA1__L194P,0.2703465103018105,0,0.6189463001083939,6,248
GATA1,GATA1__L196P,0.30845156202794605,0,0.7081734154966967,6,248
GATA1,"GATA1__L214P,W215R",0.47716180750997383,0,0.9348659184633312,6,248
GATA1,GATA1__L224P,0.7153585674683989,0,0.9943669074298953,6,248
GATA1,"GATA1__L230P,Y231H",0.35472394953639486,0,0.7980298802710462,6,248
GATA1,GATA1__L248P,0.5823451905148779,1,0.9775136037643535,6,248
GATA1,"GATA1__L268P,W269R",0.28718978917256704,0,0.6598281489988013,6,248
GATA1,"GATA1__L284P,Y285H",0.8179032720985002,0,0.9980805488811496,6,248
GATA1,GATA1__L288P,0.5003533270185896,0,0.9482545543595974,6,248
GATA1,GATA1__L295P,0.4972053512976237,0,0.9466028095121919,6,248
GATA1,GATA1__L355P,0.23568693161656934,0,0.5299457437463281,6,248
GATA1,GATA1__L363P,0.4888959276650664,0,0.9420008897410579,6,248
GATA1,"GATA1__L363P,Y364H",0.44346191030913074,0,0.9096126134766856,6,248
GATA1,GATA1__L367P,0.321918400501786,0,0.7366070349830258,6,248
GATA1,"GATA1__L372P,S373P",0.6094347320128174,0,0.9830017450459302,6,248
GATA1,GATA1__L379P,0.45341270930471267,0,0.9178697800405856,6,248
GATA1,GATA1__L386P,0.2481795984144265,0,0.5625558676607716,6,248
GATA1,"GATA1__L386P,L387P",0.3358826694734674,0,0.7641424676946755,6,248
GATA1,GATA1__L387P,0.31371714429017655,0,0.7195043093686884,6,248
GATA1,GATA1__L411P,0.32832192032340646,0,0.7494856495737231,6,248
GATA1,GATA1__L41P,0.33657835506797595,0,0.7654608617438723,6,248
GATA1,GATA1__L60P,0.6102829697011392,0,0.9831504251421974,6,248
GATA1,GATA1__L6P,0.2711730415226933,0,0.6209979163705847,6,248
GATA1,GATA1__L80P,0.5035251608565927,0,0.949869882062125,6,248
GATA1,GATA1__L81P,0.7800793343816665,0,0.9971435219498519,6,248
GATA1,GATA1__L9P,0.28913748396875466,0,0.6644186806441664,6,248
GATA1,GATA1__M1T,0.5914107410069871,0,0.9795199362848855,6,248
GATA1,GATA1__M1V,0.3953357915012811,0,0.8583785210827389,6,248
GATA1,"GATA1__M1V,E2G",0.5442672170839776,0,0.966783759319658,6,248
GATA1,GATA1__M234T,0.4239592871328536,0,0.8912377198154927,6,248
GATA1,"GATA1__M234V,N235D",0.4875364395938146,0,0.9412133930597472,6,248
GATA1,GATA1__M297T,0.3989663230163947,0,0.8629648298353518,6,248
GATA1,GATA1__M335T,0.4355553751607502,0,0.9025263462420827,6,248
GATA1,"GATA1__M335T,V336A",0.4615586390362477,0,0.9241116647977193,6,248
GATA1,GATA1__M335V,0.1428051619670552,0,0.2976281896372733,6,248
GATA1,GATA1__M380T,0.32020507127197434,0,0.7330899904898042,6,248
GATA1,GATA1__M399T,0.3104645097429697,0,0.7125367421073346,6,248
GATA1,GATA1__M399V,0.4047228958619134,0,0.8699802319118981,6,248
GATA1,GATA1__M84T,0.23730585693727144,0,0.5341921738527514,6,248
GATA1,GATA1__M84V,0.4832709162615149,0,0.9386770274494864,6,248
GATA1,"GATA1__M84V,E85G",0.24792239350586392,0,0.5618889212873085,6,248
GATA1,GATA1__N160D,0.6770102294406222,0,0.9915862069186926,6,248
GATA1,GATA1__N160G,0.22874708807050295,0,0.5117010235578138,6,248
GATA1,GATA1__N206G,0.388257125901617,0,0.8490681324293593,6,248
GATA1,"GATA1__N238G,R239G",0.45177658154820505,0,0.9165609598219319,6,248
GATA1,GATA1__N272G,0.4747448180075773,0,0.933298104098449,6,248
GATA1,GATA1__N292G,0.6085950342212575,0,0.9828532922049352,6,248
GATA1,GATA1__N292S,0.23577270683020618,0,0.5301708458091687,6,248
GATA1,GATA1__N306G,0.1828685463455517,0,0.392566904574272,6,248
GATA1,GATA1__N345D,0.2429445828878581,0,0.5489399538084904,6,248
GATA1,GATA1__N345G,0.27208077242166423,0,0.6232461081524111,6,248
GATA1,GATA1__N82D,0.47279169882307764,0,0.932005661118629,6,248
GATA1,GATA1__Q119R,0.4428306641769561,0,0.9090643413694399,6,248
GATA1,GATA1__Q17R,0.48635558433286064,0,0.9405212466022214,6,248
GATA1,"GATA1__Q237R,N238G",0.4259579118027275,0,0.8932620165706991,6,248
GATA1,GATA1__Q257R,0.38465447192807906,0,0.8441393950666485,6,248
GATA1,"GATA1__Q303R,T304A",0.40237813144386875,0,0.8671603346725696,6,248
GATA1,GATA1__Q365R,0.399262567473984,0,0.8633334960744601,6,248
GATA1,GATA1__R202G,0.6545060803099155,0,0.989359010789075,6,248
GATA1,"GATA1__R202G,E203G",0.8221020719942411,1,0.9981634544393344,6,248
GATA1,GATA1__R271G,0.5186629798266241,0,0.9569416252102972,6,248
GATA1,GATA1__S107P,0.3513375148923023,0,0.7922182896987353,6,248
GATA1,GATA1__S116P,0.5759788481358278,0,0.9759911236463267,6,248
GATA1,GATA1__S129G,0.27200594552415247,0,0.6230609822081538,6,248
GATA1,"GATA1__S129G,T130A",0.23994029540246348,0,0.5410914354331233,6,248
GATA1,GATA1__S12P,0.5943894751378492,0,0.980140097411429,6,248
GATA1,GATA1__S131G,0.5349722987742173,0,0.9634912150615095,6,248
GATA1,GATA1__S142G,0.5477965833931832,0,0.9679573165148196,6,248
GATA1,GATA1__S154P,0.27540310394698736,0,0.6314288101940885,6,248
GATA1,GATA1__S155P,0.37281101664861743,0,0.8270096189167333,6,248
GATA1,"GATA1__S155P,L156P",0.5002504204299059,0,0.9482013311123771,6,248
GATA1,GATA1__S161G,0.443014089961173,0,0.9092239645517807,6,248
GATA1,GATA1__S174P,0.6782936050633424,0,0.9916982648267876,6,248
GATA1,GATA1__S178G,0.37556716575828747,0,0.831124437623024,6,248
GATA1,GATA1__S182P,0.5789604006468163,0,0.9767162766447617,6,248
GATA1,GATA1__S186P,0.5548531341295285,0,0.9701846350543358,6,248
GATA1,GATA1__S187P,0.24428886033542868,0,0.5524441628096841,6,248
GATA1,GATA1__S26P,0.494962464052615,0,0.9453957442235388,6,248
GATA1,GATA1__S274G,0.07671645262912645,0,0.17438150991777432,6,248
GATA1,GATA1__S30P,0.2520753128933335,0,0.5726286862671847,6,248
GATA1,GATA1__S310P,0.3073989549367966,0,0.7058763144085017,6,248
GATA1,GATA1__S320G,0.4685185399127715,0,0.9290966509227492,6,248
GATA1,GATA1__S341G,0.21882201462112882,0,0.48556607603612656,6,248
GATA1,GATA1__S343G,0.40455498981840743,0,0.8697800064215238,6,248
GATA1,GATA1__S36P,0.8524846984588279,0,0.998665846267648,6,248
GATA1,GATA1__S389P,0.2616092593367807,0,0.5970114108579693,6,248
GATA1,GATA1__S393P,0.2774641149927158,0,0.6364675451737069,6,248
GATA1,GATA1__S412G,0.4661618986516839,0,0.9274435465707083,6,248
GATA1,GATA1__S46P,0.5124882411017775,0,0.9541800346257581,6,248
GATA1,GATA1__S51G,0.43317049228552656,0,0.9002935152071632,6,248
GATA1,"GATA1__S51G,T52A",0.5448696803170654,0,0.9669869829298469,6,248
GATA1,GATA1__S72P,0.43888270385116024,0,0.9055669777517953,6,248
GATA1,GATA1__T108A,0.5341075505104784,0,0.9631693901850442,6,248
GATA1,GATA1__T135A,0.3175544613032675,0,0.7275904586730698,6,248
GATA1,"GATA1__T138A,E139G",0.4326411567646339,0,0.8997917990781237,6,248
GATA1,GATA1__T147A,0.2836007996648044,0,0.651290624923508,6,248
GATA1,GATA1__T171A,0.503186535390045,0,0.9496997329754134,6,248
GATA1,GATA1__T210A,0.29370920346718415,0,0.6750713938952386,6,248
GATA1,GATA1__T212A,0.4919753954321351,0,0.9437482290879972,6,248
GATA1,GATA1__T220A,0.4316137391529056,0,0.8988115836032923,6,248
GATA1,GATA1__T256A,0.17171697492747973,0,0.36493199680723626,6,248
GATA1,GATA1__T259A,0.4277066640610998,0,0.8950059452729779,6,248
GATA1,"GATA1__T263A,T264A",0.7242738143477242,0,0.9948693197950373,6,248
GATA1,GATA1__T264A,0.4471914155622078,0,0.912791511078225,6,248
GATA1,"GATA1__T264A,T265A",0.2891785063427237,0,0.6645150368265788,6,248
GATA1,GATA1__T265A,0.23784714439506488,0,0.5356108931193172,6,248
GATA1,"GATA1__T265A,T266A",0.35681357743154885,0,0.8015549499107687,6,248
GATA1,GATA1__T266A,0.549176000858123,0,0.9684050089620897,6,248
GATA1,GATA1__T267A,0.3396172580254314,0,0.7711597868183049,6,248
GATA1,GATA1__T27A,0.5442663004006306,0,0.9667834491843764,6,248
GATA1,GATA1__T296A,0.5618887532706847,0,0.9722556193134037,6,248
GATA1,GATA1__T324A,0.28117902850539017,0,0.6454739123447765,6,248
GATA1,GATA1__T354A,0.4380760009332588,0,0.9048376796744553,6,248
GATA1,GATA1__T360A,0.45878185017526174,0,0.9220344418938485,6,248
GATA1,GATA1__T391A,0.5648580807290445,0,0.9730871142266766,6,248
GATA1,GATA1__T402A,0.43505426566369176,0,0.9020609180311037,6,248
GATA1,"GATA1__T402A,T403A",0.4501338993789288,0,0.9152278511599261,6,248
GATA1,"GATA1__T403A,S404G",0.34185405053554757,0,0.7752918426867577,6,248
GATA1,"GATA1__T405A,T406A",0.6610970488730203,0,0.9900657419362865,6,248
GATA1,GATA1__T48A,0.5668098869995282,0,0.9736204235213685,6,248
GATA1,GATA1__T52A,0.6233549218854404,0,0.9852863205560535,6,248
GATA1,GATA1__T54A,0.561493690027441,0,0.9721431261757036,6,248
GATA1,GATA1__V109A,0.3495567309676227,0,0.7891130997968117,6,248
GATA1,"GATA1__V109A,C110R",0.5715995579011751,0,0.9748859346253743,6,248
GATA1,GATA1__V121A,0.371921836272831,0,0.825665301888359,6,248
GATA1,GATA1__V158A,0.5392103905915756,0,0.9650297202099507,6,248
GATA1,GATA1__V19A,0.377299921294757,0,0.8336712146130764,6,248
GATA1,GATA1__V250A,0.31056758935367,0,0.7127591305205068,6,248
GATA1,"GATA1__V278A,C279R",0.4484044550105487,0,0.9138034735150781,6,248
GATA1,GATA1__V291A,0.11669167671041629,0,0.2434727956957122,6,248
GATA1,GATA1__V32A,0.45996345441977016,0,0.9229246483608031,6,248
GATA1,"GATA1__V32A,F33P",0.4494682190316849,0,0.9146821398400504,6,248
GATA1,"GATA1__V336A,V337A",0.46657021970454976,0,0.9277324926754036,6,248
GATA1,GATA1__V349A,0.6154839916314788,0,0.9840345097291279,6,248
GATA1,GATA1__V370A,0.49715252149448286,0,0.9465746695704326,6,248
GATA1,"GATA1__V371A,L372P",0.21061110067108077,0,0.4639982090896207,6,248
GATA1,GATA1__V407A,0.4974534302882518,0,0.9467347625381933,6,248
GATA1,"GATA1__V407A,V408A",0.38732545632053333,0,0.8478059488616121,6,248
GATA1,GATA1__V408A,0.614154219513466,0,0.9838129107483715,6,248
GATA1,GATA1__V74A,0.33615411560897757,0,0.7646574941835925,6,248
GATA1,"GATA1__V74A,F75P",0.6283665639977685,0,0.9860324733691055,6,248
GATA1,GATA1__V77A,0.4143018488790367,0,0.8809756468582179,6,248
GATA1,"GATA1__V77A,Y78H",0.48575180370272686,0,0.9401644038284799,6,248
GATA1,GATA1__W215R,0.28713858259744623,0,0.659707049476466,6,248
GATA1,GATA1__W269R,0.5136937348019929,0,0.9547321074347269,6,248
GATA1,GATA1__W96R,0.48124331651963964,0,0.9374358214251508,6,248
GATA1,GATA1__Y104C,0.43039440219321184,0,0.8976372325457617,6,248
GATA1,GATA1__Y163H,0.1736275677121149,0,0.36960954214900416,6,248
GATA1,GATA1__Y185C,0.09058107847796976,0,0.1964205153772467,6,248
GATA1,GATA1__Y185H,0.08937769238688816,0,0.19442710544508654,6,248
GATA1,"GATA1__Y185H,S186P",0.20331217854259123,0,0.4449358197397977,6,248
GATA1,GATA1__Y223C,0.32021681110206623,0,0.7331141908311445,6,248
GATA1,GATA1__Y231C,0.5592704478499504,0,0.9715017558079142,6,248
GATA1,GATA1__Y285C,0.6671921756335418,0,0.990677854520549,6,248
GATA1,"GATA1__Y285C,Y286C",0.8282971731734323,0,0.9982792939196772,6,248
GATA1,"GATA1__Y286C,K287E",0.3526784171233004,0,0.7945341001716251,6,248
GATA1,GATA1__Y286H,0.5224593972884725,0,0.958559871679706,6,248
GATA1,"GATA1__Y364C,Q365R",0.4996607816782105,0,0.9478953710774786,6,248
GATA1,GATA1__Y62C,0.5254234147193254,0,0.959782689017996,6,248
GATA1,"GATA1__Y62C,Y63C",0.38554773455461183,0,0.8453735574121822,6,248
GATA1,GATA1__Y62H,0.6932456065439897,1,0.9928996061562099,6,248
GATA1,"GATA1__Y62H,Y63H",0.39776258106993023,0,0.8614582004202843,6,248
GATA1,GATA1__Y63H,0.292401175473759,0,0.6720413641651907,6,248
GATA1,GATA1__Y69C,0.3271416084281411,0,0.747143651225624,6,248
GATA1,GATA1__Y69H,0.4091341227423948,0,0.8751473383161764,6,248
GATA1,GATA1__Y78C,0.42545698886955186,0,0.8927577965453495,6,248
GATA1,GATA1__Y78H,0.4972563623761553,0,0.9466299674330275,6,248
GATA1,GATA1__Y93C,0.6003838544147733,0,0.9813328390331927,6,248
GATA1,GATA1__Y93H,0.3836106825427244,0,0.842687097122456,6,248
GATA1,GATA1__Y98H,0.41083461902879576,0,0.8770917315256062,6,248
JAK1,JAK1__D775N,1.1037811461742557,1,0.9944864653987536,18,2
JAK1,JAK1__E1051K,1.1211268109112789,1,0.9950739951291119,18,2
JAK1,JAK1__E447K,1.1121914933894752,1,0.9947795661212617,18,2
JAK1,"JAK1__E706K,D707N",1.1224510350179393,1,0.9951162008102347,18,2
JAK1,JAK1__E762K,1.129969018214097,1,0.9953490822962258,18,2
JAK1,"JAK1__G1068E,G1068R",1.1182660862737366,1,0.9949815751478769,18,2
JAK1,"JAK1__G590E,G590R",1.092659789409255,1,0.9940736185848181,18,2
JAK1,"JAK1__G887R,G887E",0.9028647206553932,1,0.9798268683006337,18,2
JAK1,JAK1__L321F,0.30330720913410303,0,0.49197014349120044,18,2
JAK1,"JAK1__P1118L,P1118S,P1121S",0.8191920513492092,1,0.9656645026836341,18,2
JAK1,"JAK1__P1121L,P1121S",0.39753181262083703,0,0.6417965239061534,18,2
JAK1,JAK1__P761S,1.1225576495347387,1,0.9951195831358255,18,2
JAK1,JAK1__Q387*,1.1198508695044844,1,0.9950329850380574,18,2
JAK1,JAK1__Q437*,1.1282620994998993,1,0.995297197027015,18,2
JAK1,JAK1__Q572*,1.1188934553852699,1,0.9950019898184937,18,2
JAK1,JAK1__R108Q,0.9590617092019201,1,0.9859362895989252,18,2
JAK1,"JAK1__R549Q,E550K",1.1181493258195285,1,0.9949777666008853,18,2
JAK1,JAK1__S1062F,1.1314629370360796,1,0.9953940252092277,18,2
JAK1,JAK1__T558I,0.5383279985492505,1,0.8179586086955849,18,2
JAK1,JAK1__syn_N357,0.5680388553989918,1,0.8450890177186513,18,2
